/**
 * generated by fontconvert.py
 * name: lexenddeca_10_regular
 * size: 10
 * mode: 2-bit  compressed: true
 * Command used: fontconvert.py lexenddeca_10_regular 10 ../builtinFonts/source/LexendDeca/LexendDeca-Regular.ttf --2bit --compress --pnum
 */
#pragma once
#include "EpdFontData.h"

static const uint8_t lexenddeca_10_regularBitmaps[11535] = {
    0x8D, 0x57, 0x3D, 0x8C, 0xDC, 0xC6, 0x15, 0x7E, 0x24, 0x7D, 0x22, 0x22, 0x06, 0xA0, 0x10, 0x48,
    0x88, 0x23, 0x45, 0x62, 0x10, 0xA8, 0x88, 0xCE, 0x27, 0x4D, 0xA3, 0x42, 0x08, 0x6E, 0x39, 0x14,
    0x5C, 0xB8, 0x50, 0x11, 0x15, 0x39, 0xA8, 0x50, 0xE1, 0x26, 0xC5, 0x45, 0x46, 0x72, 0x8D, 0xCB,
    0xDD, 0x23, 0xA5, 0x14, 0x29, 0x73, 0x5D, 0xCA, 0x5C, 0x61, 0x04, 0xF1, 0x1A, 0xC8, 0xA5, 0x48,
    0x91, 0x00, 0xDC, 0xE5, 0x48, 0x4A, 0x2F, 0xC6, 0x02, 0xE2, 0x2A, 0x09, 0x93, 0xC8, 0x88, 0xA3,
    0x14, 0x1E, 0x40, 0x74, 0x44, 0x9D, 0xB8, 0x3B, 0xFE, 0xDE, 0x90, 0xB7, 0xB7, 0xB6, 0x4E, 0x56,
    0xC8, 0x37, 0x5C, 0xEE, 0xFC, 0xBD, 0x37, 0xEF, 0xE7, 0x7B, 0x8F, 0x9B, 0x39, 0xAE, 0xE1, 0x70,
    0x78, 0xE5, 0x32, 0x51, 0xDE, 0xE6, 0x74, 0xFA, 0x78, 0x12, 0x47, 0x34, 0x88, 0x68, 0xFD, 0x12,
    0xAD, 0x5F, 0xA4, 0xCB, 0x6B, 0x44, 0xE7, 0x8F, 0x13, 0xFD, 0x21, 0xB4, 0x6D, 0xE5, 0xD9, 0xD6,
    0xF5, 0xC8, 0x18, 0x7D, 0x66, 0xBF, 0xD8, 0x75, 0xF4, 0x80, 0xDC, 0x6A, 0xDD, 0xB6, 0x37, 0x1E,
    0x4F, 0x33, 0x69, 0x8C, 0x7A, 0xE3, 0xF1, 0x3C, 0xF3, 0x55, 0x4D, 0x41, 0xA6, 0x29, 0xBC, 0xAA,
    0x89, 0x56, 0x88, 0x08, 0x4B, 0x69, 0x6B, 0x87, 0x3C, 0xD3, 0x52, 0x68, 0xE6, 0x14, 0xFD, 0x62,
    0x8D, 0xA2, 0x1F, 0x10, 0x45, 0x0F, 0x30, 0x64, 0x12, 0xF4, 0xD7, 0x44, 0xE9, 0x8C, 0xE8, 0x52,
    0x41, 0xAF, 0x5D, 0x94, 0x74, 0x16, 0x4D, 0x4E, 0xA7, 0x14, 0x61, 0xBE, 0x6B, 0x2A, 0xA2, 0x8B,
    0x64, 0x9B, 0x5F, 0xD1, 0x26, 0x45, 0x2D, 0xD5, 0x34, 0x18, 0xB8, 0x15, 0xE4, 0xF3, 0x15, 0x1E,
    0x61, 0x02, 0x31, 0x2F, 0x11, 0x89, 0x7C, 0x48, 0x14, 0xE8, 0xFA, 0x27, 0x44, 0xEE, 0x3F, 0x4C,
    0x46, 0xFE, 0xFD, 0xFB, 0x8A, 0xC2, 0x37, 0xEF, 0x95, 0x74, 0xC9, 0xBF, 0x53, 0xD2, 0xD0, 0xBB,
    0x5F, 0x52, 0xED, 0x3E, 0x57, 0x58, 0x59, 0x50, 0x77, 0x6D, 0x65, 0xD8, 0x5F, 0x93, 0xF7, 0xBF,
    0x96, 0xFC, 0xF2, 0x32, 0x1A, 0x91, 0x07, 0x91, 0x03, 0x88, 0x23, 0x21, 0xCE, 0x44, 0x5E, 0xCB,
    0xDA, 0xF0, 0x41, 0xD6, 0x78, 0x86, 0x5A, 0x67, 0x4E, 0xA9, 0x63, 0x48, 0xE0, 0x8C, 0xBE, 0xF9,
    0xB9, 0xE6, 0xE5, 0xA7, 0x29, 0xA6, 0x01, 0xAD, 0xE3, 0x86, 0xEA, 0x4E, 0xD0, 0xD0, 0x69, 0xFC,
    0x2A, 0x54, 0x51, 0x22, 0x6C, 0x3F, 0xDF, 0x31, 0x49, 0x8A, 0x28, 0xCC, 0xFC, 0xD2, 0xAD, 0x29,
    0xA7, 0xF3, 0x27, 0x68, 0x44, 0x32, 0x09, 0x95, 0x57, 0x39, 0x9A, 0x1A, 0xF4, 0x1C, 0xDC, 0x8D,
    0x53, 0x7B, 0x3A, 0x50, 0x22, 0xD9, 0xA6, 0xF3, 0xE4, 0xAA, 0xEF, 0xFE, 0x49, 0xCE, 0x83, 0x5A,
    0xCC, 0xBE, 0xFF, 0x57, 0x57, 0x51, 0x82, 0x8D, 0x16, 0x24, 0xCD, 0x0C, 0x44, 0xDB, 0x87, 0x3D,
    0xC4, 0x3A, 0x16, 0x49, 0x94, 0x05, 0x59, 0x90, 0x9C, 0xA3, 0xD7, 0xF1, 0xDF, 0x34, 0xA6, 0x39,
    0x75, 0x1D, 0xFA, 0x04, 0x7B, 0x69, 0x4F, 0xFA, 0x3D, 0xD8, 0x96, 0xA0, 0x38, 0x17, 0xA7, 0x2D,
    0x29, 0x80, 0x62, 0x12, 0x12, 0x76, 0xF5, 0x4B, 0xBA, 0xA1, 0x4B, 0xFA, 0x29, 0x9B, 0x06, 0x66,
    0xDC, 0x6F, 0x29, 0xCA, 0x46, 0x18, 0x90, 0x38, 0x10, 0x1F, 0x2E, 0x5A, 0x6A, 0xC2, 0xF2, 0x88,
    0x92, 0x98, 0xC2, 0x3F, 0x43, 0x8D, 0x30, 0xA5, 0x63, 0xCA, 0x4E, 0xBD, 0xBF, 0x83, 0x39, 0x48,
    0x5A, 0xFA, 0x86, 0x66, 0x1E, 0x2F, 0xD2, 0x99, 0xFD, 0x44, 0x1A, 0x38, 0x4E, 0x46, 0x53, 0xAC,
    0x2D, 0xA3, 0x4F, 0xB5, 0x74, 0xEB, 0xB3, 0x4E, 0x27, 0x11, 0x58, 0x97, 0x24, 0x78, 0xC8, 0xC5,
    0xCE, 0x9A, 0xA2, 0xC7, 0xEF, 0x49, 0xD3, 0x0A, 0xD3, 0x9E, 0x1E, 0xEF, 0x0A, 0xA3, 0x05, 0xF8,
    0x44, 0x09, 0x44, 0xA0, 0x16, 0x72, 0x66, 0x10, 0xD5, 0x81, 0x96, 0xA1, 0x56, 0x6A, 0xD6, 0xA8,
    0x49, 0xDF, 0xD2, 0x91, 0x29, 0x7D, 0xB8, 0x17, 0x2E, 0x67, 0xB7, 0xB3, 0x6C, 0x88, 0x06, 0x69,
    0xA8, 0xD0, 0xE4, 0xEC, 0x6B, 0xF2, 0xFF, 0x09, 0x16, 0xF7, 0x20, 0x20, 0xB8, 0xA5, 0xC6, 0x40,
    0x14, 0x93, 0xAC, 0xDC, 0xF8, 0x8C, 0x98, 0xFB, 0x41, 0x3B, 0x36, 0xDE, 0x0D, 0x4D, 0xCD, 0x04,
    0x87, 0x05, 0x4D, 0xE1, 0x02, 0x65, 0xF8, 0x01, 0x36, 0x68, 0x98, 0x31, 0xE5, 0xAF, 0x53, 0x23,
    0x6F, 0x2C, 0xF1, 0x8A, 0xAD, 0x4E, 0x1B, 0xE6, 0x07, 0x87, 0x0A, 0x4D, 0x16, 0x19, 0x2D, 0xEF,
    0x34, 0x31, 0xB5, 0x03, 0x1A, 0x82, 0x24, 0xB5, 0xD1, 0x47, 0x75, 0x60, 0x2A, 0xC7, 0x24, 0xE3,
    0x71, 0x66, 0x4C, 0x55, 0x98, 0x4E, 0xF7, 0x19, 0xEB, 0x3E, 0xB6, 0xBA, 0x6F, 0x09, 0x3A, 0xE8,
    0x76, 0x58, 0x8C, 0x38, 0xEF, 0x21, 0x22, 0x12, 0xB9, 0x57, 0x4E, 0xBC, 0x2A, 0xF7, 0xF4, 0xC8,
    0xAF, 0x84, 0x51, 0xE8, 0x49, 0xF7, 0xCA, 0xD6, 0xD3, 0x8D, 0xA3, 0x5B, 0x57, 0x17, 0x37, 0xB5,
    0x84, 0x83, 0xCE, 0xED, 0xA1, 0xA7, 0x14, 0x98, 0x52, 0xFC, 0x57, 0xC7, 0x4E, 0x33, 0xA2, 0x16,
    0x04, 0x19, 0xE4, 0x2F, 0x9B, 0xD0, 0x68, 0xF7, 0x79, 0x27, 0x9C, 0x62, 0x05, 0xC2, 0x43, 0x46,
    0xB4, 0xEC, 0x2C, 0xDD, 0x75, 0xF8, 0x3F, 0x62, 0xF7, 0x5A, 0x1A, 0xF9, 0xDA, 0xC2, 0xDD, 0x2E,
    0xB1, 0x63, 0xC1, 0x41, 0xB1, 0x97, 0x2C, 0x5D, 0x44, 0x76, 0x05, 0xF7, 0xC6, 0x2B, 0xF9, 0x50,
    0x4E, 0x91, 0x51, 0x58, 0x91, 0xA3, 0xBA, 0x45, 0xC0, 0x0C, 0x50, 0xF7, 0x5E, 0xD8, 0xF7, 0x53,
    0x1B, 0xD7, 0x4F, 0x58, 0xD6, 0xA9, 0xA2, 0x80, 0xE7, 0x27, 0x14, 0x29, 0xFC, 0x71, 0x67, 0x24,
    0x6C, 0x8C, 0x5E, 0xB6, 0x93, 0x9D, 0x3F, 0xB2, 0x12, 0xE5, 0x5E, 0x35, 0xF0, 0xF4, 0x6B, 0x07,
    0x6E, 0x01, 0xDD, 0xB1, 0xFE, 0xB1, 0xDF, 0x75, 0x3B, 0x07, 0xCE, 0x54, 0xF3, 0xD3, 0x5E, 0xEF,
    0x3C, 0x42, 0x0C, 0x1B, 0xF8, 0xD4, 0x76, 0xE2, 0x73, 0xA0, 0xD1, 0xEF, 0x7D, 0xB5, 0xF9, 0xA3,
    0xF5, 0xD0, 0x35, 0xED, 0xDA, 0xD9, 0xE0, 0x2F, 0xCD, 0xD9, 0xB5, 0x28, 0xA9, 0xD7, 0xD6, 0x05,
    0xE9, 0xB5, 0x2B, 0xB1, 0xA3, 0xD7, 0xAF, 0xC4, 0x9E, 0x7E, 0xF7, 0x8A, 0x78, 0x5B, 0xEB, 0xF5,
    0x70, 0x6E, 0xD4, 0x9A, 0x5F, 0x4D, 0xE9, 0x1C, 0x6F, 0x14, 0x64, 0x78, 0xB8, 0xCF, 0x6E, 0x00,
    0x82, 0x52, 0x6C, 0x47, 0x0E, 0x33, 0x3B, 0x0E, 0x2B, 0x43, 0x4E, 0x3E, 0xA5, 0xF5, 0xA5, 0x09,
    0x5A, 0xD3, 0xC0, 0x5E, 0x00, 0x2B, 0x3D, 0x22, 0xAF, 0x8A, 0x29, 0xD8, 0x2F, 0x20, 0xB3, 0x49,
    0xA2, 0xC7, 0x7B, 0x4A, 0xC0, 0x80, 0x31, 0x7A, 0x87, 0x10, 0x7C, 0x75, 0x0C, 0xE5, 0x98, 0x86,
    0x83, 0x18, 0x76, 0x9E, 0xA2, 0xF1, 0x0D, 0x48, 0x18, 0x37, 0x5D, 0xFF, 0x07, 0xF3, 0x83, 0x08,
    0x43, 0x3C, 0x89, 0x44, 0x6E, 0x14, 0x76, 0xAE, 0x64, 0x10, 0x3C, 0xFE, 0x88, 0x15, 0x97, 0x78,
    0x06, 0xEE, 0x07, 0xA8, 0x88, 0x94, 0xC3, 0x4E, 0x61, 0x4D, 0x14, 0xF7, 0xBF, 0xDC, 0x04, 0xC4,
    0x83, 0x7E, 0x92, 0x60, 0xBE, 0xA5, 0x5C, 0x80, 0x15, 0x6D, 0xCD, 0xAC, 0x52, 0x0E, 0x79, 0x1B,
    0xCC, 0x4F, 0x33, 0xC4, 0x2B, 0xE4, 0xF2, 0xAB, 0xD8, 0x4A, 0xEC, 0xE9, 0xFE, 0x97, 0xA5, 0x2F,
    0xC1, 0x5F, 0xC9, 0x31, 0xC7, 0x43, 0xC7, 0x7B, 0x75, 0x8C, 0xC0, 0x6B, 0xA4, 0xA9, 0x63, 0xCB,
    0x0B, 0x24, 0xC7, 0x3B, 0xD2, 0x94, 0xA0, 0xC3, 0x9E, 0x8D, 0x1F, 0xDA, 0x39, 0xCD, 0xC1, 0xE4,
    0x66, 0x69, 0xE8, 0x3A, 0x76, 0x01, 0x2D, 0x7A, 0x16, 0x44, 0xC7, 0x3E, 0xE1, 0x53, 0x21, 0x78,
    0x8D, 0x0E, 0xB5, 0x5B, 0xB2, 0x62, 0xC5, 0xE2, 0x34, 0xB7, 0x7E, 0x23, 0xA9, 0x68, 0xF1, 0xDB,
    0x02, 0x05, 0xF2, 0xB0, 0x02, 0xC0, 0xCE, 0x6E, 0x6A, 0x87, 0x4F, 0x25, 0xAC, 0x8B, 0xD3, 0x05,
    0x3A, 0x86, 0x93, 0xB0, 0x86, 0xBF, 0xD8, 0xE4, 0x78, 0x4F, 0x71, 0x3A, 0xE2, 0x76, 0xD4, 0x38,
    0xB7, 0x5B, 0x63, 0x58, 0x95, 0xC9, 0xAB, 0x5E, 0x4A, 0xDF, 0xFC, 0xAC, 0x9F, 0x03, 0x1D, 0x40,
    0x22, 0x93, 0xD8, 0xB6, 0x04, 0x0F, 0x47, 0xB5, 0xAF, 0xC3, 0x45, 0xE5, 0xCD, 0x0A, 0xD1, 0xAA,
    0xA8, 0x0B, 0x45, 0x16, 0xF4, 0x38, 0x04, 0x95, 0x30, 0x2B, 0x4C, 0xEF, 0xD5, 0x14, 0x03, 0xDA,
    0x62, 0xC4, 0x4A, 0x3C, 0xE7, 0x6D, 0xD1, 0x3E, 0x55, 0x24, 0xAF, 0x55, 0xDD, 0x18, 0xC2, 0x1F,
    0x26, 0x62, 0x57, 0x60, 0x33, 0x95, 0x17, 0x5E, 0x50, 0xDB, 0x8B, 0x24, 0xC7, 0xBB, 0xB0, 0x0F,
    0x08, 0x93, 0x37, 0xA1, 0xBD, 0x56, 0x2A, 0xB7, 0x95, 0xA5, 0xD7, 0x4A, 0x1D, 0xB6, 0x71, 0x13,
    0xE5, 0xF1, 0x24, 0x1E, 0xC6, 0x32, 0xCF, 0xE3, 0xA8, 0xCE, 0xE3, 0xA0, 0xCA, 0x63, 0x4F, 0xE5,
    0x0C, 0x55, 0xCB, 0xED, 0x02, 0xB9, 0x3B, 0x12, 0xC7, 0x96, 0x48, 0x50, 0xB2, 0x42, 0xAB, 0xBD,
    0x6A, 0xD0, 0xA2, 0xA5, 0xF0, 0x0B, 0xF1, 0xB3, 0x2A, 0x0E, 0x1E, 0x56, 0xB1, 0xF7, 0x04, 0x76,
    0x64, 0x5B, 0xA6, 0x68, 0x02, 0x2D, 0xB4, 0x7E, 0x43, 0x67, 0x1E, 0x71, 0x90, 0xB3, 0x25, 0xAB,
    0xB0, 0xF2, 0xEB, 0x28, 0x73, 0x60, 0x39, 0xCA, 0x19, 0x5D, 0x58, 0x44, 0xFE, 0x45, 0x9B, 0xC0,
    0x3F, 0xDB, 0xB0, 0xF4, 0x1A, 0xFF, 0xD9, 0x56, 0x6F, 0xC9, 0x85, 0x7F, 0x4A, 0x00, 0xA5, 0x61,
    0x90, 0x8A, 0x79, 0x09, 0x08, 0xA9, 0xAE, 0xE5, 0xCE, 0x71, 0xF2, 0x65, 0xB7, 0xF9, 0xBF, 0x98,
    0xE9, 0x89, 0xB8, 0xDA, 0x82, 0x59, 0x01, 0x66, 0x29, 0x33, 0x43, 0x36, 0x61, 0x08, 0x72, 0x81,
    0x1C, 0xA4, 0x0F, 0x83, 0xA2, 0xEE, 0x03, 0x32, 0xB5, 0xF9, 0xBA, 0x0B, 0x40, 0x60, 0xDF, 0x78,
    0xD6, 0x8D, 0xED, 0xB1, 0x55, 0x34, 0xC5, 0x58, 0xD6, 0x59, 0x66, 0x9B, 0xC7, 0x93, 0xAE, 0x82,
    0xE8, 0xAB, 0x9A, 0x7D, 0x60, 0x5F, 0xB6, 0xC6, 0x68, 0x6A, 0xB1, 0x21, 0x9C, 0xF7, 0x55, 0x0D,
    0x07, 0x9F, 0x83, 0xAA, 0x06, 0xFB, 0x9D, 0xE3, 0x3D, 0xCB, 0x29, 0x80, 0xA1, 0xAF, 0x6A, 0x2C,
    0xFF, 0x31, 0xF2, 0x4E, 0x6A, 0x43, 0xF2, 0x95, 0x04, 0x5F, 0x4F, 0xBA, 0xA8, 0xFD, 0xEA, 0x26,
    0x91, 0x2F, 0x64, 0x02, 0x88, 0xFE, 0xD8, 0x20, 0xA7, 0x22, 0x45, 0x15, 0x1D, 0xB3, 0x4D, 0xA4,
    0x41, 0x8E, 0x74, 0xB6, 0x30, 0xE0, 0xBB, 0x0C, 0x55, 0xA8, 0x82, 0x32, 0x4A, 0xBC, 0x4A, 0xD8,
    0xF8, 0x77, 0x6A, 0x60, 0x71, 0x8B, 0xF9, 0x93, 0xBA, 0x43, 0x36, 0x59, 0xF5, 0xA7, 0x51, 0x58,
    0xCB, 0xE5, 0xCE, 0xB6, 0x8D, 0x4A, 0x89, 0xE3, 0x74, 0x79, 0x7F, 0x84, 0x03, 0xA7, 0xC8, 0x76,
    0x61, 0x66, 0x32, 0x28, 0x41, 0x99, 0xBB, 0x35, 0xF9, 0x1F, 0x3E, 0xFD, 0x10, 0x20, 0xFD, 0xAF,
    0x87, 0x4F, 0xF0, 0x7C, 0x7A, 0xF7, 0x69, 0x85, 0xC3, 0x66, 0x30, 0x33, 0x99, 0xA4, 0xE0, 0x27,
    0x49, 0x00, 0xE9, 0xC4, 0xEA, 0x6F, 0xC8, 0x09, 0x75, 0x95, 0x8E, 0xED, 0xC8, 0x8C, 0x65, 0x11,
    0x89, 0xAF, 0x53, 0x18, 0x07, 0x12, 0xB0, 0xEA, 0x98, 0xBB, 0xE8, 0x71, 0x16, 0x56, 0x73, 0x9F,
    0x21, 0xCB, 0xEB, 0x29, 0x9F, 0x2F, 0x11, 0x59, 0xA4, 0x52, 0x0A, 0xAA, 0x1F, 0x5B, 0x7F, 0x45,
    0xC9, 0x95, 0xF1, 0x79, 0x70, 0x2E, 0x8D, 0xBC, 0x39, 0x6B, 0x6C, 0x7E, 0x27, 0x89, 0xB5, 0x11,
    0x78, 0x85, 0x47, 0xB7, 0xD5, 0xF1, 0xFB, 0xD2, 0xCC, 0xD9, 0xF0, 0xB0, 0x2B, 0x8A, 0x0B, 0x1C,
    0x12, 0x32, 0x4D, 0xC9, 0x69, 0x0F, 0x0B, 0x8F, 0x74, 0xFC, 0x7E, 0x61, 0xF8, 0x5A, 0xDD, 0x4D,
    0xEB, 0xED, 0xDD, 0x21, 0xBD, 0xFC, 0x4E, 0xEB, 0x94, 0x43, 0x0F, 0xD8, 0x85, 0x12, 0x0A, 0x29,
    0x1B, 0xE5, 0x14, 0xA3, 0x41, 0x6D, 0x8B, 0x81, 0xC1, 0xC1, 0x00, 0x98, 0x20, 0x55, 0x62, 0x7F,
    0x64, 0x77, 0x2E, 0x1E, 0x38, 0xEF, 0xDE, 0xDA, 0x31, 0xFA, 0x1D, 0xED, 0x7E, 0xC5, 0x8D, 0x6C,
    0x69, 0xBD, 0x75, 0x9B, 0xD5, 0xE7, 0x1A, 0xE5, 0x7D, 0x54, 0xA2, 0x6A, 0x89, 0x12, 0x20, 0x6C,
    0x7E, 0x92, 0x4E, 0x6E, 0x6C, 0x6C, 0x20, 0x16, 0xB8, 0x98, 0x00, 0x44, 0xD1, 0x59, 0x28, 0x18,
    0x3C, 0xD8, 0x3D, 0x5D, 0xB3, 0x85, 0x2C, 0x24, 0x6E, 0x1B, 0xD8, 0x6C, 0x40, 0xA2, 0x23, 0xBC,
    0xA3, 0x07, 0xFD, 0xAE, 0x61, 0xA0, 0x3D, 0x69, 0x05, 0x3C, 0xA4, 0x42, 0x21, 0x39, 0x17, 0x57,
    0xDB, 0x09, 0x0D, 0x73, 0x1A, 0xE4, 0x14, 0xE3, 0x89, 0x77, 0xF4, 0xA0, 0x7F, 0x58, 0xF4, 0xC9,
    0x1C, 0x25, 0x5E, 0x60, 0xEA, 0xE8, 0x6E, 0x2D, 0xE9, 0xC4, 0xA2, 0x0E, 0xC5, 0x3B, 0x7A, 0xD0,
    0x7F, 0x50, 0x00, 0x9E, 0xB2, 0xC7, 0xEE, 0xA9, 0x13, 0x26, 0xCA, 0xBE, 0x2C, 0x0C, 0x7A, 0xAC,
    0x30, 0x5B, 0x07, 0x3B, 0xAB, 0xC0, 0xE8, 0xE8, 0x36, 0x30, 0x60, 0x28, 0xC7, 0x13, 0xD8, 0xC7,
    0xEE, 0x4C, 0x51, 0xF9, 0x6E, 0x60, 0x5A, 0xA7, 0x8B, 0x9B, 0x93, 0x98, 0x86, 0xF8, 0xEA, 0xAB,
    0x23, 0x94, 0xEA, 0x72, 0x4E, 0xE2, 0x3F, 0xFC, 0x7E, 0x24, 0x91, 0xD5, 0xC5, 0xAF, 0xB8, 0x26,
    0x80, 0x3F, 0x17, 0xD6, 0x85, 0xB9, 0x78, 0x1D, 0xF4, 0x45, 0xAC, 0x2D, 0x60, 0xCB, 0xC2, 0x8E,
    0x3B, 0xE6, 0x6D, 0x3A, 0x48, 0x41, 0xC1, 0xAF, 0x67, 0xE8, 0x83, 0xA5, 0x7E, 0x9B, 0xBD, 0xA8,
    0xA7, 0xAC, 0x40, 0xE1, 0xF6, 0xA6, 0x9E, 0x38, 0x75, 0x7E, 0x14, 0xD1, 0x68, 0x8A, 0xD2, 0x68,
    0x70, 0x78, 0xF1, 0xE7, 0x8B, 0x5F, 0xB9, 0x5C, 0x51, 0xC0, 0x39, 0x8E, 0xBA, 0xFD, 0x32, 0x50,
    0xA9, 0x8A, 0x8F, 0x30, 0x8A, 0x57, 0xE7, 0x61, 0x99, 0xCB, 0x24, 0x9F, 0x51, 0x51, 0x5B, 0x9A,
    0x31, 0xD6, 0xE5, 0xA1, 0xCA, 0x7D, 0x9D, 0x3B, 0xCD, 0xC9, 0xE1, 0x17, 0x2F, 0x7B, 0xE2, 0xBC,
    0xB8, 0x33, 0x47, 0x6A, 0xFD, 0xBB, 0xC9, 0x8A, 0xB7, 0x66, 0x91, 0x9A, 0xB8, 0x75, 0xA0, 0x72,
    0x57, 0xFB, 0xAF, 0x78, 0x60, 0xE5, 0xF0, 0x95, 0x87, 0xEB, 0x5C, 0x00, 0xCA, 0x69, 0xA0, 0xB8,
    0x59, 0xAF, 0x50, 0xD1, 0x2B, 0xB4, 0xFF, 0x22, 0x28, 0x67, 0x76, 0x7C, 0xF1, 0x35, 0xD0, 0xEF,
    0xAB, 0x8B, 0x3B, 0xED, 0x94, 0x46, 0x0B, 0xE7, 0xC2, 0x7B, 0x71, 0x9B, 0x9D, 0x0B, 0xAE, 0xB7,
    0x7C, 0xE8, 0xCD, 0xDE, 0x6C, 0xCB, 0x2E, 0xDC, 0x39, 0x8E, 0x64, 0xAF, 0xB9, 0xBD, 0xF0, 0x1A,
    0xB1, 0x44, 0xDF, 0x02, 0x93, 0xC9, 0xB4, 0x2D, 0x3E, 0x99, 0x2E, 0x7D, 0x5B, 0xF1, 0xCD, 0xC5,
    0x1C, 0x7C, 0x04, 0xC5, 0x80, 0xCB, 0xB9, 0x44, 0x3C, 0x82, 0x6C, 0x09, 0x17, 0x9E, 0x7E, 0xF9,
    0x6D, 0x1F, 0x75, 0x8C, 0x0A, 0x6C, 0x9E, 0xF6, 0x94, 0x0F, 0x33, 0xA4, 0xF3, 0x74, 0x7E, 0xE6,
    0x63, 0x7E, 0x5B, 0xBE, 0x73, 0xAA, 0x8F, 0x20, 0xA7, 0x4E, 0x7D, 0x4E, 0xBB, 0x61, 0xC3, 0x5A,
    0x19, 0x71, 0xEA, 0xC9, 0x05, 0x35, 0xE1, 0x6D, 0x1D, 0xDC, 0xD3, 0xFE, 0xC3, 0xD2, 0xFB, 0xB7,
    0x42, 0xAD, 0x8A, 0xB8, 0x05, 0xB4, 0xE0, 0x43, 0x11, 0xA6, 0x89, 0x92, 0x01, 0xE1, 0x13, 0x51,
    0xBA, 0x48, 0x9B, 0x91, 0x87, 0x4F, 0xE8, 0xF0, 0x1A, 0x76, 0x0A, 0x1F, 0xE4, 0x80, 0xA1, 0xBF,
    0xC5, 0xA8, 0xFA, 0x67, 0x02, 0xC8, 0xD9, 0x72, 0xE9, 0xDC, 0x04, 0xD0, 0x9D, 0xF6, 0x50, 0x14,
    0x53, 0x2B, 0xEE, 0xD4, 0xC8, 0xBE, 0x1E, 0x90, 0xD4, 0xEE, 0xE5, 0x70, 0x25, 0xA8, 0xC2, 0xFB,
    0x5A, 0x5C, 0x6D, 0xB6, 0x69, 0x36, 0xB1, 0x16, 0xE0, 0xB4, 0x35, 0x01, 0xE8, 0x01, 0x8B, 0x2D,
    0x12, 0x63, 0x9F, 0x27, 0xC0, 0xDF, 0xE7, 0x8C, 0xBB, 0x99, 0x2D, 0xB0, 0x17, 0xE5, 0x22, 0xFB,
    0x08, 0x80, 0x92, 0x6D, 0xC9, 0x38, 0x05, 0xF8, 0x30, 0xC6, 0x7E, 0x0A, 0xE4, 0xF6, 0xCB, 0xA3,
    0x62, 0xA8, 0x12, 0x1D, 0xE4, 0x00, 0xBE, 0xB1, 0x7A, 0xC5, 0xAE, 0x9D, 0x71, 0xE2, 0x74, 0x96,
    0x88, 0x2B, 0xFF, 0x84, 0xB1, 0x16, 0x4B, 0x96, 0xFB, 0x79, 0xF3, 0xC2, 0x7E, 0x31, 0xC1, 0x9D,
    0x87, 0x2F, 0x5E, 0xF4, 0x1D, 0xEC, 0x2D, 0xB2, 0x40, 0xF9, 0xF6, 0xF6, 0x14, 0xEA, 0x9E, 0xC2,
    0x99, 0x23, 0x0A, 0xFA, 0x9E, 0x50, 0xA5, 0x09, 0x7F, 0xDC, 0x06, 0x3B, 0xBB, 0x72, 0xAE, 0x07,
    0x45, 0x75, 0x7E, 0x25, 0xF9, 0x1C, 0xAD, 0x58, 0xCF, 0x6F, 0x1C, 0x57, 0x1D, 0xFF, 0xCE, 0x4C,
    0xE2, 0x01, 0x3F, 0xC8, 0xF3, 0x21, 0x51, 0x5B, 0x15, 0x3C, 0x97, 0x0A, 0xA5, 0xC8, 0xCD, 0x70,
    0xC8, 0x21, 0x48, 0xBB, 0xF3, 0x86, 0x22, 0xC4, 0xB1, 0x3E, 0x34, 0x70, 0xE0, 0x10, 0x0E, 0x41,
    0x18, 0x2E, 0x8E, 0xAA, 0x1C, 0x8C, 0xE4, 0xF5, 0x8E, 0xD3, 0x03, 0x87, 0x1C, 0x6A, 0xFE, 0x03,
    0x1F, 0x72, 0x61, 0x83, 0x94, 0x52, 0x59, 0x68, 0x91, 0x76, 0xBD, 0xCF, 0xF8, 0xD0, 0x03, 0x87,
    0x0E, 0x94, 0xF6, 0x04, 0x62, 0x48, 0x69, 0x25, 0x8C, 0xA0, 0x0F, 0x3A, 0x95, 0xC6, 0x61, 0xD6,
    0x8F, 0xCF, 0x77, 0x66, 0xD6, 0x0E, 0xC5, 0x51, 0xB2, 0xB1, 0xDF, 0xBC, 0xEF, 0xEC, 0xCC, 0x9B,
    0xF7, 0xFD, 0xBE, 0xF7, 0xBE, 0xBF, 0xBF, 0x4B, 0x83, 0x72, 0x40, 0x74, 0x79, 0x65, 0xA5, 0x3F,
    0xE0, 0xB6, 0x44, 0x17, 0x89, 0xDA, 0x44, 0xA3, 0xC4, 0xB7, 0xB9, 0x1C, 0x17, 0xE1, 0xC2, 0x5C,
    0xB4, 0x40, 0xED, 0xAA, 0xAB, 0x05, 0x0A, 0x7E, 0xF1, 0xA6, 0xB0, 0x85, 0x6B, 0x33, 0x8A, 0xAA,
    0x69, 0xE1, 0x06, 0x39, 0xB6, 0x24, 0xEF, 0x41, 0x41, 0xBE, 0x26, 0x12, 0x0D, 0x3C, 0xFF, 0x5E,
    0x4C, 0x0A, 0x93, 0x9E, 0xF9, 0x34, 0x26, 0xD7, 0x10, 0x39, 0x0D, 0xF8, 0x39, 0x61, 0xDC, 0x52,
    0xB4, 0x6C, 0x89, 0x68, 0x11, 0x40, 0x5F, 0xA0, 0x4D, 0x85, 0x95, 0x6C, 0x26, 0x5F, 0xCF, 0xA4,
    0x9B, 0xC9, 0x97, 0x33, 0xF9, 0xF7, 0x2C, 0xB4, 0xF9, 0xFC, 0x0F, 0x32, 0x7C, 0xFD, 0x11, 0xB9,
    0x1B, 0x8A, 0xA4, 0x0E, 0x92, 0x20, 0x11, 0xA9, 0x22, 0xCF, 0x94, 0xE4, 0x8C, 0x0B, 0xEC, 0x0F,
    0xD4, 0x94, 0x26, 0xF7, 0xDE, 0xDF, 0xC8, 0x03, 0x41, 0x0A, 0x12, 0xFC, 0x1E, 0x54, 0x40, 0x32,
    0xA9, 0xE0, 0xFC, 0x6A, 0xD3, 0x40, 0xE7, 0xE8, 0x71, 0x3B, 0xF6, 0xAD, 0x91, 0xEF, 0x1B, 0x19,
    0xF3, 0x1C, 0xB1, 0x4F, 0xC2, 0xA6, 0xE1, 0xBD, 0x3C, 0x72, 0x4A, 0x45, 0x83, 0xF0, 0xC3, 0x42,
    0x60, 0xDB, 0xA3, 0x0C, 0x0B, 0x7D, 0xCE, 0x31, 0xE1, 0x77, 0x4D, 0x60, 0x53, 0x67, 0x9B, 0xF7,
    0xD9, 0x51, 0xB4, 0xAD, 0xE8, 0xE2, 0x73, 0x38, 0xDC, 0x5F, 0x89, 0xAC, 0x8D, 0xFD, 0x14, 0xBB,
    0x75, 0x36, 0xB6, 0x16, 0x82, 0xB2, 0x75, 0x65, 0x6D, 0xE9, 0x8B, 0x97, 0xFB, 0x74, 0xEE, 0x46,
    0x4E, 0xE7, 0x6E, 0x02, 0xAE, 0x0C, 0xCF, 0x9C, 0x6B, 0xA9, 0x72, 0x61, 0x5E, 0x14, 0x57, 0x44,
    0xE2, 0x18, 0x77, 0xFF, 0x9A, 0xA6, 0xE5, 0x31, 0xD5, 0x2D, 0x18, 0x44, 0x65, 0xBF, 0xB5, 0xD5,
    0xEA, 0x63, 0x4A, 0xB0, 0xE4, 0xC6, 0xDA, 0xDF, 0xCD, 0xA4, 0xD0, 0x51, 0x40, 0x83, 0x88, 0xDA,
    0x01, 0x05, 0x42, 0x8B, 0xDD, 0xD4, 0x4B, 0x52, 0xCC, 0xFD, 0x6A, 0xAF, 0x17, 0x83, 0x63, 0x9A,
    0xE1, 0x88, 0xBF, 0x0C, 0x33, 0x38, 0xA5, 0x2D, 0x6C, 0x71, 0x61, 0xD1, 0x1D, 0x93, 0xFC, 0x9E,
    0xFE, 0xFA, 0x9D, 0xEC, 0xB5, 0x7F, 0xDC, 0x78, 0xEB, 0x4F, 0x97, 0xDF, 0x2A, 0xBF, 0xF6, 0xDA,
    0x1F, 0x6F, 0xB4, 0xBF, 0x95, 0xC9, 0xBB, 0x89, 0xF3, 0x6B, 0xD0, 0xB0, 0x79, 0x6F, 0x53, 0x24,
    0xCA, 0x6C, 0xAD, 0x98, 0xD6, 0xD6, 0x8A, 0x32, 0xB3, 0x09, 0xB3, 0xBE, 0xE0, 0x7E, 0x75, 0x7F,
    0xD1, 0xDA, 0x7C, 0x64, 0xF3, 0xFA, 0x95, 0xEE, 0xF0, 0xFE, 0x30, 0x82, 0x4E, 0xBC, 0x44, 0x68,
    0x2E, 0x6E, 0x91, 0xF1, 0x52, 0x19, 0xAB, 0x4D, 0x95, 0x5F, 0x88, 0xBB, 0x89, 0x88, 0x23, 0x30,
    0xDE, 0x4D, 0x7F, 0xA8, 0x47, 0x31, 0x4F, 0xF6, 0xB4, 0x4C, 0x23, 0xE6, 0xB0, 0x63, 0x8E, 0xE9,
    0xAE, 0xE9, 0xFA, 0xA6, 0x6B, 0x4D, 0x77, 0xDF, 0x80, 0xF7, 0x75, 0x3F, 0x8F, 0xD9, 0x3F, 0xEE,
    0x25, 0xC2, 0xDA, 0x34, 0xB0, 0xF7, 0x52, 0x65, 0xFD, 0xFF, 0x81, 0x00, 0xE0, 0x03, 0x48, 0x3D,
    0x02, 0xE8, 0x12, 0x29, 0x5C, 0x44, 0x67, 0xE8, 0x0A, 0xAD, 0x91, 0x8C, 0x03, 0x62, 0xCE, 0x3A,
    0x14, 0xC4, 0x2A, 0xF6, 0x0F, 0x2F, 0x70, 0x29, 0x55, 0xC5, 0x6A, 0x6B, 0x05, 0x97, 0x2A, 0x44,
    0xFA, 0xEC, 0xE7, 0xA9, 0x2D, 0x49, 0x7E, 0x1B, 0xBC, 0x35, 0x5E, 0x96, 0xFB, 0xBF, 0x31, 0x78,
    0x8E, 0x64, 0xBC, 0x30, 0x4B, 0x15, 0x76, 0xA5, 0x43, 0x9B, 0x61, 0xE2, 0x65, 0x7E, 0x22, 0xB4,
    0x9F, 0x48, 0xF2, 0x93, 0x08, 0x30, 0x00, 0x40, 0xD9, 0xBC, 0xEC, 0x05, 0xB0, 0xBD, 0x20, 0xE9,
    0x16, 0x14, 0xF9, 0x7D, 0x1A, 0x04, 0x2B, 0x04, 0xED, 0xF0, 0xB2, 0xB3, 0x43, 0x48, 0x63, 0xE5,
    0xFF, 0x69, 0xF8, 0x4C, 0x23, 0xAE, 0x69, 0xAC, 0x02, 0x72, 0xA6, 0x71, 0x9D, 0xFC, 0xDD, 0x03,
    0x92, 0xDE, 0x2B, 0xB0, 0x9F, 0x79, 0x30, 0x63, 0x95, 0x8C, 0x83, 0xDD, 0x78, 0x7B, 0xBE, 0xF6,
    0xEC, 0x85, 0x18, 0xFC, 0x57, 0x1A, 0x86, 0xE2, 0x27, 0x5E, 0x8A, 0xE3, 0x40, 0x41, 0xC3, 0x34,
    0x00, 0xD5, 0x0C, 0xA6, 0xF6, 0x95, 0x0C, 0xF2, 0xE9, 0xEE, 0x18, 0xB0, 0xCF, 0x4B, 0x61, 0xB2,
    0x72, 0xBD, 0xC4, 0x72, 0x3E, 0x9E, 0xDA, 0xB2, 0x05, 0xE1, 0x05, 0x16, 0x26, 0x76, 0xB6, 0x83,
    0x8F, 0xD4, 0x6A, 0x14, 0x6D, 0x8E, 0x08, 0x9F, 0x31, 0xAD, 0x5F, 0xBD, 0xBE, 0x40, 0xD8, 0xA7,
    0x5B, 0x92, 0x2C, 0x48, 0xC5, 0xD4, 0xE1, 0x8F, 0xC9, 0x9A, 0x97, 0xA9, 0x8F, 0x53, 0x69, 0x63,
    0xE7, 0x4E, 0x8D, 0xF3, 0x12, 0x40, 0x41, 0xB5, 0x98, 0xD1, 0xDC, 0x66, 0xC1, 0xC8, 0x00, 0xEA,
    0xA6, 0xF0, 0xAE, 0xC0, 0x87, 0x21, 0xA0, 0x28, 0xC8, 0xC9, 0x4B, 0x58, 0x36, 0x56, 0xCB, 0x22,
    0x12, 0x0F, 0x46, 0x24, 0x61, 0x11, 0xC1, 0xDE, 0x3D, 0x1D, 0x82, 0x49, 0x11, 0x46, 0x57, 0x61,
    0x41, 0x15, 0xBE, 0x03, 0x3C, 0x89, 0xC7, 0x4B, 0xF1, 0xC9, 0xE9, 0x09, 0xE0, 0x2A, 0xB8, 0x85,
    0x7C, 0xEB, 0xE4, 0xB4, 0xCE, 0x3F, 0x0B, 0x45, 0x87, 0x33, 0xF9, 0xC8, 0x9C, 0x9C, 0xD6, 0xE6,
    0x75, 0x72, 0x8B, 0xB2, 0x9A, 0x7B, 0x2A, 0x67, 0x8C, 0x80, 0x77, 0x39, 0xAB, 0x7F, 0xA5, 0x3E,
    0x01, 0xFF, 0x67, 0x7B, 0x3F, 0x87, 0x8F, 0x66, 0x9F, 0xD8, 0xDD, 0xC3, 0x93, 0x85, 0x5C, 0x5D,
    0xBE, 0xF9, 0x7F, 0x66, 0x17, 0xF9, 0xC6, 0x1E, 0xD4, 0x4D, 0xDA, 0x82, 0x3A, 0x12, 0x4F, 0xE3,
    0x6B, 0xEC, 0x42, 0xF1, 0x55, 0xF0, 0x2D, 0x48, 0xE4, 0x7B, 0xAF, 0xC2, 0xF3, 0xDA, 0x83, 0x01,
    0xDF, 0x68, 0x16, 0x4E, 0x6F, 0x64, 0x63, 0x4C, 0x48, 0xA5, 0x11, 0x3A, 0xD0, 0x0E, 0x85, 0xAC,
    0x29, 0x80, 0xA8, 0xF9, 0x65, 0x08, 0xB1, 0x7B, 0x99, 0x3A, 0xB1, 0x38, 0x58, 0xD6, 0x2E, 0xBB,
    0x2C, 0x76, 0x7A, 0x5E, 0x65, 0x8B, 0x75, 0x04, 0x98, 0x31, 0xB5, 0x7F, 0x6E, 0x5A, 0x06, 0x6F,
    0x4E, 0x15, 0x25, 0x78, 0xBA, 0x3B, 0xCA, 0x16, 0x88, 0x05, 0x51, 0x45, 0x12, 0x5D, 0xF5, 0x36,
    0x94, 0x85, 0x4F, 0x48, 0x8F, 0x46, 0xAE, 0xBE, 0x5A, 0xCD, 0x29, 0x18, 0x41, 0xE0, 0x54, 0x09,
    0x15, 0xD3, 0xE3, 0x2E, 0x21, 0x66, 0xC5, 0xFE, 0x4F, 0xF5, 0xB4, 0x88, 0x33, 0xB7, 0x12, 0xF9,
    0x76, 0x26, 0x76, 0xB3, 0xA7, 0xD8, 0x2D, 0xC4, 0x2A, 0x71, 0x58, 0xF6, 0xAA, 0x70, 0x7E, 0xD4,
    0xB5, 0xDC, 0xBD, 0xEC, 0x91, 0xFD, 0x99, 0x4F, 0x9B, 0x39, 0xDC, 0x6E, 0x92, 0x57, 0x92, 0xD8,
    0x98, 0x1A, 0xD7, 0x4D, 0xD9, 0xD6, 0xDB, 0x2F, 0x4D, 0x8D, 0x88, 0x30, 0x87, 0x60, 0xD7, 0x51,
    0x53, 0x23, 0xCE, 0xF6, 0x36, 0x2A, 0x75, 0x81, 0x3A, 0x6A, 0x99, 0x04, 0x99, 0x4C, 0x3C, 0x23,
    0x13, 0xA7, 0x08, 0xFE, 0x40, 0x85, 0x2A, 0xA9, 0x54, 0x05, 0x15, 0x10, 0x3F, 0xC0, 0xCD, 0x65,
    0xE2, 0x1B, 0xB9, 0x37, 0x4A, 0x59, 0x75, 0x59, 0x0B, 0x3F, 0x6B, 0x92, 0x2F, 0x56, 0xB1, 0x1F,
    0xFE, 0x49, 0x03, 0x32, 0x40, 0xEE, 0x65, 0xED, 0x12, 0xD0, 0x85, 0xD2, 0x87, 0xAF, 0x67, 0x91,
    0x78, 0x37, 0x8B, 0xBC, 0x4F, 0x60, 0x00, 0x16, 0xD0, 0x05, 0x84, 0x00, 0x99, 0xB1, 0xFA, 0x57,
    0x04, 0xD8, 0x94, 0xC0, 0xF4, 0x86, 0xEB, 0x93, 0xC0, 0x9D, 0x40, 0x87, 0x33, 0x99, 0xF9, 0x79,
    0x90, 0x70, 0xCC, 0xA7, 0x01, 0xA0, 0xC3, 0x02, 0x53, 0x55, 0x90, 0xA7, 0x21, 0x74, 0xB8, 0x94,
    0xA9, 0x57, 0xF8, 0xFB, 0xCB, 0xC6, 0x61, 0x1D, 0x0E, 0xC7, 0x74, 0xD4, 0x6E, 0x12, 0x0B, 0xA3,
    0x91, 0xC6, 0xC9, 0x69, 0xBA, 0x6C, 0xE2, 0x38, 0x7B, 0x2D, 0xA4, 0x93, 0xD3, 0x3B, 0x3B, 0xC3,
    0x19, 0x16, 0xD1, 0x4F, 0x06, 0xA7, 0x43, 0x8F, 0x13, 0x9E, 0xED, 0x66, 0xD6, 0xE9, 0xF0, 0xF0,
    0x4B, 0xAE, 0x56, 0x22, 0x95, 0x1F, 0xC7, 0xDE, 0x98, 0x83, 0x91, 0xB0, 0x14, 0xBE, 0xA2, 0xDB,
    0x5E, 0x7A, 0x86, 0x26, 0x2B, 0xB4, 0x38, 0x03, 0xC1, 0x0A, 0x46, 0x66, 0x12, 0x2B, 0x04, 0x58,
    0xA1, 0x85, 0x15, 0x4C, 0x27, 0xF2, 0xD2, 0x35, 0x25, 0x92, 0x8E, 0x9A, 0xC7, 0x0A, 0x03, 0xAC,
    0x60, 0xBC, 0x42, 0x60, 0x05, 0x78, 0x2C, 0x3D, 0x8F, 0x15, 0x26, 0x24, 0x90, 0x17, 0xC0, 0x5B,
    0xC5, 0x75, 0x9E, 0x54, 0x69, 0xD2, 0x0C, 0xB2, 0x16, 0xA9, 0x1F, 0x07, 0xF0, 0x77, 0x89, 0x8A,
    0xC3, 0x38, 0xF8, 0xD0, 0x92, 0x0F, 0x4D, 0xE4, 0x44, 0xF0, 0xB0, 0xB9, 0xA0, 0x15, 0xA6, 0xB5,
    0xBB, 0x3B, 0x0D, 0x9A, 0xF3, 0xBC, 0x47, 0x4D, 0xCE, 0x5F, 0xCC, 0xA9, 0xD0, 0x73, 0x36, 0x36,
    0xC9, 0xFB, 0x57, 0x01, 0xC8, 0x4F, 0xF7, 0xCC, 0x41, 0x76, 0x78, 0xE6, 0xC7, 0x65, 0xE3, 0x9C,
    0xFD, 0x4C, 0xB2, 0xEF, 0xCF, 0xC2, 0x8B, 0x87, 0x5E, 0x91, 0x9D, 0x64, 0xAE, 0xBE, 0x53, 0x46,
    0x34, 0x8C, 0x58, 0x6B, 0x86, 0xEA, 0x6A, 0xC9, 0x23, 0x0F, 0x79, 0xCE, 0x2A, 0x95, 0xEA, 0xE6,
    0x08, 0x56, 0xA8, 0x2D, 0xCC, 0x1A, 0x6A, 0x8B, 0x88, 0x9E, 0xD7, 0x2D, 0x52, 0x3B, 0x39, 0xA9,
    0xDD, 0x82, 0xC4, 0x8E, 0x85, 0x6C, 0xB1, 0x09, 0xCD, 0x97, 0x5F, 0xC3, 0x8E, 0xD4, 0xE2, 0x1D,
    0x1B, 0x8B, 0xB7, 0xC7, 0x0F, 0x1B, 0x2B, 0x92, 0xF7, 0x20, 0xAE, 0xE8, 0x81, 0xDA, 0x32, 0x7C,
    0x4D, 0xB8, 0x6E, 0x91, 0x3E, 0xB6, 0x29, 0xAC, 0x3B, 0x9E, 0x31, 0x82, 0x71, 0xD7, 0x86, 0x0D,
    0x16, 0x72, 0xC7, 0x30, 0xE1, 0xFC, 0x68, 0xEE, 0x89, 0xB1, 0x42, 0x96, 0xA5, 0xDB, 0x88, 0xF2,
    0xC9, 0x50, 0xAE, 0x2F, 0x3A, 0x07, 0xC6, 0xFD, 0x6D, 0x3A, 0x05, 0x0A, 0xB1, 0x74, 0xBD, 0x7F,
    0xE7, 0x2C, 0xEB, 0x69, 0xB0, 0x38, 0x2C, 0xFF, 0x4A, 0xD3, 0x2F, 0x35, 0x67, 0x76, 0x67, 0xA7,
    0x41, 0x84, 0x4A, 0xDC, 0x1E, 0x23, 0x83, 0x80, 0xC9, 0xCF, 0xFB, 0x63, 0x04, 0x71, 0x07, 0x4E,
    0xD8, 0xB9, 0xFB, 0xE0, 0x2E, 0x52, 0x5F, 0x18, 0xA8, 0xFA, 0x46, 0xCE, 0x65, 0x20, 0x34, 0x20,
    0xF2, 0x0F, 0x5E, 0x46, 0x91, 0xD2, 0xB5, 0x99, 0x18, 0x0B, 0x1B, 0x4F, 0xD0, 0x1D, 0x9B, 0x0A,
    0x9B, 0x07, 0x3B, 0xB9, 0xA2, 0xB9, 0x76, 0x55, 0x31, 0xB6, 0x39, 0x51, 0x98, 0xC3, 0x08, 0xC6,
    0xF1, 0x95, 0x4D, 0x75, 0x0D, 0x0A, 0x12, 0x13, 0xF2, 0xDC, 0x43, 0xC1, 0xBD, 0x59, 0x3D, 0x07,
    0xB5, 0x1E, 0x80, 0x88, 0x16, 0xD6, 0x04, 0xEB, 0xD0, 0x98, 0x55, 0xD5, 0x1B, 0x2A, 0x3B, 0xAE,
    0x88, 0x50, 0x90, 0xDE, 0x14, 0xB6, 0x74, 0xEC, 0x44, 0x61, 0x91, 0x10, 0x20, 0xAF, 0xED, 0x1F,
    0x2E, 0xFD, 0x04, 0x58, 0x97, 0x38, 0x29, 0xF2, 0xEE, 0x67, 0x53, 0xA0, 0x40, 0x08, 0xF7, 0x8D,
    0xFF, 0x81, 0x71, 0xD7, 0x37, 0xA6, 0xC1, 0xFA, 0x32, 0x74, 0x0A, 0x39, 0x75, 0xE5, 0x94, 0x8E,
    0xBB, 0x58, 0xED, 0xC2, 0xA4, 0x53, 0xE9, 0x5C, 0x78, 0xEC, 0x25, 0x74, 0x68, 0xFA, 0xAB, 0xD5,
    0x41, 0x1F, 0x41, 0x81, 0x14, 0x4A, 0xA0, 0x30, 0x7E, 0x6E, 0x76, 0x62, 0xBE, 0xE6, 0x31, 0x9D,
    0xB7, 0xC3, 0xE6, 0x9B, 0x3B, 0xA3, 0xCC, 0xFB, 0xC8, 0x38, 0xDB, 0x39, 0x5C, 0x40, 0xF0, 0x3E,
    0x97, 0xC2, 0x6D, 0x6A, 0xB7, 0xA8, 0xDD, 0xA6, 0x56, 0x84, 0x52, 0xE7, 0x16, 0xCA, 0x62, 0xF8,
    0xF1, 0x2A, 0x6F, 0xDB, 0x48, 0xBC, 0x83, 0xD4, 0xBF, 0xD6, 0xE4, 0x70, 0xAB, 0xA3, 0x64, 0x64,
    0xB3, 0xD1, 0x37, 0xCD, 0xD0, 0xC9, 0x07, 0xC7, 0xF5, 0x6A, 0x16, 0xE7, 0xEB, 0x2C, 0xDC, 0xA0,
    0x31, 0xED, 0x5A, 0x33, 0xE0, 0xFB, 0x0B, 0x70, 0x69, 0x5C, 0x95, 0x73, 0x88, 0xDE, 0xD0, 0x8D,
    0xA0, 0xFA, 0xE5, 0x77, 0x1E, 0xE7, 0xEF, 0x3C, 0xEF, 0xB0, 0x89, 0xA6, 0x38, 0xE9, 0x53, 0x63,
    0x9C, 0x4F, 0x41, 0xE7, 0x12, 0x57, 0xB8, 0x9A, 0xDC, 0xFB, 0x86, 0x1E, 0xD2, 0xD2, 0xE9, 0x68,
    0x7C, 0x7F, 0x91, 0xDC, 0x03, 0x43, 0xDE, 0x3B, 0xE9, 0xD3, 0xD3, 0xA8, 0x15, 0x89, 0xBC, 0x4F,
    0xE0, 0xE6, 0x7E, 0xB6, 0xF9, 0xF4, 0x74, 0x36, 0xC9, 0x81, 0x08, 0x2B, 0x3E, 0xF7, 0x7A, 0x9B,
    0x88, 0x9C, 0xBD, 0x5E, 0x55, 0xCA, 0xE5, 0xD5, 0x78, 0x53, 0x84, 0xD9, 0x7F, 0x02, 0xA9, 0xA4,
    0xE0, 0x77, 0x20, 0xEA, 0x59, 0x8A, 0xC4, 0x32, 0xB5, 0x2F, 0x81, 0xE8, 0x2A, 0x88, 0x9A, 0x9A,
    0x28, 0xA7, 0x60, 0x11, 0x88, 0x9E, 0x39, 0x4C, 0x4C, 0xBC, 0xBC, 0xAA, 0xD7, 0xAB, 0x81, 0x01,
    0xE5, 0xC7, 0x74, 0x27, 0xEF, 0xFA, 0x39, 0xFF, 0x7D, 0x53, 0x34, 0x29, 0x16, 0x2D, 0xB0, 0xA0,
    0xDD, 0x89, 0x45, 0x3E, 0x11, 0x56, 0x1F, 0x65, 0x07, 0xC9, 0xDB, 0xC9, 0x14, 0x28, 0x70, 0x18,
    0xB7, 0x75, 0xF0, 0x86, 0x9E, 0x9D, 0x99, 0x0E, 0x0B, 0x78, 0x54, 0x39, 0x89, 0xBA, 0x6C, 0xA8,
    0xDB, 0xB0, 0xE2, 0x72, 0x84, 0xFB, 0x10, 0x01, 0x0C, 0xE5, 0x31, 0x82, 0x8C, 0xFF, 0x7B, 0x96,
    0x4C, 0x46, 0xEE, 0x7F, 0x74, 0x5D, 0x36, 0x71, 0x36, 0x31, 0x29, 0x76, 0xD8, 0x06, 0x8B, 0x3A,
    0xAD, 0x64, 0x1B, 0x3A, 0x5F, 0x55, 0xD9, 0x47, 0x9D, 0x2D, 0xC2, 0x8C, 0x6E, 0x95, 0xDB, 0xD4,
    0x19, 0x50, 0x7B, 0x40, 0x11, 0xEE, 0x78, 0x1E, 0xAD, 0x97, 0x18, 0x1F, 0x8C, 0xF4, 0xC3, 0x93,
    0x97, 0x1A, 0x2F, 0xFB, 0x2E, 0x0A, 0xBF, 0x0F, 0x60, 0x92, 0x13, 0x9F, 0x72, 0x0A, 0xDB, 0xFA,
    0x2F, 0xAD, 0x59, 0x31, 0x8F, 0xDC, 0xC6, 0x15, 0x7E, 0xC3, 0x39, 0x1F, 0x6D, 0x31, 0xF6, 0x5C,
    0x21, 0x23, 0x88, 0xCE, 0x11, 0x1B, 0x15, 0xA7, 0x8B, 0x75, 0x6C, 0x52, 0xB8, 0xF0, 0x91, 0x4C,
    0x52, 0xAA, 0x71, 0x11, 0x57, 0x2E, 0x9C, 0x22, 0x45, 0xA2, 0xE6, 0x5C, 0xA8, 0x50, 0x90, 0xBD,
    0x5B, 0x0A, 0x29, 0x52, 0xB8, 0xF0, 0xFE, 0x03, 0x5F, 0x21, 0x04, 0x12, 0x0D, 0x44, 0x0A, 0xA0,
    0x26, 0x00, 0xF7, 0x48, 0xC5, 0x3F, 0x20, 0x84, 0x9C, 0x4E, 0x80, 0xC1, 0x24, 0x3A, 0x40, 0x50,
    0x02, 0x88, 0x8E, 0x98, 0x68, 0x7D, 0xB7, 0xBB, 0x93, 0xEF, 0x0D, 0xB9, 0xBB, 0x27, 0x6B, 0x4F,
    0xB7, 0xAB, 0xBD, 0xDD, 0x79, 0xE4, 0xEE, 0x90, 0x7C, 0xEF, 0xCD, 0x9B, 0x37, 0xDF, 0x7B, 0x6F,
    0x48, 0x44, 0x24, 0x74, 0x9F, 0x28, 0xBE, 0x41, 0xE6, 0x73, 0x26, 0x24, 0x72, 0x33, 0xA2, 0x20,
    0x07, 0x95, 0x44, 0x5D, 0x50, 0xAF, 0x47, 0xA2, 0xEA, 0x93, 0x55, 0x6E, 0x93, 0x2C, 0x7C, 0x72,
    0x0E, 0x52, 0x52, 0x5A, 0x87, 0xEE, 0xE3, 0xDB, 0x99, 0x47, 0x4E, 0xE6, 0xA3, 0xB7, 0x45, 0xB2,
    0x34, 0xAC, 0x4A, 0x11, 0xEF, 0xD6, 0x9C, 0x2C, 0xBD, 0x85, 0xBB, 0xBC, 0xEB, 0x3A, 0xA0, 0x60,
    0x93, 0xBC, 0xBA, 0xE1, 0x37, 0x7A, 0xD0, 0x6F, 0x69, 0x8F, 0x6F, 0xDA, 0xFD, 0x31, 0xD1, 0xB0,
    0xAA, 0xC5, 0x89, 0xC5, 0xC4, 0x8B, 0x68, 0x57, 0x7C, 0x53, 0x92, 0xCE, 0xE9, 0xDC, 0xCC, 0xE2,
    0x17, 0x1A, 0xAD, 0x13, 0x11, 0x29, 0x30, 0x51, 0x77, 0xF0, 0xBB, 0x24, 0x1A, 0x0F, 0x9B, 0xEF,
    0x27, 0xC8, 0x21, 0x88, 0x23, 0x48, 0x1D, 0x13, 0xFF, 0xE7, 0x7E, 0xBE, 0x6E, 0x41, 0x31, 0x22,
    0x0C, 0x5D, 0x14, 0x78, 0xE8, 0x00, 0xBF, 0x87, 0x34, 0xF9, 0x5C, 0x25, 0x92, 0x98, 0x15, 0xA7,
    0xD3, 0xCC, 0xCA, 0x43, 0xA2, 0x54, 0x87, 0x52, 0xEB, 0x5C, 0x95, 0x4E, 0xE6, 0x66, 0x82, 0x58,
    0x7F, 0xE6, 0xE0, 0x37, 0x67, 0x26, 0x0F, 0xC3, 0x51, 0xB9, 0x08, 0x9D, 0xE1, 0x56, 0x66, 0x69,
    0x9D, 0xD1, 0xD6, 0x60, 0xCC, 0x11, 0x9A, 0x06, 0x21, 0xF5, 0x9A, 0x7F, 0x42, 0xE7, 0x8E, 0xAE,
    0xDC, 0x7B, 0x55, 0x40, 0x2B, 0x9B, 0x44, 0x75, 0xC3, 0x6F, 0xF4, 0xA0, 0x1F, 0x57, 0xCD, 0x50,
    0x70, 0x54, 0x78, 0x62, 0xF3, 0xD2, 0xE9, 0x68, 0x01, 0x11, 0x3A, 0x92, 0xF7, 0xF3, 0x79, 0x54,
    0x80, 0x01, 0x6C, 0xD8, 0x56, 0x16, 0xA7, 0x66, 0x08, 0xDC, 0xD7, 0x26, 0x5A, 0x9B, 0xC7, 0x10,
    0x17, 0xDE, 0x00, 0xCB, 0x6E, 0x33, 0xCB, 0xE1, 0xC2, 0x5A, 0x58, 0x61, 0x64, 0x1D, 0x66, 0x94,
    0x12, 0x9D, 0x9D, 0x59, 0x85, 0xE8, 0x17, 0x44, 0x87, 0x10, 0x1F, 0xC0, 0xE9, 0x96, 0x88, 0xD6,
    0xE3, 0x90, 0x02, 0xDD, 0x03, 0x69, 0x88, 0x6C, 0x47, 0x3E, 0x29, 0x78, 0xA6, 0x5D, 0xF8, 0xC6,
    0x67, 0x65, 0xD9, 0x9C, 0xD9, 0x7F, 0x73, 0x1F, 0x2E, 0x1E, 0xC4, 0x3A, 0x0C, 0xF4, 0x00, 0xF7,
    0xB3, 0x21, 0xDF, 0x5E, 0x62, 0xED, 0x8C, 0x8A, 0x2E, 0x74, 0xF4, 0xD8, 0x8B, 0xBD, 0x77, 0x8D,
    0xEB, 0x1A, 0xDF, 0x24, 0x37, 0xD2, 0x64, 0xBC, 0xD5, 0xB8, 0xED, 0x91, 0x83, 0xE9, 0x33, 0x57,
    0xCD, 0x7D, 0xE6, 0x89, 0x7A, 0x62, 0xE2, 0x0E, 0xBA, 0x86, 0xDC, 0x9D, 0xA9, 0xC8, 0x2D, 0x54,
    0x24, 0x4B, 0x15, 0x89, 0x9E, 0xFB, 0x37, 0xEA, 0x05, 0x7D, 0xEA, 0x07, 0x3D, 0xEA, 0xA9, 0x88,
    0xC9, 0xAA, 0x54, 0x64, 0x97, 0xEA, 0x71, 0x9A, 0xF3, 0xB2, 0x52, 0x9A, 0x5D, 0xF2, 0x6D, 0xD0,
    0x56, 0x08, 0x76, 0x39, 0x08, 0xEB, 0xD1, 0x1B, 0x2F, 0x23, 0x96, 0x35, 0x6D, 0x19, 0x71, 0x7F,
    0xBD, 0x8C, 0x46, 0x1A, 0x90, 0xA3, 0xF3, 0xE5, 0x98, 0x17, 0xCC, 0x7A, 0x7C, 0x03, 0xB6, 0x09,
    0x74, 0xE5, 0x9B, 0xF9, 0x40, 0x0B, 0xE2, 0x4E, 0xA0, 0x73, 0xB4, 0x49, 0xCF, 0x87, 0x3F, 0x37,
    0xF7, 0xB0, 0x74, 0xA9, 0x0B, 0x2B, 0xEE, 0x8C, 0xFC, 0x21, 0x73, 0x74, 0xE9, 0x5E, 0xEF, 0xFB,
    0xD4, 0x0A, 0xE2, 0x2E, 0x6C, 0x66, 0x26, 0x83, 0xDC, 0xFC, 0xAA, 0xA3, 0xFB, 0xC2, 0x98, 0xCF,
    0xFE, 0x69, 0x24, 0xFF, 0x95, 0x09, 0xCD, 0xF3, 0x37, 0x97, 0x2C, 0x2B, 0xDA, 0x95, 0xFF, 0x28,
    0x08, 0x23, 0xBC, 0x38, 0xAB, 0x2C, 0x76, 0x54, 0x78, 0xDE, 0x36, 0xBD, 0xC2, 0xB8, 0x98, 0x17,
    0xDA, 0x45, 0x9A, 0x7D, 0x68, 0xF3, 0x89, 0x00, 0x02, 0x2A, 0x83, 0x7F, 0x23, 0xF8, 0x3B, 0x59,
    0x84, 0x0A, 0x8F, 0x3E, 0x62, 0x89, 0x48, 0xC2, 0x1A, 0x40, 0xBE, 0x95, 0xF9, 0x44, 0x8B, 0xA8,
    0x23, 0xB0, 0x84, 0xDA, 0xE1, 0x68, 0x09, 0xCD, 0x60, 0x49, 0xAB, 0x68, 0xE0, 0x6C, 0xA3, 0x56,
    0x76, 0xF9, 0x11, 0xAF, 0x62, 0x28, 0xA0, 0x4B, 0x55, 0x5A, 0xB9, 0x6B, 0xFC, 0x6E, 0xB4, 0x7A,
    0xAF, 0xDC, 0x0C, 0x28, 0xED, 0xE3, 0xDC, 0xF7, 0x22, 0x4A, 0x54, 0x21, 0x7A, 0xF6, 0xE0, 0xA3,
    0x52, 0xF0, 0x2A, 0xF6, 0x1A, 0xA0, 0x76, 0x41, 0x69, 0x46, 0xE2, 0xEF, 0x18, 0x49, 0xB8, 0xD2,
    0x80, 0xFF, 0xE7, 0x70, 0x43, 0x78, 0x6D, 0x96, 0x1A, 0x2F, 0xC5, 0xD2, 0x83, 0xC7, 0xBA, 0xE6,
    0x6C, 0xBC, 0x36, 0x4F, 0xCD, 0x75, 0xA1, 0x3F, 0xA6, 0x91, 0x34, 0xE7, 0x0F, 0x03, 0xF4, 0x21,
    0x10, 0xFC, 0x11, 0x4B, 0x7B, 0xED, 0x2D, 0x74, 0xEF, 0xC1, 0x97, 0x7B, 0x35, 0xD2, 0x2C, 0xA8,
    0xA3, 0x00, 0x6C, 0x70, 0x50, 0xA4, 0x14, 0x20, 0x72, 0x2E, 0x3C, 0x1D, 0x1D, 0x05, 0x96, 0x0A,
    0xC7, 0x3F, 0x59, 0x9E, 0x8E, 0x1D, 0x69, 0x24, 0x86, 0x91, 0x75, 0xD2, 0xB5, 0xB0, 0x9E, 0x8B,
    0xEA, 0x65, 0xC3, 0x66, 0x76, 0x51, 0xFB, 0x8D, 0x1D, 0x4D, 0x14, 0xB3, 0xA1, 0xE7, 0xF9, 0x06,
    0xEA, 0x19, 0xE2, 0x5F, 0x3B, 0x25, 0x7D, 0x79, 0xEC, 0x6D, 0xC8, 0xDC, 0xBF, 0x63, 0xF8, 0x5D,
    0xA4, 0x65, 0xC0, 0x3A, 0x27, 0x1C, 0xCF, 0x53, 0x10, 0xDF, 0xCE, 0x00, 0xFB, 0x86, 0xA6, 0x5D,
    0x67, 0xA2, 0xBB, 0x24, 0x81, 0xC5, 0x97, 0x59, 0x6B, 0x2C, 0x90, 0xE4, 0x68, 0x4B, 0xA3, 0x54,
    0x17, 0xE9, 0xCF, 0xCA, 0xAE, 0xA8, 0x92, 0x69, 0xED, 0x4C, 0x68, 0x75, 0x54, 0x28, 0x4B, 0x37,
    0x92, 0x95, 0xD6, 0x7A, 0xC8, 0xE4, 0xE2, 0xBF, 0x7A, 0xFC, 0x45, 0xA9, 0xD8, 0x96, 0x4C, 0xFC,
    0x7F, 0x0A, 0xC1, 0x14, 0xDE, 0x07, 0x84, 0x01, 0xA5, 0x25, 0x8F, 0xD0, 0xF3, 0x0A, 0x4F, 0xF7,
    0xBC, 0xBC, 0xEF, 0x85, 0xDB, 0x1E, 0x4D, 0x69, 0xAF, 0x2D, 0x23, 0x22, 0xD1, 0x6F, 0x12, 0x1E,
    0xEF, 0x95, 0x98, 0xDA, 0x9A, 0x1B, 0x62, 0xFD, 0x71, 0xED, 0xFB, 0xFF, 0x6D, 0xEE, 0xF9, 0xC1,
    0xD9, 0x76, 0xF2, 0x9F, 0xCA, 0xA0, 0x7E, 0x36, 0xED, 0xCB, 0xA6, 0xD4, 0xB4, 0x7E, 0x6B, 0x6E,
    0xC6, 0x78, 0xAE, 0x7F, 0xE5, 0xE6, 0xF1, 0x8C, 0xD7, 0xDE, 0xA4, 0xA0, 0x4B, 0xAA, 0xE2, 0xD5,
    0x39, 0x17, 0xE3, 0x4F, 0xD6, 0xAE, 0xB5, 0x82, 0x6A, 0x39, 0x3A, 0x8E, 0xF1, 0x5C, 0xCC, 0x64,
    0x4E, 0x4E, 0xC8, 0x20, 0x21, 0x9B, 0x84, 0xCE, 0xC9, 0x54, 0xBE, 0x1C, 0x1D, 0xAF, 0xF6, 0x06,
    0xBD, 0x4F, 0x3B, 0x99, 0x97, 0x99, 0x8C, 0x0A, 0x09, 0x55, 0x9D, 0x4F, 0xCD, 0x25, 0x33, 0x99,
    0x7C, 0xF0, 0xDC, 0x72, 0xBC, 0x8B, 0x3E, 0x80, 0x6E, 0x7D, 0x64, 0x7E, 0x3E, 0xCD, 0x73, 0x14,
    0xD1, 0x0E, 0x78, 0xDB, 0xFB, 0x7D, 0xF0, 0x96, 0x88, 0x25, 0xE0, 0x93, 0xE6, 0x93, 0x45, 0xB6,
    0x2D, 0x8B, 0x3D, 0xBB, 0x5C, 0xB3, 0x9A, 0x75, 0xB7, 0x29, 0xF3, 0x97, 0x37, 0x63, 0x92, 0x9C,
    0xDA, 0x99, 0x59, 0x96, 0x75, 0x56, 0xED, 0x20, 0x83, 0x3E, 0xEF, 0xD6, 0x0C, 0xD6, 0x63, 0xAC,
    0x37, 0x1D, 0x1A, 0xB2, 0x00, 0x5C, 0x2F, 0xA1, 0xEF, 0x01, 0xD8, 0x82, 0x8F, 0x0A, 0x72, 0x81,
    0x05, 0xF6, 0x18, 0x0B, 0xDC, 0x6A, 0x73, 0x7B, 0x05, 0x79, 0x93, 0xCC, 0xED, 0xA9, 0x5F, 0x95,
    0x71, 0x16, 0xC6, 0xCB, 0xF6, 0x0C, 0xCE, 0x41, 0xE8, 0xD3, 0x80, 0x7C, 0x59, 0x91, 0xAF, 0x72,
    0xF2, 0x01, 0x6D, 0xFE, 0x90, 0x15, 0x00, 0x3D, 0xC9, 0x28, 0xB8, 0x5C, 0xD4, 0xD7, 0xA8, 0xCF,
    0xD9, 0x1B, 0xC8, 0xE3, 0x0C, 0x2E, 0x1F, 0x43, 0xA1, 0xC9, 0x1C, 0x71, 0x6E, 0x12, 0xEF, 0xEF,
    0x2E, 0x61, 0x59, 0x25, 0x2A, 0x4F, 0x82, 0x30, 0x19, 0x50, 0x5A, 0x99, 0x36, 0xA0, 0x24, 0x00,
    0x8C, 0x65, 0x89, 0x5D, 0x26, 0x82, 0x7D, 0x42, 0x54, 0x24, 0x30, 0xFC, 0x6B, 0xC6, 0x10, 0x44,
    0x2D, 0x59, 0xF2, 0x55, 0x0F, 0xB3, 0x48, 0x7B, 0xF5, 0x23, 0x09, 0x75, 0xF9, 0x91, 0x28, 0xB1,
    0xF3, 0xC4, 0xAA, 0x9A, 0x61, 0x46, 0x14, 0x64, 0xF4, 0xE7, 0x06, 0x7F, 0xC8, 0x3F, 0xA9, 0x05,
    0xF1, 0x2E, 0x02, 0x76, 0xC0, 0x08, 0x66, 0x65, 0x2E, 0xC7, 0x69, 0xA0, 0xA1, 0xFB, 0xD2, 0xEF,
    0x9C, 0x6C, 0x89, 0x4B, 0x16, 0x0C, 0xA4, 0x45, 0xC4, 0x61, 0x96, 0xCE, 0xB6, 0x9E, 0xFF, 0x50,
    0xB2, 0x77, 0xE9, 0x2E, 0x5D, 0x14, 0xB0, 0x73, 0xE6, 0x03, 0xFC, 0x64, 0xE6, 0xBF, 0x75, 0x02,
    0xD3, 0xB3, 0x2B, 0xAD, 0xED, 0x96, 0xDF, 0xBA, 0xD4, 0xBA, 0xDA, 0xA2, 0x69, 0xDF, 0x29, 0x1A,
    0x5A, 0xA5, 0x8F, 0x9C, 0x1A, 0xC7, 0x17, 0x99, 0x3D, 0xFF, 0x70, 0xAB, 0xD5, 0x65, 0xA5, 0x26,
    0x5F, 0x76, 0x60, 0x13, 0x48, 0x8E, 0xD2, 0xBF, 0xC9, 0x38, 0x96, 0xD7, 0xAB, 0x01, 0xFF, 0x47,
    0x47, 0xAF, 0x3D, 0x8E, 0xC9, 0x46, 0x94, 0x60, 0x12, 0xA1, 0xCC, 0xC7, 0xDF, 0x9E, 0xD3, 0x0F,
    0x0A, 0x2F, 0x3F, 0xD2, 0x93, 0x8F, 0x1D, 0x5D, 0xC1, 0x34, 0x1B, 0x61, 0x33, 0x6B, 0x56, 0x27,
    0xC0, 0xF2, 0x0A, 0x32, 0x50, 0x01, 0xAA, 0x64, 0xB1, 0xD9, 0x07, 0xB5, 0x51, 0x0C, 0x78, 0xBF,
    0x2B, 0x7C, 0xE7, 0xAB, 0xC2, 0x97, 0x4F, 0x51, 0x18, 0x68, 0x50, 0x1B, 0xE4, 0x81, 0x54, 0xE1,
    0x37, 0x90, 0x70, 0xDE, 0x54, 0x47, 0x06, 0xDE, 0xD8, 0x6D, 0x4E, 0x0A, 0x16, 0x8B, 0x8A, 0x23,
    0xC5, 0x45, 0x34, 0x60, 0x49, 0x66, 0xB5, 0xC7, 0x2F, 0xD1, 0x4C, 0x72, 0x27, 0x8E, 0xF1, 0x7E,
    0xE3, 0x18, 0xD4, 0xB9, 0x40, 0xEC, 0xDA, 0xC4, 0x20, 0x27, 0x16, 0x33, 0x84, 0xF5, 0x93, 0x48,
    0x3E, 0x89, 0x48, 0x37, 0x05, 0xDA, 0x0C, 0x56, 0x30, 0x35, 0x1B, 0xEB, 0x62, 0xE8, 0x1A, 0x82,
    0xEC, 0x27, 0x78, 0x84, 0x52, 0x40, 0x6D, 0x02, 0x48, 0x49, 0xC4, 0xB1, 0x34, 0x4D, 0x4F, 0x7F,
    0x66, 0x0B, 0x32, 0x39, 0xA0, 0x76, 0x56, 0x27, 0x36, 0x33, 0x5A, 0x0F, 0x0D, 0x20, 0xE7, 0x16,
    0xC6, 0xFC, 0xF5, 0x87, 0x63, 0x5F, 0x1D, 0x2F, 0x89, 0x56, 0x51, 0xDF, 0x6A, 0x93, 0x39, 0x15,
    0xAA, 0xB0, 0x2B, 0x37, 0x12, 0xC8, 0x94, 0x18, 0x61, 0x68, 0x9B, 0xDD, 0x9F, 0xCF, 0xA0, 0x2E,
    0x50, 0xAA, 0xAF, 0xE0, 0x99, 0xF6, 0xB7, 0x5B, 0x4D, 0xE6, 0x34, 0x38, 0x92, 0xBD, 0x15, 0x24,
    0x46, 0x45, 0x55, 0x5D, 0xE4, 0x22, 0x4E, 0xF4, 0x90, 0x05, 0x0D, 0x9A, 0xEC, 0xC8, 0x6B, 0xB2,
    0xA3, 0xA6, 0x9E, 0xCB, 0x07, 0xE6, 0x7A, 0x53, 0xEE, 0x22, 0x13, 0x7E, 0x93, 0x38, 0xD2, 0x9A,
    0x50, 0xCB, 0xD3, 0xBB, 0xA0, 0x4E, 0x28, 0xBD, 0xC8, 0x42, 0xED, 0xC5, 0xC5, 0x17, 0xAD, 0xBF,
    0xA2, 0x4E, 0x02, 0x8A, 0xD8, 0x5F, 0xE6, 0xE4, 0x7E, 0x96, 0xD3, 0xA5, 0xF3, 0xA7, 0x66, 0x2B,
    0x2A, 0xEF, 0x90, 0xFC, 0x1F, 0xCA, 0xA9, 0xDF, 0xA3, 0x9A, 0x10, 0xAF, 0xA8, 0xDB, 0x72, 0x1C,
    0xC7, 0x9C, 0xEF, 0x6A, 0xB3, 0x2F, 0xC1, 0x95, 0x75, 0xC1, 0x78, 0xE2, 0x46, 0x7C, 0x0C, 0xA8,
    0x39, 0x1E, 0xDC, 0x04, 0x07, 0x5B, 0xF7, 0x9B, 0xDF, 0x75, 0xBF, 0x17, 0xF2, 0x51, 0x65, 0x7C,
    0x74, 0x0E, 0xBE, 0xD8, 0xFF, 0x10, 0xB3, 0xC7, 0x1C, 0xC8, 0x33, 0xC7, 0x91, 0x3E, 0xED, 0x02,
    0x12, 0x0F, 0xF0, 0xAC, 0x9B, 0xEB, 0x7C, 0x87, 0xB5, 0x88, 0x8C, 0x3E, 0x8F, 0x6F, 0x87, 0xD0,
    0x0C, 0x77, 0xFA, 0x26, 0x6E, 0x05, 0x1C, 0x42, 0xF8, 0x9E, 0x87, 0xEF, 0xE0, 0xFE, 0x43, 0x3D,
    0x34, 0xCF, 0x56, 0x47, 0x36, 0xB7, 0xC8, 0xE1, 0xCA, 0x29, 0x24, 0x51, 0x8D, 0x62, 0x33, 0xC7,
    0xE5, 0x8A, 0x78, 0x83, 0xA2, 0x0E, 0x87, 0xF5, 0x78, 0xF9, 0x1C, 0xC4, 0x83, 0xFA, 0xDA, 0x6D,
    0x0E, 0x99, 0x25, 0xA0, 0xB8, 0xD7, 0x84, 0xCD, 0x1D, 0xBE, 0x1E, 0x8E, 0x2C, 0xC8, 0xBB, 0x0D,
    0x8C, 0x1D, 0xAD, 0xEE, 0x5E, 0x3F, 0x7D, 0xB4, 0x87, 0x30, 0x79, 0xF4, 0xBB, 0xB0, 0x84, 0xD1,
    0xB6, 0x8E, 0xDB, 0xAC, 0x70, 0x53, 0xEE, 0x4D, 0x97, 0xC5, 0x21, 0xBA, 0x8B, 0x9B, 0xEE, 0xF2,
    0xA4, 0x88, 0x88, 0x6C, 0x20, 0x89, 0xD9, 0xDB, 0x5B, 0x59, 0x7C, 0xA4, 0x17, 0x5E, 0xF7, 0x12,
    0xA7, 0x14, 0xE1, 0xF1, 0xB2, 0xD9, 0xD5, 0x8D, 0xF9, 0xA9, 0x49, 0x84, 0x88, 0xB6, 0x3A, 0x24,
    0x31, 0x6B, 0xEA, 0x60, 0x08, 0x6F, 0x78, 0x97, 0xDC, 0x66, 0xCF, 0x53, 0x0D, 0x43, 0xF4, 0x63,
    0x0A, 0x78, 0x57, 0x4A, 0xA4, 0x40, 0xDE, 0x00, 0xE8, 0x0F, 0x3D, 0xF2, 0x3D, 0x52, 0xB8, 0xDF,
    0xD2, 0xC5, 0x78, 0xC2, 0xDE, 0xE3, 0x64, 0x02, 0x01, 0xA7, 0x76, 0x4E, 0x67, 0x08, 0xCF, 0xC8,
    0x7C, 0x0B, 0x13, 0x4E, 0xDE, 0x43, 0x4C, 0x72, 0xC8, 0xF8, 0x63, 0xE7, 0xEF, 0xD8, 0x28, 0xD6,
    0x33, 0xA7, 0x4E, 0x99, 0xCE, 0xD5, 0xD5, 0x8C, 0xA9, 0x8E, 0x4F, 0x41, 0x0B, 0xF8, 0x8A, 0x3D,
    0x20, 0xF5, 0x71, 0xB8, 0x24, 0x66, 0x56, 0x61, 0x11, 0x91, 0x3F, 0x6C, 0x0A, 0x52, 0x1B, 0x0F,
    0xAC, 0x66, 0x13, 0x63, 0xCE, 0x22, 0xBA, 0x20, 0x4C, 0x1D, 0xBB, 0x49, 0x8B, 0x64, 0xED, 0xE2,
    0xBC, 0x7B, 0xA7, 0x27, 0xBB, 0x77, 0x8B, 0x1A, 0xE3, 0x8D, 0x65, 0x72, 0x9E, 0x90, 0x85, 0xE8,
    0xF7, 0xC1, 0xAC, 0xC6, 0x58, 0x8F, 0xE3, 0xB6, 0xD6, 0x6D, 0xB3, 0x5D, 0x78, 0x72, 0x7B, 0x8F,
    0xE0, 0x74, 0xBC, 0x57, 0x03, 0x7F, 0x37, 0x38, 0x25, 0x33, 0xCE, 0x71, 0xDB, 0xC3, 0xF6, 0x70,
    0x75, 0xFF, 0xBB, 0x99, 0xAF, 0x0C, 0x9D, 0x5C, 0x94, 0x56, 0xC9, 0xB1, 0xC4, 0x0A, 0x3B, 0xD6,
    0x61, 0xCE, 0x5B, 0x9B, 0x4B, 0x73, 0x8A, 0xC4, 0xB4, 0x22, 0x7F, 0xB7, 0x0B, 0xF9, 0x65, 0x6E,
    0x3F, 0x60, 0x40, 0x6A, 0x0F, 0xB9, 0xAD, 0xEE, 0x33, 0x44, 0x4D, 0x6D, 0x2F, 0xF2, 0x17, 0x3B,
    0xA1, 0xA5, 0x73, 0x91, 0x46, 0x2F, 0xF2, 0x7F, 0x7E, 0x00, 0xAB, 0x0F, 0x83, 0xBE, 0xF7, 0x68,
    0x34, 0x00, 0xFA, 0xE5, 0x05, 0x98, 0x16, 0x21, 0xF1, 0x41, 0x31, 0xAA, 0xBC, 0xC3, 0x7A, 0x43,
    0xF5, 0xE5, 0x14, 0x20, 0x7C, 0x06, 0xA1, 0x17, 0xBA, 0xFB, 0xDA, 0x60, 0x2A, 0xA5, 0x8D, 0xAF,
    0x5E, 0x0F, 0x9D, 0xC3, 0x4C, 0x8D, 0xC0, 0x29, 0xA1, 0x6A, 0x4A, 0x13, 0x55, 0xDB, 0xE6, 0x04,
    0x52, 0xF5, 0x46, 0xD0, 0xC8, 0x33, 0x3F, 0x7A, 0x7B, 0xB2, 0xA8, 0x0A, 0x66, 0x3B, 0x34, 0x5A,
    0x8E, 0xE7, 0x50, 0x41, 0xE4, 0xBB, 0x24, 0x0E, 0xCA, 0x3A, 0x97, 0x58, 0x5A, 0x5C, 0x85, 0x33,
    0x56, 0xE4, 0x7C, 0x8A, 0xB8, 0x48, 0x74, 0x73, 0x66, 0x2B, 0x30, 0x68, 0xFC, 0x16, 0xE2, 0xFF,
    0x94, 0x99, 0xF3, 0x45, 0x77, 0x61, 0x2B, 0x00, 0x40, 0xE5, 0xD7, 0x24, 0x3F, 0x25, 0x31, 0x68,
    0x50, 0x7B, 0x26, 0x45, 0x96, 0x60, 0x80, 0x4B, 0x70, 0xFE, 0x2E, 0x96, 0x41, 0x51, 0x9D, 0xD6,
    0x94, 0xC8, 0xBF, 0x64, 0xEA, 0x41, 0xBE, 0x71, 0xDE, 0xB0, 0x9F, 0x4D, 0x93, 0x85, 0xA4, 0x4E,
    0x79, 0x43, 0x75, 0x82, 0xCC, 0x6F, 0x2B, 0x46, 0x3C, 0xDE, 0xA1, 0xBD, 0x6B, 0xDE, 0xBB, 0x8C,
    0x6B, 0x50, 0xCD, 0x89, 0xA2, 0xBC, 0x3F, 0x1E, 0xCA, 0xAF, 0xCC, 0x6C, 0xED, 0x50, 0xFD, 0x4A,
    0x60, 0xA9, 0xC9, 0x4B, 0xB6, 0x01, 0x65, 0x6D, 0xC8, 0x50, 0x91, 0x8E, 0x00, 0x6F, 0x99, 0xBE,
    0x07, 0x7E, 0xF7, 0x9F, 0xDD, 0x2F, 0x49, 0xFE, 0xF3, 0xAB, 0xA7, 0x38, 0x3E, 0xBB, 0xF7, 0x0C,
    0xE8, 0xA8, 0x23, 0xCE, 0xC2, 0x74, 0x98, 0xF2, 0xD1, 0x80, 0x62, 0xD7, 0x80, 0x6D, 0xCB, 0xC4,
    0x57, 0xDE, 0x6F, 0x23, 0xD5, 0xE7, 0xA8, 0xBB, 0x71, 0x34, 0x6B, 0x40, 0x09, 0xE8, 0x22, 0xD3,
    0x08, 0x21, 0xC8, 0x42, 0xFA, 0xEB, 0xCA, 0x72, 0x93, 0xD4, 0x65, 0xE8, 0xAF, 0xFE, 0x9A, 0xF4,
    0xC8, 0xFE, 0xDA, 0xC7, 0x0A, 0x1E, 0x78, 0x10, 0xD2, 0x57, 0xC8, 0x3D, 0x7B, 0x40, 0x13, 0xA4,
    0x05, 0xD9, 0x64, 0x5F, 0xAD, 0x89, 0x44, 0xBF, 0x36, 0x09, 0xB7, 0xCA, 0xDC, 0xC8, 0x8D, 0x9C,
    0x1C, 0xA9, 0x77, 0xD9, 0x87, 0x73, 0x00, 0xB0, 0x53, 0x06, 0x68, 0x8E, 0x9D, 0x51, 0x53, 0x96,
    0x4C, 0xA1, 0xCD, 0xDA, 0x14, 0xE3, 0x97, 0x58, 0x64, 0x54, 0xC7, 0xE8, 0x39, 0x82, 0x77, 0xF1,
    0x28, 0x46, 0x6D, 0xC6, 0x0C, 0x35, 0x9E, 0x62, 0xA4, 0x87, 0x59, 0x6D, 0xBA, 0x34, 0x9C, 0xBC,
    0x1E, 0x6A, 0xD5, 0xB5, 0x0B, 0x67, 0x3F, 0xBC, 0xE3, 0x20, 0x76, 0x6F, 0x90, 0xFC, 0x86, 0x5F,
    0x38, 0xF6, 0x16, 0xD7, 0xAF, 0x4E, 0xAE, 0xDA, 0x51, 0xFD, 0xA2, 0x6F, 0x3D, 0xBE, 0x15, 0xE8,
    0x21, 0x27, 0x1B, 0x08, 0x48, 0x98, 0x4E, 0x14, 0x5A, 0x30, 0xF3, 0x9E, 0x09, 0xE6, 0x25, 0xEF,
    0x37, 0x78, 0x11, 0xB5, 0xE3, 0x5B, 0x9C, 0x34, 0xF2, 0xDB, 0x1C, 0xAE, 0xA4, 0x10, 0xB0, 0xC6,
    0x35, 0x01, 0x52, 0x3A, 0xCE, 0xFF, 0x38, 0x9D, 0x35, 0x15, 0x43, 0xC1, 0x0C, 0x3C, 0x13, 0x1A,
    0x90, 0xF1, 0xA2, 0xF1, 0xCB, 0x89, 0xBD, 0xF1, 0xCB, 0x89, 0xF9, 0x64, 0x81, 0x1B, 0xEE, 0xB2,
    0x3A, 0xB3, 0xCA, 0x7A, 0xFE, 0x55, 0xC1, 0x1C, 0xB2, 0xD6, 0x5E, 0x27, 0x2F, 0x61, 0xF7, 0x17,
    0xE1, 0x4C, 0x82, 0xFE, 0x0F, 0xBD, 0x58, 0xBF, 0x8F, 0xDC, 0x44, 0x14, 0x7E, 0xB6, 0xEF, 0xCE,
    0x10, 0x4B, 0xCC, 0x15, 0x41, 0x04, 0x8E, 0x9C, 0x9B, 0x14, 0x04, 0x25, 0x71, 0x43, 0xB9, 0xEB,
    0x71, 0xA0, 0x48, 0x7B, 0x45, 0xA8, 0x28, 0x2E, 0xF5, 0x35, 0xD7, 0xA4, 0xA0, 0xD8, 0x3D, 0x4F,
    0x94, 0x82, 0x82, 0x82, 0xFB, 0x0F, 0x72, 0x45, 0x84, 0x60, 0x23, 0x11, 0x90, 0x22, 0x94, 0xE2,
    0xF6, 0xD6, 0x81, 0x82, 0x22, 0x8D, 0x03, 0x42, 0x94, 0x18, 0x29, 0x91, 0xA2, 0x2B, 0x88, 0x25,
    0x1C, 0x69, 0x49, 0x76, 0x77, 0xF8, 0xDE, 0x8C, 0x77, 0x6F, 0x45, 0x2E, 0x97, 0xFB, 0x05, 0xDE,
    0x99, 0xF7, 0xEC, 0xD9, 0xD9, 0x79, 0x6F, 0xDE, 0xFB, 0xDE, 0x7B, 0xE3, 0x25, 0x32, 0x57, 0x03,
    0xBD, 0x45, 0x0B, 0xDB, 0x7D, 0xD2, 0xBA, 0xF0, 0xD0, 0x45, 0xE1, 0x57, 0xA1, 0x72, 0x06, 0x92,
    0x68, 0x13, 0xBD, 0x1D, 0x13, 0xC5, 0xCC, 0xD1, 0xBB, 0x51, 0x42, 0x03, 0x91, 0x7B, 0x7D, 0xFF,
    0xEF, 0xD5, 0xD2, 0xD1, 0x3A, 0xA3, 0x68, 0x68, 0x57, 0xA1, 0x59, 0x74, 0x61, 0xBA, 0xA3, 0x87,
    0x14, 0xE8, 0x3E, 0x85, 0xF9, 0x90, 0x24, 0x3E, 0x31, 0x45, 0xD4, 0xA4, 0xD0, 0x70, 0x7E, 0xE6,
    0x71, 0xFE, 0xDE, 0xD1, 0x39, 0x4D, 0x5D, 0x46, 0x8F, 0xB3, 0x34, 0x57, 0xC5, 0x24, 0x0A, 0xF4,
    0x6C, 0xAF, 0x2E, 0x49, 0x28, 0x99, 0x44, 0x49, 0xF8, 0x48, 0x93, 0xAF, 0x07, 0x44, 0xBD, 0xE2,
    0x5F, 0x7A, 0x44, 0xB4, 0x49, 0x03, 0xF4, 0x6A, 0xF7, 0xEE, 0x54, 0x94, 0xFA, 0x15, 0x49, 0x5D,
    0x91, 0xE8, 0x57, 0x13, 0x25, 0x5E, 0x9B, 0x33, 0x2C, 0xDC, 0x32, 0xCC, 0xEB, 0xDB, 0xD1, 0x84,
    0xDE, 0xEF, 0x24, 0xD4, 0xE9, 0x6C, 0x48, 0xDD, 0xC7, 0xAE, 0x2B, 0xA9, 0x35, 0x58, 0x19, 0x53,
    0xAA, 0x28, 0xC8, 0x59, 0x1F, 0x0A, 0x55, 0x4C, 0x7E, 0x61, 0x76, 0xEB, 0x15, 0x10, 0x0C, 0x56,
    0xBA, 0x95, 0x79, 0xC2, 0x30, 0x33, 0x4C, 0x8A, 0x31, 0x5B, 0x26, 0x60, 0x61, 0x06, 0x01, 0xB2,
    0xA3, 0x2F, 0x8E, 0x3A, 0x37, 0xA5, 0x1E, 0xC2, 0xEA, 0x7D, 0x69, 0x8C, 0x6F, 0x04, 0x9E, 0x39,
    0x65, 0xE4, 0xC9, 0x4D, 0xA8, 0xD7, 0x27, 0x51, 0x82, 0x69, 0x72, 0xF8, 0x77, 0x90, 0x07, 0x67,
    0x40, 0x1E, 0x06, 0x58, 0x9E, 0x61, 0x90, 0xB7, 0x66, 0xE4, 0x59, 0xB1, 0x85, 0x5B, 0x5A, 0xB1,
    0xB9, 0x91, 0x27, 0x94, 0x91, 0x27, 0x8D, 0xBC, 0xA4, 0x0B, 0x06, 0xF7, 0x68, 0x9D, 0x40, 0x1E,
    0x33, 0xA2, 0x37, 0x1D, 0xB5, 0xC1, 0xE6, 0x7A, 0x9E, 0x33, 0x85, 0x7A, 0xA0, 0xB3, 0xC6, 0x80,
    0x44, 0xAE, 0x5E, 0x0D, 0xF4, 0x40, 0x68, 0x0D, 0x1A, 0x2A, 0x4D, 0x6E, 0xC5, 0x0E, 0xF4, 0x8B,
    0x26, 0xBE, 0x15, 0x59, 0xD3, 0x38, 0x94, 0x69, 0x97, 0x1D, 0xEB, 0xC0, 0xE5, 0x4A, 0x43, 0x0D,
    0x3B, 0xDF, 0xFE, 0xD6, 0x1A, 0xF0, 0x2C, 0xFA, 0x4A, 0x07, 0x40, 0xA2, 0x9E, 0xDE, 0xA1, 0x5E,
    0x71, 0x20, 0x7A, 0xCA, 0x2F, 0x64, 0x67, 0x63, 0x6D, 0x39, 0x97, 0xEC, 0x01, 0x05, 0x1A, 0x8C,
    0x76, 0xE0, 0x33, 0xC3, 0x44, 0xB2, 0x24, 0xF6, 0x01, 0xBD, 0xCD, 0x84, 0x26, 0x24, 0xDA, 0x0F,
    0xC1, 0xEA, 0x11, 0x23, 0xA2, 0x26, 0x66, 0x3D, 0x5C, 0x6B, 0xAC, 0x00, 0xC3, 0xDC, 0x1D, 0xE3,
    0xC4, 0xA1, 0x93, 0x22, 0x6B, 0xA1, 0xCD, 0x25, 0x2D, 0x0E, 0x1E, 0x6A, 0x09, 0xB5, 0x77, 0x03,
    0x5C, 0x61, 0x1C, 0xD2, 0x08, 0x29, 0x6B, 0x0F, 0x77, 0x1D, 0x06, 0x91, 0xEC, 0xBB, 0x9E, 0x96,
    0x99, 0x65, 0x05, 0x98, 0x57, 0xCA, 0xCA, 0xB0, 0xE6, 0xC0, 0xB2, 0xD4, 0xB0, 0x38, 0xBA, 0x6E,
    0x58, 0xF0, 0x8B, 0x61, 0xDE, 0x5F, 0x86, 0x11, 0x7C, 0xC8, 0xA6, 0x49, 0x8B, 0x53, 0xCC, 0xA2,
    0x42, 0x2E, 0x33, 0x1A, 0x8B, 0x48, 0x2B, 0x46, 0xC0, 0xB4, 0x79, 0xC6, 0x57, 0x64, 0x64, 0xCB,
    0x84, 0x45, 0xBF, 0x43, 0x46, 0x32, 0x19, 0xC1, 0xC4, 0x72, 0x11, 0xA8, 0x03, 0x43, 0x53, 0xA6,
    0x2C, 0x14, 0x14, 0x32, 0x41, 0x21, 0x92, 0xCD, 0xA4, 0x0D, 0x4D, 0x0D, 0x8D, 0x0C, 0x15, 0x86,
    0xF2, 0x7C, 0xAA, 0x51, 0x53, 0xDB, 0xCD, 0x35, 0xA9, 0xC1, 0xA9, 0x5E, 0xD0, 0x80, 0x27, 0x00,
    0x66, 0x74, 0x62, 0x6A, 0xB4, 0xD5, 0x53, 0x11, 0x6C, 0x80, 0x55, 0x7A, 0x1F, 0x95, 0x00, 0x94,
    0x03, 0x07, 0x6C, 0xBE, 0x9A, 0x4C, 0xD6, 0x1B, 0xCB, 0x9B, 0x88, 0x5B, 0x3F, 0x43, 0xB4, 0x85,
    0x87, 0x28, 0x63, 0x7F, 0x41, 0x18, 0x24, 0x86, 0xB8, 0x97, 0x80, 0xB9, 0x2C, 0x91, 0xCA, 0xD0,
    0xFB, 0x48, 0x42, 0xD5, 0x80, 0xDC, 0xB2, 0x6D, 0xCC, 0x18, 0x3C, 0xEB, 0x31, 0x76, 0x93, 0x70,
    0xFB, 0x76, 0x16, 0x51, 0x90, 0xF1, 0xAE, 0x5A, 0xB0, 0x33, 0x07, 0xC8, 0x73, 0xC4, 0xB6, 0x32,
    0x71, 0xC1, 0x41, 0x81, 0x59, 0xD1, 0x35, 0x0D, 0xCC, 0x03, 0xFC, 0xB6, 0xE1, 0x1E, 0x23, 0x18,
    0x77, 0x35, 0x2B, 0x74, 0xE6, 0x75, 0x8A, 0xBA, 0x14, 0x94, 0x9C, 0x3B, 0x56, 0x3A, 0x94, 0x6A,
    0x6E, 0xEC, 0xC9, 0x97, 0xB4, 0xB7, 0x9E, 0xD6, 0x73, 0xAE, 0xBC, 0x17, 0x57, 0xA2, 0x40, 0xB0,
    0x43, 0xFE, 0x6E, 0x1F, 0x5E, 0x99, 0x97, 0x36, 0x6B, 0x63, 0x71, 0x5A, 0x78, 0x48, 0x88, 0x63,
    0x75, 0xD8, 0xC4, 0xED, 0xA8, 0x75, 0x72, 0x38, 0xF4, 0x53, 0x4E, 0x05, 0x35, 0xBC, 0x91, 0x98,
    0x0F, 0x94, 0xC0, 0xD5, 0x15, 0xAC, 0xC1, 0x10, 0x52, 0x26, 0x0E, 0x91, 0xC4, 0x93, 0x57, 0x25,
    0xF0, 0xBD, 0x92, 0xF8, 0x9C, 0x9B, 0xF8, 0x4F, 0x12, 0x07, 0x0A, 0x2E, 0xF1, 0x23, 0xF2, 0xF5,
    0x2E, 0xCD, 0xA9, 0x90, 0xBF, 0x11, 0xA7, 0x75, 0xF6, 0x3E, 0x39, 0x6B, 0xCD, 0xE2, 0x57, 0xD6,
    0x2C, 0x73, 0x8F, 0x39, 0xCB, 0xB0, 0x59, 0x4A, 0x51, 0xBA, 0x39, 0x7B, 0x3E, 0xAA, 0x71, 0x22,
    0x69, 0xE5, 0x2B, 0x49, 0x3D, 0x98, 0x69, 0x65, 0x10, 0x29, 0xDA, 0x84, 0xB9, 0xFB, 0xFE, 0xF0,
    0x93, 0xDA, 0x2C, 0xA3, 0xC9, 0x96, 0x68, 0xBC, 0xA5, 0x59, 0x3B, 0xE4, 0xEA, 0x1B, 0xD8, 0xB6,
    0x06, 0x8A, 0x7A, 0xB5, 0x59, 0xC2, 0xDA, 0x2C, 0x61, 0x6D, 0x96, 0x9E, 0xF9, 0xDE, 0xD1, 0xCB,
    0x34, 0x96, 0x16, 0x7C, 0xC9, 0xA6, 0x82, 0x4E, 0xDF, 0xA8, 0x23, 0xB8, 0x8A, 0x75, 0xE2, 0x7D,
    0xB1, 0xCB, 0x9F, 0x73, 0xFA, 0x9C, 0x84, 0xCD, 0x81, 0x5C, 0xC5, 0x65, 0x71, 0x91, 0xAB, 0xDB,
    0xB7, 0x80, 0x8F, 0x35, 0xF5, 0xFF, 0x56, 0xD7, 0x58, 0x10, 0x5B, 0xC4, 0x56, 0x38, 0x2E, 0x68,
    0x26, 0x31, 0xFF, 0x17, 0x05, 0x8D, 0xCD, 0xC2, 0xBB, 0x85, 0xB5, 0x2E, 0xD8, 0x47, 0x0A, 0xC0,
    0x63, 0x8C, 0x7D, 0x50, 0x58, 0x0E, 0x9D, 0x0F, 0x9B, 0x0C, 0x78, 0x39, 0x3F, 0x21, 0x00, 0xA7,
    0x4D, 0x34, 0x0F, 0x3F, 0x27, 0xF4, 0x7D, 0x46, 0xDF, 0x65, 0x07, 0x4A, 0x0F, 0xE3, 0x2B, 0x60,
    0x62, 0x6C, 0xD0, 0x1F, 0x0F, 0x9D, 0xE8, 0x7C, 0x8D, 0x45, 0x35, 0x5C, 0x9E, 0x6E, 0xE3, 0x4E,
    0x2B, 0x5E, 0x11, 0xC4, 0xFF, 0x1D, 0x44, 0x7C, 0xB1, 0x7D, 0x93, 0xA4, 0x80, 0x11, 0xDB, 0x02,
    0x77, 0xC3, 0x65, 0x45, 0x30, 0xAE, 0x62, 0xD8, 0x71, 0x7D, 0x11, 0xBF, 0x5E, 0x46, 0x4C, 0xE9,
    0xD1, 0x26, 0x93, 0x7A, 0xBD, 0x73, 0x4C, 0x4C, 0xF5, 0x2A, 0xA6, 0xB3, 0xB0, 0xAF, 0x3F, 0x1F,
    0x42, 0x0C, 0x7E, 0xB7, 0xE8, 0x0F, 0x83, 0x1C, 0x5B, 0xF7, 0x0A, 0xE7, 0xD6, 0xB3, 0x5B, 0x65,
    0x88, 0xB1, 0x52, 0x5E, 0x04, 0xDC, 0x9A, 0xAC, 0x54, 0xEC, 0x8F, 0x3E, 0xCC, 0xA4, 0x4E, 0x75,
    0x11, 0x0C, 0x83, 0xDA, 0xBA, 0xF6, 0xBA, 0x8A, 0x45, 0x30, 0x41, 0xAC, 0xDB, 0xC7, 0x85, 0x87,
    0x0D, 0x98, 0xBF, 0x32, 0x01, 0x57, 0x08, 0x80, 0x3B, 0x04, 0xB8, 0x1B, 0x00, 0x77, 0xD9, 0x8E,
    0xBD, 0x7C, 0x4D, 0x06, 0xAA, 0x2D, 0x17, 0x01, 0x6E, 0x9C, 0xCA, 0x44, 0xE9, 0xF5, 0x03, 0x80,
    0x1B, 0x5A, 0x67, 0x8B, 0xC8, 0x43, 0x33, 0xD3, 0xE6, 0xE0, 0x80, 0xBB, 0x4B, 0xC6, 0xB4, 0x16,
    0xE0, 0x7F, 0x12, 0x1F, 0x23, 0xC2, 0x07, 0x00, 0xB8, 0x07, 0x74, 0x04, 0xAB, 0xD4, 0xBC, 0x00,
    0x80, 0xB7, 0x00, 0xF0, 0xD2, 0x02, 0x9C, 0xED, 0x11, 0x03, 0xE0, 0xBC, 0x8E, 0x83, 0x5C, 0x1F,
    0x7C, 0x96, 0x51, 0xF0, 0x1B, 0x3C, 0x55, 0xDE, 0xA9, 0x6D, 0x9A, 0x1C, 0xC5, 0xDD, 0xA7, 0xDF,
    0xA0, 0xE8, 0x86, 0xF2, 0x7F, 0x2E, 0x28, 0x49, 0xF6, 0xEB, 0x5F, 0xD4, 0x7A, 0x4A, 0x59, 0x83,
    0xBB, 0xC7, 0xA1, 0x01, 0x97, 0x4B, 0x5D, 0xB8, 0x45, 0x49, 0xC9, 0xD2, 0x7E, 0x35, 0x98, 0xA1,
    0xC6, 0x05, 0x0C, 0x25, 0xFE, 0xF5, 0xCC, 0xC4, 0x39, 0xE2, 0x11, 0xB1, 0x58, 0xC5, 0xE6, 0x38,
    0x14, 0x73, 0xF0, 0xAC, 0x4B, 0x8D, 0xA3, 0x54, 0xBE, 0x33, 0xF2, 0xF1, 0x65, 0x33, 0x87, 0xA1,
    0x78, 0xEE, 0x34, 0xC9, 0xD5, 0xC4, 0xFF, 0x29, 0xB3, 0x7B, 0x76, 0x74, 0x16, 0xE8, 0x32, 0xBC,
    0x36, 0x88, 0xA9, 0x25, 0x3B, 0x5D, 0x44, 0x5C, 0xD3, 0xE4, 0xD2, 0x30, 0xBF, 0x0A, 0xE7, 0x38,
    0xDA, 0x40, 0xAB, 0x0B, 0x2C, 0xAA, 0xC3, 0x89, 0x43, 0xF5, 0x81, 0x08, 0xEF, 0x1E, 0x0A, 0xDF,
    0xD2, 0x3E, 0xC5, 0xCD, 0xCC, 0x10, 0x60, 0x10, 0x2D, 0x67, 0xDE, 0x0F, 0x5C, 0x85, 0xE6, 0x3A,
    0x1B, 0xBE, 0x2E, 0xD1, 0x68, 0x22, 0xE0, 0x85, 0xE6, 0xA4, 0x4B, 0xF5, 0x1C, 0xEB, 0xD4, 0x65,
    0x38, 0x35, 0xB7, 0x1B, 0xE4, 0x74, 0xBD, 0x67, 0x43, 0xB2, 0x0B, 0x07, 0x6C, 0x52, 0x73, 0x92,
    0x3D, 0x40, 0x41, 0x47, 0x84, 0xE4, 0xB2, 0xBA, 0xD3, 0x98, 0x3F, 0xF9, 0xD2, 0x92, 0x0E, 0x0D,
    0xDC, 0x07, 0x25, 0xB9, 0x4F, 0x51, 0x02, 0x1B, 0xE7, 0xC7, 0xE1, 0x74, 0xA4, 0xB2, 0xCE, 0xD7,
    0x79, 0xE4, 0x7A, 0xB9, 0xAA, 0xC8, 0xFF, 0x11, 0x06, 0x4A, 0x92, 0xC3, 0x95, 0x76, 0xEC, 0x9B,
    0x37, 0x5E, 0xEF, 0xFC, 0x58, 0xF4, 0xE2, 0xA3, 0x06, 0xAF, 0xEF, 0x61, 0xCF, 0xD6, 0xDF, 0x07,
    0xD7, 0x6B, 0x1E, 0xB1, 0xDE, 0x00, 0x28, 0x52, 0x08, 0x0A, 0x2E, 0x65, 0x93, 0x5A, 0xC6, 0xEF,
    0x73, 0x5C, 0x0F, 0x50, 0x59, 0xD0, 0xED, 0x3A, 0xCC, 0x65, 0x67, 0x68, 0xBF, 0xBB, 0x8D, 0xA2,
    0x85, 0x98, 0x8A, 0x5D, 0xA4, 0x0C, 0x53, 0x5E, 0xB8, 0xD2, 0xC8, 0x71, 0x5E, 0x83, 0xF5, 0xA5,
    0x4C, 0x02, 0xC0, 0x9E, 0xCF, 0x10, 0xE4, 0xDF, 0xCF, 0x83, 0x27, 0x59, 0x30, 0x52, 0xA8, 0x96,
    0xF0, 0xD3, 0x8B, 0x0D, 0x98, 0x07, 0xE8, 0xA1, 0xC2, 0xF5, 0xE3, 0x52, 0x21, 0x28, 0xA2, 0x41,
    0xE3, 0x3C, 0x6F, 0xAF, 0xD5, 0xDD, 0x1A, 0xF4, 0x1E, 0x6F, 0xE1, 0xF8, 0x33, 0xFD, 0xE1, 0xB3,
    0xAC, 0x40, 0x39, 0x13, 0xF7, 0x73, 0x72, 0xFF, 0x28, 0xEB, 0xB7, 0xAB, 0xA3, 0x9D, 0xB7, 0x18,
    0x2B, 0x75, 0xBC, 0xD7, 0xE1, 0x00, 0xE3, 0xEF, 0xD6, 0xDA, 0xE1, 0xBD, 0xA1, 0x40, 0x59, 0x1F,
    0x35, 0x4D, 0xC8, 0x60, 0x26, 0x42, 0x91, 0xD3, 0xD2, 0x31, 0x69, 0x81, 0x23, 0x9F, 0xAF, 0x13,
    0x71, 0x49, 0xCD, 0xF2, 0x01, 0x78, 0x7F, 0x07, 0xBF, 0xD5, 0x75, 0x78, 0x60, 0x40, 0xE2, 0xD9,
    0x08, 0x49, 0xF7, 0x1C, 0x85, 0x75, 0xA2, 0x15, 0xA3, 0x04, 0xE3, 0x98, 0xB1, 0x0A, 0xE0, 0x39,
    0x3D, 0xA4, 0x43, 0x89, 0xB3, 0x0F, 0xBC, 0x90, 0x6F, 0x21, 0xCB, 0x22, 0xEB, 0x72, 0x12, 0xE1,
    0x82, 0x61, 0x7E, 0xA0, 0xEC, 0x11, 0x61, 0x71, 0xA7, 0x30, 0x8F, 0x50, 0x1C, 0xB3, 0xD8, 0x4D,
    0xF8, 0xC5, 0xF0, 0x21, 0x71, 0xE5, 0x4B, 0x33, 0xF2, 0xF3, 0x77, 0x7D, 0xE4, 0xB0, 0x8C, 0x5F,
    0xAC, 0xE6, 0xCD, 0x91, 0x0C, 0xEA, 0x7F, 0x6A, 0xCE, 0x65, 0xFC, 0x17, 0x41, 0x27, 0xD5, 0x28,
    0x94, 0x7A, 0x8F, 0x0C, 0xB4, 0xD3, 0xEC, 0x6B, 0x29, 0xE7, 0x34, 0xF3, 0xCF, 0xC7, 0x3C, 0x79,
    0x99, 0x9F, 0xFB, 0x79, 0x3A, 0x4A, 0x47, 0x0B, 0x8F, 0xF8, 0x6E, 0xFA, 0x03, 0x24, 0xE6, 0x7E,
    0xE9, 0x14, 0x3E, 0xF4, 0xFC, 0x07, 0x15, 0x8E, 0x3D, 0x4E, 0xC3, 0x40, 0x10, 0x85, 0x3F, 0x92,
    0x20, 0xE3, 0xB8, 0xD8, 0x14, 0x5B, 0x84, 0xC2, 0xDE, 0x86, 0xC2, 0x8D, 0x71, 0x43, 0x41, 0xA4,
    0x5D, 0xAF, 0x6F, 0x92, 0x9A, 0x43, 0xC4, 0xB1, 0xC4, 0x05, 0x72, 0x84, 0x14, 0x54, 0x9C, 0x81,
    0x9F, 0x95, 0x38, 0x00, 0x7B, 0x84, 0x9C, 0x00, 0xB9, 0xA0, 0x48, 0x61, 0x64, 0x26, 0xD2, 0x68,
    0x46, 0xEF, 0x1B, 0xCD, 0x7B, 0x03, 0x39, 0xBE, 0x4F, 0x22, 0x2D, 0xCC, 0x83, 0x8A, 0x0D, 0x32,
    0xA3, 0x3A, 0xBB, 0x0A, 0x96, 0xA9, 0xFF, 0xD9, 0x8C, 0x02, 0x98, 0x7E, 0x5F, 0x8F, 0x65, 0xEA,
    0x9C, 0x39, 0xCF, 0x0E, 0x34, 0xFB, 0x52, 0xD0, 0xCE, 0xF3, 0xE1, 0x29, 0x6F, 0x79, 0x62, 0x6A,
    0xB3, 0x36, 0x47, 0x0B, 0x34, 0xFD, 0x26, 0x3E, 0x9C, 0xEA, 0x70, 0x7D, 0x39, 0x9A, 0x3F, 0x07,
    0xF5, 0x1D, 0xDD, 0x3D, 0x2B, 0xB8, 0xBB, 0xA9, 0xDF, 0xB2, 0xE1, 0x4A, 0x42, 0xC8, 0x0B, 0xEA,
    0x6D, 0x9F, 0x7C, 0x49, 0xA4, 0xC8, 0x6C, 0xA8, 0x47, 0x5B, 0xE9, 0x05, 0x4B, 0xBB, 0xEB, 0xC4,
    0x42, 0x61, 0x78, 0xE7, 0x85, 0xF5, 0xBE, 0xD3, 0x7A, 0x7D, 0x49, 0x91, 0x92, 0x35, 0xCE, 0x17,
    0x76, 0xB5, 0xE0, 0x91, 0x0E, 0xD5, 0x1A, 0xFE, 0xC4, 0x69, 0xD6, 0x17, 0x58, 0x9A, 0x60, 0x02,
    0xE8, 0xD4, 0x56, 0x66, 0x4C, 0x4E, 0xD3, 0xF0, 0x39, 0xC8, 0xBF, 0xD2, 0xFF, 0x01, 0xB5, 0x99,
    0x3F, 0x6C, 0xDB, 0x46, 0x14, 0xC6, 0x3F, 0x92, 0x71, 0x98, 0x58, 0x48, 0xA9, 0x41, 0x40, 0xF3,
    0xA7, 0x8D, 0x3C, 0x18, 0xA8, 0xAD, 0x36, 0xE1, 0xD2, 0xC1, 0x40, 0x6B, 0x91, 0x4B, 0x81, 0x76,
    0x28, 0xA0, 0xA1, 0x9D, 0x9B, 0xC1, 0x43, 0xD2, 0x22, 0xC8, 0x92, 0x21, 0x01, 0x6C, 0x8B, 0x9E,
    0x3A, 0x56, 0x4D, 0xF7, 0xD6, 0x83, 0x27, 0x2F, 0x5D, 0x3A, 0x74, 0xB0, 0x2C, 0x76, 0xEA, 0x58,
    0xA1, 0x40, 0x91, 0x21, 0x0B, 0x1B, 0xB4, 0x19, 0xB2, 0x94, 0x45, 0x19, 0x40, 0x4E, 0x64, 0xB3,
    0xDF, 0x3B, 0xD2, 0xB2, 0xA4, 0x38, 0xA8, 0x44, 0x5D, 0xCF, 0x3C, 0x49, 0x24, 0x8F, 0xF7, 0x7E,
    0xF7, 0xEE, 0xBD, 0x77, 0xEF, 0x68, 0xCC, 0xFB, 0x40, 0x35, 0x04, 0xBC, 0x2E, 0x6B, 0x0C, 0xB4,
    0x59, 0x7B, 0x3D, 0x18, 0x49, 0x1F, 0x66, 0xBC, 0x01, 0x2B, 0xAA, 0xA3, 0xF4, 0xBC, 0x03, 0x27,
    0x4D, 0xFD, 0xEA, 0xD3, 0xEF, 0x43, 0x17, 0xA5, 0xB0, 0xCE, 0xAB, 0xEB, 0xB0, 0xD8, 0x90, 0xE5,
    0x2C, 0xB2, 0xE7, 0x1D, 0xD6, 0x39, 0x75, 0xC5, 0x4C, 0xEF, 0xB0, 0xB5, 0xBB, 0x95, 0x7A, 0xF0,
    0x56, 0xE1, 0x66, 0x07, 0x7F, 0xF3, 0x0A, 0xAF, 0x9B, 0xA9, 0x2B, 0x8D, 0xCE, 0x53, 0x9A, 0x0F,
    0x0F, 0x38, 0xA3, 0x9E, 0x81, 0xCB, 0xC7, 0xDF, 0x26, 0x82, 0xC5, 0xEF, 0x52, 0x76, 0x09, 0xB3,
    0xA0, 0xD5, 0x80, 0x66, 0x28, 0xBD, 0x39, 0xC0, 0xB9, 0x89, 0xA9, 0x54, 0xB1, 0x28, 0xD6, 0x96,
    0x11, 0x91, 0xE0, 0x43, 0x4A, 0x8E, 0x80, 0x67, 0x3F, 0xCC, 0x4E, 0xA4, 0x4A, 0x89, 0x1D, 0x38,
    0xAC, 0xD7, 0x80, 0xCB, 0x3C, 0xED, 0x84, 0x30, 0x9E, 0xC4, 0x03, 0xC9, 0x64, 0x94, 0x67, 0x41,
    0x26, 0xAA, 0xC6, 0x03, 0x09, 0x07, 0x55, 0xCE, 0xE5, 0xBA, 0xDC, 0x1F, 0xA6, 0x05, 0xDE, 0x65,
    0xDD, 0x63, 0xBD, 0x4E, 0xBE, 0x8F, 0xF4, 0xF2, 0xF2, 0x33, 0x01, 0xDE, 0x17, 0xD6, 0x4E, 0x38,
    0x20, 0x9D, 0x5C, 0x95, 0x4D, 0xCA, 0x7F, 0x2B, 0x54, 0xC3, 0x9E, 0xFF, 0x58, 0x23, 0xDA, 0x2D,
    0x76, 0x90, 0xFA, 0x99, 0x3A, 0xAF, 0x52, 0x95, 0x15, 0x3D, 0xAA, 0xDC, 0xBF, 0x07, 0xBC, 0xE0,
    0x80, 0x7D, 0x3F, 0xE3, 0xD3, 0xC5, 0xDB, 0x28, 0x1B, 0x69, 0x6C, 0x3E, 0x8A, 0xA4, 0x9F, 0x02,
    0xAA, 0x2C, 0xE5, 0x28, 0x89, 0xA6, 0x59, 0x1D, 0x77, 0x59, 0x57, 0x90, 0xCC, 0xDF, 0xA7, 0x41,
    0x1A, 0x77, 0x5F, 0x43, 0x5C, 0x97, 0xD5, 0x26, 0xDA, 0xD7, 0x8B, 0xC0, 0x41, 0x92, 0x21, 0xCF,
    0xCD, 0x88, 0x6B, 0xA8, 0x88, 0xE0, 0x04, 0x78, 0x8D, 0xB3, 0x02, 0x61, 0x4C, 0xBB, 0xA8, 0xF9,
    0xD3, 0x18, 0xE1, 0x3B, 0x99, 0x6B, 0xA8, 0xA8, 0xA2, 0x13, 0xAD, 0xAC, 0xBC, 0x6E, 0x15, 0x44,
    0x33, 0xFC, 0xC6, 0xD4, 0x68, 0x32, 0x09, 0x22, 0xD6, 0xFC, 0x1F, 0xB4, 0x96, 0x79, 0xDE, 0x17,
    0x21, 0xEC, 0x00, 0x17, 0x0A, 0xD1, 0x8D, 0x7B, 0x43, 0x83, 0xA3, 0x3D, 0xA0, 0xF9, 0x35, 0x35,
    0xD0, 0xAD, 0x35, 0xC4, 0x1B, 0x7E, 0xEE, 0x8A, 0xD9, 0x14, 0x40, 0xDB, 0x66, 0xBC, 0x3B, 0x4A,
    0x32, 0xD1, 0x86, 0x7E, 0x6F, 0x30, 0x82, 0x6D, 0xE3, 0x6F, 0x85, 0x74, 0xB9, 0x88, 0x37, 0xD4,
    0x76, 0x77, 0xBC, 0xB4, 0xE7, 0xA5, 0x49, 0x1D, 0xC8, 0x0E, 0x6F, 0xB7, 0xE5, 0xA5, 0x5D, 0x1E,
    0x27, 0x57, 0x3E, 0xFD, 0x44, 0xB5, 0xE9, 0xC9, 0xB3, 0x6B, 0x40, 0x5F, 0x1D, 0x65, 0xE5, 0x47,
    0x69, 0x58, 0x4A, 0xE3, 0xEA, 0x56, 0xBF, 0x8E, 0x75, 0x6F, 0xB7, 0xED, 0xA5, 0x87, 0x34, 0x30,
    0x76, 0x5C, 0xED, 0xDE, 0x2D, 0xA5, 0x7D, 0x23, 0x8D, 0x8E, 0xC5, 0xE1, 0xC4, 0xF9, 0x8E, 0x80,
    0xBF, 0xD8, 0x02, 0x58, 0x91, 0xB3, 0xE9, 0x00, 0x18, 0x48, 0x3B, 0xBE, 0x98, 0xC9, 0xD5, 0x7C,
    0x99, 0x9C, 0x04, 0xC0, 0x68, 0xB5, 0xEC, 0xB4, 0xEB, 0x7C, 0x16, 0x4C, 0x2D, 0x6E, 0xBB, 0x61,
    0x1E, 0x45, 0xD6, 0x57, 0x61, 0x1E, 0x34, 0x26, 0x19, 0xAC, 0x94, 0x37, 0x54, 0x37, 0xF7, 0xB0,
    0x74, 0xC3, 0x48, 0x7D, 0xFB, 0x61, 0x38, 0xB5, 0x5C, 0x55, 0x1C, 0x28, 0x2D, 0x71, 0x39, 0xC3,
    0xB2, 0xAC, 0x1F, 0x01, 0xAC, 0x27, 0x03, 0x11, 0x02, 0x03, 0xD2, 0x80, 0x38, 0x7C, 0x76, 0x9D,
    0xDD, 0xB5, 0x41, 0x22, 0x71, 0x70, 0x61, 0x12, 0x28, 0xDE, 0xEF, 0x63, 0x08, 0x0B, 0x06, 0x33,
    0x8C, 0x48, 0x56, 0xC9, 0xA5, 0x05, 0x82, 0x59, 0xC5, 0xC0, 0x8C, 0x08, 0x46, 0x2C, 0xA3, 0x5B,
    0x16, 0xA6, 0x01, 0xD2, 0xA4, 0xCA, 0xB1, 0x88, 0x74, 0x5B, 0x06, 0x55, 0x5C, 0x39, 0x6B, 0xA2,
    0x8D, 0x5C, 0x41, 0x4C, 0x4C, 0x96, 0x2B, 0x3A, 0x94, 0x63, 0x3D, 0xEF, 0xDA, 0x5C, 0xE8, 0xE8,
    0xA1, 0x4B, 0x28, 0xA8, 0x9C, 0x06, 0xAD, 0x25, 0xB6, 0x1E, 0x49, 0xA0, 0x28, 0xA2, 0x9C, 0x9B,
    0x22, 0xD7, 0xFE, 0xB2, 0xD0, 0xA4, 0x0C, 0x7B, 0xE5, 0x75, 0x25, 0xFA, 0xF1, 0x34, 0xA2, 0x47,
    0x3D, 0xB4, 0x14, 0x63, 0x3E, 0x11, 0x33, 0x31, 0x95, 0xE1, 0x7F, 0xBE, 0x8B, 0x66, 0x2A, 0x07,
    0x6D, 0xE7, 0x55, 0xC7, 0xEB, 0xCF, 0xF2, 0x36, 0x35, 0xA6, 0xB1, 0x56, 0xE8, 0x28, 0xE7, 0x74,
    0x4F, 0xFD, 0x9B, 0xAA, 0x3B, 0x19, 0x40, 0x00, 0x3B, 0x56, 0x6B, 0x2B, 0x03, 0xE7, 0xC6, 0xFE,
    0x12, 0xD7, 0xB0, 0x93, 0x82, 0x8B, 0xFB, 0x9B, 0x15, 0x5C, 0xF9, 0x83, 0x43, 0xE6, 0x98, 0xD3,
    0x34, 0x72, 0x22, 0x3B, 0xA9, 0x06, 0x46, 0x9F, 0x63, 0xD9, 0x63, 0xDD, 0x10, 0x5D, 0xC9, 0x37,
    0x6B, 0xDB, 0xF5, 0xD1, 0x77, 0xBA, 0x56, 0xCF, 0x3E, 0xB8, 0x13, 0x1B, 0x29, 0x4D, 0xC4, 0x3D,
    0xCC, 0x75, 0xC4, 0xC8, 0x40, 0x19, 0xAA, 0x8A, 0x14, 0xA5, 0xB6, 0x2E, 0x2D, 0xA4, 0x47, 0x35,
    0x1D, 0xAA, 0xFC, 0xAB, 0xAE, 0x72, 0xB1, 0xAA, 0xFA, 0x96, 0x73, 0xB9, 0x2E, 0xF7, 0xA5, 0x9D,
    0x2A, 0x97, 0x72, 0xD3, 0x92, 0x9A, 0x27, 0x19, 0xA2, 0x48, 0xA5, 0x49, 0xC9, 0x4B, 0xCD, 0x3C,
    0x88, 0xCC, 0xCA, 0x2A, 0xA1, 0xA0, 0x23, 0xBC, 0x81, 0xAC, 0xE4, 0x79, 0x14, 0x2C, 0xC0, 0x9B,
    0x15, 0x59, 0xD0, 0x63, 0x95, 0xB3, 0x98, 0x0F, 0xE8, 0x50, 0xB4, 0xA5, 0xD5, 0xDB, 0x7A, 0x38,
    0xB3, 0x10, 0xE6, 0x0F, 0x42, 0x58, 0x2D, 0xE3, 0x36, 0x47, 0xBC, 0xB4, 0x08, 0xF3, 0x85, 0x2C,
    0x03, 0x44, 0x89, 0x9D, 0x3D, 0xF0, 0xB5, 0x33, 0x1B, 0xC2, 0x27, 0x73, 0xB6, 0xA2, 0x91, 0xB9,
    0xCA, 0x93, 0x4B, 0xB1, 0x4A, 0x9E, 0xCC, 0x6F, 0x34, 0xEB, 0xF9, 0xE6, 0x68, 0x34, 0xAC, 0x55,
    0xF4, 0x30, 0xBB, 0xDF, 0x52, 0x3A, 0x65, 0x94, 0x19, 0x51, 0xCC, 0x16, 0xBB, 0x4F, 0xF4, 0x31,
    0x37, 0x1A, 0x60, 0xA4, 0x44, 0x1E, 0x2A, 0xF5, 0xE8, 0x59, 0xF2, 0x52, 0xA5, 0xD7, 0x6B, 0x7A,
    0x18, 0xC7, 0x63, 0x82, 0xA4, 0xE4, 0xBC, 0x6D, 0x3E, 0x8E, 0x8B, 0x33, 0x9E, 0x16, 0x23, 0x70,
    0x57, 0xAD, 0x89, 0x28, 0xB5, 0xE8, 0x24, 0x5C, 0xAA, 0xAE, 0x3C, 0xED, 0x91, 0x3B, 0x9A, 0xC9,
    0x86, 0x65, 0xEB, 0xE0, 0x91, 0xFF, 0x47, 0xE6, 0x87, 0x65, 0x47, 0xD9, 0x86, 0x91, 0x1E, 0x4E,
    0x6F, 0x03, 0x6A, 0xF7, 0xCF, 0x39, 0x31, 0x12, 0x7D, 0x6C, 0xB2, 0x27, 0x94, 0xD3, 0xAA, 0xE4,
    0xAE, 0xB3, 0xB0, 0x8D, 0xC4, 0x56, 0x3D, 0x7C, 0x23, 0xB1, 0x95, 0x7C, 0xE7, 0x0A, 0xF2, 0xCD,
    0x31, 0x47, 0xF7, 0xE8, 0x93, 0xF7, 0xF7, 0xF4, 0x70, 0xDD, 0xC8, 0xFD, 0xE5, 0x97, 0xDF, 0x72,
    0x3F, 0x2F, 0xA8, 0x33, 0x15, 0x88, 0x35, 0xF0, 0xBC, 0xB4, 0x5E, 0xCE, 0x15, 0xE7, 0x1A, 0xF3,
    0x89, 0x65, 0x9C, 0xF5, 0xEB, 0xDC, 0xDB, 0xFC, 0x57, 0xF5, 0xB8, 0xC9, 0xF6, 0x7C, 0xD7, 0xAF,
    0xFE, 0x99, 0xC2, 0x66, 0x26, 0x87, 0x4E, 0x1E, 0x3B, 0xCE, 0x43, 0x6D, 0x6E, 0x40, 0x78, 0xC1,
    0xDA, 0x43, 0x72, 0xCA, 0x61, 0x24, 0x4D, 0x3B, 0x61, 0x7A, 0xE5, 0xF4, 0x92, 0x97, 0xF7, 0x34,
    0xD9, 0xF3, 0xEF, 0x85, 0x27, 0x6B, 0x2C, 0x34, 0x70, 0xED, 0x70, 0x0A, 0xD5, 0xCB, 0x1F, 0xAE,
    0x2B, 0x0B, 0xC0, 0x84, 0x64, 0x2A, 0xB2, 0x91, 0xC4, 0xED, 0x4A, 0xCE, 0xA7, 0x66, 0x8F, 0x24,
    0x4C, 0x0B, 0x9D, 0xA8, 0x30, 0xC9, 0xF1, 0x4B, 0x06, 0x4E, 0xA6, 0x19, 0x1D, 0xCF, 0x9C, 0x4B,
    0x9E, 0xBE, 0x30, 0x9D, 0x5E, 0x8D, 0x04, 0xE4, 0xA2, 0x51, 0x27, 0x18, 0x22, 0xCB, 0xB6, 0x70,
    0x1D, 0x79, 0xB1, 0x15, 0x6A, 0x63, 0x93, 0x40, 0x6E, 0x89, 0x88, 0x75, 0xB2, 0x9D, 0x99, 0x81,
    0x6D, 0x74, 0x16, 0xF5, 0xF0, 0xED, 0x40, 0x4D, 0xA3, 0xCC, 0x23, 0x56, 0xC8, 0xB7, 0x50, 0x90,
    0x6F, 0x6D, 0x91, 0x3B, 0xF5, 0x84, 0x2B, 0x60, 0xA4, 0x85, 0xCB, 0xD8, 0xF2, 0x51, 0x7A, 0x11,
    0xC2, 0xF1, 0x3E, 0x98, 0x6D, 0x3E, 0xA1, 0x49, 0x4F, 0x63, 0x5E, 0x78, 0x12, 0x21, 0x8A, 0xE8,
    0x0A, 0xCA, 0x37, 0x55, 0x2D, 0x0F, 0xD9, 0x5D, 0x33, 0x10, 0xBB, 0x53, 0xA7, 0xB7, 0x98, 0xA2,
    0x90, 0x25, 0xAC, 0x06, 0xD5, 0xA0, 0xD4, 0xF5, 0xB8, 0x5B, 0xE0, 0xDE, 0xEE, 0x90, 0xD9, 0x40,
    0x87, 0x11, 0xCA, 0x63, 0x9B, 0x2A, 0xDB, 0x3A, 0xAF, 0xA8, 0xF9, 0x8B, 0x63, 0xA3, 0x9F, 0x27,
    0x96, 0x79, 0x69, 0xAB, 0xE8, 0x55, 0xE7, 0x67, 0x9B, 0x8F, 0xF7, 0xE1, 0xFC, 0x94, 0xC0, 0xFE,
    0x95, 0x51, 0xF8, 0x9F, 0x08, 0x26, 0x75, 0x2D, 0x7B, 0x4E, 0x65, 0xFB, 0x12, 0xB9, 0xEA, 0x2A,
    0xAE, 0x02, 0x3D, 0x59, 0x2C, 0xB3, 0x9C, 0x7A, 0x66, 0x26, 0xD1, 0xA1, 0x1B, 0x0C, 0x74, 0x38,
    0x3D, 0xCF, 0x45, 0xF2, 0x6C, 0x92, 0x67, 0x93, 0x3C, 0x95, 0xDC, 0x27, 0x82, 0xDC, 0x27, 0xB2,
    0xFF, 0x17, 0xCC, 0xAC, 0xBB, 0xE1, 0x17, 0xDB, 0x6F, 0xF2, 0x77, 0x45, 0x8F, 0xEE, 0xB0, 0xB8,
    0xC8, 0x15, 0xA2, 0x07, 0xF3, 0x61, 0x34, 0x3B, 0xE3, 0x76, 0x0B, 0xD6, 0x11, 0xB7, 0x95, 0xDF,
    0x85, 0xDA, 0xE6, 0xF6, 0x5F, 0x85, 0x50, 0xBB, 0x4E, 0x03, 0x31, 0x10, 0x9C, 0xBB, 0x4B, 0x88,
    0x88, 0x0B, 0xD3, 0xA0, 0x44, 0x14, 0xF1, 0x07, 0xE4, 0xE1, 0x86, 0xF2, 0x2E, 0xB6, 0x94, 0x22,
    0x05, 0x05, 0xFC, 0x01, 0x2D, 0x1F, 0x01, 0x92, 0x45, 0x0A, 0x8A, 0x34, 0x7C, 0x0E, 0x45, 0x0A,
    0x4B, 0x57, 0x50, 0xD0, 0xA4, 0xA7, 0xB9, 0x86, 0x8A, 0x82, 0x08, 0x05, 0xE9, 0xD2, 0x9C, 0xD9,
    0x35, 0x01, 0xD1, 0x20, 0xAC, 0xB5, 0x67, 0x76, 0xBD, 0xEB, 0x1D, 0x2F, 0x10, 0xEA, 0x50, 0x1F,
    0x5F, 0x00, 0x08, 0xC1, 0x93, 0x21, 0xAE, 0xDF, 0x9C, 0xBD, 0x10, 0x6C, 0x3C, 0x80, 0x3F, 0x62,
    0x29, 0xA4, 0xCD, 0x91, 0xC3, 0x40, 0xDB, 0x16, 0xFA, 0x11, 0xA5, 0x95, 0x14, 0x39, 0x42, 0x9B,
    0xB8, 0x72, 0xC2, 0x09, 0x3B, 0xA0, 0x9B, 0x34, 0x71, 0xF2, 0xCC, 0xE5, 0x03, 0xE4, 0x13, 0x18,
    0xED, 0xF4, 0xB9, 0x6F, 0x25, 0xE8, 0x1F, 0xEE, 0xB9, 0x9C, 0x7B, 0x29, 0x6C, 0x5E, 0x50, 0x19,
    0xDA, 0x29, 0x28, 0xA2, 0x96, 0x6B, 0xB1, 0x58, 0x8B, 0x99, 0x1F, 0x08, 0x4B, 0x69, 0xDC, 0x6B,
    0xB3, 0x37, 0x13, 0xD8, 0x7E, 0xDC, 0x2F, 0x4B, 0xEE, 0x29, 0x25, 0xAB, 0xB2, 0x6A, 0xB8, 0x33,
    0x4D, 0xEF, 0xA3, 0xF7, 0x62, 0x9A, 0xE1, 0x8E, 0xFD, 0xAC, 0xE2, 0x62, 0xB5, 0x36, 0x1B, 0xB3,
    0x35, 0x5B, 0x5D, 0xB5, 0xA3, 0xF2, 0x89, 0x92, 0xD6, 0x98, 0x4B, 0x67, 0xB4, 0x8C, 0xFE, 0x41,
    0x85, 0x2B, 0x4E, 0xAB, 0x51, 0x13, 0x14, 0x05, 0xBD, 0x08, 0x92, 0xDA, 0xF1, 0x11, 0xA4, 0x63,
    0x18, 0x6B, 0xCE, 0xD4, 0xAB, 0x6B, 0x06, 0xB1, 0xA9, 0x6F, 0xF0, 0x40, 0xAA, 0xDE, 0xC3, 0x22,
    0x50, 0xE7, 0xB2, 0x7C, 0x5C, 0x3A, 0xC8, 0xBB, 0xDB, 0xE7, 0x99, 0x87, 0xEE, 0x44, 0xC8, 0xB3,
    0xF2, 0x69, 0xEE, 0x51, 0x67, 0xAF, 0xE5, 0x9B, 0xA5, 0x17, 0x43, 0xD2, 0x7C, 0xCF, 0xF1, 0xA4,
    0x6B, 0xA7, 0x0A, 0x85, 0xE2, 0x71, 0xE4, 0x63, 0x9C, 0x8E, 0x90, 0xDA, 0x8E, 0x97, 0x98, 0x62,
    0x85, 0x02, 0x0A, 0xC2, 0x67, 0xD4, 0xB3, 0x4F, 0x5C, 0x5A, 0xE2, 0x15, 0xDD, 0xD9, 0x29, 0x46,
    0xB1, 0xB6, 0xCB, 0xFA, 0x69, 0xB3, 0x8E, 0x2D, 0x29, 0xA0, 0x0F, 0xB2, 0x4E, 0xFE, 0xC8, 0x3F,
    0xE1, 0x4F, 0xBD, 0x4E, 0x2D, 0x0E, 0xC2, 0x30, 0x18, 0x7D, 0x1B, 0xD9, 0x26, 0x10, 0x55, 0x13,
    0x20, 0x56, 0x8B, 0x00, 0x6A, 0x2B, 0xBA, 0xB5, 0x47, 0x98, 0x21, 0x58, 0x1C, 0x17, 0x98, 0x98,
    0x20, 0xD0, 0xA3, 0x70, 0x88, 0x8A, 0x39, 0x7A, 0x84, 0x1E, 0x61, 0x47, 0xF8, 0x44, 0x2D, 0x81,
    0x06, 0x81, 0xE0, 0x00, 0xE4, 0x25, 0x4F, 0xBC, 0xBC, 0xBF, 0xDC, 0xF2, 0xD8, 0x5E, 0x46, 0x35,
    0x6E, 0x95, 0xEA, 0x26, 0x46, 0x00, 0x4E, 0x19, 0x55, 0xC4, 0xA8, 0x8D, 0xFA, 0x59, 0x47, 0x24,
    0xA5, 0xE8, 0x39, 0xED, 0x7A, 0x11, 0x9A, 0x88, 0x61, 0x15, 0x45, 0x00, 0x72, 0xCB, 0x49, 0xA1,
    0x0B, 0xD7, 0x28, 0x87, 0xD6, 0xB1, 0x19, 0x38, 0xE0, 0xE5, 0x8F, 0xBE, 0xB2, 0x0C, 0x0D, 0x14,
    0x46, 0x94, 0x26, 0x39, 0x86, 0x3D, 0x25, 0x96, 0xED, 0xC4, 0x53, 0x4B, 0x69, 0xC4, 0x2C, 0x9D,
    0x74, 0x3A, 0x16, 0x6E, 0x4D, 0xC2, 0x7F, 0x5A, 0x7E, 0xB6, 0x33, 0x70, 0xA3, 0x4D, 0xF5, 0x45,
    0x4A, 0x59, 0x41, 0x1B, 0x07, 0x5A, 0x04, 0x66, 0xF4, 0x5D, 0xC7, 0xDA, 0xDC, 0xEC, 0xD2, 0x74,
    0xD0, 0x3E, 0x0F, 0x67, 0xFF, 0x30, 0xFF, 0xFC, 0xFB, 0x06, 0x6D, 0x53, 0xB1, 0x6E, 0x14, 0x31,
    0x10, 0x7D, 0x7B, 0x0B, 0x67, 0x91, 0x95, 0x62, 0x3A, 0x44, 0x4E, 0xC8, 0x3D, 0x08, 0x6D, 0x89,
    0x84, 0xC2, 0xD9, 0x12, 0x1F, 0x00, 0x05, 0x9F, 0x40, 0x81, 0x68, 0xAE, 0x49, 0x0B, 0x6B, 0x89,
    0x1F, 0xB8, 0x86, 0x9A, 0x14, 0x14, 0xE4, 0x9A, 0xFC, 0x40, 0xD0, 0xFA, 0x92, 0x82, 0x82, 0x82,
    0x95, 0xC2, 0xD1, 0x44, 0x42, 0xA7, 0x24, 0x45, 0x74, 0x14, 0x59, 0x94, 0xA0, 0x3B, 0x85, 0xBD,
    0x35, 0xCF, 0x9B, 0xE4, 0x50, 0x10, 0x2B, 0xBF, 0xF1, 0xEC, 0x78, 0x3C, 0x1E, 0xBF, 0x19, 0x03,
    0xD7, 0x00, 0xDC, 0x29, 0xB0, 0x54, 0x3B, 0xE4, 0xDE, 0xC5, 0xDE, 0x17, 0xF2, 0xE7, 0xB1, 0x53,
    0xDB, 0xDF, 0x91, 0xC6, 0x5B, 0xD0, 0xC9, 0x1A, 0xBA, 0xCB, 0x25, 0xF4, 0xFD, 0x31, 0xF4, 0x43,
    0x87, 0x74, 0x6A, 0x21, 0x7F, 0x47, 0x26, 0xF1, 0xBD, 0xE0, 0xEB, 0x44, 0x3E, 0x87, 0x5C, 0x03,
    0x6E, 0x94, 0x0C, 0x73, 0x13, 0x58, 0x1A, 0x6C, 0x48, 0x5F, 0x87, 0x41, 0xBF, 0xF3, 0x31, 0x7A,
    0x26, 0xFD, 0x2C, 0x0C, 0x0B, 0xF5, 0x15, 0xD9, 0x0C, 0xE9, 0xE1, 0xC5, 0x12, 0xD2, 0x3E, 0x22,
    0x5F, 0x21, 0x3E, 0x9B, 0x21, 0x71, 0x58, 0x20, 0x9D, 0xF4, 0xA1, 0xFD, 0x18, 0xF1, 0x18, 0xCD,
    0x7C, 0xEF, 0x8C, 0x7E, 0xD4, 0xC5, 0x61, 0xF8, 0xCF, 0xD1, 0xED, 0x79, 0x9E, 0xF6, 0x14, 0x6D,
    0x83, 0xE7, 0x90, 0x05, 0x2A, 0xC8, 0x32, 0x88, 0x2A, 0x88, 0x3A, 0x88, 0xDC, 0x54, 0x50, 0xEF,
    0x8A, 0x39, 0x3C, 0x3F, 0xD7, 0xFB, 0x36, 0xAF, 0x8D, 0x74, 0xF3, 0x2D, 0x48, 0xA7, 0x83, 0x50,
    0x74, 0x71, 0x49, 0x10, 0xAD, 0x20, 0xB8, 0xA3, 0x3D, 0xE8, 0x23, 0xF1, 0x73, 0xC2, 0x33, 0x05,
    0x65, 0xB5, 0xF7, 0xA7, 0x19, 0x11, 0x74, 0xDA, 0x4C, 0xB3, 0x36, 0x59, 0xBF, 0x92, 0xE6, 0x25,
    0x5E, 0x30, 0x99, 0x15, 0xBC, 0xA6, 0x4C, 0xA1, 0xC9, 0x67, 0xB7, 0x99, 0x5F, 0x41, 0x99, 0xCC,
    0xF0, 0x34, 0xEB, 0x6D, 0x85, 0x74, 0xE4, 0x47, 0x35, 0xB2, 0x90, 0x0E, 0x6E, 0x1D, 0xEC, 0x9E,
    0xFC, 0x42, 0x3C, 0x1D, 0x4E, 0xC7, 0xBC, 0xBE, 0xF5, 0x0C, 0xE1, 0x4D, 0x1E, 0x24, 0x34, 0x49,
    0xF9, 0x08, 0x6D, 0x80, 0x55, 0x28, 0x06, 0x5C, 0x32, 0x81, 0xA7, 0xBC, 0xE4, 0x88, 0x9E, 0x58,
    0xE9, 0x6D, 0xBA, 0x69, 0x1F, 0x49, 0xBB, 0x2A, 0x6D, 0x57, 0x59, 0xE5, 0xAD, 0xD8, 0xA3, 0x2B,
    0xEE, 0x0E, 0x98, 0x6F, 0x41, 0x05, 0xED, 0x8D, 0xC0, 0x90, 0x81, 0xDF, 0x44, 0x7C, 0x4A, 0xC2,
    0x68, 0xEC, 0x4D, 0x6C, 0x28, 0x2C, 0xD4, 0x5B, 0xB3, 0xD0, 0x13, 0xDA, 0x63, 0x56, 0xAC, 0x35,
    0x6F, 0x83, 0x06, 0x83, 0x8E, 0x37, 0xCD, 0x76, 0x1B, 0xBD, 0x17, 0x4E, 0x94, 0xC2, 0x29, 0x27,
    0x5C, 0x06, 0x31, 0xAC, 0x20, 0x3E, 0x95, 0x48, 0x8F, 0x27, 0x7D, 0xE6, 0x5E, 0x24, 0x7E, 0x06,
    0x51, 0xD2, 0x16, 0xD6, 0x5C, 0x6A, 0x85, 0x93, 0x85, 0x70, 0x31, 0xFD, 0xA3, 0x2A, 0x30, 0x28,
    0xC8, 0x92, 0x20, 0x5B, 0x1D, 0xA7, 0x8A, 0xEC, 0x82, 0xC1, 0x4E, 0xA1, 0x8A, 0x60, 0x13, 0xBE,
    0x86, 0x38, 0x5B, 0x6F, 0x72, 0xFA, 0x17, 0x68, 0xF1, 0xF8, 0x38, 0xD0, 0x79, 0x14, 0xF2, 0xB1,
    0xEC, 0xAC, 0x52, 0x4E, 0xB7, 0x0B, 0xB5, 0xC3, 0x8E, 0xA3, 0x5D, 0x37, 0x98, 0x7C, 0xD0, 0xB1,
    0xAF, 0x38, 0x57, 0xE9, 0x1B, 0xB7, 0x25, 0x0F, 0x86, 0x33, 0xE1, 0xF7, 0xCA, 0x88, 0x05, 0x46,
    0x5A, 0x9F, 0xEF, 0x6F, 0x40, 0x0E, 0xA3, 0xCB, 0x78, 0x87, 0xCD, 0xFD, 0x9A, 0xAE, 0x3E, 0xF9,
    0xEC, 0xD4, 0xCE, 0x70, 0x11, 0xAF, 0xBB, 0x88, 0xCB, 0xED, 0x8F, 0x1D, 0xE4, 0xEE, 0x90, 0x55,
    0x3E, 0x76, 0xAD, 0x10, 0xAF, 0x37, 0x5F, 0xC4, 0x7B, 0x39, 0x58, 0x67, 0x36, 0xB9, 0xE7, 0x1B,
    0x40, 0x94, 0x8F, 0x23, 0x2A, 0x29, 0x56, 0x6A, 0xA4, 0x33, 0xC8, 0x71, 0x60, 0x31, 0x9A, 0x85,
    0x9A, 0x71, 0x15, 0xCA, 0x85, 0xAB, 0xF4, 0xD1, 0x34, 0x6E, 0x83, 0x1F, 0x16, 0x31, 0x53, 0x13,
    0xE4, 0x5A, 0xEF, 0x5B, 0x3C, 0xF0, 0xFC, 0xA7, 0xBB, 0x0A, 0x8D, 0x3D, 0xBE, 0x4D, 0x1F, 0x8D,
    0x78, 0x9F, 0x0F, 0xC0, 0x9F, 0x12, 0x16, 0xCD, 0xB7, 0x4C, 0x48, 0xA2, 0x67, 0xD1, 0x22, 0xDF,
    0x92, 0x1D, 0xA3, 0xBE, 0x68, 0xA3, 0xA5, 0x74, 0xDD, 0xFF, 0xE1, 0x3A, 0x81, 0xAB, 0x38, 0xAF,
    0x45, 0xDD, 0xD4, 0x42, 0x14, 0xAC, 0x65, 0x21, 0x89, 0xC4, 0x05, 0xBD, 0x43, 0x5B, 0xC6, 0xB5,
    0x94, 0xB5, 0x08, 0x7D, 0x90, 0x55, 0xEC, 0xDB, 0xA3, 0xBF, 0xB5, 0xF8, 0x03, 0xA5, 0x92, 0xBD,
    0x6E, 0x9C, 0x50, 0x10, 0x85, 0x3F, 0x40, 0x32, 0x52, 0x28, 0x68, 0xB6, 0x8A, 0xA5, 0xD0, 0x26,
    0x91, 0x6C, 0x5E, 0x60, 0x81, 0xED, 0x52, 0xC6, 0x4D, 0x6A, 0xB7, 0xE9, 0xD2, 0xA6, 0xD8, 0x95,
    0xF1, 0x1B, 0xEC, 0x23, 0x6C, 0xED, 0xC6, 0x0F, 0x60, 0x27, 0xDC, 0x47, 0x20, 0x6D, 0x2A, 0x8A,
    0xF4, 0xB9, 0xC5, 0x16, 0x48, 0xD9, 0x65, 0x72, 0xF8, 0x71, 0x5E, 0x20, 0x57, 0xF7, 0x88, 0x61,
    0x18, 0x66, 0xCE, 0x9C, 0x19, 0x80, 0x2D, 0x34, 0x1B, 0x32, 0x47, 0xE4, 0x03, 0x3B, 0x26, 0x76,
    0xCA, 0xEE, 0xCF, 0x25, 0x45, 0x41, 0xB9, 0xE6, 0xBA, 0xA0, 0xA8, 0xD8, 0x66, 0xF7, 0x7D, 0x62,
    0xFA, 0x5A, 0x33, 0x9F, 0xC0, 0x7E, 0x92, 0x98, 0x91, 0xFD, 0x38, 0x53, 0x85, 0x46, 0x99, 0xFC,
    0xA6, 0xC8, 0x33, 0xCA, 0xE7, 0x9C, 0xCA, 0x57, 0x64, 0xAD, 0xFC, 0xD6, 0x73, 0x65, 0x2D, 0xFF,
    0x4E, 0x28, 0xC4, 0x42, 0xAA, 0x2C, 0xAA, 0x46, 0xD5, 0xC1, 0xCE, 0x43, 0xDF, 0x83, 0xDF, 0x12,
    0x76, 0x25, 0x91, 0xCB, 0x48, 0xEA, 0xB4, 0x4E, 0x89, 0xDD, 0x35, 0x51, 0x57, 0x99, 0xF9, 0xC6,
    0xEC, 0xF8, 0xFE, 0xE1, 0xE1, 0x70, 0xA7, 0xE7, 0x88, 0xD8, 0xA5, 0x9B, 0xFF, 0xC1, 0xC2, 0xE6,
    0xCE, 0x5C, 0x63, 0x6E, 0x07, 0xB9, 0x18, 0xA9, 0x77, 0x91, 0x11, 0x8F, 0xE3, 0x68, 0xE8, 0x55,
    0xCE, 0x6F, 0x92, 0xC5, 0x9C, 0xC2, 0xE6, 0xF8, 0xCA, 0x4E, 0xBA, 0xF0, 0x16, 0xBE, 0x8A, 0x2F,
    0x41, 0x27, 0xB6, 0xC4, 0x35, 0x29, 0xBC, 0x81, 0xF5, 0x8B, 0xDB, 0x13, 0xB5, 0x62, 0x8F, 0x0A,
    0x65, 0x50, 0x4C, 0xF2, 0x8E, 0x67, 0x37, 0x7C, 0x5F, 0xC1, 0xAB, 0x83, 0x7A, 0x3F, 0x2A, 0x9B,
    0x50, 0xCA, 0xFB, 0x2C, 0x28, 0xA9, 0xEA, 0x12, 0x7A, 0x3E, 0xAB, 0xF8, 0x2E, 0x6E, 0x25, 0xA7,
    0x18, 0x48, 0xA6, 0xF4, 0x16, 0x92, 0x47, 0xA9, 0x36, 0x40, 0xA4, 0xB0, 0x70, 0x09, 0xE5, 0x86,
    0x15, 0xC9, 0x59, 0xC2, 0xE7, 0xF6, 0xD1, 0x5C, 0x11, 0x0F, 0x51, 0xBB, 0x0E, 0x4E, 0x61, 0xBB,
    0x0E, 0x4F, 0x51, 0xAB, 0x61, 0x7C, 0x70, 0x99, 0x25, 0x56, 0xC7, 0x7D, 0x30, 0xBC, 0xA8, 0xFF,
    0x5A, 0x50, 0x2F, 0xA1, 0xCD, 0xBD, 0xAA, 0x0A, 0xAA, 0x32, 0x61, 0x1C, 0xC8, 0x04, 0x69, 0x23,
    0xCE, 0x63, 0xF3, 0x13, 0xCA, 0x05, 0x52, 0x22, 0x3F, 0xCD, 0x9C, 0x2F, 0xE6, 0x0D, 0xA8, 0x5A,
    0xFF, 0xC7, 0xBA, 0x7D, 0xEE, 0x26, 0xFB, 0xF0, 0x64, 0xDD, 0x21, 0x5F, 0x74, 0xD2, 0xFC, 0x24,
    0x89, 0xE6, 0xA6, 0x3B, 0x72, 0xF5, 0x8B, 0x7D, 0xFB, 0xE9, 0x46, 0xB9, 0x57, 0xCB, 0xFE, 0x74,
    0x7C, 0xF1, 0x97, 0xC3, 0xA6, 0xD9, 0xD3, 0x74, 0xC4, 0xDA, 0xAB, 0x5C, 0xD2, 0x49, 0x1B, 0x49,
    0xDE, 0xEB, 0xCA, 0xB8, 0x52, 0xE6, 0x5F, 0x5C, 0xD8, 0x9E, 0xCB, 0x9E, 0xBC, 0x8F, 0x6D, 0xA3,
    0x7D, 0x79, 0x37, 0xFD, 0x3D, 0xC7, 0xFC, 0x05, 0x63, 0x60, 0x00, 0x02, 0x11, 0xFE, 0x06, 0xC6,
    0xFF, 0xF2, 0x07, 0x98, 0xFF, 0x73, 0x31, 0xB0, 0x5F, 0x60, 0x60, 0xE0, 0x3E, 0xC0, 0xC0, 0x60,
    0xFF, 0x97, 0xBF, 0xC1, 0xFE, 0x1F, 0x7F, 0x83, 0xFE, 0x4B, 0xFE, 0x06, 0xEE, 0x03, 0xF8, 0x31,
    0x83, 0x08, 0x2B, 0x03, 0x50, 0xBF, 0x03, 0x33, 0x10, 0xB3, 0x5F, 0x90, 0x77, 0xE0, 0x3E, 0x20,
    0xEF, 0x60, 0xFF, 0x17, 0x88, 0xFF, 0xC9, 0x3B, 0xE8, 0xBF, 0x84, 0xF0, 0xF1, 0x61, 0x00,
};

static const EpdGlyph lexenddeca_10_regularGlyphs[] = {
    { 0, 0, 92, 0, 0, 0, 0 }, // U+000D
    { 0, 0, 98, 0, 0, 0, 0 }, // U+0020
    { 4, 16, 87, 1, 15, 16, 0 }, // !
    { 9, 6, 145, 0, 15, 14, 16 }, // "
    { 14, 15, 233, 0, 15, 53, 30 }, // #
    { 13, 19, 209, 0, 17, 62, 83 }, // $
    { 18, 16, 295, 0, 15, 72, 145 }, // %
    { 15, 16, 251, 1, 15, 60, 217 }, // &
    { 5, 6, 74, 0, 15, 8, 277 }, // '
    { 8, 19, 125, 0, 15, 38, 285 }, // (
    { 7, 19, 125, 0, 15, 34, 323 }, // )
    { 8, 8, 135, 0, 15, 16, 357 }, // *
    { 12, 11, 198, 0, 11, 33, 373 }, // +
    { 5, 7, 91, 0, 3, 9, 406 }, // ,
    { 7, 4, 138, 1, 8, 7, 415 }, // -
    { 5, 5, 79, 0, 4, 7, 422 }, // .
    { 12, 18, 190, 0, 15, 54, 429 }, // /
    { 13, 16, 210, 0, 15, 52, 483 }, // 0
    { 9, 15, 174, 1, 15, 34, 535 }, // 1
    { 11, 15, 183, 0, 15, 42, 569 }, // 2
    { 11, 16, 184, 0, 15, 44, 611 }, // 3
    { 13, 15, 212, 0, 15, 49, 655 }, // 4
    { 11, 16, 193, 0, 15, 44, 704 }, // 5
    { 12, 15, 188, 0, 15, 45, 748 }, // 6
    { 10, 15, 182, 1, 15, 38, 793 }, // 7
    { 11, 16, 195, 1, 15, 44, 831 }, // 8
    { 11, 15, 187, 0, 15, 42, 875 }, // 9
    { 5, 13, 79, 0, 12, 17, 917 }, // :
    { 5, 16, 91, 0, 12, 20, 934 }, // ;
    { 10, 12, 175, 0, 11, 30, 954 }, // <
    { 11, 8, 195, 1, 10, 22, 984 }, // =
    { 10, 12, 175, 1, 11, 30, 1006 }, // >
    { 10, 16, 173, 0, 15, 40, 1036 }, // ?
    { 20, 19, 322, 0, 15, 95, 1076 }, // @
    { 15, 15, 233, 0, 15, 57, 1171 }, // A
    { 13, 15, 229, 1, 15, 49, 1228 }, // B
    { 14, 16, 228, 0, 15, 56, 1277 }, // C
    { 14, 15, 252, 1, 15, 53, 1333 }, // D
    { 11, 15, 208, 1, 15, 42, 1386 }, // E
    { 11, 15, 203, 1, 15, 42, 1428 }, // F
    { 16, 16, 257, 0, 15, 64, 1470 }, // G
    { 14, 15, 256, 1, 15, 53, 1534 }, // H
    { 9, 15, 168, 1, 15, 34, 1587 }, // I
    { 13, 16, 217, 0, 15, 52, 1621 }, // J
    { 14, 15, 245, 1, 15, 53, 1673 }, // K
    { 11, 15, 201, 1, 15, 42, 1726 }, // L
    { 16, 15, 290, 1, 15, 60, 1768 }, // M
    { 14, 15, 266, 1, 15, 53, 1828 }, // N
    { 16, 16, 264, 0, 15, 64, 1881 }, // O
    { 12, 15, 215, 1, 15, 45, 1945 }, // P
    { 16, 18, 264, 0, 15, 72, 1990 }, // Q
    { 13, 16, 232, 1, 15, 52, 2062 }, // R
    { 13, 16, 209, 0, 15, 52, 2114 }, // S
    { 12, 15, 201, 0, 15, 45, 2166 }, // T
    { 13, 16, 250, 1, 15, 52, 2211 }, // U
    { 15, 15, 238, 0, 15, 57, 2263 }, // V
    { 21, 15, 332, 0, 15, 79, 2320 }, // W
    { 15, 15, 231, 0, 15, 57, 2399 }, // X
    { 14, 15, 223, 0, 15, 53, 2456 }, // Y
    { 12, 15, 223, 1, 15, 45, 2509 }, // Z
    { 7, 19, 136, 1, 15, 34, 2554 }, // [
    { 12, 18, 189, 0, 15, 54, 2588 }, // <backslash>
    { 6, 19, 136, 1, 15, 29, 2642 }, // ]
    { 12, 9, 195, 0, 16, 27, 2671 }, // ^
    { 13, 3, 230, 1, -1, 10, 2698 }, // _
    { 6, 5, 167, 2, 17, 8, 2708 }, // `
    { 12, 13, 214, 0, 12, 39, 2716 }, // a
    { 12, 17, 213, 1, 16, 51, 2755 }, // b
    { 11, 13, 180, 0, 12, 36, 2806 }, // c
    { 12, 17, 214, 0, 16, 51, 2842 }, // d
    { 12, 13, 195, 0, 12, 39, 2893 }, // e
    { 9, 16, 131, 0, 16, 36, 2932 }, // f
    { 13, 17, 219, 0, 12, 56, 2968 }, // g
    { 11, 16, 203, 1, 16, 44, 3024 }, // h
    { 4, 17, 98, 1, 17, 17, 3068 }, // i
    { 6, 22, 94, -1, 17, 33, 3085 }, // j
    { 12, 16, 196, 1, 16, 48, 3118 }, // k
    { 4, 16, 90, 1, 16, 16, 3166 }, // l
    { 18, 12, 312, 1, 12, 54, 3182 }, // m
    { 11, 12, 203, 1, 12, 33, 3236 }, // n
    { 13, 13, 208, 0, 12, 43, 3269 }, // o
    { 12, 17, 214, 1, 12, 51, 3312 }, // p
    { 12, 17, 213, 0, 12, 51, 3363 }, // q
    { 8, 12, 140, 1, 12, 24, 3414 }, // r
    { 10, 13, 162, 0, 12, 33, 3438 }, // s
    { 8, 14, 130, 0, 14, 28, 3471 }, // t
    { 11, 12, 206, 1, 11, 33, 3499 }, // u
    { 12, 11, 195, 0, 11, 33, 3532 }, // v
    { 17, 11, 271, 0, 11, 47, 3565 }, // w
    { 12, 11, 193, 0, 11, 33, 3612 }, // x
    { 13, 16, 198, 0, 11, 52, 3645 }, // y
    { 9, 11, 169, 1, 11, 25, 3697 }, // z
    { 9, 20, 139, 0, 15, 45, 3722 }, // {
    { 3, 21, 87, 1, 16, 16, 3767 }, // |
    { 8, 20, 139, 0, 15, 40, 3783 }, // }
    { 11, 4, 176, 0, 8, 11, 3823 }, // ~
    { 0, 0, 98, 0, 0, 0, 0 }, // U+00A0
    { 4, 16, 87, 1, 12, 16, 0 }, // U+00A1
    { 11, 15, 182, 0, 15, 42, 16 }, // U+00A2
    { 13, 16, 207, 0, 15, 52, 58 }, // U+00A3
    { 11, 11, 185, 0, 12, 31, 110 }, // U+00A4
    { 14, 15, 223, 0, 15, 53, 141 }, // U+00A5
    { 4, 21, 90, 1, 16, 21, 194 }, // U+00A6
    { 11, 18, 186, 0, 15, 50, 215 }, // U+00A7
    { 9, 4, 167, 1, 17, 9, 265 }, // U+00A8
    { 16, 16, 263, 0, 15, 64, 274 }, // U+00A9
    { 8, 8, 125, 0, 16, 16, 338 }, // U+00AA
    { 10, 10, 171, 0, 10, 25, 354 }, // U+00AB
    { 13, 7, 223, 0, 9, 23, 379 }, // U+00AC
    { 7, 4, 138, 1, 8, 7, 402 }, // U+00AD
    { 11, 10, 169, 0, 15, 28, 409 }, // U+00AE
    { 7, 3, 141, 2, 16, 6, 437 }, // U+00AF
    { 7, 7, 177, 2, 15, 13, 443 }, // U+00B0
    { 11, 13, 201, 1, 12, 36, 456 }, // U+00B1
    { 7, 8, 118, 0, 17, 14, 492 }, // U+00B2
    { 6, 9, 116, 1, 17, 14, 506 }, // U+00B3
    { 6, 5, 167, 2, 17, 8, 520 }, // U+00B4
    { 11, 15, 202, 1, 11, 42, 528 }, // U+00B5
    { 14, 15, 243, 0, 15, 53, 570 }, // U+00B6
    { 5, 5, 79, 0, 10, 7, 623 }, // U+00B7
    { 5, 7, 167, 3, 1, 9, 630 }, // U+00B8
    { 5, 9, 95, 0, 17, 12, 639 }, // U+00B9
    { 8, 7, 123, 0, 15, 14, 651 }, // U+00BA
    { 11, 10, 172, 0, 10, 28, 665 }, // U+00BB
    { 16, 17, 268, 0, 16, 68, 693 }, // U+00BC
    { 16, 16, 267, 0, 16, 64, 761 }, // U+00BD
    { 17, 16, 271, 0, 15, 68, 825 }, // U+00BE
    { 10, 16, 173, 0, 12, 40, 893 }, // U+00BF
    { 15, 20, 233, 0, 20, 75, 933 }, // U+00C0
    { 15, 20, 233, 0, 20, 75, 1008 }, // U+00C1
    { 15, 19, 233, 0, 19, 72, 1083 }, // U+00C2
    { 15, 19, 233, 0, 19, 72, 1155 }, // U+00C3
    { 15, 19, 233, 0, 19, 72, 1227 }, // U+00C4
    { 15, 19, 233, 0, 19, 72, 1299 }, // U+00C5
    { 20, 15, 336, 0, 15, 75, 1371 }, // U+00C6
    { 14, 21, 228, 0, 15, 74, 1446 }, // U+00C7
    { 11, 20, 208, 1, 20, 55, 1520 }, // U+00C8
    { 11, 20, 208, 1, 20, 55, 1575 }, // U+00C9
    { 11, 19, 208, 1, 19, 53, 1630 }, // U+00CA
    { 11, 19, 208, 1, 19, 53, 1683 }, // U+00CB
    { 9, 20, 168, 1, 20, 45, 1736 }, // U+00CC
    { 9, 20, 168, 1, 20, 45, 1781 }, // U+00CD
    { 9, 19, 168, 1, 19, 43, 1826 }, // U+00CE
    { 9, 19, 168, 1, 19, 43, 1869 }, // U+00CF
    { 15, 15, 252, 0, 15, 57, 1912 }, // U+00D0
    { 14, 19, 266, 1, 19, 67, 1969 }, // U+00D1
    { 16, 21, 264, 0, 20, 84, 2036 }, // U+00D2
    { 16, 21, 264, 0, 20, 84, 2120 }, // U+00D3
    { 16, 20, 264, 0, 19, 80, 2204 }, // U+00D4
    { 16, 20, 264, 0, 19, 80, 2284 }, // U+00D5
    { 16, 20, 264, 0, 19, 80, 2364 }, // U+00D6
    { 10, 10, 167, 0, 11, 25, 2444 }, // U+00D7
    { 16, 17, 261, 0, 16, 68, 2469 }, // U+00D8
    { 13, 21, 250, 1, 20, 69, 2537 }, // U+00D9
    { 13, 21, 250, 1, 20, 69, 2606 }, // U+00DA
    { 13, 20, 250, 1, 19, 65, 2675 }, // U+00DB
    { 13, 20, 250, 1, 19, 65, 2740 }, // U+00DC
    { 14, 20, 223, 0, 20, 70, 2805 }, // U+00DD
    { 12, 15, 215, 1, 15, 45, 2875 }, // U+00DE
    { 14, 17, 222, 0, 16, 60, 2920 }, // U+00DF
    { 12, 18, 214, 0, 17, 54, 2980 }, // U+00E0
    { 12, 18, 214, 0, 17, 54, 3034 }, // U+00E1
    { 12, 17, 214, 0, 16, 51, 3088 }, // U+00E2
    { 12, 17, 214, 0, 16, 51, 3139 }, // U+00E3
    { 12, 18, 214, 0, 17, 54, 3190 }, // U+00E4
    { 12, 19, 214, 0, 18, 57, 3244 }, // U+00E5
    { 18, 13, 300, 0, 12, 59, 3301 }, // U+00E6
    { 11, 18, 180, 0, 12, 50, 3360 }, // U+00E7
    { 12, 18, 195, 0, 17, 54, 3410 }, // U+00E8
    { 12, 18, 195, 0, 17, 54, 3464 }, // U+00E9
    { 12, 17, 195, 0, 16, 51, 3518 }, // U+00EA
    { 12, 18, 195, 0, 17, 54, 3569 }, // U+00EB
    { 6, 17, 86, -1, 17, 26, 3623 }, // U+00EC
    { 6, 17, 86, 0, 17, 26, 3649 }, // U+00ED
    { 8, 16, 86, -1, 16, 32, 3675 }, // U+00EE
    { 9, 17, 86, -2, 17, 39, 3707 }, // U+00EF
    { 12, 17, 194, 0, 16, 51, 3746 }, // U+00F0
    { 11, 16, 203, 1, 16, 44, 3797 }, // U+00F1
    { 13, 18, 208, 0, 17, 59, 3841 }, // U+00F2
    { 13, 18, 208, 0, 17, 59, 3900 }, // U+00F3
    { 13, 17, 208, 0, 16, 56, 3959 }, // U+00F4
    { 13, 17, 208, 0, 16, 56, 4015 }, // U+00F5
    { 13, 18, 208, 0, 17, 59, 4071 }, // U+00F6
    { 11, 11, 199, 1, 11, 31, 4130 }, // U+00F7
    { 13, 13, 208, 0, 12, 43, 4161 }, // U+00F8
    { 11, 18, 206, 1, 17, 50, 4204 }, // U+00F9
    { 11, 18, 206, 1, 17, 50, 4254 }, // U+00FA
    { 11, 17, 206, 1, 16, 47, 4304 }, // U+00FB
    { 11, 18, 206, 1, 17, 50, 4351 }, // U+00FC
    { 13, 22, 198, 0, 17, 72, 4401 }, // U+00FD
    { 12, 21, 214, 1, 16, 63, 4473 }, // U+00FE
    { 13, 22, 198, 0, 17, 72, 4536 }, // U+00FF
    { 15, 19, 233, 0, 19, 72, 0 }, // U+0100
    { 12, 17, 214, 0, 16, 51, 72 }, // U+0101
    { 15, 19, 233, 0, 19, 72, 123 }, // U+0102
    { 12, 17, 214, 0, 16, 51, 195 }, // U+0103
    { 15, 20, 233, 0, 15, 75, 246 }, // U+0104
    { 13, 17, 214, 0, 12, 56, 321 }, // U+0105
    { 14, 21, 228, 0, 20, 74, 377 }, // U+0106
    { 11, 18, 180, 0, 17, 50, 451 }, // U+0107
    { 14, 20, 228, 0, 19, 70, 501 }, // U+0108
    { 11, 17, 180, 0, 16, 47, 571 }, // U+0109
    { 14, 20, 228, 0, 19, 70, 618 }, // U+010A
    { 11, 18, 180, 0, 17, 50, 688 }, // U+010B
    { 14, 20, 228, 0, 19, 70, 738 }, // U+010C
    { 11, 17, 180, 0, 16, 47, 808 }, // U+010D
    { 14, 19, 252, 1, 19, 67, 855 }, // U+010E
    { 17, 17, 230, 0, 16, 73, 922 }, // U+010F
    { 15, 15, 252, 0, 15, 57, 995 }, // U+0110
    { 14, 17, 214, 0, 16, 60, 1052 }, // U+0111
    { 11, 19, 208, 1, 19, 53, 1112 }, // U+0112
    { 12, 17, 195, 0, 16, 51, 1165 }, // U+0113
    { 11, 19, 208, 1, 19, 53, 1216 }, // U+0114
    { 12, 17, 195, 0, 16, 51, 1269 }, // U+0115
    { 11, 19, 208, 1, 19, 53, 1320 }, // U+0116
    { 12, 18, 195, 0, 17, 54, 1373 }, // U+0117
    { 11, 20, 208, 1, 15, 55, 1427 }, // U+0118
    { 12, 17, 195, 0, 12, 51, 1482 }, // U+0119
    { 11, 19, 208, 1, 19, 53, 1533 }, // U+011A
    { 12, 17, 195, 0, 16, 51, 1586 }, // U+011B
    { 16, 20, 257, 0, 19, 80, 1637 }, // U+011C
    { 13, 21, 219, 0, 16, 69, 1717 }, // U+011D
    { 16, 20, 257, 0, 19, 80, 1786 }, // U+011E
    { 13, 21, 219, 0, 16, 69, 1866 }, // U+011F
    { 16, 20, 257, 0, 19, 80, 1935 }, // U+0120
    { 13, 22, 219, 0, 17, 72, 2015 }, // U+0121
    { 16, 21, 257, 0, 15, 84, 2087 }, // U+0122
    { 13, 23, 219, 0, 18, 75, 2171 }, // U+0123
    { 14, 19, 256, 1, 19, 67, 2246 }, // U+0124
    { 11, 20, 203, 1, 20, 55, 2313 }, // U+0125
    { 16, 15, 281, 1, 15, 60, 2368 }, // U+0126
    { 12, 16, 203, 0, 16, 48, 2428 }, // U+0127
    { 9, 19, 168, 1, 19, 43, 2476 }, // U+0128
    { 8, 16, 86, -1, 16, 32, 2519 }, // U+0129
    { 9, 19, 168, 1, 19, 43, 2551 }, // U+012A
    { 7, 16, 86, -1, 16, 28, 2594 }, // U+012B
    { 9, 19, 168, 1, 19, 43, 2622 }, // U+012C
    { 8, 16, 86, -1, 16, 32, 2665 }, // U+012D
    { 9, 20, 168, 1, 15, 45, 2697 }, // U+012E
    { 6, 22, 86, -1, 17, 33, 2742 }, // U+012F
    { 9, 19, 168, 1, 19, 43, 2775 }, // U+0130
    { 3, 11, 86, 1, 11, 9, 2818 }, // U+0131
    { 22, 16, 385, 1, 15, 88, 2827 }, // U+0132
    { 10, 22, 192, 1, 17, 55, 2915 }, // U+0133
    { 13, 20, 217, 0, 19, 65, 2970 }, // U+0134
    { 8, 21, 94, -1, 16, 42, 3035 }, // U+0135
    { 14, 21, 245, 1, 15, 74, 3077 }, // U+0136
    { 12, 22, 196, 1, 16, 66, 3151 }, // U+0137
    { 11, 12, 194, 1, 11, 33, 3217 }, // U+0138
    { 11, 20, 201, 1, 20, 55, 3250 }, // U+0139
    { 6, 21, 90, 0, 21, 32, 3305 }, // U+013A
    { 11, 21, 201, 1, 15, 58, 3337 }, // U+013B
    { 4, 22, 90, 1, 16, 22, 3395 }, // U+013C
    { 11, 15, 201, 1, 15, 42, 3417 }, // U+013D
    { 8, 16, 106, 1, 16, 32, 3459 }, // U+013E
    { 11, 15, 201, 1, 15, 42, 3491 }, // U+013F
    { 8, 16, 128, 1, 16, 32, 3533 }, // U+0140
    { 13, 15, 211, 0, 15, 49, 3565 }, // U+0141
    { 8, 16, 99, -1, 16, 32, 3614 }, // U+0142
    { 14, 20, 266, 1, 20, 70, 3646 }, // U+0143
    { 11, 17, 203, 1, 17, 47, 3716 }, // U+0144
    { 14, 21, 266, 1, 15, 74, 3763 }, // U+0145
    { 11, 18, 203, 1, 12, 50, 3837 }, // U+0146
    { 14, 19, 266, 1, 19, 67, 3887 }, // U+0147
    { 11, 16, 203, 1, 16, 44, 3954 }, // U+0148
    { 15, 15, 216, -2, 15, 57, 3998 }, // U+0149
    { 14, 20, 266, 1, 15, 70, 4055 }, // U+014A
    { 11, 17, 203, 1, 12, 47, 4125 }, // U+014B
    { 16, 20, 264, 0, 19, 80, 4172 }, // U+014C
    { 13, 17, 208, 0, 16, 56, 4252 }, // U+014D
    { 16, 20, 264, 0, 19, 80, 4308 }, // U+014E
    { 13, 17, 208, 0, 16, 56, 4388 }, // U+014F
    { 16, 21, 264, 0, 20, 84, 4444 }, // U+0150
    { 13, 18, 208, 0, 17, 59, 4528 }, // U+0151
    { 21, 15, 348, 0, 15, 79, 4587 }, // U+0152
    { 21, 13, 337, 0, 12, 69, 4666 }, // U+0153
    { 13, 21, 232, 1, 20, 69, 4735 }, // U+0154
    { 8, 17, 140, 1, 17, 34, 4804 }, // U+0155
    { 13, 21, 232, 1, 15, 69, 4838 }, // U+0156
    { 8, 18, 140, 1, 12, 36, 4907 }, // U+0157
    { 13, 20, 232, 1, 19, 65, 4943 }, // U+0158
    { 8, 16, 140, 1, 16, 32, 5008 }, // U+0159
    { 13, 21, 209, 0, 20, 69, 5040 }, // U+015A
    { 10, 18, 162, 0, 17, 45, 5109 }, // U+015B
    { 13, 20, 209, 0, 19, 65, 5154 }, // U+015C
    { 10, 17, 162, 0, 16, 43, 5219 }, // U+015D
    { 13, 21, 209, 0, 15, 69, 5262 }, // U+015E
    { 10, 18, 162, 0, 12, 45, 5331 }, // U+015F
    { 13, 20, 209, 0, 19, 65, 5376 }, // U+0160
    { 10, 17, 162, 0, 16, 43, 5441 }, // U+0161
    { 12, 21, 201, 0, 15, 63, 5484 }, // U+0162
    { 8, 20, 130, 0, 14, 40, 5547 }, // U+0163
    { 12, 19, 201, 0, 19, 57, 5587 }, // U+0164
    { 10, 17, 130, 0, 17, 43, 5644 }, // U+0165
    { 12, 15, 201, 0, 15, 45, 5687 }, // U+0166
    { 8, 14, 130, 0, 14, 28, 5732 }, // U+0167
    { 13, 20, 250, 1, 19, 65, 5760 }, // U+0168
    { 11, 17, 206, 1, 16, 47, 5825 }, // U+0169
    { 13, 20, 250, 1, 19, 65, 5872 }, // U+016A
    { 11, 17, 206, 1, 16, 47, 5937 }, // U+016B
    { 13, 20, 250, 1, 19, 65, 5984 }, // U+016C
    { 11, 17, 206, 1, 16, 47, 6049 }, // U+016D
    { 13, 20, 250, 1, 19, 65, 6096 }, // U+016E
    { 11, 19, 206, 1, 18, 53, 6161 }, // U+016F
    { 13, 21, 250, 1, 20, 69, 6214 }, // U+0170
    { 11, 18, 206, 1, 17, 50, 6283 }, // U+0171
    { 13, 20, 250, 1, 15, 65, 6333 }, // U+0172
    { 11, 16, 206, 1, 11, 44, 6398 }, // U+0173
    { 21, 19, 332, 0, 19, 100, 6442 }, // U+0174
    { 17, 16, 271, 0, 16, 68, 6542 }, // U+0175
    { 14, 19, 223, 0, 19, 67, 6610 }, // U+0176
    { 13, 21, 198, 0, 16, 69, 6677 }, // U+0177
    { 14, 19, 223, 0, 19, 67, 6746 }, // U+0178
    { 12, 20, 223, 1, 20, 60, 6813 }, // U+0179
    { 9, 17, 169, 1, 17, 39, 6873 }, // U+017A
    { 12, 19, 223, 1, 19, 57, 6912 }, // U+017B
    { 9, 17, 169, 1, 17, 39, 6969 }, // U+017C
    { 12, 19, 223, 1, 19, 57, 7008 }, // U+017D
    { 9, 16, 169, 1, 16, 36, 7065 }, // U+017E
    { 16, 19, 264, 0, 18, 76, 0 }, // U+01A0
    { 13, 15, 208, 0, 14, 49, 76 }, // U+01A1
    { 16, 19, 250, 1, 18, 76, 125 }, // U+01AF
    { 13, 15, 206, 1, 14, 49, 201 }, // U+01B0
    { 27, 19, 460, 1, 19, 129, 250 }, // U+01C4
    { 25, 16, 421, 1, 16, 100, 379 }, // U+01C5
    { 23, 17, 383, 0, 16, 98, 479 }, // U+01C6
    { 24, 16, 418, 1, 15, 96, 577 }, // U+01C7
    { 17, 22, 295, 1, 17, 94, 673 }, // U+01C8
    { 10, 22, 180, 1, 17, 55, 767 }, // U+01C9
    { 28, 16, 483, 1, 15, 112, 822 }, // U+01CA
    { 21, 22, 360, 1, 17, 116, 934 }, // U+01CB
    { 17, 22, 297, 1, 17, 94, 1050 }, // U+01CC
    { 15, 19, 233, 0, 19, 72, 1144 }, // U+01CD
    { 12, 17, 214, 0, 16, 51, 1216 }, // U+01CE
    { 9, 19, 168, 1, 19, 43, 1267 }, // U+01CF
    { 8, 16, 86, -1, 16, 32, 1310 }, // U+01D0
    { 16, 20, 264, 0, 19, 80, 1342 }, // U+01D1
    { 13, 17, 208, 0, 16, 56, 1422 }, // U+01D2
    { 13, 20, 250, 1, 19, 65, 1478 }, // U+01D3
    { 11, 17, 206, 1, 16, 47, 1543 }, // U+01D4
    { 16, 20, 257, 0, 19, 80, 1590 }, // U+01E6
    { 13, 21, 219, 0, 16, 69, 1670 }, // U+01E7
    { 16, 20, 264, 0, 15, 80, 1739 }, // U+01EA
    { 13, 17, 208, 0, 12, 56, 1819 }, // U+01EB
    { 27, 15, 460, 1, 15, 102, 1875 }, // U+01F1
    { 25, 15, 421, 1, 15, 94, 1977 }, // U+01F2
    { 15, 24, 233, 0, 24, 90, 2071 }, // U+01FA
    { 12, 23, 214, 0, 22, 69, 2161 }, // U+01FB
    { 20, 20, 336, 0, 20, 100, 2230 }, // U+01FC
    { 18, 18, 300, 0, 17, 81, 2330 }, // U+01FD
    { 16, 21, 261, 0, 20, 84, 2411 }, // U+01FE
    { 13, 18, 208, 0, 17, 59, 2495 }, // U+01FF
    { 15, 20, 233, 0, 20, 75, 2554 }, // U+0200
    { 12, 18, 214, 0, 17, 54, 2629 }, // U+0201
    { 15, 19, 233, 0, 19, 72, 2683 }, // U+0202
    { 12, 18, 214, 0, 17, 54, 2755 }, // U+0203
    { 11, 20, 208, 1, 20, 55, 2809 }, // U+0204
    { 12, 18, 195, 0, 17, 54, 2864 }, // U+0205
    { 11, 19, 208, 1, 19, 53, 2918 }, // U+0206
    { 12, 18, 195, 0, 17, 54, 2971 }, // U+0207
    { 11, 20, 168, -1, 20, 55, 3025 }, // U+0208
    { 10, 17, 86, -4, 17, 43, 3080 }, // U+0209
    { 9, 19, 168, 1, 19, 43, 3123 }, // U+020A
    { 8, 17, 86, -1, 17, 34, 3166 }, // U+020B
    { 16, 21, 264, 0, 20, 84, 3200 }, // U+020C
    { 13, 18, 208, 0, 17, 59, 3284 }, // U+020D
    { 16, 20, 264, 0, 19, 80, 3343 }, // U+020E
    { 13, 18, 208, 0, 17, 59, 3423 }, // U+020F
    { 13, 21, 232, 1, 20, 69, 3482 }, // U+0210
    { 10, 17, 140, -1, 17, 43, 3551 }, // U+0211
    { 13, 20, 232, 1, 19, 65, 3594 }, // U+0212
    { 8, 17, 140, 1, 17, 34, 3659 }, // U+0213
    { 13, 21, 250, 1, 20, 69, 3693 }, // U+0214
    { 12, 18, 206, 0, 17, 54, 3762 }, // U+0215
    { 13, 20, 250, 1, 19, 65, 3816 }, // U+0216
    { 11, 18, 206, 1, 17, 50, 3881 }, // U+0217
    { 13, 21, 209, 0, 15, 69, 3931 }, // U+0218
    { 10, 18, 162, 0, 12, 45, 4000 }, // U+0219
    { 12, 21, 201, 0, 15, 63, 4045 }, // U+021A
    { 8, 20, 130, 0, 14, 40, 4108 }, // U+021B
    { 6, 5, 0, 2, 17, 8, 0 }, // U+0300
    { 6, 5, 0, 2, 17, 8, 8 }, // U+0301
    { 8, 4, 0, 1, 16, 8, 16 }, // U+0302
    { 8, 4, 0, 1, 16, 8, 24 }, // U+0303
    { 7, 3, 0, 2, 16, 6, 32 }, // U+0304
    { 8, 4, 0, 1, 16, 8, 38 }, // U+0306
    { 4, 4, 0, 3, 17, 4, 46 }, // U+0307
    { 9, 4, 0, 1, 17, 9, 50 }, // U+0308
    { 5, 5, 0, 3, 17, 7, 59 }, // U+0309
    { 6, 6, 0, 2, 18, 9, 66 }, // U+030A
    { 10, 5, 0, 0, 17, 13, 75 }, // U+030B
    { 8, 4, 0, 1, 16, 8, 88 }, // U+030C
    { 10, 5, 0, 0, 17, 13, 96 }, // U+030F
    { 8, 5, 0, 1, 17, 10, 109 }, // U+0311
    { 4, 6, 0, 3, 18, 6, 119 }, // U+0312
    { 5, 5, 0, 3, 14, 7, 125 }, // U+031B
    { 4, 4, 0, 3, -1, 4, 132 }, // U+0323
    { 9, 4, 0, 1, -1, 9, 136 }, // U+0324
    { 4, 6, 0, 3, 0, 6, 145 }, // U+0326
    { 5, 7, 0, 3, 1, 9, 151 }, // U+0327
    { 6, 6, 0, 2, 1, 9, 160 }, // U+0328
    { 8, 4, 0, 1, -1, 8, 169 }, // U+032E
    { 7, 2, 0, 2, -2, 4, 177 }, // U+0331
    { 7, 3, 0, 2, 8, 6, 181 }, // U+0335
    { 15, 20, 233, 0, 15, 75, 0 }, // U+1EA0
    { 12, 17, 214, 0, 12, 51, 75 }, // U+1EA1
    { 15, 21, 233, 0, 21, 79, 126 }, // U+1EA2
    { 12, 18, 214, 0, 17, 54, 205 }, // U+1EA3
    { 15, 23, 233, 0, 23, 87, 259 }, // U+1EA4
    { 13, 21, 214, 0, 20, 69, 346 }, // U+1EA5
    { 15, 23, 233, 0, 23, 87, 415 }, // U+1EA6
    { 12, 21, 214, 0, 20, 63, 502 }, // U+1EA7
    { 15, 23, 233, 0, 23, 87, 565 }, // U+1EA8
    { 13, 21, 214, 0, 20, 69, 652 }, // U+1EA9
    { 15, 23, 233, 0, 23, 87, 721 }, // U+1EAA
    { 12, 21, 214, 0, 20, 63, 808 }, // U+1EAB
    { 15, 24, 233, 0, 19, 90, 871 }, // U+1EAC
    { 12, 21, 214, 0, 16, 63, 961 }, // U+1EAD
    { 15, 23, 233, 0, 23, 87, 1024 }, // U+1EAE
    { 12, 21, 214, 0, 20, 63, 1111 }, // U+1EAF
    { 15, 23, 233, 0, 23, 87, 1174 }, // U+1EB0
    { 12, 21, 214, 0, 20, 63, 1261 }, // U+1EB1
    { 15, 23, 233, 0, 23, 87, 1324 }, // U+1EB2
    { 12, 22, 214, 0, 21, 66, 1411 }, // U+1EB3
    { 15, 23, 233, 0, 23, 87, 1477 }, // U+1EB4
    { 12, 21, 214, 0, 20, 63, 1564 }, // U+1EB5
    { 15, 24, 233, 0, 19, 90, 1627 }, // U+1EB6
    { 12, 21, 214, 0, 16, 63, 1717 }, // U+1EB7
    { 11, 20, 208, 1, 15, 55, 1780 }, // U+1EB8
    { 12, 17, 195, 0, 12, 51, 1835 }, // U+1EB9
    { 11, 21, 208, 1, 21, 58, 1886 }, // U+1EBA
    { 12, 18, 195, 0, 17, 54, 1944 }, // U+1EBB
    { 11, 19, 208, 1, 19, 53, 1998 }, // U+1EBC
    { 12, 17, 195, 0, 16, 51, 2051 }, // U+1EBD
    { 12, 23, 208, 1, 23, 69, 2102 }, // U+1EBE
    { 13, 21, 195, 0, 20, 69, 2171 }, // U+1EBF
    { 11, 23, 208, 1, 23, 64, 2240 }, // U+1EC0
    { 12, 21, 195, 0, 20, 63, 2304 }, // U+1EC1
    { 12, 23, 208, 1, 23, 69, 2367 }, // U+1EC2
    { 13, 21, 195, 0, 20, 69, 2436 }, // U+1EC3
    { 11, 23, 208, 1, 23, 64, 2505 }, // U+1EC4
    { 12, 21, 195, 0, 20, 63, 2569 }, // U+1EC5
    { 11, 24, 208, 1, 19, 66, 2632 }, // U+1EC6
    { 12, 21, 195, 0, 16, 63, 2698 }, // U+1EC7
    { 9, 21, 168, 1, 21, 48, 2761 }, // U+1EC8
    { 5, 17, 86, 0, 17, 22, 2809 }, // U+1EC9
    { 9, 20, 168, 1, 15, 45, 2831 }, // U+1ECA
    { 4, 22, 98, 1, 17, 22, 2876 }, // U+1ECB
    { 16, 20, 264, 0, 15, 80, 2898 }, // U+1ECC
    { 13, 17, 208, 0, 12, 56, 2978 }, // U+1ECD
    { 16, 22, 264, 0, 21, 88, 3034 }, // U+1ECE
    { 13, 18, 208, 0, 17, 59, 3122 }, // U+1ECF
    { 16, 24, 264, 0, 23, 96, 3181 }, // U+1ED0
    { 13, 21, 208, 0, 20, 69, 3277 }, // U+1ED1
    { 16, 24, 264, 0, 23, 96, 3346 }, // U+1ED2
    { 13, 21, 208, 0, 20, 69, 3442 }, // U+1ED3
    { 16, 24, 264, 0, 23, 96, 3511 }, // U+1ED4
    { 13, 21, 208, 0, 20, 69, 3607 }, // U+1ED5
    { 16, 24, 264, 0, 23, 96, 3676 }, // U+1ED6
    { 13, 21, 208, 0, 20, 69, 3772 }, // U+1ED7
    { 16, 24, 264, 0, 19, 96, 3841 }, // U+1ED8
    { 13, 21, 208, 0, 16, 69, 3937 }, // U+1ED9
    { 16, 21, 264, 0, 20, 84, 4006 }, // U+1EDA
    { 13, 18, 208, 0, 17, 59, 4090 }, // U+1EDB
    { 16, 21, 264, 0, 20, 84, 4149 }, // U+1EDC
    { 13, 18, 208, 0, 17, 59, 4233 }, // U+1EDD
    { 16, 22, 264, 0, 21, 88, 4292 }, // U+1EDE
    { 13, 18, 208, 0, 17, 59, 4380 }, // U+1EDF
    { 16, 20, 264, 0, 19, 80, 4439 }, // U+1EE0
    { 13, 17, 208, 0, 16, 56, 4519 }, // U+1EE1
    { 16, 23, 264, 0, 18, 92, 4575 }, // U+1EE2
    { 13, 19, 208, 0, 14, 62, 4667 }, // U+1EE3
    { 13, 20, 250, 1, 15, 65, 4729 }, // U+1EE4
    { 11, 16, 206, 1, 11, 44, 4794 }, // U+1EE5
    { 13, 22, 250, 1, 21, 72, 4838 }, // U+1EE6
    { 11, 18, 206, 1, 17, 50, 4910 }, // U+1EE7
    { 16, 21, 250, 1, 20, 84, 4960 }, // U+1EE8
    { 13, 18, 206, 1, 17, 59, 5044 }, // U+1EE9
    { 16, 21, 250, 1, 20, 84, 5103 }, // U+1EEA
    { 13, 18, 206, 1, 17, 59, 5187 }, // U+1EEB
    { 16, 22, 250, 1, 21, 88, 5246 }, // U+1EEC
    { 13, 18, 206, 1, 17, 59, 5334 }, // U+1EED
    { 16, 20, 250, 1, 19, 80, 5393 }, // U+1EEE
    { 13, 17, 206, 1, 16, 56, 5473 }, // U+1EEF
    { 16, 23, 250, 1, 18, 92, 5529 }, // U+1EF0
    { 13, 19, 206, 1, 14, 62, 5621 }, // U+1EF1
    { 14, 20, 223, 0, 20, 70, 5683 }, // U+1EF2
    { 13, 22, 198, 0, 17, 72, 5753 }, // U+1EF3
    { 14, 20, 223, 0, 15, 70, 5825 }, // U+1EF4
    { 13, 16, 198, 0, 11, 52, 5895 }, // U+1EF5
    { 14, 21, 223, 0, 21, 74, 5947 }, // U+1EF6
    { 13, 22, 198, 0, 17, 72, 6021 }, // U+1EF7
    { 14, 19, 223, 0, 19, 67, 6093 }, // U+1EF8
    { 13, 21, 198, 0, 16, 69, 6160 }, // U+1EF9
    { 0, 0, 183, 0, 0, 0, 0 }, // U+2007
    { 0, 0, 87, 0, 0, 0, 0 }, // U+2008
    { 0, 0, 68, 0, 0, 0, 0 }, // U+2009
    { 0, 0, 34, 0, 0, 0, 0 }, // U+200A
    { 0, 0, 0, 0, 0, 0, 0 }, // U+200B
    { 7, 4, 138, 1, 8, 7, 0 }, // U+2010
    { 10, 4, 180, 1, 8, 10, 7 }, // U+2012
    { 10, 4, 181, 1, 8, 10, 17 }, // U+2013
    { 17, 4, 297, 1, 8, 17, 27 }, // U+2014
    { 17, 4, 296, 1, 8, 17, 44 }, // U+2015
    { 5, 7, 84, 0, 16, 9, 61 }, // U+2018
    { 5, 7, 84, 0, 16, 9, 70 }, // U+2019
    { 5, 7, 91, 0, 3, 9, 79 }, // U+201A
    { 10, 7, 156, 0, 16, 18, 88 }, // U+201C
    { 9, 7, 155, 0, 16, 16, 106 }, // U+201D
    { 10, 7, 166, 0, 3, 18, 122 }, // U+201E
    { 9, 12, 147, 0, 16, 27, 140 }, // U+2020
    { 8, 13, 137, 0, 16, 26, 167 }, // U+2021
    { 7, 7, 115, 0, 11, 13, 193 }, // U+2022
    { 13, 5, 217, 0, 4, 17, 206 }, // U+2026
    { 25, 16, 416, 0, 15, 100, 223 }, // U+2030
    { 9, 6, 147, 0, 15, 14, 323 }, // U+2033
    { 6, 10, 96, 0, 10, 15, 337 }, // U+2039
    { 6, 10, 96, 0, 10, 15, 352 }, // U+203A
    { 13, 15, 202, 0, 15, 49, 367 }, // U+2044
    { 8, 9, 127, 0, 17, 18, 0 }, // U+2070
    { 8, 9, 132, 0, 17, 18, 18 }, // U+2074
    { 7, 9, 121, 0, 17, 16, 36 }, // U+2075
    { 7, 9, 118, 0, 17, 16, 52 }, // U+2076
    { 6, 8, 109, 1, 17, 12, 68 }, // U+2077
    { 7, 9, 121, 0, 17, 16, 80 }, // U+2078
    { 7, 9, 115, 0, 17, 16, 96 }, // U+2079
    { 8, 9, 127, 0, 4, 18, 112 }, // U+2080
    { 5, 9, 95, 0, 4, 12, 130 }, // U+2081
    { 7, 8, 118, 0, 4, 14, 142 }, // U+2082
    { 6, 9, 116, 1, 4, 14, 156 }, // U+2083
    { 8, 9, 132, 0, 4, 18, 170 }, // U+2084
    { 7, 9, 121, 0, 4, 16, 188 }, // U+2085
    { 7, 9, 118, 0, 4, 16, 204 }, // U+2086
    { 6, 8, 109, 1, 4, 12, 220 }, // U+2087
    { 7, 9, 121, 0, 4, 16, 232 }, // U+2088
    { 7, 9, 115, 0, 4, 16, 248 }, // U+2089
    { 14, 20, 228, 0, 17, 70, 0 }, // U+20A1
    { 12, 15, 203, 0, 15, 45, 70 }, // U+20A3
    { 13, 16, 206, 0, 15, 52, 115 }, // U+20A4
    { 17, 15, 272, 0, 15, 64, 167 }, // U+20A6
    { 15, 15, 263, 1, 15, 57, 231 }, // U+20A7
    { 21, 15, 333, 0, 15, 79, 288 }, // U+20A9
    { 11, 16, 170, 0, 15, 44, 367 }, // U+20AB
    { 13, 16, 219, 0, 15, 52, 411 }, // U+20AC
    { 16, 15, 254, 0, 15, 60, 463 }, // U+20AD
    { 15, 15, 263, 1, 15, 57, 523 }, // U+20B1
    { 16, 20, 257, 0, 17, 80, 580 }, // U+20B2
    { 14, 19, 228, 0, 17, 67, 660 }, // U+20B5
    { 11, 16, 187, 1, 15, 44, 727 }, // U+20B9
    { 13, 16, 205, 0, 15, 52, 771 }, // U+20BA
    { 13, 17, 255, 1, 17, 56, 823 }, // U+20BC
    { 14, 15, 240, 1, 15, 53, 879 }, // U+20BD
    { 12, 17, 199, 0, 16, 51, 0 }, // U+2202
    { 13, 13, 208, 0, 12, 43, 51 }, // U+2205
    { 15, 16, 237, 0, 16, 60, 94 }, // U+2206
    { 15, 20, 240, 0, 15, 75, 154 }, // U+220F
    { 10, 16, 174, 1, 15, 40, 229 }, // U+2211
    { 12, 3, 193, 0, 8, 9, 269 }, // U+2212
    { 12, 19, 185, 0, 16, 57, 278 }, // U+2215
    { 4, 5, 93, 1, 9, 5, 335 }, // U+2219
    { 15, 18, 234, 0, 15, 68, 340 }, // U+221A
    { 18, 10, 294, 0, 10, 45, 408 }, // U+221E
    { 14, 19, 192, -1, 16, 67, 453 }, // U+222B
    { 10, 9, 192, 1, 10, 23, 520 }, // U+2248
    { 11, 12, 197, 1, 12, 33, 543 }, // U+2260
    { 11, 12, 209, 1, 12, 33, 576 }, // U+2264
    { 11, 12, 209, 1, 12, 33, 609 }, // U+2265
    { 13, 17, 229, 0, 17, 56, 0 }, // U+FB01
    { 13, 16, 221, 0, 16, 52, 56 }, // U+FB02
};

static const EpdUnicodeInterval lexenddeca_10_regularIntervals[] = {
    { 0xD, 0xD, 0x0 },
    { 0x20, 0x7E, 0x1 },
    { 0xA0, 0xFF, 0x60 },
    { 0x100, 0x17E, 0xC0 },
    { 0x1A0, 0x1A1, 0x13F },
    { 0x1AF, 0x1B0, 0x141 },
    { 0x1C4, 0x1D4, 0x143 },
    { 0x1E6, 0x1E7, 0x154 },
    { 0x1EA, 0x1EB, 0x156 },
    { 0x1F1, 0x1F2, 0x158 },
    { 0x1FA, 0x21B, 0x15A },
    { 0x300, 0x304, 0x17C },
    { 0x306, 0x30C, 0x181 },
    { 0x30F, 0x30F, 0x188 },
    { 0x311, 0x312, 0x189 },
    { 0x31B, 0x31B, 0x18B },
    { 0x323, 0x324, 0x18C },
    { 0x326, 0x328, 0x18E },
    { 0x32E, 0x32E, 0x191 },
    { 0x331, 0x331, 0x192 },
    { 0x335, 0x335, 0x193 },
    { 0x1EA0, 0x1EF9, 0x194 },
    { 0x2007, 0x200B, 0x1EE },
    { 0x2010, 0x2010, 0x1F3 },
    { 0x2012, 0x2015, 0x1F4 },
    { 0x2018, 0x201A, 0x1F8 },
    { 0x201C, 0x201E, 0x1FB },
    { 0x2020, 0x2022, 0x1FE },
    { 0x2026, 0x2026, 0x201 },
    { 0x2030, 0x2030, 0x202 },
    { 0x2033, 0x2033, 0x203 },
    { 0x2039, 0x203A, 0x204 },
    { 0x2044, 0x2044, 0x206 },
    { 0x2070, 0x2070, 0x207 },
    { 0x2074, 0x2079, 0x208 },
    { 0x2080, 0x2089, 0x20E },
    { 0x20A1, 0x20A1, 0x218 },
    { 0x20A3, 0x20A4, 0x219 },
    { 0x20A6, 0x20A7, 0x21B },
    { 0x20A9, 0x20A9, 0x21D },
    { 0x20AB, 0x20AD, 0x21E },
    { 0x20B1, 0x20B2, 0x221 },
    { 0x20B5, 0x20B5, 0x223 },
    { 0x20B9, 0x20BA, 0x224 },
    { 0x20BC, 0x20BD, 0x226 },
    { 0x2202, 0x2202, 0x228 },
    { 0x2205, 0x2206, 0x229 },
    { 0x220F, 0x220F, 0x22B },
    { 0x2211, 0x2212, 0x22C },
    { 0x2215, 0x2215, 0x22E },
    { 0x2219, 0x221A, 0x22F },
    { 0x221E, 0x221E, 0x231 },
    { 0x222B, 0x222B, 0x232 },
    { 0x2248, 0x2248, 0x233 },
    { 0x2260, 0x2260, 0x234 },
    { 0x2264, 0x2265, 0x235 },
    { 0xFB01, 0xFB02, 0x237 },
};

static const EpdFontGroup lexenddeca_10_regularGroups[] = {
    { 0, 2246, 4267, 96, 0 },
    { 2246, 1963, 5081, 96, 96 },
    { 4209, 2468, 7955, 127, 192 },
    { 6677, 1665, 4534, 61, 319 },
    { 8342, 200, 218, 24, 380 },
    { 8542, 1383, 6790, 90, 404 },
    { 9925, 317, 503, 25, 494 },
    { 10242, 168, 300, 17, 519 },
    { 10410, 643, 1042, 16, 536 },
    { 11053, 411, 699, 15, 552 },
    { 11464, 71, 132, 2, 567 },
};

static const EpdKernClassEntry lexenddeca_10_regularKernLeftClasses[] = {
    { 0x0026, 1 }, // &
    { 0x0028, 2 }, // (
    { 0x002A, 3 }, // *
    { 0x002C, 4 }, // ,
    { 0x002E, 5 }, // .
    { 0x002F, 6 }, // /
    { 0x0030, 7 }, // 0
    { 0x0031, 8 }, // 1
    { 0x0032, 9 }, // 2
    { 0x0033, 10 }, // 3
    { 0x0034, 11 }, // 4
    { 0x0035, 12 }, // 5
    { 0x0036, 13 }, // 6
    { 0x0037, 14 }, // 7
    { 0x0038, 15 }, // 8
    { 0x0039, 16 }, // 9
    { 0x003C, 17 }, // <
    { 0x003E, 18 }, // >
    { 0x003F, 19 }, // ?
    { 0x0040, 20 }, // @
    { 0x0041, 21 }, // A
    { 0x0042, 22 }, // B
    { 0x0043, 23 }, // C
    { 0x0044, 24 }, // D
    { 0x0045, 25 }, // E
    { 0x0046, 26 }, // F
    { 0x0047, 27 }, // G
    { 0x0049, 28 }, // I
    { 0x004A, 29 }, // J
    { 0x004B, 30 }, // K
    { 0x004C, 31 }, // L
    { 0x004F, 24 }, // O
    { 0x0050, 32 }, // P
    { 0x0051, 33 }, // Q
    { 0x0052, 34 }, // R
    { 0x0053, 35 }, // S
    { 0x0054, 36 }, // T
    { 0x0055, 37 }, // U
    { 0x0056, 38 }, // V
    { 0x0057, 39 }, // W
    { 0x0058, 40 }, // X
    { 0x0059, 41 }, // Y
    { 0x005A, 42 }, // Z
    { 0x005B, 43 }, // [
    { 0x005C, 44 }, // <backslash>
    { 0x005F, 45 }, // _
    { 0x0061, 46 }, // a
    { 0x0062, 47 }, // b
    { 0x0063, 48 }, // c
    { 0x0064, 49 }, // d
    { 0x0065, 50 }, // e
    { 0x0066, 51 }, // f
    { 0x0067, 52 }, // g
    { 0x0068, 53 }, // h
    { 0x0069, 54 }, // i
    { 0x006A, 55 }, // j
    { 0x006B, 56 }, // k
    { 0x006C, 57 }, // l
    { 0x006D, 53 }, // m
    { 0x006E, 53 }, // n
    { 0x006F, 47 }, // o
    { 0x0070, 47 }, // p
    { 0x0071, 58 }, // q
    { 0x0072, 59 }, // r
    { 0x0073, 60 }, // s
    { 0x0074, 61 }, // t
    { 0x0075, 62 }, // u
    { 0x0076, 63 }, // v
    { 0x0077, 64 }, // w
    { 0x0078, 65 }, // x
    { 0x0079, 66 }, // y
    { 0x007A, 67 }, // z
    { 0x007B, 68 }, // {
    { 0x007D, 69 }, // }
    { 0x00A1, 70 }, // U+00A1
    { 0x00A3, 71 }, // U+00A3
    { 0x00B7, 72 }, // U+00B7
    { 0x00BF, 73 }, // U+00BF
    { 0x00C0, 21 }, // U+00C0
    { 0x00C1, 21 }, // U+00C1
    { 0x00C2, 21 }, // U+00C2
    { 0x00C3, 21 }, // U+00C3
    { 0x00C4, 21 }, // U+00C4
    { 0x00C5, 21 }, // U+00C5
    { 0x00C6, 25 }, // U+00C6
    { 0x00C8, 25 }, // U+00C8
    { 0x00C9, 25 }, // U+00C9
    { 0x00CA, 25 }, // U+00CA
    { 0x00CB, 25 }, // U+00CB
    { 0x00D0, 24 }, // U+00D0
    { 0x00D2, 24 }, // U+00D2
    { 0x00D3, 24 }, // U+00D3
    { 0x00D4, 24 }, // U+00D4
    { 0x00D5, 24 }, // U+00D5
    { 0x00D6, 24 }, // U+00D6
    { 0x00D8, 24 }, // U+00D8
    { 0x00D9, 37 }, // U+00D9
    { 0x00DA, 37 }, // U+00DA
    { 0x00DB, 37 }, // U+00DB
    { 0x00DC, 37 }, // U+00DC
    { 0x00DD, 41 }, // U+00DD
    { 0x00DE, 74 }, // U+00DE
    { 0x00DF, 75 }, // U+00DF
    { 0x00E0, 46 }, // U+00E0
    { 0x00E1, 46 }, // U+00E1
    { 0x00E2, 46 }, // U+00E2
    { 0x00E3, 46 }, // U+00E3
    { 0x00E4, 46 }, // U+00E4
    { 0x00E5, 46 }, // U+00E5
    { 0x00E7, 48 }, // U+00E7
    { 0x00E8, 50 }, // U+00E8
    { 0x00E9, 50 }, // U+00E9
    { 0x00EA, 50 }, // U+00EA
    { 0x00EB, 50 }, // U+00EB
    { 0x00EC, 54 }, // U+00EC
    { 0x00ED, 54 }, // U+00ED
    { 0x00EE, 54 }, // U+00EE
    { 0x00EF, 54 }, // U+00EF
    { 0x00F0, 76 }, // U+00F0
    { 0x00F1, 53 }, // U+00F1
    { 0x00F2, 47 }, // U+00F2
    { 0x00F3, 47 }, // U+00F3
    { 0x00F4, 47 }, // U+00F4
    { 0x00F5, 47 }, // U+00F5
    { 0x00F6, 47 }, // U+00F6
    { 0x00F8, 47 }, // U+00F8
    { 0x00F9, 62 }, // U+00F9
    { 0x00FA, 62 }, // U+00FA
    { 0x00FB, 62 }, // U+00FB
    { 0x00FC, 62 }, // U+00FC
    { 0x00FD, 66 }, // U+00FD
    { 0x00FE, 47 }, // U+00FE
    { 0x00FF, 66 }, // U+00FF
    { 0x0100, 21 }, // U+0100
    { 0x0101, 46 }, // U+0101
    { 0x0102, 21 }, // U+0102
    { 0x0103, 46 }, // U+0103
    { 0x0104, 21 }, // U+0104
    { 0x0105, 46 }, // U+0105
    { 0x0107, 48 }, // U+0107
    { 0x0109, 48 }, // U+0109
    { 0x010B, 48 }, // U+010B
    { 0x010D, 48 }, // U+010D
    { 0x010E, 24 }, // U+010E
    { 0x010F, 77 }, // U+010F
    { 0x0110, 24 }, // U+0110
    { 0x0111, 49 }, // U+0111
    { 0x0112, 25 }, // U+0112
    { 0x0113, 50 }, // U+0113
    { 0x0114, 25 }, // U+0114
    { 0x0115, 50 }, // U+0115
    { 0x0116, 25 }, // U+0116
    { 0x0117, 50 }, // U+0117
    { 0x0118, 25 }, // U+0118
    { 0x0119, 50 }, // U+0119
    { 0x011A, 25 }, // U+011A
    { 0x011B, 50 }, // U+011B
    { 0x011C, 27 }, // U+011C
    { 0x011D, 78 }, // U+011D
    { 0x011E, 27 }, // U+011E
    { 0x011F, 78 }, // U+011F
    { 0x0120, 27 }, // U+0120
    { 0x0121, 78 }, // U+0121
    { 0x0122, 27 }, // U+0122
    { 0x0123, 78 }, // U+0123
    { 0x0125, 53 }, // U+0125
    { 0x0127, 53 }, // U+0127
    { 0x0129, 54 }, // U+0129
    { 0x012B, 54 }, // U+012B
    { 0x012D, 54 }, // U+012D
    { 0x012F, 54 }, // U+012F
    { 0x0131, 54 }, // U+0131
    { 0x0132, 29 }, // U+0132
    { 0x0133, 55 }, // U+0133
    { 0x0134, 29 }, // U+0134
    { 0x0135, 55 }, // U+0135
    { 0x0136, 30 }, // U+0136
    { 0x0137, 56 }, // U+0137
    { 0x0138, 56 }, // U+0138
    { 0x0139, 31 }, // U+0139
    { 0x013A, 57 }, // U+013A
    { 0x013B, 31 }, // U+013B
    { 0x013C, 57 }, // U+013C
    { 0x013D, 31 }, // U+013D
    { 0x013E, 77 }, // U+013E
    { 0x013F, 31 }, // U+013F
    { 0x0140, 57 }, // U+0140
    { 0x0141, 31 }, // U+0141
    { 0x0142, 57 }, // U+0142
    { 0x0144, 53 }, // U+0144
    { 0x0146, 53 }, // U+0146
    { 0x0148, 53 }, // U+0148
    { 0x0149, 53 }, // U+0149
    { 0x014B, 53 }, // U+014B
    { 0x014C, 24 }, // U+014C
    { 0x014D, 47 }, // U+014D
    { 0x014E, 24 }, // U+014E
    { 0x014F, 47 }, // U+014F
    { 0x0150, 24 }, // U+0150
    { 0x0151, 47 }, // U+0151
    { 0x0152, 25 }, // U+0152
    { 0x0153, 50 }, // U+0153
    { 0x0154, 79 }, // U+0154
    { 0x0155, 59 }, // U+0155
    { 0x0156, 79 }, // U+0156
    { 0x0157, 59 }, // U+0157
    { 0x0158, 79 }, // U+0158
    { 0x0159, 59 }, // U+0159
    { 0x015A, 35 }, // U+015A
    { 0x015B, 60 }, // U+015B
    { 0x015C, 35 }, // U+015C
    { 0x015D, 60 }, // U+015D
    { 0x015E, 35 }, // U+015E
    { 0x015F, 60 }, // U+015F
    { 0x0160, 35 }, // U+0160
    { 0x0161, 60 }, // U+0161
    { 0x0162, 36 }, // U+0162
    { 0x0163, 61 }, // U+0163
    { 0x0164, 36 }, // U+0164
    { 0x0165, 61 }, // U+0165
    { 0x0166, 36 }, // U+0166
    { 0x0167, 61 }, // U+0167
    { 0x0168, 37 }, // U+0168
    { 0x0169, 62 }, // U+0169
    { 0x016A, 37 }, // U+016A
    { 0x016B, 62 }, // U+016B
    { 0x016C, 37 }, // U+016C
    { 0x016D, 62 }, // U+016D
    { 0x016E, 37 }, // U+016E
    { 0x016F, 62 }, // U+016F
    { 0x0170, 37 }, // U+0170
    { 0x0171, 62 }, // U+0171
    { 0x0172, 37 }, // U+0172
    { 0x0173, 62 }, // U+0173
    { 0x0174, 39 }, // U+0174
    { 0x0175, 64 }, // U+0175
    { 0x0176, 41 }, // U+0176
    { 0x0177, 66 }, // U+0177
    { 0x0178, 41 }, // U+0178
    { 0x0179, 42 }, // U+0179
    { 0x017A, 67 }, // U+017A
    { 0x017B, 42 }, // U+017B
    { 0x017C, 67 }, // U+017C
    { 0x017D, 42 }, // U+017D
    { 0x017E, 67 }, // U+017E
    { 0x01A0, 24 }, // U+01A0
    { 0x01A1, 47 }, // U+01A1
    { 0x01AF, 37 }, // U+01AF
    { 0x01B0, 62 }, // U+01B0
    { 0x01C4, 42 }, // U+01C4
    { 0x01C5, 67 }, // U+01C5
    { 0x01C6, 67 }, // U+01C6
    { 0x01C7, 29 }, // U+01C7
    { 0x01C8, 55 }, // U+01C8
    { 0x01C9, 57 }, // U+01C9
    { 0x01CA, 29 }, // U+01CA
    { 0x01CB, 55 }, // U+01CB
    { 0x01CC, 55 }, // U+01CC
    { 0x01CD, 21 }, // U+01CD
    { 0x01CE, 46 }, // U+01CE
    { 0x01D0, 54 }, // U+01D0
    { 0x01D1, 24 }, // U+01D1
    { 0x01D2, 47 }, // U+01D2
    { 0x01D3, 37 }, // U+01D3
    { 0x01D4, 62 }, // U+01D4
    { 0x01E6, 27 }, // U+01E6
    { 0x01E7, 78 }, // U+01E7
    { 0x01EA, 24 }, // U+01EA
    { 0x01EB, 47 }, // U+01EB
    { 0x01F1, 42 }, // U+01F1
    { 0x01F2, 67 }, // U+01F2
    { 0x01FA, 21 }, // U+01FA
    { 0x01FB, 46 }, // U+01FB
    { 0x01FC, 25 }, // U+01FC
    { 0x01FE, 24 }, // U+01FE
    { 0x01FF, 47 }, // U+01FF
    { 0x0200, 21 }, // U+0200
    { 0x0201, 46 }, // U+0201
    { 0x0202, 21 }, // U+0202
    { 0x0203, 46 }, // U+0203
    { 0x0204, 25 }, // U+0204
    { 0x0205, 50 }, // U+0205
    { 0x0206, 25 }, // U+0206
    { 0x0207, 50 }, // U+0207
    { 0x0209, 54 }, // U+0209
    { 0x020B, 54 }, // U+020B
    { 0x020C, 24 }, // U+020C
    { 0x020D, 47 }, // U+020D
    { 0x020E, 24 }, // U+020E
    { 0x020F, 47 }, // U+020F
    { 0x0210, 79 }, // U+0210
    { 0x0211, 59 }, // U+0211
    { 0x0212, 79 }, // U+0212
    { 0x0213, 59 }, // U+0213
    { 0x0214, 37 }, // U+0214
    { 0x0215, 62 }, // U+0215
    { 0x0216, 37 }, // U+0216
    { 0x0217, 62 }, // U+0217
    { 0x0218, 35 }, // U+0218
    { 0x0219, 60 }, // U+0219
    { 0x021A, 36 }, // U+021A
    { 0x021B, 61 }, // U+021B
    { 0x1EA0, 21 }, // U+1EA0
    { 0x1EA1, 46 }, // U+1EA1
    { 0x1EA2, 21 }, // U+1EA2
    { 0x1EA3, 46 }, // U+1EA3
    { 0x1EA4, 21 }, // U+1EA4
    { 0x1EA5, 46 }, // U+1EA5
    { 0x1EA6, 21 }, // U+1EA6
    { 0x1EA7, 46 }, // U+1EA7
    { 0x1EA8, 21 }, // U+1EA8
    { 0x1EA9, 46 }, // U+1EA9
    { 0x1EAA, 21 }, // U+1EAA
    { 0x1EAB, 46 }, // U+1EAB
    { 0x1EAC, 21 }, // U+1EAC
    { 0x1EAD, 46 }, // U+1EAD
    { 0x1EAE, 21 }, // U+1EAE
    { 0x1EAF, 46 }, // U+1EAF
    { 0x1EB0, 21 }, // U+1EB0
    { 0x1EB1, 46 }, // U+1EB1
    { 0x1EB2, 21 }, // U+1EB2
    { 0x1EB3, 46 }, // U+1EB3
    { 0x1EB4, 21 }, // U+1EB4
    { 0x1EB5, 46 }, // U+1EB5
    { 0x1EB6, 21 }, // U+1EB6
    { 0x1EB7, 46 }, // U+1EB7
    { 0x1EB8, 25 }, // U+1EB8
    { 0x1EB9, 50 }, // U+1EB9
    { 0x1EBA, 25 }, // U+1EBA
    { 0x1EBB, 50 }, // U+1EBB
    { 0x1EBC, 25 }, // U+1EBC
    { 0x1EBD, 50 }, // U+1EBD
    { 0x1EBE, 25 }, // U+1EBE
    { 0x1EBF, 50 }, // U+1EBF
    { 0x1EC0, 25 }, // U+1EC0
    { 0x1EC1, 50 }, // U+1EC1
    { 0x1EC2, 25 }, // U+1EC2
    { 0x1EC3, 50 }, // U+1EC3
    { 0x1EC4, 25 }, // U+1EC4
    { 0x1EC5, 50 }, // U+1EC5
    { 0x1EC6, 25 }, // U+1EC6
    { 0x1EC7, 50 }, // U+1EC7
    { 0x1EC9, 54 }, // U+1EC9
    { 0x1ECB, 54 }, // U+1ECB
    { 0x1ECC, 24 }, // U+1ECC
    { 0x1ECD, 47 }, // U+1ECD
    { 0x1ECE, 24 }, // U+1ECE
    { 0x1ECF, 47 }, // U+1ECF
    { 0x1ED0, 24 }, // U+1ED0
    { 0x1ED1, 47 }, // U+1ED1
    { 0x1ED2, 24 }, // U+1ED2
    { 0x1ED3, 47 }, // U+1ED3
    { 0x1ED4, 24 }, // U+1ED4
    { 0x1ED5, 47 }, // U+1ED5
    { 0x1ED6, 24 }, // U+1ED6
    { 0x1ED7, 47 }, // U+1ED7
    { 0x1ED8, 24 }, // U+1ED8
    { 0x1ED9, 47 }, // U+1ED9
    { 0x1EDA, 24 }, // U+1EDA
    { 0x1EDB, 47 }, // U+1EDB
    { 0x1EDC, 24 }, // U+1EDC
    { 0x1EDD, 47 }, // U+1EDD
    { 0x1EDE, 24 }, // U+1EDE
    { 0x1EDF, 47 }, // U+1EDF
    { 0x1EE0, 24 }, // U+1EE0
    { 0x1EE1, 47 }, // U+1EE1
    { 0x1EE2, 24 }, // U+1EE2
    { 0x1EE3, 47 }, // U+1EE3
    { 0x1EE4, 37 }, // U+1EE4
    { 0x1EE5, 62 }, // U+1EE5
    { 0x1EE6, 37 }, // U+1EE6
    { 0x1EE7, 62 }, // U+1EE7
    { 0x1EE8, 37 }, // U+1EE8
    { 0x1EE9, 62 }, // U+1EE9
    { 0x1EEA, 37 }, // U+1EEA
    { 0x1EEB, 62 }, // U+1EEB
    { 0x1EEC, 37 }, // U+1EEC
    { 0x1EED, 62 }, // U+1EED
    { 0x1EEE, 37 }, // U+1EEE
    { 0x1EEF, 62 }, // U+1EEF
    { 0x1EF0, 37 }, // U+1EF0
    { 0x1EF1, 62 }, // U+1EF1
    { 0x1EF2, 41 }, // U+1EF2
    { 0x1EF3, 66 }, // U+1EF3
    { 0x1EF4, 41 }, // U+1EF4
    { 0x1EF5, 66 }, // U+1EF5
    { 0x1EF6, 41 }, // U+1EF6
    { 0x1EF7, 66 }, // U+1EF7
    { 0x1EF8, 41 }, // U+1EF8
    { 0x1EF9, 66 }, // U+1EF9
    { 0x2018, 80 }, // U+2018
    { 0x2019, 81 }, // U+2019
    { 0x201C, 82 }, // U+201C
    { 0x201D, 83 }, // U+201D
    { 0x2022, 84 }, // U+2022
    { 0x2206, 85 }, // U+2206
    { 0x221E, 86 }, // U+221E
    { 0x222B, 87 }, // U+222B
    { 0xFB01, 54 }, // U+FB01
    { 0xFB02, 57 }, // U+FB02
};

static const EpdKernClassEntry lexenddeca_10_regularKernRightClasses[] = {
    { 0x0021, 1 }, // !
    { 0x0026, 2 }, // &
    { 0x0029, 3 }, // )
    { 0x002A, 4 }, // *
    { 0x002C, 5 }, // ,
    { 0x002D, 6 }, // -
    { 0x002E, 7 }, // .
    { 0x002F, 8 }, // /
    { 0x0030, 9 }, // 0
    { 0x0031, 10 }, // 1
    { 0x0032, 11 }, // 2
    { 0x0034, 12 }, // 4
    { 0x0036, 13 }, // 6
    { 0x0037, 14 }, // 7
    { 0x0038, 15 }, // 8
    { 0x0039, 16 }, // 9
    { 0x003C, 17 }, // <
    { 0x003F, 18 }, // ?
    { 0x0040, 19 }, // @
    { 0x0041, 20 }, // A
    { 0x0042, 21 }, // B
    { 0x0043, 22 }, // C
    { 0x0044, 21 }, // D
    { 0x0045, 21 }, // E
    { 0x0046, 21 }, // F
    { 0x0047, 22 }, // G
    { 0x0048, 21 }, // H
    { 0x0049, 23 }, // I
    { 0x004A, 24 }, // J
    { 0x004B, 21 }, // K
    { 0x004C, 21 }, // L
    { 0x004D, 21 }, // M
    { 0x004E, 21 }, // N
    { 0x004F, 22 }, // O
    { 0x0050, 21 }, // P
    { 0x0051, 22 }, // Q
    { 0x0052, 21 }, // R
    { 0x0053, 25 }, // S
    { 0x0054, 26 }, // T
    { 0x0055, 27 }, // U
    { 0x0056, 28 }, // V
    { 0x0057, 29 }, // W
    { 0x0058, 30 }, // X
    { 0x0059, 31 }, // Y
    { 0x005A, 32 }, // Z
    { 0x005B, 33 }, // [
    { 0x005C, 34 }, // <backslash>
    { 0x005D, 35 }, // ]
    { 0x005F, 36 }, // _
    { 0x0061, 37 }, // a
    { 0x0062, 38 }, // b
    { 0x0063, 37 }, // c
    { 0x0064, 37 }, // d
    { 0x0065, 37 }, // e
    { 0x0066, 39 }, // f
    { 0x0067, 40 }, // g
    { 0x0068, 38 }, // h
    { 0x006A, 41 }, // j
    { 0x006B, 38 }, // k
    { 0x006C, 38 }, // l
    { 0x006D, 42 }, // m
    { 0x006E, 42 }, // n
    { 0x006F, 37 }, // o
    { 0x0070, 43 }, // p
    { 0x0071, 37 }, // q
    { 0x0072, 42 }, // r
    { 0x0073, 44 }, // s
    { 0x0074, 45 }, // t
    { 0x0075, 46 }, // u
    { 0x0076, 47 }, // v
    { 0x0077, 48 }, // w
    { 0x0078, 49 }, // x
    { 0x0079, 50 }, // y
    { 0x007A, 51 }, // z
    { 0x007B, 33 }, // {
    { 0x007D, 52 }, // }
    { 0x00A1, 53 }, // U+00A1
    { 0x00B7, 54 }, // U+00B7
    { 0x00BF, 55 }, // U+00BF
    { 0x00C0, 56 }, // U+00C0
    { 0x00C1, 56 }, // U+00C1
    { 0x00C2, 56 }, // U+00C2
    { 0x00C3, 56 }, // U+00C3
    { 0x00C4, 56 }, // U+00C4
    { 0x00C5, 56 }, // U+00C5
    { 0x00C6, 57 }, // U+00C6
    { 0x00C7, 22 }, // U+00C7
    { 0x00C8, 21 }, // U+00C8
    { 0x00C9, 21 }, // U+00C9
    { 0x00CA, 21 }, // U+00CA
    { 0x00CB, 21 }, // U+00CB
    { 0x00D0, 21 }, // U+00D0
    { 0x00D1, 21 }, // U+00D1
    { 0x00D2, 22 }, // U+00D2
    { 0x00D3, 22 }, // U+00D3
    { 0x00D4, 22 }, // U+00D4
    { 0x00D5, 22 }, // U+00D5
    { 0x00D6, 22 }, // U+00D6
    { 0x00D8, 22 }, // U+00D8
    { 0x00D9, 27 }, // U+00D9
    { 0x00DA, 27 }, // U+00DA
    { 0x00DB, 27 }, // U+00DB
    { 0x00DC, 27 }, // U+00DC
    { 0x00DD, 58 }, // U+00DD
    { 0x00DE, 21 }, // U+00DE
    { 0x00DF, 59 }, // U+00DF
    { 0x00E0, 37 }, // U+00E0
    { 0x00E1, 37 }, // U+00E1
    { 0x00E2, 37 }, // U+00E2
    { 0x00E3, 37 }, // U+00E3
    { 0x00E4, 37 }, // U+00E4
    { 0x00E5, 37 }, // U+00E5
    { 0x00E7, 37 }, // U+00E7
    { 0x00E8, 37 }, // U+00E8
    { 0x00E9, 37 }, // U+00E9
    { 0x00EA, 37 }, // U+00EA
    { 0x00EB, 37 }, // U+00EB
    { 0x00F0, 60 }, // U+00F0
    { 0x00F1, 42 }, // U+00F1
    { 0x00F2, 37 }, // U+00F2
    { 0x00F3, 37 }, // U+00F3
    { 0x00F4, 37 }, // U+00F4
    { 0x00F5, 37 }, // U+00F5
    { 0x00F6, 37 }, // U+00F6
    { 0x00F8, 37 }, // U+00F8
    { 0x00F9, 46 }, // U+00F9
    { 0x00FA, 46 }, // U+00FA
    { 0x00FB, 46 }, // U+00FB
    { 0x00FC, 46 }, // U+00FC
    { 0x00FD, 50 }, // U+00FD
    { 0x00FE, 61 }, // U+00FE
    { 0x00FF, 50 }, // U+00FF
    { 0x0100, 56 }, // U+0100
    { 0x0101, 37 }, // U+0101
    { 0x0102, 56 }, // U+0102
    { 0x0103, 37 }, // U+0103
    { 0x0104, 56 }, // U+0104
    { 0x0105, 37 }, // U+0105
    { 0x0106, 22 }, // U+0106
    { 0x0107, 37 }, // U+0107
    { 0x0108, 22 }, // U+0108
    { 0x0109, 37 }, // U+0109
    { 0x010A, 22 }, // U+010A
    { 0x010B, 37 }, // U+010B
    { 0x010C, 22 }, // U+010C
    { 0x010D, 37 }, // U+010D
    { 0x010E, 21 }, // U+010E
    { 0x010F, 37 }, // U+010F
    { 0x0110, 21 }, // U+0110
    { 0x0111, 37 }, // U+0111
    { 0x0112, 21 }, // U+0112
    { 0x0113, 37 }, // U+0113
    { 0x0114, 21 }, // U+0114
    { 0x0115, 37 }, // U+0115
    { 0x0116, 21 }, // U+0116
    { 0x0117, 37 }, // U+0117
    { 0x0118, 21 }, // U+0118
    { 0x0119, 37 }, // U+0119
    { 0x011A, 21 }, // U+011A
    { 0x011B, 37 }, // U+011B
    { 0x011C, 22 }, // U+011C
    { 0x011D, 40 }, // U+011D
    { 0x011E, 22 }, // U+011E
    { 0x011F, 40 }, // U+011F
    { 0x0120, 22 }, // U+0120
    { 0x0121, 40 }, // U+0121
    { 0x0122, 22 }, // U+0122
    { 0x0123, 40 }, // U+0123
    { 0x0124, 21 }, // U+0124
    { 0x0125, 38 }, // U+0125
    { 0x0127, 38 }, // U+0127
    { 0x0134, 24 }, // U+0134
    { 0x0135, 41 }, // U+0135
    { 0x0136, 21 }, // U+0136
    { 0x0137, 38 }, // U+0137
    { 0x0138, 38 }, // U+0138
    { 0x0139, 21 }, // U+0139
    { 0x013A, 38 }, // U+013A
    { 0x013B, 21 }, // U+013B
    { 0x013C, 38 }, // U+013C
    { 0x013D, 21 }, // U+013D
    { 0x013E, 38 }, // U+013E
    { 0x013F, 21 }, // U+013F
    { 0x0140, 38 }, // U+0140
    { 0x0141, 21 }, // U+0141
    { 0x0142, 38 }, // U+0142
    { 0x0143, 21 }, // U+0143
    { 0x0144, 42 }, // U+0144
    { 0x0145, 21 }, // U+0145
    { 0x0146, 42 }, // U+0146
    { 0x0147, 21 }, // U+0147
    { 0x0148, 42 }, // U+0148
    { 0x014A, 21 }, // U+014A
    { 0x014B, 42 }, // U+014B
    { 0x014C, 22 }, // U+014C
    { 0x014D, 37 }, // U+014D
    { 0x014E, 22 }, // U+014E
    { 0x014F, 37 }, // U+014F
    { 0x0150, 22 }, // U+0150
    { 0x0151, 37 }, // U+0151
    { 0x0152, 22 }, // U+0152
    { 0x0153, 37 }, // U+0153
    { 0x0154, 21 }, // U+0154
    { 0x0155, 42 }, // U+0155
    { 0x0156, 21 }, // U+0156
    { 0x0157, 42 }, // U+0157
    { 0x0158, 21 }, // U+0158
    { 0x0159, 42 }, // U+0159
    { 0x015A, 25 }, // U+015A
    { 0x015B, 44 }, // U+015B
    { 0x015C, 25 }, // U+015C
    { 0x015D, 44 }, // U+015D
    { 0x015E, 25 }, // U+015E
    { 0x015F, 44 }, // U+015F
    { 0x0160, 25 }, // U+0160
    { 0x0161, 44 }, // U+0161
    { 0x0162, 62 }, // U+0162
    { 0x0163, 45 }, // U+0163
    { 0x0164, 62 }, // U+0164
    { 0x0165, 45 }, // U+0165
    { 0x0166, 62 }, // U+0166
    { 0x0167, 45 }, // U+0167
    { 0x0168, 27 }, // U+0168
    { 0x0169, 46 }, // U+0169
    { 0x016A, 27 }, // U+016A
    { 0x016B, 46 }, // U+016B
    { 0x016C, 27 }, // U+016C
    { 0x016D, 46 }, // U+016D
    { 0x016E, 27 }, // U+016E
    { 0x016F, 46 }, // U+016F
    { 0x0170, 27 }, // U+0170
    { 0x0171, 46 }, // U+0171
    { 0x0172, 27 }, // U+0172
    { 0x0173, 46 }, // U+0173
    { 0x0174, 63 }, // U+0174
    { 0x0175, 48 }, // U+0175
    { 0x0176, 58 }, // U+0176
    { 0x0177, 50 }, // U+0177
    { 0x0178, 58 }, // U+0178
    { 0x0179, 32 }, // U+0179
    { 0x017A, 51 }, // U+017A
    { 0x017B, 32 }, // U+017B
    { 0x017C, 51 }, // U+017C
    { 0x017D, 32 }, // U+017D
    { 0x017E, 51 }, // U+017E
    { 0x01A0, 22 }, // U+01A0
    { 0x01A1, 37 }, // U+01A1
    { 0x01AF, 27 }, // U+01AF
    { 0x01B0, 46 }, // U+01B0
    { 0x01C4, 21 }, // U+01C4
    { 0x01C5, 21 }, // U+01C5
    { 0x01C6, 37 }, // U+01C6
    { 0x01C7, 21 }, // U+01C7
    { 0x01C8, 21 }, // U+01C8
    { 0x01C9, 38 }, // U+01C9
    { 0x01CA, 21 }, // U+01CA
    { 0x01CB, 21 }, // U+01CB
    { 0x01CC, 42 }, // U+01CC
    { 0x01CD, 56 }, // U+01CD
    { 0x01CE, 37 }, // U+01CE
    { 0x01D1, 22 }, // U+01D1
    { 0x01D2, 37 }, // U+01D2
    { 0x01D3, 27 }, // U+01D3
    { 0x01D4, 46 }, // U+01D4
    { 0x01E6, 22 }, // U+01E6
    { 0x01E7, 40 }, // U+01E7
    { 0x01EA, 22 }, // U+01EA
    { 0x01EB, 37 }, // U+01EB
    { 0x01F1, 21 }, // U+01F1
    { 0x01F2, 21 }, // U+01F2
    { 0x01FA, 56 }, // U+01FA
    { 0x01FB, 37 }, // U+01FB
    { 0x01FC, 57 }, // U+01FC
    { 0x01FE, 22 }, // U+01FE
    { 0x01FF, 37 }, // U+01FF
    { 0x0200, 56 }, // U+0200
    { 0x0201, 37 }, // U+0201
    { 0x0202, 56 }, // U+0202
    { 0x0203, 37 }, // U+0203
    { 0x0204, 21 }, // U+0204
    { 0x0205, 37 }, // U+0205
    { 0x0206, 21 }, // U+0206
    { 0x0207, 37 }, // U+0207
    { 0x020C, 22 }, // U+020C
    { 0x020D, 37 }, // U+020D
    { 0x020E, 22 }, // U+020E
    { 0x020F, 37 }, // U+020F
    { 0x0210, 21 }, // U+0210
    { 0x0211, 42 }, // U+0211
    { 0x0212, 21 }, // U+0212
    { 0x0213, 42 }, // U+0213
    { 0x0214, 27 }, // U+0214
    { 0x0215, 46 }, // U+0215
    { 0x0216, 27 }, // U+0216
    { 0x0217, 46 }, // U+0217
    { 0x0218, 25 }, // U+0218
    { 0x0219, 44 }, // U+0219
    { 0x021A, 62 }, // U+021A
    { 0x021B, 45 }, // U+021B
    { 0x1EA0, 56 }, // U+1EA0
    { 0x1EA1, 37 }, // U+1EA1
    { 0x1EA2, 56 }, // U+1EA2
    { 0x1EA3, 37 }, // U+1EA3
    { 0x1EA4, 56 }, // U+1EA4
    { 0x1EA5, 37 }, // U+1EA5
    { 0x1EA6, 56 }, // U+1EA6
    { 0x1EA7, 37 }, // U+1EA7
    { 0x1EA8, 56 }, // U+1EA8
    { 0x1EA9, 37 }, // U+1EA9
    { 0x1EAA, 56 }, // U+1EAA
    { 0x1EAB, 37 }, // U+1EAB
    { 0x1EAC, 56 }, // U+1EAC
    { 0x1EAD, 37 }, // U+1EAD
    { 0x1EAE, 56 }, // U+1EAE
    { 0x1EAF, 37 }, // U+1EAF
    { 0x1EB0, 56 }, // U+1EB0
    { 0x1EB1, 37 }, // U+1EB1
    { 0x1EB2, 56 }, // U+1EB2
    { 0x1EB3, 37 }, // U+1EB3
    { 0x1EB4, 56 }, // U+1EB4
    { 0x1EB5, 37 }, // U+1EB5
    { 0x1EB6, 56 }, // U+1EB6
    { 0x1EB7, 37 }, // U+1EB7
    { 0x1EB8, 21 }, // U+1EB8
    { 0x1EB9, 37 }, // U+1EB9
    { 0x1EBA, 21 }, // U+1EBA
    { 0x1EBB, 37 }, // U+1EBB
    { 0x1EBC, 21 }, // U+1EBC
    { 0x1EBD, 37 }, // U+1EBD
    { 0x1EBE, 21 }, // U+1EBE
    { 0x1EBF, 37 }, // U+1EBF
    { 0x1EC0, 21 }, // U+1EC0
    { 0x1EC1, 37 }, // U+1EC1
    { 0x1EC2, 21 }, // U+1EC2
    { 0x1EC3, 37 }, // U+1EC3
    { 0x1EC4, 21 }, // U+1EC4
    { 0x1EC5, 37 }, // U+1EC5
    { 0x1EC6, 21 }, // U+1EC6
    { 0x1EC7, 37 }, // U+1EC7
    { 0x1ECC, 22 }, // U+1ECC
    { 0x1ECD, 37 }, // U+1ECD
    { 0x1ECE, 22 }, // U+1ECE
    { 0x1ECF, 37 }, // U+1ECF
    { 0x1ED0, 22 }, // U+1ED0
    { 0x1ED1, 37 }, // U+1ED1
    { 0x1ED2, 22 }, // U+1ED2
    { 0x1ED3, 37 }, // U+1ED3
    { 0x1ED4, 22 }, // U+1ED4
    { 0x1ED5, 37 }, // U+1ED5
    { 0x1ED6, 22 }, // U+1ED6
    { 0x1ED7, 37 }, // U+1ED7
    { 0x1ED8, 22 }, // U+1ED8
    { 0x1ED9, 37 }, // U+1ED9
    { 0x1EDA, 22 }, // U+1EDA
    { 0x1EDB, 37 }, // U+1EDB
    { 0x1EDC, 22 }, // U+1EDC
    { 0x1EDD, 37 }, // U+1EDD
    { 0x1EDE, 22 }, // U+1EDE
    { 0x1EDF, 37 }, // U+1EDF
    { 0x1EE0, 22 }, // U+1EE0
    { 0x1EE1, 37 }, // U+1EE1
    { 0x1EE2, 22 }, // U+1EE2
    { 0x1EE3, 37 }, // U+1EE3
    { 0x1EE4, 27 }, // U+1EE4
    { 0x1EE5, 46 }, // U+1EE5
    { 0x1EE6, 27 }, // U+1EE6
    { 0x1EE7, 46 }, // U+1EE7
    { 0x1EE8, 27 }, // U+1EE8
    { 0x1EE9, 46 }, // U+1EE9
    { 0x1EEA, 27 }, // U+1EEA
    { 0x1EEB, 46 }, // U+1EEB
    { 0x1EEC, 27 }, // U+1EEC
    { 0x1EED, 46 }, // U+1EED
    { 0x1EEE, 27 }, // U+1EEE
    { 0x1EEF, 46 }, // U+1EEF
    { 0x1EF0, 27 }, // U+1EF0
    { 0x1EF1, 46 }, // U+1EF1
    { 0x1EF2, 58 }, // U+1EF2
    { 0x1EF3, 50 }, // U+1EF3
    { 0x1EF4, 58 }, // U+1EF4
    { 0x1EF5, 50 }, // U+1EF5
    { 0x1EF6, 58 }, // U+1EF6
    { 0x1EF7, 50 }, // U+1EF7
    { 0x1EF8, 58 }, // U+1EF8
    { 0x1EF9, 50 }, // U+1EF9
    { 0x2013, 64 }, // U+2013
    { 0x2014, 65 }, // U+2014
    { 0x2018, 66 }, // U+2018
    { 0x2019, 67 }, // U+2019
    { 0x201C, 68 }, // U+201C
    { 0x201D, 69 }, // U+201D
    { 0x2022, 70 }, // U+2022
    { 0x2206, 71 }, // U+2206
    { 0x222B, 72 }, // U+222B
    { 0xFB01, 39 }, // U+FB01
    { 0xFB02, 39 }, // U+FB02
};

static const int8_t lexenddeca_10_regularKernMatrix[] = {
       0,    0,   -5,    0,    0,    0,    0,    0,    0,    0,    0,    0,    0,    0,    0,    0,    0,    0,    0,    0,    0,    0,    0,    0,    0,  -18,    0,  -20,  -13,    0,  -17,    0,    0,    0,    0,    0,    0,    0,    0,    0,    0,    0,    0,    0,    0,    0,  -10,  -10,    0,  -10,    0,    0,    0,    0,    0,    0,    0,  -17,    0,   -3,    0,  -18,  -13,    0,    0,    0,    0,    0,    0,    0,    0,    0,
       0,    0,    0,    0,    0,    0,    0,    0,    0,    0,    0,    0,    0,    0,    0,    0,    0,    0,    0,    0,    0,  -10,    0,  -13,    0,    0,    0,    0,    0,    0,    0,    0,    0,    0,    0,    0,   -8,    0,    0,   -8,   10,    0,   10,    0,    0,    0,    0,    0,    0,    0,    0,    0,    0,    0,    0,    0,    0,    0,    0,   -8,    5,    0,    0,    0,    0,    0,    0,    0,    0,    0,    0,    0,
       0,    0,    0,    0,    0,    0,    0,    0,    0,    0,    0,    0,    0,    0,    0,    0,    0,    0,    0,  -25,    0,    0,    0,    0,    0,    0,    0,    0,    0,    0,    0,    0,    0,    0,    0,    0,    0,    0,    0,    0,    0,    0,    0,    0,    0,    0,    2,    0,    0,    0,    0,    0,    0,    0,    0,  -25,    0,    0,    0,   -8,    0,    0,    0,    0,    0,    0,    0,    0,    0,    0,    0,    0,
       0,    0,    0,    0,    0,    0,    0,    0,    0,    0,    0,   -8,    0,    0,    0,    0,    0,    0,    0,    0,    0,   -7,    0,    0,    0,  -33,    0,  -40,  -27,    0,  -40,    0,    0,    0,    0,    0,    0,    0,    0,    0,    0,    0,    0,    0,    0,    0,  -27,  -13,    0,  -13,    0,    0,    0,    0,    0,    0,    0,  -40,    0,    0,    0,  -33,  -27,    0,    0,    0,    0,    0,    0,    0,    0,    0,
       0,    0,    0,    0,    0,    0,    0,    0,    0,    0,    0,   -8,    0,    0,    0,    0,    0,    0,    0,    0,    0,   -7,    0,    0,    0,  -33,    0,  -33,  -27,    0,  -40,    0,    0,    0,    0,    0,    0,    0,    0,    0,    0,    0,    0,    0,    0,    0,  -27,  -13,    0,  -13,    0,    0,    0,    0,    0,    0,    0,  -40,    0,    0,    0,  -33,  -27,    0,    0,    0,    0,    0,    0,    0,    0,    0,
       0,    0,    0,    0,    0,    0,    0,  -31,  -17,  -10,  -10,  -20,  -17,    0,    0,    0,    0,    0,    0,  -33,    0,  -13,    0,  -17,    0,    0,    0,    0,    0,    0,    0,    0,    0,    0,    0,    0,  -17,    0,    0,  -17,    0,    0,    0,  -10,    0,    0,    0,    0,   -2,    0,    0,    0,    0,    0,    0,  -33,    0,    0,   -4,  -11,    0,    0,    0,    0,    0,    0,    0,    0,    0,    0,    0,    0,
       0,    0,    0,    0,    0,    0,    0,  -17,    0,    0,    0,    0,    0,    0,    0,    0,    0,    0,    0,    0,    0,    0,    0,    0,    0,    0,    0,    0,    0,    0,    0,    0,    0,    0,    0,    0,    0,    0,    0,    0,    0,    0,    0,    0,    0,    0,    0,    0,    0,    0,    0,    0,    0,    0,    0,    0,    0,    0,    0,    0,    0,    0,    0,    0,    0,    0,    0,    0,    0,    0,  -17,    0,
       0,    0,    0,    0,    0,    0,    0,    0,    0,    0,    0,    0,    0,    0,    0,    0,  -13,    0,    0,    0,    0,    0,    0,    0,    0,    0,    0,    0,    0,    0,    0,    0,    0,    0,    0,    0,    0,    0,    0,    0,    0,    0,    0,    0,    0,    0,    0,    0,    0,    0,    0,    0,    0,    0,    0,    0,    0,    0,    0,    0,    0,    0,    0,    0,    0,    0,    0,    0,    0,    0,    0,    0,
       0,    0,    0,    0,    0,    0,    0,    0,    0,    0,    0,   -7,    0,    0,    0,    0,    0,    0,    0,    0,    0,    0,    0,    0,    0,    0,    0,    0,    0,    0,    0,    0,    0,    0,    0,    0,    0,    0,    0,    0,    0,    0,    0,    0,    0,    0,    0,    0,    0,    0,    0,    3,    0,    0,    0,    0,    0,    0,    0,    0,    0,    0,    0,    0,    0,    0,    0,    0,    0,    0,    0,    0,
       0,    0,    0,    0,    0,    0,    0,   -8,    0,    0,    0,    0,    0,    0,    0,    0,    0,    0,    0,    0,    0,    0,    0,    0,    0,    0,    0,    0,    0,    0,    0,    0,    0,    0,    0,    0,    0,    0,    0,    0,    0,    0,    0,    0,    0,    0,    0,    0,    0,    0,    0,    0,    0,    0,    0,    0,    0,    0,    0,    0,    0,    0,    0,    0,    0,    0,    0,    0,    0,    0,  -10,    0,
       0,    0,    0,    0,    0,    0,    0,    0,    0,    0,   -7,    0,    0,   -7,    0,    0,    0,    0,    0,    0,    0,    0,    0,    0,    0,    0,    0,    0,    0,    0,    0,    0,    0,    0,    0,    0,    0,    0,    0,    0,    0,    0,    0,    0,    0,    0,    0,    0,    0,    0,    0,    0,    0,    0,    0,    0,    0,    0,    0,    0,    0,    0,    0,    0,    0,    0,    0,    0,    0,    0,    0,  -20,
       0,    0,    0,    0,    0,    0,    0,  -13,    0,    0,    0,    0,    0,    0,    0,    0,    0,    0,    0,    0,    0,    0,    0,    0,    0,    0,    0,    0,    0,    0,    0,    0,    0,    0,    0,    0,    0,    0,    0,    0,    0,    0,    0,    0,    0,    0,    0,    0,    0,    0,    0,    0,    0,    0,    0,    0,    0,    0,    0,    0,    0,    0,    0,    0,    0,    0,    0,    0,    0,    0,   -7,    0,
       0,    0,    0,    0,    0,    0,    0,    0,    0,    0,    0,    0,    0,    0,    0,    0,    0,    0,    0,    0,    0,    0,    0,    0,    0,    0,    0,    0,    0,    0,    0,    0,    0,    0,    0,    0,    0,    0,    0,    0,    0,    0,    0,    0,    0,    0,    0,    0,    0,    0,    0,    0,    0,    0,    0,    0,    0,    0,    0,    0,    0,    0,    0,    0,    0,    0,    0,    0,    0,    0,   -7,    0,
       0,    0,    0,    0,  -33,    0,  -27,  -40,    0,   -5,   -7,   -8,   -7,    0,   -7,    0,  -17,    0,    0,    0,    0,    0,    0,    0,    0,    0,    0,    0,    0,    0,    0,    0,    0,    0,    0,    0,    0,    0,    0,    0,    0,    0,    0,    0,    0,    0,    0,    0,    0,    0,    0,    0,    0,    0,    0,    0,    0,    0,    0,    0,    0,    0,    0,    0,    0,    0,    0,    0,    0,    0,  -30,    0,
       0,    0,    0,    0,    0,    0,    0,    0,    0,    0,    0,    0,    0,    0,    0,    0,    0,    0,    0,    0,    0,    0,    0,    0,    0,    0,    0,    0,    0,    0,    0,    0,    0,    0,    0,    0,    0,    0,    0,    0,    0,    0,    0,    0,    0,    0,    0,    0,    0,    0,    0,    0,    0,    0,    0,    0,    0,    0,    0,    0,    0,    0,    0,    0,    0,    0,    0,    0,    0,    0,  -10,    0,
       0,    0,    0,    0,    0,    0,    0,  -17,    0,    0,    0,    0,    0,    0,    0,    0,    0,    0,    0,    0,    0,    0,    0,    0,    0,    0,    0,    0,    0,    0,    0,    0,    0,    0,    0,    0,    0,    0,    0,    0,    0,    0,    0,    0,    0,    0,    0,    0,    0,    0,    0,    0,    0,    0,    0,    0,    0,    0,    0,    0,    0,    0,    0,    0,    0,    0,    0,    0,    0,    0,  -13,    0,
       0,    0,    0,    0,    0,    0,    0,    0,    0,   -7,    0,    0,    0,    0,    0,    0,    0,    0,    0,    0,    0,    0,    0,    0,    0,    0,    0,    0,    0,    0,    0,    0,    0,    0,    0,    0,    0,    0,    0,    0,    0,    0,    0,    0,    0,    0,    0,    0,    0,    0,    0,    0,    0,    0,    0,    0,    0,    0,    0,    0,    0,    0,    0,    0,    0,    0,    0,    0,    0,    0,    0,    0,
       0,    0,    0,    0,    0,    0,    0,    0,    0,  -20,  -10,    0,    0,  -17,    0,    0,    0,    0,    0,    0,    0,    0,    0,    0,    0,    0,    0,    0,    0,    0,    0,    0,    0,    0,    0,    0,    0,    0,    0,    0,    0,    0,    0,    0,    0,    0,    0,    0,    0,    0,    0,    0,    0,    0,    0,    0,    0,    0,    0,    0,    0,    0,    0,    0,    0,    0,    0,    0,    0,    0,    0,    0,
       0,    0,    0,    0,    0,    0,    0,    0,    0,    0,    0,    0,    0,    0,    0,    0,    0,    0,    0,  -13,    0,    0,    0,  -25,    0,    0,    0,    0,    0,    0,    0,    0,    0,    0,    0,    0,    0,    0,    0,    0,    0,    0,    0,    0,    0,    0,    0,    0,    0,    0,    0,    0,    0,    0,    0,  -13,    0,    0,    0,   -5,    0,    0,    0,    0,    0,    0,    0,    0,    0,    0,    0,    0,
       0,    0,    0,    0,    0,    0,    0,    0,    0,    0,    0,    0,    0,    0,    0,    0,    0,    0,    0,    0,    0,    0,    0,    0,    0,    0,    0,   -2,    0,    0,    0,    0,    0,    0,    0,    0,    0,    0,    0,    0,    0,    0,    0,    0,    0,    0,    0,    0,   -1,    0,    0,    0,    0,    0,    0,    0,    0,    0,    0,    0,    0,    0,    0,    0,    0,    0,    0,    0,    0,    0,    0,    0,
       0,    0,    0,  -25,    0,  -17,    0,    0,    0,    0,    0,    0,    0,    0,    0,    0,    0,    0,    0,    0,    0,   -7,    0,    0,    0,  -17,   -7,  -25,  -13,    0,  -27,    0,    0,  -33,    0,    0,   -7,    0,   -7,   -3,    0,    0,    0,    0,   -2,   -3,  -17,  -15,    0,   -8,    0,    0,    0,    0,    0,    0,    0,  -27,   -7,   -7,    0,  -17,  -13,  -17,  -17,  -43,  -45,  -23,  -25,    0,    0,    0,
       0,    0,   -7,    0,    0,    0,    0,  -13,    0,    0,    0,    0,    0,    0,    0,    0,    0,    0,    0,    0,    0,    0,    0,    0,    0,   -5,    0,   -3,   -2,   -4,   -8,    0,    0,    0,    0,    0,    0,   -1,    0,   -2,    0,    0,    0,    0,    0,    0,    0,    0,   -1,    0,    0,    0,    0,    0,    0,    0,    0,   -8,    0,    0,   -1,   -5,   -2,    0,    0,    0,    0,    0,    0,    0,    0,    0,
       0,    0,    7,    0,    0,    0,    0,    0,    0,    0,    0,    0,    0,    0,    0,    0,    0,    0,    0,    0,    0,    0,    0,    0,    0,    0,    0,    0,    0,    0,    0,    0,    0,    0,    0,    0,    0,    0,    0,    0,    0,    0,    0,    0,    0,    0,    0,    0,    0,    0,    0,    0,    0,    0,    0,    0,    0,    0,    0,    0,    0,    0,    0,    0,    0,    0,   13,    0,   13,    0,    0,    0,
       0,    0,  -10,    0,    0,    0,   -7,  -13,    0,    0,    0,    0,    0,    0,    0,    0,    0,    0,    0,   -7,    0,    0,   -5,   -5,    0,  -10,    0,  -10,   -2,  -12,  -12,  -15,    0,  -17,    0,    0,    0,    0,    0,    0,    0,    0,    0,    0,    0,    0,    0,    0,   -3,    0,    0,   -8,    0,    0,    0,   -7,    0,  -12,    0,    0,    0,  -10,   -2,    0,    0,    0,    0,    0,    0,    0,    0,    0,
       0,    0,    0,    0,    0,    0,    0,    0,    0,    0,    0,    0,    0,    0,    0,    0,    0,    0,    0,    0,    0,    0,    0,   -3,    0,    0,    0,    0,    0,    0,    0,    0,    0,    0,    0,    0,   -2,    0,    0,   -3,    0,    0,    0,    0,    0,   -3,   -5,    0,    0,   -3,    0,    0,    0,    0,    0,    0,    0,    0,    0,   -2,    0,    0,    0,    0,    0,    0,    0,    0,    0,    0,    0,    0,
       0,    0,    0,    0,  -27,    0,  -27,    0,    0,    0,    0,    0,    0,    0,    0,    0,    0,    0,    0,  -20,    0,   -3,    0,  -40,   -2,    5,    0,    0,    0,   -2,    0,    0,    0,    0,    0,    0,   -5,    0,    0,   -3,    0,   -3,   -3,   -3,    0,   -5,   -2,    0,   -5,    0,   -2,    0,    0,    0,    0,  -20,  -39,    0,    0,   -5,    0,    5,    0,    0,    0,    0,    0,    0,    0,    0,    0,    0,
       0,    0,    0,    0,    0,    0,    0,  -13,    0,    0,    0,    0,    0,    0,    0,    0,    0,    0,    0,   -3,    0,    0,   -3,    0,    0,   -8,    0,   -5,   -3,    0,   -8,    0,    0,  -17,    0,    0,    0,    0,    0,    0,    0,    0,    0,    0,    0,    0,    0,    0,    0,    0,    0,    0,    0,    0,    0,   -3,    0,   -8,    0,    0,    0,   -8,   -3,    0,    0,    0,    0,    0,    0,    0,    0,    0,
       0,    0,    0,    0,    0,    0,    0,    0,    0,    0,    0,    0,    0,    0,    0,    0,    0,    0,    0,    0,    0,   -5,    0,    0,    0,    0,    0,    0,    0,    0,    0,    0,    0,    0,    0,    0,    0,    0,    0,    0,    0,    0,    0,    0,    0,    0,    0,    0,    0,    0,    0,    0,    0,    0,    0,    0,    0,    0,    0,    0,    0,    0,    0,    0,    0,    0,    0,    0,    0,    0,    0,    0,
       0,    0,   13,    0,  -23,    0,  -17,  -17,    0,    0,    0,    0,    0,    0,    0,    0,    0,    0,    0,  -25,    0,  -10,    0,  -17,    0,    0,    0,    0,    0,    0,    0,    0,    0,    0,   10,    0,  -17,    0,  -17,  -17,    0,  -13,  -13,  -13,    0,  -17,  -13,   -7,    0,  -13,   -7,   13,    0,    0,    0,  -25,    0,    0,  -17,  -17,    0,    0,    0,    0,    0,   20,   27,   20,   27,    0,    0,    0,
       0,    0,    0,    0,    0,  -30,    0,    0,    0,    0,    0,    0,    0,    0,    0,    0,    0,    0,    0,    0,    0,  -15,    0,  -10,   -3,    0,   -5,   -2,   -2,    0,    7,    0,    0,    0,    0,    0,  -15,    0,    0,    0,    0,   -3,   -3,   -1,   -1,   -4,  -13,  -13,    0,  -13,    0,    0,    0,    0,    0,    0,    0,    7,    0,  -15,    0,    0,   -2,  -30,  -30,    0,    0,    0,    0,    0,    0,    0,
       0,    0,    0,  -25,    0,  -20,    0,    0,    0,    0,    0,    0,    0,    0,    0,    0,    0,    0,    0,    0,    0,   -7,    0,    0,    0,  -28,   -7,  -25,  -25,    0,  -40,    0,    0,  -33,    0,    0,   -7,    0,    0,    0,    0,    0,    0,    0,   -2,    0,   -8,   -2,    0,  -13,    7,    0,    0,    0,    0,    0,    0,  -40,    0,   -7,    0,  -28,  -25,  -20,  -20,  -40,  -33,  -40,  -33,    0,    0,    0,
       0,    0,    0,    0,  -43,    0,  -33,  -27,    0,    0,    0,    0,    0,    0,    0,    0,    0,    0,    0,  -22,    0,    0,    0,  -25,    0,    0,    0,    0,    3,   -5,    0,   -5,    0,  -17,    0,    0,   -3,    0,    3,   -3,    0,    0,    0,    0,    5,   -2,    3,    5,    0,    3,    0,    0,    0,    0,    0,  -22,    0,    0,    3,   -3,    0,    0,    3,    0,    0,   10,   17,   10,   17,    0,    0,    0,
       0,    0,  -10,    0,    0,    0,   -7,  -13,    0,    0,    0,    0,    0,    0,    0,    0,    0,    0,    0,   -7,    0,    0,   -5,   -5,    0,  -10,    0,  -10,   -2,  -12,  -12,  -15,    0,  -17,    0,   -3,    0,    0,    0,    0,    0,    0,    0,    0,    0,    0,    0,    0,   -3,    0,    0,   -8,    0,    0,    0,   -7,    0,  -12,    0,    0,    0,  -10,   -2,    0,    0,    0,    0,    0,    0,    0,    0,    0,
       0,    0,    0,    0,    0,  -20,    0,    0,    0,    0,    0,    0,    0,    0,    0,    0,    0,    0,    0,    0,    0,   -3,    0,  -10,    0,   -7,   -2,  -10,    0,    0,  -17,    0,    0,  -13,    0,    0,   -7,    0,    0,    0,    0,    0,    0,    0,    0,   -3,    0,    0,    0,    0,    0,    0,    0,    0,    0,    0,    0,  -17,    0,   -7,    0,   -7,    0,  -20,  -20,    0,    0,    0,    0,    0,    0,    0,
       0,    0,    0,    0,    0,    0,    0,    0,    0,    0,    0,    0,    0,    0,    0,    0,    0,    0,    0,    0,    0,    0,    0,    0,    0,    0,    0,    0,    0,   -5,   -5,    0,    0,    0,    0,    0,    0,    0,    0,    0,    0,    0,    0,    0,    0,    0,    0,    0,    0,    0,    0,    0,    0,    0,    0,    0,    0,   -5,    0,    0,    0,    0,    0,    0,    0,    0,    0,    0,    0,    0,    0,    0,
       0,  -18,    0,    0,  -33,  -33,  -33,  -20,    0,    0,    0,    0,    0,    0,    0,    0,    0,    0,    0,  -17,    0,  -10,    0,  -27,    0,   10,    0,    3,    3,    0,    3,    0,    0,    0,    0,    0,  -33,    0,    0,  -15,    0,  -20,   -7,  -33,    0,  -33,   -3,  -23,   -5,  -17,  -23,    0,    0,    0,    0,  -17,  -37,    3,    0,  -33,    0,   10,    3,  -33,  -33,    0,    0,    0,    0,    0,    0,    0,
       0,    0,    0,    0,    0,    0,    0,    0,    0,    0,    0,    0,    0,    0,    0,    0,    0,    0,    0,   -7,    0,    0,    0,   -3,   -3,    0,    0,    0,    0,   -3,   -3,    0,    0,    0,    0,    0,    0,    0,    0,    0,    0,    0,    0,    0,    0,    0,    0,    0,   -2,    0,    0,    0,    0,    0,    0,   -7,    0,   -3,    0,    0,    0,    0,    0,    0,    0,    0,    0,    0,    0,    0,    0,    0,
       0,  -17,    0,    0,  -40,    0,  -33,  -27,    0,    0,    0,    0,    0,    0,    0,    0,    0,    2,   -2,  -25,    0,  -10,    0,  -33,   -3,    3,    0,    0,    0,    0,    0,    0,  -33,    0,    0,  -10,  -20,    0,    0,   -7,    0,   -7,   -4,   -5,    0,   -8,    0,    0,    0,    0,   -2,  -33,   -2,   -4,   -7,  -25,  -41,    0,    0,  -20,    0,    3,    0,    0,  -33,    0,    0,    0,    0,   -3,    0,    0,
       0,  -10,    0,    0,  -27,    0,  -27,  -27,    0,    0,    0,    0,    0,    0,    0,    0,    0,    0,    0,  -13,    0,   -2,    0,  -27,   -3,    3,    0,    0,    0,    0,    0,    0,  -23,    0,    0,    0,   -8,    0,    0,   -7,    0,   -1,   -1,    0,    0,   -3,    0,    0,    0,    0,    0,  -23,    0,    0,    0,  -13,    0,    0,    0,   -8,    0,    3,    0,    0,  -23,    0,    0,    0,    0,    0,    0,    0,
       0,    0,    0,    0,    0,    0,    0,    0,    0,    0,    0,    0,    0,    0,    0,    0,    0,    0,    0,    0,    0,  -12,    0,    0,   -5,    0,   -3,    0,    0,    0,    0,    0,  -27,    0,    0,    0,   -8,    0,    0,   -1,    0,    0,    0,    0,    0,   -3,   -9,   -6,    0,   -8,    0,  -27,    0,    0,    0,    0,    0,    0,    0,   -8,    0,    0,    0,    0,  -27,    0,    0,    0,    0,    0,    0,    0,
       0,  -17,    0,    0,  -40,    0,  -40,  -40,    0,    0,    0,    0,    0,    0,    0,    0,    0,    0,    0,  -27,    0,  -12,    0,  -40,   -8,    3,   -3,    0,    0,    0,    0,    0,  -33,    0,    0,    0,  -27,    0,    0,  -27,    0,   -8,   -7,  -12,    0,   -7,   -3,   -3,   -7,   -3,   -3,  -33,    0,    0,    0,  -27,    0,    0,    0,  -27,    0,    3,    0,    0,  -40,    0,    0,    0,    0,    0,    0,    0,
       0,    0,    0,    0,    0,    0,    0,    0,    0,    0,    0,    0,    0,    0,    0,    0,    0,    0,    0,    0,    0,   -2,    0,    0,    0,    0,    0,    0,    0,    0,    0,    0,    0,    0,    0,    0,   -2,    0,    0,    0,    0,    0,    0,    0,    0,   -2,   -2,    0,    0,    0,    0,    0,    0,    0,    0,    0,    0,    0,    0,   -2,    0,    0,    0,    0,    0,    0,    0,    0,    0,    0,    0,    0,
       0,    0,    0,    0,    0,    0,    0,    0,    0,  -13,  -17,    0,    0,    0,    0,    0,    0,    0,    0,  -17,    0,    0,    0,  -37,    0,  -33,    0,  -33,  -23,  -27,  -40,    0,    0,    0,    0,    0,    0,    0,    0,    0,    0,    0,    0,    0,    0,    0,   -7,   -7,  -13,   -7,    0,    0,    0,    0,    0,    0,    0,    0,    0,    0,    0,    0,    0,    0,    0,    0,    0,    0,    0,    0,    0,    0,
       0,    0,    0,    0,    0,    0,    0,    0,    0,    0,    0,    0,    0,    0,    0,    0,    0,    0,    0,    0,    0,  -17,    0,    0,    0,  -20,    0,  -13,  -13,    0,  -27,    0,    0,  -31,    0,    0,    0,    0,    0,    0,   20,    0,    0,    0,    0,    0,   -2,    0,    0,    0,    0,    0,    0,    0,    0,    0,    0,  -27,   -2,   -7,    0,  -20,  -13,    0,    0,    0,    0,    0,    0,    0,    0,    0,
       0,    0,    0,    0,    0,    0,    0,    0,    0,    0,    0,    0,    0,    0,    0,    0,    0,    0,    0,    0,    0,    0,    0,    0,    0,    0,    0,  -10,    0,    0,    0,    0,    0,    0,    0,    0,    0,    0,    0,    0,    0,    0,    0,    0,    0,    0,   -7,    0,    0,    0,    0,    0,    0,    0,    0,    0,    0,    0,    0,  -11,    3,    0,    0,    0,    0,    0,    0,    0,    0,    0,    0,    0,
       0,    0,    0,    0,    0,    0,    0,    0,    0,    0,    0,    0,    0,    0,    0,    0,    0,    0,    0,    7,    0,   -7,    0,    0,    0,  -22,   -3,   -9,   -3,    0,  -18,    0,    0,  -10,    0,    0,    0,    0,    0,    0,    0,    0,    0,    0,    0,   -3,   -4,   -2,    0,   -4,    0,    0,    0,    0,    0,    7,    0,  -18,    0,    0,    0,  -22,   -3,    0,    0,    0,    0,    0,    0,    0,    0,    0,
       0,    0,   -8,    0,    0,    0,    0,  -17,    0,    0,    0,    0,    0,    0,    0,    0,    0,    0,    0,    0,    0,    0,    0,    0,    0,  -16,    0,   -8,   -5,   -5,  -13,   -3,    0,  -17,    0,    0,    0,    0,   -7,    0,    0,    0,    0,    0,    0,    0,   -5,   -7,   -7,   -7,   -3,   -8,    0,    0,    0,    0,    0,  -13,   -7,    0,    0,  -16,   -5,    0,    0,    0,    0,    0,    0,    0,    0,    0,
       0,    0,    0,    0,    0,    0,    0,    0,    0,    0,    0,    0,    0,    0,    0,    0,    0,    0,    0,    0,    0,    0,    0,    0,    0,  -10,    0,   -5,   -3,   -2,  -12,    0,    0,    0,    0,    0,    0,    0,    0,    0,    0,    0,    2,    0,    0,    0,    0,    0,    0,   -5,    0,    0,    0,    0,    0,    0,    0,  -12,    0,    0,    0,  -10,   -3,    0,    0,    0,   10,    0,   10,    0,    0,    0,
       0,    0,    0,    0,    0,    0,    0,    0,    0,    0,    0,    0,    0,    0,    0,    0,    0,    0,    0,    0,    0,    0,    0,    0,    0,    0,    0,    0,    0,    0,    0,    0,    0,    0,    0,    0,    0,    0,    0,    0,    0,    0,    0,    0,    0,    5,    0,    0,    0,    0,    0,    0,    0,    0,    0,    0,    0,    0,    0,    0,    0,    0,    0,    0,    0,    0,    0,    0,    0,    0,    0,    0,
       0,    0,    0,    0,    0,    0,    0,    0,    0,    0,    0,    0,    0,    0,    0,    0,    0,    0,    0,    0,    0,    0,    0,    0,    0,  -15,    0,   -7,   -3,   -3,  -12,    0,    0,  -13,    0,    0,    0,    0,    0,   -2,    0,    0,    0,    0,    0,    0,   -3,   -3,   -1,   -3,    0,    0,    0,    0,    0,    0,    0,  -12,    0,    0,    0,  -15,   -3,    0,    0,    0,    0,    0,    0,    0,    0,    0,
       0,    0,   10,   10,    0,    0,    0,   -7,    0,    0,    0,    0,    0,    0,    0,    0,    0,    0,    0,   -7,    0,    0,    0,    0,    0,   20,    0,   18,   17,   17,   17,   17,    0,    0,   13,    0,   -7,    0,    0,    0,    0,    0,    0,    0,    1,    0,    3,    1,    0,    0,    1,    0,    0,    0,    0,   -7,    0,   17,    0,   -7,    0,   20,   17,    0,    0,   10,   13,   10,   13,    0,    0,    0,
       0,    0,    0,    0,   -2,    0,    0,    0,    0,    0,    0,    0,    0,    0,    0,    0,    0,    0,    0,   -5,    0,   -3,    0,    0,   -2,    0,    0,    0,    0,    0,   -5,    0,    0,  -10,    0,    0,    0,    0,    0,    0,    3,    0,    0,   -3,    0,   -3,    0,    0,    0,    0,    0,    0,    0,    0,    0,   -5,    0,   -5,    0,    0,    0,    0,    0,    0,    0,    0,    0,    0,    0,    0,    0,    0,
       0,    0,    0,    0,    0,    0,    0,    0,    0,    0,    0,    0,    0,    0,    0,    0,    0,    0,    0,    0,    0,    0,    0,    0,    0,  -10,    0,  -10,    0,    0,   -8,    0,    0,  -13,    0,    0,    0,    0,    0,    0,    0,    0,    0,    0,    0,    0,    0,    0,    0,   -2,    0,    0,    0,    0,    0,    0,    0,   -8,    0,    0,    0,  -10,    0,    0,    0,    0,    0,    0,    0,    0,    0,    0,
       0,    0,    0,    0,    0,    0,    0,    0,    0,    0,    0,    0,    0,    0,    0,    0,    0,    0,    0,    0,    0,    0,    0,    0,    0,  -10,    0,    0,    0,    0,    0,    0,    0,    0,    0,    0,    0,    0,    0,    0,    0,    0,    0,    0,    0,    0,    0,    0,    0,    0,    0,    0,    0,    0,    0,    0,    0,    0,    0,    0,    0,  -10,    0,    0,    0,    0,    0,    0,    0,    0,    0,    0,
       0,    0,    0,    0,    0,    0,    0,    0,    0,    0,    0,    0,    0,    0,    0,    0,    0,    0,    0,    0,    0,    0,    0,    0,    0,  -10,   -3,    0,    0,    0,    0,    0,    0,    0,    0,    0,    0,    0,    0,    0,    2,    0,    0,    0,    0,    0,    0,    0,    0,    0,    0,    0,    0,    0,    0,    0,    0,    0,    0,    0,    0,  -10,    0,    0,    0,    0,    0,    0,    0,    0,    0,    0,
       0,    0,    0,    0,    0,    0,    0,    0,    0,    0,    0,    0,    0,    0,    0,    0,    0,    0,    0,    0,    0,   -3,    0,    0,    0,    0,    0,    0,    0,    0,   -7,    0,    0,  -13,    0,    0,   -7,   -2,    0,   -7,   -2,    0,    0,   -2,    0,   -2,    0,    0,    0,    0,    0,    0,    0,    0,    0,    0,    0,   -7,    0,   -7,   -2,    0,    0,    0,    0,    0,    0,    0,    0,    0,    0,    0,
       0,    0,    0,    0,    0,    0,    0,    0,    0,    0,    0,    0,    0,    0,    0,    0,    0,    0,    0,    0,    0,   -7,    0,    0,    0,   -8,    0,  -10,   -7,    0,  -10,    0,    0,    0,    0,    0,   -3,    0,    0,   -3,   -5,    0,    0,    0,   -1,   -2,   -8,   -5,    0,   -5,    0,    0,    0,    0,    0,    0,    0,  -10,    0,   -3,    0,   -8,   -7,    0,    0,    0,    0,    0,    0,    0,    0,    0,
       0,    0,   10,    0,    0,    0,    0,    0,    0,    0,    0,    0,    0,    0,    0,    0,    0,    0,    0,    0,    0,    0,    0,    0,    0,   -7,    0,   -6,    0,    0,   -5,    0,    0,   -2,    0,    0,    0,    0,    0,    0,    7,    0,    0,    0,    0,    0,    0,    0,    0,    0,    0,    0,    0,    0,    0,    0,    0,   -5,    0,    0,    0,   -7,    0,    0,    0,    0,    0,    0,    0,    0,    0,    0,
       0,    0,    0,    7,  -23,    0,  -38,   -7,    0,    0,    0,    0,    0,    0,    0,    0,    0,    0,    0,  -10,    0,    0,    0,    0,    0,   -3,    0,    0,    0,   -5,    0,    0,  -10,    0,    0,    0,   -7,    0,    0,   -5,   -3,    0,    0,    0,    7,    0,   17,   17,    0,    0,    0,  -10,    0,    0,    0,  -10,    0,    0,    0,   -7,    0,   -3,    0,    0,    0,    0,   17,    0,   17,    0,    0,    0,
       0,    0,    0,    0,    0,    0,    0,    0,    0,    0,    0,    0,    0,    0,    0,    0,    0,    0,    0,    0,    0,   -2,    0,    0,    0,  -15,    0,   -2,    0,   -2,   -7,    0,    0,    0,    0,    0,    0,    0,    0,    0,    0,    0,    0,    0,    0,    0,    0,    0,   -2,    0,    0,    0,    0,    0,    0,    0,    0,   -7,    0,    0,    0,  -15,    0,    0,    0,    0,    0,    0,    0,    0,    0,    0,
       0,    0,    0,    0,   -7,    0,    0,    0,    0,    0,    0,    0,    0,    0,    0,    0,    0,    0,    0,    0,    0,    0,    0,    0,    0,    0,    0,    0,    0,    0,    0,    0,    0,    0,    0,    0,   -2,    0,   -8,   -2,    0,    0,    0,    7,    0,    0,    0,    0,    0,    0,    0,    0,    0,    0,    0,    0,    0,    0,   -8,   -2,    0,    0,    0,    0,    0,    0,    0,    0,    0,    0,    0,    0,
       0,    0,    0,    0,    0,    0,    0,    0,    0,    0,    0,    0,    0,    0,    0,    0,    0,    0,    0,    0,    0,    0,    0,    0,    0,  -10,    0,   -3,   -3,    0,   -5,    0,    0,    0,    0,    0,    0,    0,    0,   -3,    0,    0,    0,    0,    0,    0,    0,    0,    0,    0,    0,    0,    0,    0,    0,    0,    0,   -5,    0,    0,    0,  -10,   -3,    0,    0,    0,    0,    0,    0,    0,    0,    0,
       0,  -10,    0,    2,  -13,    0,  -13,   -7,    0,    0,    0,    0,    0,    0,    0,    0,    0,    1,    0,   -8,    0,    0,    0,    0,    0,   -3,    0,    0,    0,   -9,   -3,   -7,   -7,    0,    0,   -7,   -5,    0,    0,   -3,    0,    0,    0,   -2,   17,    0,   17,    0,    0,    0,    0,   -7,    0,    0,   -4,   -8,    0,   -3,    0,   -6,    0,   -3,    0,    0,    0,    0,    0,    0,    0,    0,    0,    0,
       0,  -10,    0,    0,  -13,    0,  -13,   -7,    0,    0,    0,    0,    0,    0,    0,    0,    0,    0,    0,   -2,    0,    0,    0,    0,    0,   -3,    0,    0,    0,   -6,   -3,   -2,   -7,    0,    0,    0,   -5,    0,    0,   -5,    0,    0,    0,   -2,   17,    0,   13,    0,    0,    0,    0,   -7,    0,    0,    0,   -2,    0,   -3,    0,   -5,    0,   -3,    0,    0,    0,    0,    0,    0,    0,    0,    0,    0,
       0,   -1,    0,    0,    0,    0,    0,    0,    0,    0,    0,    0,    0,    0,    0,    0,    0,    0,    0,    0,    0,   -3,    0,    0,    0,   -5,   -2,    0,    0,    0,   -7,    0,  -13,   -2,    0,    0,  -10,    0,    0,    0,    0,    0,    0,   -2,    0,   -2,    0,    0,    0,    0,    0,  -13,    0,   -2,    0,    0,    0,   -7,    0,  -11,    0,   -5,    0,    0,    0,    0,    0,    0,    0,    0,    0,    0,
       0,  -10,    0,    0,    0,    0,  -13,   -7,    0,    0,    0,    0,    0,    0,    0,    0,    0,    0,    0,   -8,    0,    0,    0,    0,    0,   -3,    0,    0,    0,   -7,   -3,   -3,   -7,    0,    0,    0,   -3,    0,    0,   -5,    0,    0,    0,   -3,    0,    0,    0,    0,    0,    0,    0,   -7,    0,    0,    0,   -8,    0,   -3,    0,   -3,    0,   -3,    0,    0,    0,    0,    0,    0,    0,    0,    0,    0,
       0,    0,    0,    0,    0,    0,    0,    0,    0,    0,    0,    0,    0,    0,    0,    0,    0,    0,    0,    0,    0,    0,    0,    0,    0,   -3,    0,    0,    0,    0,   -3,    0,    0,  -13,    0,    0,   -3,    0,    0,    0,    0,    0,    0,    0,    0,    0,    0,    0,    0,    0,    0,    0,    0,    0,    0,    0,    0,   -3,    0,   -3,    0,   -3,    0,    0,    0,    0,    0,    0,    0,    0,    0,    0,
       0,    0,    0,    0,    0,    0,    0,    0,    0,  -13,  -17,    0,    0,    0,    0,    0,    0,    0,    0,  -17,    0,   -8,    0,  -33,    0,  -33,    0,  -33,  -23,  -27,  -40,    0,    0,    0,    0,    0,   -8,    0,    0,    0,    0,    0,    0,    0,    0,    0,   -7,   -7,  -13,   -7,    0,    0,    0,    0,    0,    0,    0,    0,    0,   -8,    0,    0,    0,    0,    0,    0,    0,    0,    0,    0,    0,    0,
       0,    0,    0,    0,    0,    0,    0,    0,    0,  -13,  -17,    0,    0,    0,    0,    0,    0,    0,    0,  -17,    0,    0,    0,  -17,    0,  -33,    0,  -33,  -23,  -27,  -40,    0,    0,    0,    0,    0,    0,    0,    0,    0,    0,    0,    0,    0,    0,    0,   -7,   -7,  -13,   -7,    0,    0,    0,    0,    0,    0,    0,    0,    0,    0,    0,    0,    0,    0,    0,    0,    0,    0,    0,    0,    0,    0,
       0,    0,    0,    0,    0,    0,    0,    0,    0,    0,    0,    0,    0,    0,    0,    0,    0,    0,    0,    0,    0,    0,    0,    0,    0,    0,    0,   -2,    0,    0,    0,    0,    0,    0,    0,    0,    0,    0,    0,    0,    0,    0,    0,    0,    0,    0,    0,    0,    0,    0,    0,    0,    0,    0,    0,    0,    0,    0,    0,    0,    0,    0,    0,    0,    0,    0,    0,    0,    0,    0,    0,    0,
       0,    0,    0,    0,    0,    0,    0,    0,  -13,  -10,    0,  -10,    0,    0,    0,    0,    0,    0,    0,    0,    0,    0,    0,    0,    0,    0,    0,    0,    0,    0,    0,    0,    0,    0,    0,    0,    0,    0,    0,    0,    0,    0,    0,    0,    0,    0,    0,    0,    0,    0,    0,    0,    0,    0,    0,    0,    0,    0,    0,    0,    0,    0,    0,    0,    0,    0,    0,    0,    0,    0,    0,    0,
       0,    0,    0,    0,    0,    0,    0,    0,    0,    0,    0,    0,    0,    0,    0,    0,    0,    0,    0,    0,    0,    0,    0,    0,    0,    0,    0,   -4,    0,    0,    0,    0,    0,    0,    0,    0,    0,    0,    0,    0,    0,    0,    0,    0,    0,    0,    0,    0,   -2,    0,    0,    0,    0,    0,    0,    0,    0,    0,    0,    3,    0,    0,    0,    0,    0,    0,    0,    0,    0,    0,    0,    0,
       0,    0,    0,    0,    0,    0,    0,    0,    0,    0,    0,    0,    0,    0,    0,    0,    0,    0,    0,    0,    0,    0,    0,    0,    0,    0,    0,   -6,    0,    0,    0,    0,    0,    0,    0,    0,    0,    0,    0,    0,    0,    0,    0,    0,    0,    0,   -3,    0,    0,    0,    0,    0,    0,    0,    0,    0,    0,    0,    0,  -10,    0,    0,    0,    0,    0,    0,    0,    0,    0,    0,    0,    0,
       3,    0,    0,   -2,  -43,    0,  -33,  -13,    0,    0,    0,    0,    0,    0,    0,    0,    0,    0,    0,  -22,    0,    0,    0,  -25,    0,    0,    0,    0,    3,   -5,    0,   -5,    0,   -7,    0,  -18,   -3,    0,    3,   -3,    0,    0,    0,    0,    5,   -2,    4,    5,   -1,    3,    0,    0,    7,    8,   -7,  -22,    0,    0,    3,   -3,    0,    0,    3,    0,    0,   10,   17,   10,   17,    1,    0,    0,
       0,    0,   -8,   -7,    0,    0,    0,   -4,    0,    0,    0,    0,    0,    0,    0,    0,    0,    0,    0,    0,    0,    0,    0,    0,    0,  -16,    0,   -8,   -5,   -5,  -13,   -3,    0,   -2,    0,  -11,    0,    0,   -7,    0,    0,    0,    0,    0,    0,    0,   -6,   -7,   -8,   -7,   -3,   -8,    0,    3,    0,    0,    0,  -13,   -7,    0,    0,  -16,   -5,    0,    0,    0,    0,    0,    0,    0,    0,    0,
       0,    0,  -10,   -5,    0,    0,   -7,  -10,    0,    0,    0,    0,    0,    0,    0,    0,    0,    0,    0,   -7,    0,    0,   -5,   -5,    0,  -10,    0,  -10,   -2,  -12,  -12,  -15,    0,  -17,    0,  -18,    0,    0,    0,    0,    0,    0,    0,    0,    0,    0,    0,    0,   -4,    0,    0,   -8,    0,    3,   -7,   -7,    0,  -12,    0,    0,    0,  -10,   -2,    0,    0,    0,    0,    0,    0,    0,    0,    0,
       0,    0,    0,    0,    0,    0,    0,    0,    0,    0,    0,    0,    0,    0,    0,    0,    0,    0,    0,    0,   21,    0,    0,    0,    0,    0,    0,    0,    0,    0,    0,    0,    0,    0,    0,    0,    0,   29,    0,    0,    0,    0,    0,    0,    4,    0,    0,    0,    0,    0,    0,    0,    0,    0,    0,    0,    0,    0,    0,    0,   29,    0,    0,    0,    0,    0,    0,    0,    0,    0,    0,    0,
       0,    0,    0,    0,   -1,    0,    0,    0,    0,    0,    0,    0,    0,    0,    0,    0,    0,    0,    0,   -5,    0,   -3,    0,    0,   -2,    0,    0,    0,    0,    0,   -5,    0,    0,  -10,    0,    0,    0,    0,    0,    0,    3,    0,    0,   -3,    0,   -3,    0,    0,    0,    0,    0,    0,    0,    0,    0,   -5,    0,   -5,    0,    0,    0,    0,    0,    0,    0,    0,    0,    0,    0,    0,    0,    0,
       0,    0,    0,    0,    0,  -20,    0,    0,    0,    0,    0,    0,    0,    0,    0,    0,    0,    0,    0,    0,    0,   -3,    0,  -10,    0,   -7,   -2,  -10,    0,    0,  -17,    0,    0,  -13,    0,    0,   -7,    0,    0,    0,    0,    0,    0,    0,    0,   -3,    0,    0,    0,    0,    0,    0,    0,    0,    0,    0,    0,  -17,    0,   -7,    0,   -7,    0,    0,  -20,    0,    0,    0,    0,    0,    0,    0,
       0,    0,    0,    0,    0,    0,    0,    0,    0,    0,    0,    0,    0,    0,    0,    0,    0,    0,    0,  -45,    0,    0,    0,  -80,    0,    0,    0,    0,    0,    0,    0,    0,    0,    0,    0,    0,    0,    0,    0,  -13,    0,    0,    0,  -13,    0,    0,    0,    0,    0,    0,    0,    0,    0,    0,    0,  -45,    0,    0,    0,    0,    0,    0,    0,    0,    0,    0,    0,    0,    0,    0,    0,    0,
       0,    0,    0,    0,    0,    0,    0,    0,    0,    0,    0,    0,    0,    0,    0,    0,    0,    0,    0,  -20,    0,    0,    0,  -40,    0,    0,    0,    0,    0,    0,    0,    0,    0,    0,    0,    0,  -13,    0,    0,  -17,    0,  -10,    0,    0,    0,    0,    0,    0,    0,    0,    0,    0,    0,    0,    0,  -20,    0,    0,    0,  -13,    0,    0,    0,    0,    0,    0,    0,    0,    0,    0,    0,    0,
       0,    0,    0,    0,    0,    0,    0,    0,    0,    0,    0,    0,    0,    0,    0,    0,    0,    0,    0,  -25,    0,    0,    0,  -40,    0,    0,    0,    0,    0,    0,    0,    0,    0,    0,    0,    0,    0,    0,    0,  -13,    0,    0,    0,  -13,    0,    0,    0,    0,    0,    0,    0,    0,    0,    0,    0,  -25,    0,    0,    0,    0,    0,    0,    0,    0,    0,    0,    0,    0,    0,    0,    0,    0,
       0,    0,    0,    0,    0,    0,    0,    0,    0,    0,    0,    0,    0,    0,    0,    0,    0,    0,    0,  -25,    0,    0,    0,  -33,    0,    0,    0,    0,    0,    0,    0,    0,    0,    0,    0,    0,  -13,    0,    0,  -17,    0,    0,    0,    0,    0,    0,    0,    0,    0,    0,    0,    0,    0,    0,    0,  -25,    0,    0,    0,  -13,    0,    0,    0,    0,    0,    0,    0,    0,    0,    0,    0,    0,
       0,    0,    0,    0,    0,    0,    0,    0,    0,    0,    0,    0,    0,    0,    0,    0,    0,    0,    0,    0,    0,    0,    0,    0,    0,    0,    0,   -3,    0,    0,    0,    0,    0,    0,    0,    0,    0,    0,    0,    0,    0,    0,    0,    0,    0,    0,    0,    0,    0,    0,    0,    0,    0,    0,    0,    0,    0,    0,    0,    0,    0,    0,    0,    0,    0,    0,    0,    0,    0,    0,    0,    0,
       0,    0,    0,    0,    0,    0,    0,    0,  -17,    0,    0,    0,    0,    0,  -10,  -13,    0,    0,    0,    0,    0,    0,    0,    0,    0,    0,    0,    0,    0,    0,    0,    0,    0,    0,    0,    0,    0,    0,    0,    0,    0,    0,    0,    0,    0,    0,    0,    0,    0,    0,    0,    0,    0,    0,    0,    0,    0,    0,    0,    0,    0,    0,    0,    0,    0,    0,    0,    0,    0,    0,    0,    0,
       0,    0,    0,    0,    0,    0,    0,    0,    0,  -13,    0,    0,    0,    0,    0,    0,    0,    0,    0,    0,    0,    0,    0,    0,    0,    0,    0,    0,    0,    0,    0,    0,    0,    0,    0,    0,    0,    0,    0,    0,    0,    0,    0,    0,    0,    0,    0,    0,    0,    0,    0,    0,    0,    0,    0,    0,    0,    0,    0,    0,    0,    0,    0,    0,    0,    0,    0,    0,    0,    0,    0,    0,
       0,    0,    0,    0,    0,    0,    0,    0,    0,    0,    0,  -27,    0,    0,    0,    0,    0,    0,    0,    0,    0,    0,    0,    0,    0,    0,    0,    0,    0,    0,    0,    0,    0,    0,    0,    0,    0,    0,    0,    0,    0,    0,    0,    0,    0,    0,    0,    0,    0,    0,    0,    0,    0,    0,    0,    0,    0,    0,    0,    0,    0,    0,    0,    0,    0,    0,    0,    0,    0,    0,    0,    0,
};

static const EpdLigaturePair lexenddeca_10_regularLigaturePairs[] = {
    { 0x00660069, 0xFB01 }, // f i -> U+FB01
    { 0x0066006C, 0xFB02 }, // f l -> U+FB02
};

static const EpdFontData lexenddeca_10_regular = {
    lexenddeca_10_regularBitmaps,
    lexenddeca_10_regularGlyphs,
    lexenddeca_10_regularIntervals,
    57,
    26,
    21,
    -6,
    true,
    lexenddeca_10_regularGroups,
    11,
    nullptr,
    lexenddeca_10_regularKernLeftClasses,
    lexenddeca_10_regularKernRightClasses,
    lexenddeca_10_regularKernMatrix,
    400,
    396,
    87,
    72,
    lexenddeca_10_regularLigaturePairs,
    2,
};
