/**
 * generated by fontconvert.py
 * name: lexenddeca_14_regular
 * size: 14
 * mode: 2-bit  compressed: true
 * Command used: fontconvert.py lexenddeca_14_regular 14 ../builtinFonts/source/LexendDeca/LexendDeca-Regular.ttf --2bit --compress --pnum
 */
#pragma once
#include "EpdFontData.h"

static const uint8_t lexenddeca_14_regularBitmaps[17502] = {
    0xAD, 0x59, 0xBD, 0x93, 0xDD, 0x56, 0x15, 0x3F, 0x92, 0xBC, 0x56, 0x40, 0xC3, 0xC8, 0x05, 0x2F,
    0xC3, 0x38, 0x13, 0x94, 0x16, 0x33, 0x89, 0xF8, 0x03, 0x9C, 0x48, 0xE0, 0x22, 0x45, 0x8A, 0xB8,
    0xD8, 0x0D, 0x05, 0x85, 0x1B, 0x0A, 0xC6, 0x8D, 0x29, 0x28, 0x93, 0x48, 0x81, 0x82, 0x92, 0x6D,
    0x4C, 0x41, 0x13, 0x17, 0x2E, 0xF0, 0x66, 0x06, 0x53, 0xA6, 0xB0, 0x7D, 0x45, 0xF8, 0x07, 0x04,
    0x01, 0x5C, 0xA2, 0x10, 0x67, 0x20, 0x9B, 0x02, 0x65, 0x22, 0x4F, 0xB4, 0xB6, 0x74, 0x2F, 0xBF,
    0xDF, 0xB9, 0x7A, 0xCF, 0x6B, 0xAF, 0x6D, 0x9C, 0x8F, 0xF7, 0x74, 0xCF, 0xBE, 0x27, 0xDD, 0x77,
    0xEE, 0xF9, 0xFE, 0xDA, 0x53, 0x65, 0x51, 0xDF, 0xF7, 0x2E, 0x73, 0xBE, 0x25, 0xC3, 0x9B, 0xAF,
    0x63, 0x52, 0x94, 0x55, 0x53, 0x35, 0x45, 0x79, 0x4C, 0x56, 0x3F, 0xDC, 0xAE, 0xCE, 0x8C, 0x55,
    0x34, 0x54, 0x51, 0x7F, 0x3D, 0xEE, 0xAE, 0xC5, 0xED, 0xB5, 0xB8, 0x19, 0x93, 0x86, 0xFB, 0xB6,
    0xCA, 0x95, 0x48, 0x5E, 0x17, 0x82, 0xFD, 0x04, 0x52, 0x11, 0xBC, 0x29, 0xB9, 0x73, 0xAE, 0x2F,
    0x00, 0x06, 0x05, 0x32, 0xCB, 0x24, 0x32, 0x05, 0x04, 0xE1, 0x28, 0x01, 0x41, 0x38, 0x46, 0x83,
    0xBC, 0x63, 0xDF, 0xB1, 0x35, 0x76, 0xB8, 0x46, 0x41, 0xDC, 0x27, 0x9D, 0x00, 0xB4, 0x92, 0x74,
    0x29, 0x40, 0x9B, 0x36, 0x92, 0x36, 0x00, 0x12, 0x0C, 0x22, 0x21, 0xD6, 0x33, 0x07, 0x22, 0xCE,
    0xB5, 0xB1, 0x73, 0x63, 0xEA, 0x9C, 0xCD, 0x3F, 0xB8, 0x3D, 0x15, 0x7F, 0x1A, 0x7E, 0x80, 0x25,
    0xF9, 0x07, 0x83, 0x64, 0x76, 0x90, 0xD4, 0xCD, 0x12, 0x61, 0x8F, 0x54, 0x38, 0x38, 0xC6, 0x97,
    0xF8, 0xA6, 0x95, 0xF8, 0x2F, 0xEE, 0xD9, 0xB8, 0x75, 0xC5, 0xCB, 0xAD, 0x35, 0x9F, 0xDC, 0x9C,
    0x41, 0xD5, 0x94, 0x80, 0xC4, 0xC0, 0xB8, 0x12, 0xC7, 0x88, 0xAE, 0xE3, 0xB5, 0x84, 0xB7, 0x44,
    0x56, 0x92, 0x39, 0x11, 0x2B, 0x85, 0xAB, 0xC3, 0x49, 0xDE, 0x4C, 0x9B, 0xA8, 0x17, 0x30, 0x9D,
    0x76, 0x32, 0xC5, 0x5D, 0xDE, 0x10, 0x82, 0xD5, 0x6B, 0x49, 0x6B, 0x45, 0xAA, 0xEC, 0x3D, 0xF0,
    0x94, 0xBB, 0x33, 0x3D, 0x50, 0xCC, 0x69, 0x57, 0xD5, 0x72, 0x36, 0x7F, 0xCF, 0xE1, 0x5B, 0x11,
    0xDD, 0x1D, 0x81, 0x25, 0x69, 0x27, 0x09, 0xA7, 0xB4, 0xB9, 0x2E, 0x51, 0x9F, 0x36, 0x6F, 0x48,
    0xDA, 0x11, 0x66, 0xE0, 0xE9, 0x1A, 0x04, 0x15, 0x7F, 0x3A, 0xE1, 0xA0, 0x08, 0x74, 0x00, 0x8B,
    0x51, 0x89, 0xE2, 0x15, 0xEC, 0x95, 0x80, 0x29, 0xB1, 0x80, 0x08, 0x3C, 0x11, 0xF3, 0x0F, 0x9C,
    0x25, 0x4E, 0xAE, 0x0B, 0x09, 0x7B, 0x4E, 0x3F, 0xF3, 0x65, 0x4A, 0x85, 0xFC, 0x61, 0xA4, 0xDB,
    0x53, 0x87, 0x43, 0x25, 0xFF, 0xD0, 0x82, 0xE6, 0xA2, 0x26, 0x59, 0x95, 0x14, 0x37, 0x7B, 0x31,
    0xE0, 0xA9, 0x93, 0xAA, 0x8C, 0x5D, 0x23, 0x55, 0x13, 0xB8, 0x5A, 0x8A, 0x3E, 0xC4, 0xE7, 0x94,
    0x7A, 0xA2, 0xB4, 0x3E, 0x21, 0x01, 0xF6, 0x47, 0x40, 0x1B, 0x10, 0xE7, 0xAA, 0xAC, 0xCA, 0x0A,
    0xBF, 0xBD, 0x2E, 0xD7, 0xF0, 0x1E, 0x95, 0x2A, 0x60, 0x2F, 0xA5, 0x68, 0xC4, 0x95, 0xD1, 0x24,
    0x09, 0xE4, 0xDC, 0x09, 0xA4, 0x51, 0xD4, 0xD4, 0xB9, 0xD1, 0xCB, 0xAE, 0x2F, 0xFF, 0xB5, 0x2A,
    0xF9, 0x14, 0x7B, 0xB0, 0x13, 0xFB, 0xA3, 0x19, 0x64, 0x2B, 0x86, 0xB4, 0x54, 0x13, 0x93, 0x5C,
    0xF8, 0x2D, 0xEB, 0x25, 0x9E, 0x24, 0xF0, 0x3F, 0xF3, 0x3F, 0xC8, 0x5A, 0x81, 0xFA, 0xF9, 0xB3,
    0xF5, 0x85, 0xCF, 0xB8, 0x93, 0x35, 0xCB, 0x91, 0x46, 0x82, 0x99, 0xBF, 0xC2, 0x6F, 0xAB, 0x46,
    0xBE, 0xEB, 0xE5, 0x76, 0x9A, 0xD7, 0xF3, 0xA7, 0x7F, 0x51, 0xDC, 0x80, 0x6E, 0xBB, 0xD0, 0x95,
    0xB9, 0x1B, 0x8B, 0x37, 0xC6, 0xA7, 0x4E, 0x3F, 0xC7, 0x47, 0xDF, 0xA6, 0xB5, 0x0A, 0xB1, 0x3C,
    0xB8, 0xCE, 0x9B, 0x3B, 0xBF, 0x37, 0x30, 0x08, 0xAE, 0xD5, 0xB9, 0x8F, 0xB6, 0x1F, 0xB6, 0xE7,
    0x1B, 0xA0, 0xB4, 0x68, 0xB3, 0x2E, 0xE9, 0x60, 0x09, 0x70, 0x8B, 0x37, 0xFC, 0x91, 0x95, 0xEB,
    0xFC, 0xB5, 0xDA, 0x29, 0xE9, 0x33, 0xA6, 0x36, 0x75, 0x45, 0xD6, 0x44, 0x76, 0x54, 0x57, 0x42,
    0xCD, 0x46, 0x10, 0x60, 0x0C, 0xF5, 0x80, 0x09, 0xB2, 0x40, 0x06, 0x28, 0xB4, 0xAF, 0xF8, 0x58,
    0x4E, 0x5E, 0xA6, 0x21, 0x40, 0xA4, 0xD0, 0x1F, 0xC4, 0x63, 0x0D, 0xEC, 0xBF, 0x83, 0x50, 0x8A,
    0x26, 0x9C, 0xB9, 0xCB, 0x72, 0x9B, 0xF3, 0xCA, 0x78, 0x24, 0x80, 0x92, 0x60, 0xEA, 0x35, 0xC4,
    0x99, 0xB7, 0xD0, 0x6B, 0x3A, 0x64, 0xA3, 0xD0, 0x33, 0x24, 0x84, 0x3F, 0xE2, 0x20, 0x1A, 0x9E,
    0x9A, 0xC4, 0x49, 0x09, 0x1C, 0x3D, 0xC3, 0x38, 0x70, 0x2D, 0x2F, 0x1A, 0x39, 0x61, 0xD6, 0x8A,
    0x7E, 0xC4, 0x75, 0xCA, 0x5D, 0x29, 0x9C, 0xF5, 0x97, 0x7C, 0x7F, 0x17, 0x18, 0x67, 0x1A, 0x1C,
    0xD4, 0xE2, 0x18, 0x5A, 0x5A, 0x18, 0x65, 0xF7, 0xBC, 0x67, 0xAB, 0x55, 0x4B, 0x10, 0x53, 0xF3,
    0x10, 0x89, 0x61, 0x29, 0x29, 0xB8, 0x2E, 0xF0, 0x08, 0xA6, 0x1A, 0xE1, 0x56, 0x42, 0x37, 0xBB,
    0xB3, 0x77, 0xA9, 0xF2, 0x21, 0x45, 0xD7, 0xD6, 0xCE, 0xCE, 0x59, 0xE0, 0x1B, 0xB0, 0xFA, 0x54,
    0xA9, 0xC5, 0xB1, 0x60, 0x5D, 0xE2, 0xC1, 0xA3, 0xAC, 0x68, 0x71, 0xB8, 0x4F, 0xF1, 0xFC, 0x34,
    0xC3, 0x4D, 0x30, 0x08, 0x6F, 0xE4, 0x3A, 0x8E, 0x95, 0xD7, 0xD1, 0x58, 0x74, 0xD9, 0x90, 0xE1,
    0x39, 0x02, 0x0A, 0xAC, 0x6A, 0x56, 0x33, 0x07, 0x38, 0x4B, 0x5F, 0xA2, 0x43, 0xE5, 0x04, 0x06,
    0x20, 0xA0, 0x7F, 0xA9, 0x93, 0xA9, 0x63, 0x16, 0xFF, 0x04, 0x30, 0xBF, 0xE9, 0x61, 0xB7, 0x29,
    0xED, 0x17, 0x20, 0xED, 0x01, 0x8A, 0x8F, 0xCE, 0xDD, 0x2E, 0x19, 0xF3, 0xDA, 0x8C, 0x80, 0xFE,
    0xD5, 0x2E, 0xA8, 0x8E, 0x02, 0x30, 0x50, 0xA6, 0x7E, 0x97, 0x2E, 0x6A, 0x97, 0x2B, 0x87, 0x86,
    0x8B, 0xDF, 0xED, 0xC2, 0xF9, 0xA1, 0x47, 0x10, 0x96, 0xEE, 0xBB, 0x76, 0x4B, 0x49, 0xE1, 0x2F,
    0x63, 0x5D, 0xC7, 0x24, 0xE9, 0x5F, 0x84, 0xFD, 0x9B, 0x5D, 0xD3, 0x42, 0x28, 0x75, 0x06, 0x19,
    0x87, 0xEE, 0x96, 0x37, 0x4B, 0x38, 0x0C, 0xD4, 0xE9, 0x4D, 0x05, 0x32, 0xA1, 0x6F, 0x91, 0x75,
    0xCA, 0x85, 0xD1, 0x11, 0xA4, 0x91, 0xC6, 0xB6, 0x6A, 0xF3, 0xDE, 0x94, 0xC9, 0xE0, 0x24, 0x1A,
    0x10, 0x86, 0x46, 0xAC, 0xC1, 0x60, 0x57, 0x55, 0xA7, 0x7D, 0x71, 0xDB, 0x90, 0xA6, 0x26, 0x72,
    0x0C, 0x73, 0xB7, 0x64, 0x05, 0x61, 0xE3, 0x1C, 0xD8, 0xBA, 0xEB, 0xF9, 0x57, 0xE8, 0x89, 0x1B,
    0x5B, 0x64, 0xDC, 0x98, 0xEF, 0x1D, 0x92, 0x2C, 0xE6, 0xBA, 0xDE, 0xC2, 0x38, 0x75, 0x78, 0xCB,
    0xB8, 0xC8, 0xE0, 0xE9, 0xB3, 0x90, 0xEB, 0x4C, 0x7B, 0xAB, 0x33, 0x6B, 0xDA, 0xA2, 0xC5, 0xB9,
    0x75, 0xE2, 0x57, 0x03, 0x79, 0xDE, 0xAE, 0x18, 0xE9, 0x4B, 0xD8, 0x37, 0x69, 0xC6, 0xF3, 0xAC,
    0x47, 0x0C, 0x03, 0x8D, 0xD1, 0xC8, 0x55, 0xD5, 0xC9, 0x50, 0x0C, 0x17, 0xFA, 0xCC, 0x67, 0x84,
    0x52, 0xCC, 0xE8, 0xF9, 0x7F, 0xE6, 0x96, 0x3A, 0x06, 0xFD, 0x82, 0x6E, 0x01, 0xB7, 0x9D, 0x8A,
    0x26, 0x9A, 0x8A, 0x3A, 0x9C, 0x69, 0xEA, 0x74, 0x90, 0xA2, 0x8D, 0xA7, 0xEC, 0xE0, 0xC2, 0x44,
    0x03, 0x8A, 0x68, 0xEF, 0xD5, 0x7F, 0x8F, 0x12, 0x1C, 0x2E, 0x04, 0x23, 0x7A, 0x3D, 0xE0, 0xDD,
    0xCB, 0xEB, 0xF0, 0xDD, 0x2D, 0x26, 0xC2, 0x06, 0xEF, 0x7A, 0x4B, 0x0E, 0xBF, 0x7C, 0xE8, 0xC8,
    0xD7, 0xA1, 0x43, 0x5E, 0xD7, 0xBB, 0xDC, 0x03, 0xC9, 0x85, 0x30, 0xBB, 0xDC, 0x42, 0x0A, 0x9D,
    0x66, 0x1D, 0xB8, 0x30, 0x9D, 0x40, 0x0C, 0x69, 0xB1, 0x7C, 0x4C, 0x2D, 0xD2, 0xA4, 0x9D, 0x57,
    0xA5, 0x7C, 0x53, 0x7F, 0x7D, 0x6A, 0x6F, 0xEF, 0x32, 0x5D, 0x81, 0x8B, 0x9A, 0x59, 0x9F, 0xB5,
    0xBE, 0xC7, 0xC5, 0xEF, 0x4F, 0xC9, 0x62, 0x4D, 0xF4, 0x08, 0x08, 0x28, 0x70, 0x1B, 0xC4, 0x74,
    0xEE, 0x06, 0x37, 0x1A, 0x3D, 0x18, 0xDB, 0x13, 0x06, 0xE7, 0xD1, 0xCB, 0xE0, 0x5B, 0x6B, 0x84,
    0x27, 0xE9, 0xB6, 0x56, 0x35, 0x94, 0xDF, 0x81, 0x06, 0x9A, 0xAC, 0x4F, 0x55, 0x77, 0xEB, 0x55,
    0xB4, 0x12, 0x78, 0x1E, 0xF4, 0x10, 0x0A, 0x2F, 0xDF, 0x90, 0xA9, 0x51, 0xDE, 0x1B, 0x89, 0x3F,
    0x0E, 0xE2, 0x92, 0x45, 0x80, 0xE7, 0x19, 0xBD, 0x58, 0x28, 0xB4, 0xA4, 0x66, 0xFF, 0x2A, 0x4E,
    0x86, 0x8B, 0xD2, 0xFD, 0x8D, 0x12, 0x1D, 0x52, 0x97, 0x49, 0x13, 0x77, 0xC7, 0xC7, 0xF3, 0x51,
    0x97, 0xD6, 0xB9, 0xBB, 0x11, 0xF6, 0x19, 0xC2, 0x8F, 0x0D, 0xFB, 0x97, 0x02, 0x1B, 0xCD, 0x41,
    0xFF, 0x62, 0x84, 0x92, 0x22, 0xE8, 0x5F, 0x8F, 0x91, 0x3F, 0xC3, 0xFE, 0x5A, 0xD2, 0x87, 0x53,
    0xD4, 0x8D, 0x69, 0x17, 0x8D, 0x51, 0x8B, 0x3F, 0xF1, 0xC0, 0x3A, 0xA5, 0x4F, 0x87, 0xB4, 0x7C,
    0x37, 0x3E, 0x30, 0x63, 0x25, 0xD7, 0x22, 0xF7, 0x39, 0x12, 0xEA, 0xEB, 0xE2, 0x5A, 0x08, 0xE2,
    0x25, 0xA4, 0x7A, 0x96, 0x2F, 0x9A, 0x44, 0x35, 0xD0, 0x8B, 0x46, 0xDB, 0x80, 0xA6, 0xE9, 0xF6,
    0xA9, 0x0B, 0x9A, 0x5D, 0xCD, 0x80, 0xE0, 0xA9, 0xD5, 0xA0, 0xCE, 0x24, 0xA6, 0x3C, 0x7B, 0x21,
    0x46, 0x14, 0x69, 0x7C, 0x97, 0xE2, 0xF8, 0x37, 0xA5, 0xFC, 0x3E, 0x45, 0xC8, 0xAA, 0xA0, 0x78,
    0x6B, 0x66, 0x0E, 0x74, 0x4B, 0x0C, 0x46, 0x34, 0xAE, 0x43, 0xA7, 0x1E, 0xE5, 0xCD, 0x15, 0x41,
    0xEB, 0xF6, 0xCE, 0xB9, 0x1E, 0x7E, 0x12, 0x8F, 0x90, 0x39, 0xCC, 0xB3, 0x81, 0xC1, 0x21, 0x1E,
    0x8B, 0x5D, 0xED, 0x6C, 0xAB, 0x2E, 0x59, 0xC3, 0x20, 0xA3, 0x03, 0x4C, 0x4C, 0xDE, 0x40, 0x51,
    0x06, 0xD6, 0x87, 0x6C, 0x7C, 0x9A, 0x79, 0x4F, 0x9F, 0x76, 0xAA, 0x78, 0x02, 0x9E, 0x72, 0xDC,
    0x71, 0x0B, 0x8C, 0x92, 0xF9, 0x77, 0x0D, 0xF0, 0xF5, 0xE2, 0x8F, 0x5D, 0xE9, 0xB7, 0x2C, 0x48,
    0x77, 0xA9, 0x86, 0x5D, 0x32, 0x09, 0x4A, 0x91, 0xFD, 0x6A, 0x92, 0xD6, 0xC3, 0x0E, 0xAA, 0x16,
    0x59, 0x20, 0x2E, 0x19, 0x7F, 0x35, 0x2E, 0x03, 0xE9, 0xBA, 0xDA, 0x30, 0x9B, 0xBA, 0x43, 0x81,
    0x3E, 0xD0, 0x2D, 0x1A, 0x29, 0xD3, 0x49, 0xE2, 0x3A, 0x71, 0x1F, 0x99, 0x86, 0xAC, 0x2A, 0x59,
    0x35, 0x8C, 0x87, 0xAA, 0x44, 0xFE, 0xBD, 0x8F, 0xAD, 0x89, 0xC0, 0x29, 0xB9, 0x0D, 0xB0, 0x14,
    0xAC, 0x9D, 0xE0, 0xDE, 0x35, 0x52, 0x10, 0x40, 0x0C, 0xE7, 0x56, 0x0F, 0x3F, 0x04, 0xF4, 0x5E,
    0xC2, 0xA7, 0x29, 0xF7, 0xE5, 0x04, 0x08, 0x7E, 0xFB, 0xEF, 0xB8, 0x7A, 0xCD, 0x16, 0x65, 0x60,
    0xCB, 0x75, 0xB0, 0xEA, 0x37, 0xAB, 0xD4, 0x6A, 0xE4, 0xDE, 0xAA, 0x95, 0x8E, 0x7A, 0xB3, 0x2E,
    0xEE, 0xC8, 0x91, 0x3D, 0x17, 0xEF, 0xC7, 0xF1, 0xB4, 0xC7, 0xB9, 0x71, 0x2F, 0xC5, 0xF1, 0xE0,
    0x62, 0x66, 0x5B, 0xAF, 0xFD, 0xBD, 0xFA, 0xA1, 0x7B, 0x0E, 0x2D, 0x2F, 0x7E, 0x7A, 0x97, 0xA8,
    0x02, 0x3A, 0x66, 0x5D, 0xC7, 0x04, 0x5C, 0xA2, 0xB2, 0x81, 0x0E, 0x82, 0x46, 0x93, 0xE0, 0x22,
    0xE2, 0xE5, 0x37, 0x4B, 0xD5, 0xC7, 0xB4, 0x8F, 0xCF, 0x1B, 0x88, 0x82, 0x3D, 0xDC, 0x73, 0x74,
    0x48, 0x3C, 0xA3, 0x36, 0xAC, 0xA4, 0x33, 0xAB, 0xAE, 0xD8, 0xFD, 0xED, 0x02, 0x50, 0x69, 0xA9,
    0xA7, 0xF9, 0x84, 0xE1, 0x64, 0x5C, 0x07, 0x21, 0x78, 0xC0, 0xD6, 0x59, 0xCA, 0xB4, 0x7B, 0x12,
    0xE0, 0x7C, 0x0A, 0x58, 0x83, 0xFD, 0xBD, 0xAB, 0xDD, 0x93, 0xFE, 0x76, 0x67, 0x67, 0x1B, 0xBC,
    0xF9, 0x0B, 0x81, 0xF5, 0x49, 0xAE, 0xD7, 0xEC, 0xD9, 0xCD, 0x4F, 0x98, 0x2D, 0xD5, 0x1F, 0xCB,
    0x43, 0x40, 0x83, 0xD5, 0x17, 0x06, 0xC7, 0x08, 0x5E, 0xA0, 0x4C, 0xAB, 0xBF, 0xB3, 0x14, 0xA6,
    0xF8, 0x99, 0x17, 0x21, 0xFD, 0x6E, 0x89, 0x59, 0x6B, 0xA9, 0x54, 0x6D, 0x55, 0x07, 0x10, 0x6D,
    0x8D, 0x9A, 0xA4, 0xAA, 0x11, 0xA0, 0xAA, 0xBA, 0x82, 0xF9, 0xBE, 0x85, 0xB3, 0xAB, 0x5F, 0xD3,
    0xBF, 0xDF, 0x1E, 0xA8, 0xF6, 0x9E, 0x60, 0x24, 0xE0, 0xBD, 0xDB, 0x8E, 0xC1, 0x0E, 0x65, 0x79,
    0x55, 0xE7, 0xF0, 0x81, 0x1A, 0xB5, 0xCC, 0x82, 0x20, 0xA4, 0xC1, 0xA3, 0x60, 0xDF, 0x18, 0xFC,
    0xB0, 0x92, 0xC7, 0x9B, 0xC8, 0x13, 0xAD, 0xFD, 0xBD, 0xDD, 0xC3, 0xA6, 0xBA, 0xF2, 0x15, 0x3C,
    0x43, 0x6E, 0x5D, 0x69, 0x0D, 0x55, 0xB1, 0x9E, 0xAB, 0xAB, 0x91, 0x79, 0xA4, 0x62, 0x15, 0x06,
    0xB3, 0x47, 0xEC, 0xAD, 0x2B, 0x53, 0x17, 0x88, 0x0C, 0x20, 0x16, 0x41, 0xE2, 0xD5, 0x4F, 0x91,
    0x1D, 0xAB, 0x97, 0x3F, 0x47, 0x9E, 0xAC, 0xCE, 0xA0, 0x7D, 0x83, 0xF9, 0x22, 0xE2, 0x03, 0x9A,
    0x86, 0xB0, 0x60, 0x20, 0x41, 0x6E, 0x2B, 0xD4, 0xAC, 0x1F, 0x0D, 0x57, 0xAC, 0x9F, 0x70, 0x38,
    0x7C, 0xB6, 0x23, 0x18, 0x08, 0x26, 0x02, 0xA7, 0x00, 0x55, 0x57, 0x55, 0xB5, 0x00, 0x59, 0x0F,
    0xF0, 0xCA, 0x04, 0x70, 0xC6, 0x02, 0x94, 0x0E, 0x5D, 0x66, 0x59, 0xFD, 0x19, 0x5E, 0x9E, 0x7F,
    0x08, 0x90, 0x7E, 0x0E, 0x10, 0xB9, 0x91, 0x0A, 0xA0, 0xE7, 0x1B, 0x82, 0x82, 0x20, 0xF5, 0xD1,
    0x40, 0x82, 0x3F, 0xEC, 0x6A, 0x88, 0xD6, 0xE6, 0x88, 0x85, 0x9E, 0xC6, 0x2F, 0x54, 0xC2, 0x92,
    0x4F, 0x4C, 0x26, 0x08, 0x98, 0x9A, 0x9E, 0xD4, 0x7B, 0xA8, 0x44, 0x0A, 0x84, 0xDE, 0x53, 0xD4,
    0x46, 0x7D, 0x6A, 0xF9, 0xAC, 0x11, 0xA1, 0xD2, 0xB4, 0xAF, 0x3B, 0xE9, 0x3D, 0xD0, 0x14, 0x82,
    0x19, 0xCA, 0xCE, 0xD8, 0x5D, 0x44, 0x59, 0xE1, 0xC3, 0x19, 0x1D, 0xBC, 0xBC, 0xDF, 0x7B, 0x10,
    0xD2, 0x78, 0x73, 0x29, 0x8D, 0x58, 0x92, 0x4C, 0xA0, 0x7A, 0x06, 0xD1, 0xCB, 0x42, 0x48, 0xE7,
    0x3D, 0x3E, 0xF3, 0x7B, 0xEA, 0x6A, 0xFF, 0xF2, 0xE3, 0xA3, 0xC2, 0xD7, 0xC6, 0x57, 0x58, 0x93,
    0xAF, 0xAC, 0x25, 0x5F, 0x59, 0x4F, 0xBE, 0x12, 0x4B, 0xBE, 0x22, 0x47, 0xBE, 0x7E, 0xEB, 0x0E,
    0xF3, 0xC5, 0xAA, 0xD2, 0x29, 0x63, 0x5B, 0xEC, 0xD4, 0x7C, 0xB5, 0x86, 0xD7, 0x1F, 0x97, 0x4C,
    0xBE, 0x0E, 0xDE, 0xCD, 0x26, 0xD7, 0x6C, 0x72, 0x92, 0xF8, 0x84, 0xB3, 0x01, 0xFC, 0x4A, 0x4B,
    0x5F, 0x82, 0xFC, 0xB0, 0xC4, 0xFC, 0x3D, 0x54, 0x36, 0x55, 0x09, 0xCA, 0xAB, 0x12, 0x02, 0xAE,
    0xCA, 0x74, 0x20, 0x02, 0x62, 0x89, 0x34, 0x9F, 0x79, 0x2C, 0x4B, 0x17, 0x7C, 0xF2, 0xE3, 0x7B,
    0x8D, 0xBE, 0xBD, 0x3A, 0xE7, 0x5D, 0xC8, 0xFC, 0xF8, 0x73, 0x72, 0x9C, 0xB3, 0x63, 0x60, 0x8B,
    0xE0, 0x0E, 0xEE, 0x35, 0xFA, 0x01, 0x8B, 0xF7, 0x98, 0x2D, 0x93, 0x7B, 0x16, 0xBF, 0x44, 0x9D,
    0x61, 0xCD, 0xAD, 0x78, 0xD3, 0xE8, 0x0B, 0x1B, 0xFD, 0x40, 0x33, 0xC3, 0x8E, 0xD6, 0xE7, 0xF5,
    0x3D, 0xA0, 0x1D, 0xD6, 0xD7, 0x0D, 0x18, 0x40, 0xD0, 0x44, 0xA3, 0x0F, 0xF9, 0x4A, 0x80, 0xED,
    0x30, 0x78, 0x46, 0x05, 0xD9, 0xC3, 0x8D, 0x53, 0xFB, 0x13, 0x47, 0x2D, 0xCD, 0x8C, 0xE6, 0x03,
    0xAB, 0xA7, 0x72, 0x51, 0x4E, 0xC9, 0xDA, 0x64, 0x31, 0xDE, 0x56, 0x42, 0xCB, 0xCE, 0x98, 0xED,
    0x9C, 0xF6, 0xD6, 0xC9, 0xA8, 0xFD, 0xB7, 0x7E, 0x45, 0x54, 0xCD, 0x3A, 0x76, 0x04, 0xB9, 0x6E,
    0xF6, 0xC5, 0x2E, 0xF3, 0x5D, 0xD1, 0x30, 0x09, 0xE5, 0x9C, 0x6A, 0x48, 0xF6, 0x2F, 0x4E, 0x1D,
    0xD2, 0xCF, 0xB4, 0x04, 0xBB, 0x3B, 0x6C, 0xC6, 0x0B, 0x3E, 0x3E, 0xB2, 0x66, 0x14, 0xED, 0xCC,
    0x96, 0x64, 0xB4, 0xF2, 0x34, 0x28, 0x32, 0x26, 0x1F, 0x9F, 0xAC, 0x94, 0x12, 0x6D, 0x3E, 0x32,
    0x8E, 0x1E, 0x70, 0x30, 0x8E, 0x37, 0x0D, 0x87, 0x07, 0xE0, 0xA5, 0x81, 0x90, 0xE2, 0x11, 0x08,
    0x63, 0x52, 0x06, 0xF4, 0xA4, 0x6D, 0x8A, 0xEF, 0x0E, 0xA8, 0x87, 0x82, 0x39, 0xF9, 0x6C, 0x62,
    0x03, 0x67, 0xD3, 0xBF, 0x4E, 0x4A, 0x67, 0xD6, 0x58, 0x22, 0xAD, 0x60, 0xE6, 0x4A, 0x2B, 0xCC,
    0x4C, 0x2D, 0xDD, 0xF1, 0x02, 0xD5, 0x60, 0xCA, 0xFA, 0xF2, 0x23, 0x55, 0xCA, 0x47, 0x6D, 0x18,
    0x79, 0x90, 0x2A, 0x04, 0x2D, 0x53, 0x34, 0xA8, 0x94, 0x82, 0x6D, 0x98, 0x5E, 0x32, 0x61, 0x43,
    0xDA, 0x23, 0x22, 0x17, 0x2D, 0xEC, 0x14, 0x26, 0xE7, 0x6A, 0xA0, 0x29, 0xDE, 0x87, 0x09, 0x65,
    0x1C, 0xDB, 0x24, 0xBE, 0xD9, 0x6B, 0x97, 0x3A, 0x2F, 0x22, 0xC3, 0x09, 0x79, 0xCF, 0x28, 0xF5,
    0xE2, 0x26, 0x87, 0x25, 0xBF, 0x62, 0xD5, 0xCE, 0x61, 0x08, 0xE2, 0x7A, 0x03, 0x7C, 0x79, 0x0F,
    0xCC, 0xE9, 0x08, 0x32, 0xE3, 0x79, 0x87, 0x07, 0x21, 0x04, 0xC6, 0x53, 0xAE, 0x7D, 0xE1, 0xC8,
    0xE6, 0x7A, 0xD6, 0xC9, 0x0B, 0xDB, 0x0A, 0xF3, 0x4B, 0x56, 0xCB, 0xEF, 0x4F, 0xC4, 0xD7, 0x2F,
    0x98, 0xF5, 0x0C, 0x3F, 0xD6, 0xF9, 0x02, 0x00, 0x39, 0x71, 0x87, 0x99, 0x90, 0xFD, 0xDF, 0x02,
    0x20, 0x9E, 0x88, 0xB2, 0x50, 0x01, 0x64, 0x3A, 0x43, 0x6A, 0x17, 0x6D, 0x85, 0xFC, 0x59, 0xAC,
    0x02, 0xA2, 0x4E, 0xB5, 0xB2, 0xA0, 0xBF, 0xB1, 0xE8, 0xD6, 0xF1, 0x8C, 0x76, 0xDD, 0xEC, 0xB3,
    0xF7, 0xD4, 0x47, 0x58, 0xC7, 0x2C, 0x00, 0xC7, 0x18, 0xED, 0xFD, 0xCD, 0x9E, 0xDC, 0x90, 0x2F,
    0x79, 0x99, 0x35, 0x92, 0xF3, 0x7B, 0x5A, 0x49, 0x57, 0x4B, 0x73, 0xC0, 0x9E, 0x97, 0xED, 0x22,
    0x3B, 0x5B, 0xEA, 0x8B, 0x53, 0x0F, 0x4E, 0x3F, 0x36, 0x1B, 0xF2, 0x65, 0x43, 0xB2, 0x6C, 0x08,
    0xD7, 0x1B, 0xCC, 0xE3, 0x36, 0xC0, 0xD9, 0x11, 0x97, 0x91, 0xE9, 0xEA, 0x53, 0x88, 0x3C, 0xC5,
    0x97, 0xBC, 0x56, 0x55, 0xBD, 0x20, 0xD9, 0x2B, 0xFD, 0x60, 0x20, 0x19, 0xBD, 0xA9, 0xD1, 0xFF,
    0xB4, 0xE7, 0x62, 0xB3, 0x08, 0xBD, 0x07, 0x73, 0xC6, 0x84, 0x07, 0x1A, 0x12, 0x64, 0x36, 0x58,
    0x3D, 0xC7, 0x30, 0xB0, 0x2D, 0xFA, 0xC7, 0x4A, 0xAB, 0xDD, 0xCE, 0x6C, 0xC0, 0x77, 0xD0, 0x7E,
    0x18, 0x04, 0xE5, 0xB0, 0x97, 0x13, 0xE8, 0xB2, 0xB6, 0x43, 0x37, 0x5A, 0x9D, 0x68, 0xDE, 0x31,
    0x16, 0xBD, 0xA9, 0x45, 0xF0, 0xB6, 0x1C, 0x43, 0x72, 0xD9, 0xE5, 0xAF, 0x81, 0x33, 0x21, 0xB9,
    0xD8, 0x02, 0x5D, 0x2D, 0x54, 0x6D, 0x63, 0x37, 0x5B, 0x74, 0x74, 0x96, 0x99, 0xE8, 0xCA, 0x22,
    0x91, 0x23, 0xEB, 0xF8, 0x65, 0xB1, 0x85, 0x2B, 0xD9, 0x74, 0xB8, 0x3B, 0x66, 0x70, 0x4D, 0x3C,
    0xB9, 0x32, 0x9C, 0x80, 0x6F, 0xB6, 0x0B, 0x6E, 0xAC, 0xD9, 0x81, 0x7C, 0xA4, 0xE6, 0x09, 0x1D,
    0xF3, 0xC8, 0x6C, 0x63, 0xA1, 0x74, 0xCB, 0xAE, 0x4E, 0x4A, 0x9D, 0x34, 0x21, 0xE0, 0x94, 0x09,
    0x67, 0x14, 0xD6, 0xF4, 0xA0, 0xAF, 0x81, 0x1B, 0x96, 0xE6, 0x81, 0xB3, 0x8C, 0xD6, 0x32, 0x41,
    0x5D, 0x74, 0x09, 0x67, 0x07, 0x7D, 0xC4, 0x6C, 0xA1, 0x43, 0x15, 0x0D, 0x53, 0x0F, 0x27, 0xF1,
    0xE4, 0xAE, 0x0D, 0xDD, 0x64, 0x13, 0xF2, 0x7E, 0x70, 0x01, 0x6E, 0x1E, 0x5B, 0x76, 0x39, 0xE6,
    0x08, 0xEF, 0x02, 0xDE, 0x43, 0xF0, 0x9E, 0x2C, 0xBC, 0xE3, 0x91, 0x19, 0xAC, 0x0E, 0x6C, 0x4E,
    0x5E, 0x22, 0x7D, 0xAC, 0xA3, 0x9B, 0xEC, 0x00, 0xF4, 0x35, 0xF1, 0x50, 0x71, 0x46, 0xB0, 0xF3,
    0xDA, 0x04, 0x5E, 0xFC, 0xDA, 0xD0, 0x27, 0x65, 0x31, 0x84, 0x6B, 0xFA, 0x3A, 0x9D, 0x70, 0x91,
    0xBE, 0x93, 0xC8, 0x3D, 0x43, 0xC8, 0x9B, 0x3D, 0x42, 0x92, 0x2A, 0x91, 0x83, 0x23, 0x7F, 0xF9,
    0xAF, 0x8F, 0xBF, 0xC0, 0xC9, 0x8A, 0x33, 0xAE, 0x8A, 0x74, 0x20, 0xF8, 0xD9, 0x0B, 0x2C, 0xC6,
    0x23, 0xE7, 0x33, 0xA2, 0x4E, 0xC4, 0x58, 0x17, 0x92, 0xED, 0x4A, 0xA3, 0x00, 0xEF, 0x39, 0x1F,
    0x14, 0x0A, 0x74, 0x5D, 0x3A, 0x8C, 0x65, 0x42, 0xE3, 0xD6, 0xC1, 0xF7, 0x59, 0xDE, 0xCD, 0x43,
    0x46, 0xED, 0xE4, 0xE3, 0x0B, 0x13, 0xB7, 0xF4, 0xA2, 0xB3, 0x2A, 0x9D, 0xFE, 0xFD, 0x1F, 0xA5,
    0x6B, 0xF1, 0xE0, 0x0E, 0x4C, 0x8B, 0xC8, 0xD0, 0x01, 0x7F, 0x6F, 0x9F, 0x70, 0x25, 0x75, 0xD1,
    0x16, 0x5D, 0xDE, 0xF8, 0x41, 0xC6, 0x56, 0x99, 0x35, 0x8F, 0x7B, 0xCB, 0xBB, 0xD1, 0x1C, 0x59,
    0xB8, 0xDC, 0x09, 0xDD, 0xBE, 0x1D, 0x4E, 0x8F, 0x7F, 0x47, 0x53, 0x32, 0x9A, 0xA1, 0x6A, 0x5F,
    0x78, 0x34, 0xFD, 0x28, 0xBE, 0x51, 0xE3, 0x80, 0x16, 0x18, 0x21, 0xA2, 0x99, 0x45, 0x5C, 0x82,
    0xE6, 0x61, 0x09, 0xB5, 0xB0, 0x58, 0x77, 0xFA, 0xB7, 0x15, 0xF7, 0xEA, 0x20, 0x16, 0x09, 0x05,
    0x5E, 0x80, 0xDF, 0x98, 0x06, 0x59, 0x0D, 0xDE, 0x90, 0x8E, 0x57, 0xDC, 0xC3, 0x5E, 0xDB, 0xC7,
    0x2F, 0xC9, 0x79, 0xE0, 0x81, 0xED, 0x40, 0xA7, 0xEE, 0x9C, 0x1B, 0xDC, 0x1D, 0xE7, 0xAE, 0x4E,
    0x28, 0x03, 0x46, 0x18, 0x3E, 0x82, 0x65, 0x00, 0x97, 0x40, 0x18, 0x21, 0x6C, 0xBF, 0x38, 0xDC,
    0xFE, 0x8A, 0x52, 0x57, 0x95, 0xD2, 0xCF, 0x68, 0x40, 0x1D, 0x32, 0xDA, 0xD5, 0x91, 0x06, 0x34,
    0xD1, 0xA7, 0xAC, 0x37, 0x16, 0xB7, 0x58, 0x91, 0xB9, 0xCF, 0x80, 0x18, 0x67, 0xFA, 0x44, 0xAD,
    0x63, 0xF0, 0x15, 0x91, 0x98, 0xF5, 0xDC, 0x76, 0xFB, 0xB0, 0xFF, 0x5B, 0xF8, 0x7F, 0xFB, 0x50,
    0xFF, 0xB7, 0xF7, 0xFC, 0x3F, 0x53, 0xFF, 0x27, 0x13, 0x16, 0x49, 0xD5, 0x4A, 0xF9, 0x50, 0x15,
    0xED, 0xF8, 0xE9, 0xD0, 0x36, 0x7D, 0x57, 0xE3, 0xD6, 0x81, 0x59, 0x7C, 0x37, 0x54, 0x5F, 0x3D,
    0x8C, 0xFB, 0x68, 0xDC, 0x5A, 0x7C, 0x77, 0xEB, 0x11, 0xDA, 0x07, 0xD9, 0x50, 0x96, 0xCD, 0x11,
    0x85, 0x3A, 0xD2, 0xDD, 0x95, 0x54, 0xF8, 0xA1, 0x7F, 0x30, 0x1C, 0xBD, 0xE4, 0xD4, 0x66, 0xC0,
    0x0C, 0xB1, 0xA3, 0xC2, 0x84, 0xF1, 0x32, 0x2B, 0x64, 0x07, 0x4C, 0xB0, 0xB7, 0x74, 0x8A, 0x25,
    0xCF, 0xB8, 0x65, 0x14, 0x95, 0x35, 0x09, 0x76, 0x14, 0x77, 0x0C, 0x53, 0x26, 0x9E, 0x8D, 0xBE,
    0x9A, 0x47, 0x85, 0x3B, 0x2F, 0xD7, 0xD3, 0x76, 0xBB, 0x62, 0xC9, 0xCE, 0x6B, 0x73, 0xF3, 0x31,
    0xD7, 0x36, 0x72, 0x83, 0x45, 0x18, 0x78, 0x92, 0x45, 0xA3, 0x40, 0xE3, 0xA5, 0xBD, 0x5A, 0xEE,
    0x3E, 0xE9, 0x63, 0xF7, 0x0A, 0xB3, 0x80, 0xCF, 0x13, 0xC8, 0x18, 0x86, 0x94, 0xD3, 0x12, 0x03,
    0x96, 0x6C, 0x30, 0x80, 0x78, 0x88, 0x06, 0x9F, 0x59, 0xC2, 0x89, 0x73, 0xAA, 0x99, 0x19, 0xD3,
    0xE8, 0x5C, 0x4D, 0x53, 0xA4, 0xD6, 0x6C, 0xF3, 0x3A, 0x2B, 0x25, 0x5A, 0xB0, 0xF5, 0x4B, 0x5D,
    0xB6, 0xCD, 0x6D, 0x3A, 0x5C, 0x02, 0x86, 0xAC, 0x89, 0x9B, 0xB8, 0x4F, 0xDB, 0xB4, 0xE3, 0xB4,
    0x3A, 0xC3, 0xA7, 0xB8, 0x2F, 0x70, 0x37, 0x1A, 0x0A, 0x14, 0x5A, 0xD1, 0x78, 0x7D, 0x2E, 0xCA,
    0x60, 0x9A, 0x88, 0x95, 0x33, 0x76, 0xC0, 0x3E, 0x67, 0x47, 0xDB, 0x11, 0x71, 0xD1, 0xB2, 0xA6,
    0x60, 0x70, 0xC5, 0x69, 0x25, 0x0E, 0x40, 0x3D, 0x85, 0xA2, 0xB3, 0x43, 0xE5, 0x90, 0x0E, 0x68,
    0xC7, 0x74, 0x0A, 0x1E, 0x3A, 0x2D, 0xD8, 0xB4, 0x03, 0x61, 0xCC, 0xCD, 0xA6, 0x4D, 0xB2, 0xB4,
    0x9B, 0x64, 0xC9, 0xEE, 0x90, 0xA5, 0x51, 0x32, 0xA4, 0xCC, 0x93, 0x11, 0xF3, 0x24, 0x5C, 0x78,
    0x47, 0xDB, 0x56, 0x34, 0x09, 0x2C, 0x79, 0x4D, 0x89, 0xF2, 0x91, 0x92, 0x82, 0xED, 0x27, 0x03,
    0xA2, 0x0B, 0xAA, 0x44, 0x02, 0x9C, 0xAE, 0x33, 0x77, 0x71, 0x4C, 0xF8, 0xD5, 0x05, 0x0E, 0x15,
    0xA9, 0x56, 0xAD, 0x85, 0x53, 0x1E, 0x99, 0x50, 0x12, 0x1C, 0xDB, 0x6E, 0x8A, 0x3F, 0x5F, 0x18,
    0xF8, 0x11, 0x9F, 0x0E, 0x01, 0xB4, 0x52, 0x3D, 0xAF, 0x25, 0x02, 0x6B, 0x12, 0xA7, 0xEB, 0xFC,
    0x9E, 0xF3, 0x95, 0x03, 0x05, 0x88, 0x54, 0xBE, 0xD4, 0xD3, 0xFE, 0x5F, 0x0A, 0xCB, 0xC8, 0x5A,
    0xAB, 0x50, 0xB8, 0xA8, 0x59, 0x96, 0x40, 0x6F, 0x38, 0x20, 0x47, 0x2B, 0xD3, 0xD2, 0x1D, 0x8F,
    0xD8, 0x05, 0xF0, 0x5D, 0x1D, 0x84, 0xFF, 0x84, 0xE8, 0x14, 0xC9, 0x74, 0x64, 0xCF, 0x0D, 0x4D,
    0x4A, 0x05, 0x0B, 0x45, 0x09, 0x2E, 0x5D, 0xB1, 0x8F, 0x7C, 0x5D, 0x39, 0xA1, 0xF3, 0x53, 0xC4,
    0xC1, 0x4C, 0xAB, 0x79, 0xFD, 0x77, 0xEA, 0x72, 0x2D, 0x9F, 0x59, 0x57, 0xFE, 0x87, 0xA5, 0x1F,
    0x1A, 0x45, 0xA8, 0x60, 0x3E, 0xF4, 0x48, 0x3F, 0x80, 0x1A, 0x10, 0x81, 0xB3, 0xC0, 0xC7, 0xF7,
    0x7C, 0xEB, 0x90, 0xDD, 0x8A, 0x9B, 0xC2, 0xBD, 0xDD, 0x80, 0x9B, 0x66, 0xCA, 0x5C, 0x79, 0x59,
    0x7E, 0x26, 0xFF, 0x03, 0xCD, 0x5A, 0x3F, 0x6C, 0xDD, 0xC6, 0x19, 0xFF, 0x48, 0x5A, 0x62, 0x60,
    0xA2, 0xA0, 0x86, 0x08, 0x76, 0x9D, 0xC0, 0xCC, 0xD0, 0x21, 0x49, 0x5B, 0x73, 0xC9, 0x90, 0x02,
    0xB6, 0x8E, 0x6D, 0x46, 0x2F, 0x1A, 0xF4, 0xB2, 0x74, 0x70, 0x86, 0x0E, 0x8D, 0x17, 0x2D, 0x1A,
    0x3A, 0x34, 0x21, 0xD3, 0x0E, 0x19, 0xA3, 0xA2, 0xF5, 0x1C, 0x0F, 0x1A, 0x9A, 0x0C, 0x51, 0x87,
    0x0C, 0x29, 0x60, 0xEB, 0x68, 0x67, 0xC8, 0x90, 0xA1, 0x6C, 0xD3, 0xA2, 0x43, 0x86, 0xB0, 0xA8,
    0x9D, 0x00, 0xC9, 0xE0, 0x43, 0xC1, 0x20, 0xB4, 0x4C, 0xF2, 0xFA, 0xFB, 0x1D, 0xDF, 0x7B, 0x92,
    0x9C, 0x20, 0x10, 0x12, 0xC9, 0xB6, 0xDE, 0xBB, 0x8F, 0x8F, 0xE4, 0xF1, 0xFB, 0x77, 0xDF, 0xDF,
    0xA3, 0xCE, 0x88, 0x2A, 0xF2, 0x32, 0x2F, 0xCE, 0x09, 0xFF, 0x4E, 0x48, 0xEA, 0x3E, 0x8A, 0x9F,
    0x6C, 0xFA, 0x29, 0xC6, 0x0F, 0x6E, 0x2F, 0x64, 0x22, 0x71, 0x35, 0x8E, 0x7C, 0x90, 0xC0, 0xDA,
    0x32, 0xB6, 0xD6, 0xA4, 0xF7, 0x3E, 0xAC, 0xD5, 0x07, 0x37, 0x8A, 0x3C, 0x2C, 0x45, 0x63, 0x0C,
    0xD3, 0x23, 0x47, 0xFE, 0x7A, 0x99, 0xA9, 0x7F, 0xBF, 0x5F, 0x26, 0xF6, 0x8E, 0x09, 0xAD, 0xAD,
    0x3D, 0x6B, 0x33, 0x49, 0x6E, 0xED, 0xE1, 0xF1, 0xDE, 0x01, 0xD2, 0xC4, 0xB6, 0xC0, 0x68, 0x7B,
    0x11, 0xFB, 0x79, 0x2B, 0xDE, 0x20, 0xAB, 0xE2, 0x77, 0x20, 0xE8, 0xB7, 0x73, 0xC0, 0xD3, 0xD4,
    0xDA, 0x6A, 0x1F, 0x90, 0x9C, 0x3C, 0xAB, 0xEC, 0x20, 0xC0, 0xF0, 0x74, 0xC6, 0xC9, 0xC3, 0x7A,
    0xA1, 0x2C, 0x26, 0x9E, 0x9D, 0x68, 0x0B, 0xF6, 0x17, 0xB6, 0x20, 0x9F, 0x27, 0x67, 0x25, 0x2A,
    0x73, 0x70, 0xA2, 0xC8, 0xFD, 0xAE, 0x05, 0x13, 0x2A, 0x4B, 0xCA, 0xB4, 0xE0, 0x88, 0x4B, 0x95,
    0xC5, 0x5F, 0xEA, 0x0C, 0xE8, 0xDD, 0x9C, 0xF4, 0xCC, 0xC5, 0xE2, 0x31, 0x3C, 0x33, 0xC9, 0xC4,
    0x5B, 0xCB, 0x4B, 0x09, 0xBB, 0xD4, 0x48, 0x6C, 0xE2, 0x56, 0xD2, 0x2A, 0xE8, 0x25, 0x2F, 0x3D,
    0x2B, 0x56, 0x44, 0xFF, 0x6E, 0x00, 0xE1, 0x8F, 0x3A, 0x0A, 0x62, 0x44, 0x22, 0x5B, 0x0B, 0x94,
    0x53, 0x82, 0x11, 0x08, 0x2B, 0x96, 0x22, 0x3B, 0xC0, 0xB9, 0x32, 0xB1, 0x93, 0xAF, 0x5D, 0x9B,
    0x83, 0x97, 0x87, 0xBD, 0x3F, 0x5E, 0x7A, 0x6B, 0xEF, 0x74, 0x47, 0x7E, 0x7C, 0x4B, 0x7C, 0x6B,
    0x81, 0x1E, 0x8C, 0x37, 0xEB, 0x60, 0xD8, 0x97, 0x04, 0x44, 0x12, 0x50, 0x8B, 0x87, 0x4C, 0x42,
    0x28, 0x31, 0xB1, 0xB6, 0x50, 0x1F, 0xDB, 0x5A, 0xCB, 0xBA, 0xD1, 0x12, 0x1A, 0x5D, 0x04, 0x26,
    0xBF, 0x1B, 0x1B, 0x0A, 0x04, 0xF5, 0x53, 0x2B, 0x20, 0xA9, 0xF1, 0x54, 0x5A, 0x3E, 0x89, 0xA7,
    0xB1, 0xB0, 0x14, 0x34, 0x4B, 0xEC, 0x00, 0xAD, 0xDD, 0x92, 0x28, 0x7B, 0x4F, 0xDD, 0xEC, 0xD5,
    0x47, 0x43, 0x7A, 0xA3, 0x5F, 0xC0, 0x2A, 0xC8, 0xE5, 0x2D, 0x70, 0x11, 0x3A, 0x46, 0xD5, 0xED,
    0x75, 0x08, 0xD7, 0x8B, 0xD7, 0x49, 0x60, 0xA8, 0xE8, 0xA8, 0x4C, 0xDB, 0xB8, 0x88, 0x7F, 0x6E,
    0xB1, 0xE0, 0x69, 0x30, 0x5C, 0x0B, 0xEA, 0x0B, 0x71, 0x7D, 0xC2, 0x33, 0xE7, 0x63, 0xE0, 0x3F,
    0x00, 0x2F, 0x60, 0xA5, 0x3D, 0x73, 0x2E, 0x6A, 0x4E, 0xFB, 0x75, 0x12, 0xD8, 0x3E, 0xA8, 0xE2,
    0xC2, 0x0E, 0x51, 0x19, 0x56, 0x4F, 0xDC, 0x4A, 0x32, 0xBF, 0x11, 0xD9, 0x01, 0x57, 0x59, 0xD8,
    0x52, 0x83, 0x5C, 0x59, 0xDF, 0x3A, 0xF1, 0x69, 0x70, 0xA4, 0xFF, 0x15, 0x04, 0x30, 0xEA, 0xA2,
    0x79, 0x35, 0x30, 0xD7, 0x03, 0xF3, 0x0A, 0x64, 0x0A, 0x8D, 0xBA, 0x63, 0x92, 0x7B, 0xC6, 0xFF,
    0xC3, 0xAA, 0xBC, 0xE4, 0x67, 0xD2, 0x85, 0xB5, 0xDF, 0xC6, 0x65, 0x64, 0xB8, 0x98, 0x5A, 0xD4,
    0x6B, 0x9D, 0xE8, 0xA0, 0xC5, 0xB1, 0xC7, 0x02, 0x53, 0x13, 0xAA, 0xC0, 0xFD, 0x0A, 0xF3, 0x2A,
    0x79, 0xCA, 0x13, 0x0D, 0xDD, 0x97, 0x7B, 0x60, 0x79, 0x32, 0x59, 0x07, 0x9F, 0x4E, 0x9D, 0xF7,
    0x83, 0x33, 0xB4, 0xFC, 0xDC, 0xD6, 0xE3, 0x77, 0x19, 0xA6, 0x90, 0xD6, 0x8E, 0xBF, 0xA8, 0x4A,
    0xCA, 0xE4, 0xD9, 0x3F, 0x56, 0xE7, 0x95, 0x31, 0xCF, 0x9F, 0xDF, 0x78, 0x77, 0x63, 0xC5, 0x6C,
    0x6C, 0xA8, 0x6A, 0xE3, 0xF9, 0xF3, 0xE6, 0x2F, 0xE7, 0xCF, 0x1B, 0x93, 0x2C, 0x9D, 0xAA, 0xA2,
    0x5B, 0xEB, 0x85, 0x47, 0xBB, 0x3E, 0xB3, 0xE9, 0x6C, 0x95, 0x66, 0x07, 0x1C, 0xAB, 0xFE, 0x16,
    0x04, 0x95, 0x7C, 0xBB, 0xBC, 0x16, 0x95, 0x6D, 0x50, 0xE1, 0x7B, 0x3D, 0x2A, 0x95, 0x2D, 0x62,
    0x2C, 0xC3, 0xAA, 0x93, 0x59, 0xE2, 0xFA, 0xC0, 0x78, 0x76, 0x7B, 0xF7, 0xCF, 0x58, 0xA9, 0x8E,
    0x63, 0xF9, 0xD2, 0xED, 0xB5, 0x03, 0xF7, 0xA7, 0x7A, 0x9A, 0xDD, 0xE7, 0xE0, 0xB9, 0x7F, 0x55,
    0x52, 0xE8, 0x61, 0x47, 0x9E, 0x87, 0x57, 0xAC, 0x88, 0xB8, 0x85, 0xC3, 0x82, 0xC0, 0x51, 0x72,
    0x0B, 0x66, 0x64, 0x79, 0x4D, 0x75, 0x69, 0xE7, 0x37, 0x10, 0xA5, 0x3B, 0xB9, 0x23, 0x6A, 0x69,
    0x45, 0xF5, 0xAA, 0xF1, 0x44, 0x8A, 0xA0, 0x4E, 0x1A, 0x5D, 0x5E, 0x97, 0x25, 0x99, 0x00, 0xBB,
    0x06, 0x95, 0xC3, 0x8D, 0xA4, 0xD6, 0x45, 0x5E, 0x43, 0xA9, 0x18, 0x77, 0x30, 0xDE, 0xA8, 0x77,
    0x96, 0xDC, 0xEA, 0xCE, 0xC7, 0xCB, 0xE4, 0x0C, 0x0A, 0xCF, 0x60, 0xCB, 0xB6, 0x8E, 0xAD, 0x73,
    0xC5, 0xDD, 0x6D, 0x28, 0xD7, 0x00, 0xC1, 0x41, 0xE0, 0xAE, 0x29, 0x82, 0x94, 0x20, 0x22, 0xF0,
    0x08, 0xE8, 0x84, 0x87, 0x01, 0x27, 0x20, 0xAB, 0x2E, 0xC0, 0x12, 0x5C, 0x7F, 0x31, 0x8B, 0x25,
    0xCD, 0x54, 0x1D, 0x18, 0xD8, 0x4F, 0xCD, 0x10, 0xE1, 0xD1, 0x56, 0xCA, 0xBC, 0x3C, 0x55, 0x86,
    0xFB, 0x3E, 0xB8, 0xFE, 0x57, 0x89, 0x6D, 0x91, 0xBE, 0x59, 0xA9, 0x80, 0x26, 0x87, 0x2F, 0x7E,
    0xA4, 0x77, 0xAA, 0x08, 0x6E, 0xF0, 0x2B, 0x39, 0x2D, 0x9B, 0x02, 0x2B, 0x14, 0x85, 0x98, 0x94,
    0x96, 0x03, 0xC4, 0x56, 0x59, 0xD0, 0xC2, 0x1B, 0xBB, 0xB8, 0x0E, 0x9B, 0xB4, 0x04, 0xDB, 0xB8,
    0x8E, 0xE8, 0x80, 0xC0, 0xF5, 0x8A, 0x6F, 0x40, 0x19, 0xA4, 0xDC, 0x02, 0x45, 0xB0, 0xEC, 0x35,
    0xC9, 0x2B, 0x09, 0x1A, 0x51, 0x95, 0x44, 0xB5, 0x9C, 0xAA, 0x68, 0x64, 0x41, 0xC5, 0x25, 0x01,
    0x84, 0x7E, 0x82, 0x0A, 0xFE, 0x05, 0x88, 0x29, 0x80, 0x11, 0x23, 0x49, 0xE5, 0xEC, 0x10, 0x53,
    0x9E, 0x71, 0x2A, 0xC4, 0x24, 0xAF, 0x43, 0x8C, 0x04, 0x96, 0x10, 0x30, 0xAA, 0xE3, 0x1D, 0x9A,
    0xEA, 0xCA, 0x0A, 0xA7, 0xEC, 0xE4, 0x19, 0x26, 0x68, 0x4B, 0x2C, 0xB9, 0x2D, 0x89, 0x65, 0x85,
    0x84, 0xB8, 0xFC, 0xE3, 0xDF, 0x37, 0x72, 0x62, 0xEE, 0xE7, 0x44, 0x7F, 0x3B, 0x27, 0x6F, 0x91,
    0x93, 0x10, 0x51, 0xD5, 0xEB, 0xE2, 0x3B, 0x78, 0xAC, 0x89, 0xA2, 0x92, 0x64, 0x60, 0x5C, 0x98,
    0x92, 0x66, 0xC4, 0xB2, 0x43, 0x66, 0xE1, 0xDB, 0xC0, 0x12, 0x39, 0x42, 0xB1, 0x25, 0x16, 0xC0,
    0xE5, 0x35, 0x58, 0x00, 0x4D, 0x13, 0x11, 0x3C, 0xED, 0x5D, 0x4C, 0x69, 0x04, 0xDE, 0x8A, 0x69,
    0x21, 0x0C, 0xB4, 0x23, 0x9A, 0x93, 0x70, 0x62, 0x78, 0x5E, 0xEA, 0x82, 0xBC, 0x82, 0xE9, 0x8A,
    0x1A, 0x30, 0x45, 0x54, 0x1B, 0x9A, 0xC5, 0xCC, 0xCB, 0xE2, 0x92, 0xBC, 0x30, 0x7E, 0x11, 0x0B,
    0x83, 0x6D, 0xC7, 0x90, 0x1B, 0xB4, 0xD1, 0x87, 0x88, 0xD3, 0x26, 0x79, 0xF3, 0x9F, 0xC0, 0xC2,
    0xBC, 0xA2, 0x8A, 0xD8, 0x36, 0xC4, 0x02, 0xA4, 0x9D, 0x83, 0xE3, 0x5F, 0xC8, 0x04, 0x84, 0x38,
    0x96, 0x98, 0xF1, 0xB8, 0x58, 0xC8, 0xFC, 0x8F, 0x46, 0x40, 0x15, 0x39, 0x4F, 0xAF, 0x25, 0x42,
    0x74, 0xE5, 0x34, 0xE5, 0x28, 0x82, 0x5E, 0x16, 0x64, 0xAA, 0x8C, 0x2A, 0xD5, 0xE4, 0x75, 0xE2,
    0x22, 0x2B, 0xD6, 0x41, 0x37, 0x7B, 0xCF, 0x8B, 0x47, 0x2A, 0x64, 0x17, 0xB1, 0x93, 0x0A, 0xD7,
    0x40, 0x26, 0x8B, 0x33, 0xD2, 0xF0, 0x29, 0x86, 0x7B, 0x5A, 0x20, 0x13, 0x93, 0x4F, 0xEE, 0x03,
    0x26, 0x8D, 0xF0, 0x1E, 0x99, 0xF9, 0x0C, 0x98, 0x92, 0x8F, 0xF0, 0x70, 0x7A, 0x93, 0x62, 0x23,
    0x84, 0x81, 0xA2, 0x65, 0x7E, 0xC0, 0xAA, 0x0C, 0x92, 0x17, 0xF4, 0x9C, 0x32, 0x60, 0x6A, 0x43,
    0x64, 0x86, 0x3B, 0x7C, 0x39, 0xB9, 0x44, 0x83, 0x0F, 0xDB, 0x14, 0x0A, 0xE8, 0xC0, 0xA5, 0xDF,
    0xC3, 0x0C, 0x64, 0xD8, 0xCF, 0x0C, 0x73, 0xAD, 0x68, 0x43, 0x6A, 0xA4, 0x5B, 0xCB, 0x03, 0xE7,
    0xE5, 0xF1, 0x19, 0xA1, 0x80, 0x11, 0x3E, 0xF9, 0x0C, 0x48, 0x7F, 0x20, 0x1B, 0x0F, 0x9A, 0x8D,
    0xB0, 0xB9, 0xC0, 0x24, 0x43, 0x2C, 0x1A, 0xF8, 0x9E, 0xF1, 0x36, 0x1F, 0xFC, 0xA2, 0x20, 0x22,
    0xA6, 0xAF, 0x11, 0xCB, 0xFB, 0xAC, 0x1B, 0x6E, 0x02, 0x55, 0x92, 0xB5, 0x0F, 0x9C, 0x8D, 0x13,
    0x7B, 0xEB, 0x41, 0x1A, 0x37, 0xEB, 0x19, 0xE0, 0xA9, 0xBB, 0xF1, 0x60, 0xB4, 0xB1, 0x30, 0x99,
    0xAC, 0x89, 0x4B, 0xFC, 0xBD, 0x4B, 0x91, 0xEE, 0x60, 0xDD, 0xC1, 0x67, 0x39, 0x45, 0xC2, 0xEE,
    0x10, 0x8F, 0x87, 0xF4, 0x6F, 0xEE, 0x90, 0xBF, 0xE1, 0x0E, 0x96, 0x15, 0x28, 0xCA, 0x43, 0x77,
    0x08, 0x1B, 0x77, 0x40, 0xE4, 0xE7, 0x3D, 0x75, 0xFB, 0x92, 0x19, 0xB3, 0xA2, 0x19, 0x31, 0xE2,
    0x10, 0x0C, 0x6F, 0x6F, 0xB3, 0x44, 0x6B, 0x46, 0xDF, 0x67, 0x38, 0xB2, 0x3D, 0xD8, 0xE1, 0x01,
    0x29, 0x21, 0x76, 0x64, 0x2F, 0x6F, 0x92, 0x1D, 0xFC, 0x40, 0x1E, 0x2B, 0x28, 0x84, 0x41, 0xE4,
    0xCF, 0xAB, 0xA4, 0x95, 0x10, 0xF9, 0x43, 0xC6, 0x40, 0x00, 0x21, 0xE9, 0x51, 0xCE, 0xBB, 0x65,
    0xFE, 0x2B, 0x9B, 0xDD, 0x70, 0x53, 0x52, 0x12, 0x46, 0x3C, 0x0B, 0x8B, 0xC8, 0xDE, 0xD6, 0xA5,
    0xCB, 0x78, 0xE4, 0xA7, 0x40, 0x11, 0xC7, 0x05, 0xFF, 0x0D, 0x1F, 0xBC, 0x2B, 0x53, 0x25, 0x8F,
    0xB1, 0x89, 0xC0, 0x77, 0x3A, 0xBF, 0xBB, 0x2F, 0xA0, 0xC8, 0x73, 0x44, 0xCC, 0x72, 0x11, 0xF4,
    0x9F, 0x60, 0x76, 0x1F, 0x3D, 0x07, 0x89, 0x74, 0x95, 0x02, 0xCE, 0x47, 0x36, 0x4E, 0x9B, 0x8F,
    0xC2, 0x29, 0xA0, 0x98, 0x8F, 0x2B, 0x13, 0xF9, 0xDA, 0x9C, 0x2B, 0x07, 0x71, 0x8C, 0x04, 0x7F,
    0xC4, 0x34, 0x03, 0x3D, 0x40, 0x0D, 0x94, 0xF9, 0x67, 0x72, 0x7C, 0xF4, 0x3C, 0x19, 0xAB, 0x58,
    0x8D, 0x02, 0xA5, 0xD7, 0xE2, 0x6D, 0x9E, 0x3C, 0x3E, 0x5A, 0xB8, 0x16, 0x36, 0xAA, 0x88, 0xDA,
    0xBC, 0x8C, 0x5A, 0x55, 0xFA, 0x75, 0x9A, 0x1D, 0xA3, 0x1E, 0x83, 0xCC, 0x65, 0xC5, 0xC1, 0x2D,
    0x70, 0xE4, 0xDC, 0x7B, 0xB2, 0x66, 0x6D, 0x3B, 0x7E, 0xFD, 0x5E, 0x0E, 0xF3, 0x7D, 0x71, 0x58,
    0x9D, 0x3F, 0xE2, 0xB2, 0x13, 0x0C, 0x0B, 0x0E, 0x56, 0x46, 0xBD, 0x04, 0xC5, 0x51, 0xE0, 0x5C,
    0xE2, 0x15, 0x54, 0x3C, 0xEA, 0x4D, 0xF3, 0xB4, 0x5C, 0x3D, 0x0A, 0x26, 0x97, 0x50, 0x00, 0xA9,
    0x7F, 0x0C, 0xEA, 0xE6, 0x90, 0x14, 0xEF, 0x8D, 0xEA, 0x55, 0x76, 0x18, 0xBF, 0x74, 0x92, 0x43,
    0x7C, 0x97, 0xF5, 0x9F, 0xE6, 0x8F, 0x20, 0x44, 0xB8, 0x00, 0xD1, 0x10, 0x58, 0x07, 0xCA, 0xA4,
    0xF6, 0xB4, 0xA1, 0x03, 0xB7, 0x00, 0x61, 0x07, 0x10, 0xF4, 0x00, 0xDE, 0x90, 0xEF, 0x66, 0x32,
    0xB0, 0xE3, 0x1B, 0x41, 0x72, 0x1B, 0xD7, 0x70, 0xC3, 0xE7, 0xDD, 0x80, 0xF3, 0x22, 0x82, 0xB4,
    0x49, 0x76, 0xDF, 0xB6, 0x4C, 0xDF, 0xB6, 0x70, 0xA1, 0x07, 0x60, 0x93, 0xD5, 0xD4, 0x35, 0xC6,
    0x20, 0x88, 0xF0, 0x2A, 0x93, 0xE5, 0xAF, 0x67, 0x55, 0xC1, 0x32, 0xBC, 0x61, 0x35, 0x67, 0x7D,
    0x91, 0xD7, 0x04, 0xAC, 0x57, 0xF2, 0x8E, 0xC0, 0x3A, 0x50, 0x00, 0xE4, 0x15, 0x40, 0x62, 0x00,
    0x2E, 0x76, 0x00, 0x2F, 0xA0, 0x5E, 0x41, 0x50, 0x7C, 0x01, 0x20, 0x7F, 0xBF, 0xCD, 0x8B, 0xF4,
    0xBF, 0x00, 0xF1, 0x57, 0x00, 0x81, 0x05, 0xF0, 0x08, 0x44, 0x13, 0x28, 0x82, 0x98, 0x20, 0x9C,
    0xA7, 0x81, 0xCA, 0x65, 0xEE, 0x6E, 0x0C, 0x7F, 0x8E, 0x89, 0xDC, 0x39, 0xA6, 0x5F, 0xED, 0x15,
    0x19, 0xEF, 0x6C, 0xBA, 0xB8, 0x39, 0x8C, 0xD1, 0xAD, 0x14, 0x17, 0xAA, 0x68, 0x6D, 0x28, 0xAD,
    0x92, 0x46, 0x50, 0x1D, 0xA2, 0xB6, 0x43, 0x8B, 0xCA, 0x58, 0x84, 0x00, 0x46, 0x13, 0x2E, 0x18,
    0xA1, 0x54, 0xA1, 0x5D, 0x84, 0x9A, 0xFE, 0x76, 0xE6, 0xCD, 0xBB, 0x3A, 0x73, 0x33, 0x19, 0xB6,
    0x7C, 0xCB, 0xB8, 0x15, 0x21, 0x74, 0xD9, 0x2B, 0xC8, 0x93, 0x63, 0xE4, 0xA2, 0x07, 0xD0, 0x7F,
    0x46, 0x33, 0x5C, 0xD8, 0x1F, 0x9E, 0x5C, 0x16, 0x8D, 0xC6, 0xC0, 0xDC, 0xCC, 0x03, 0x9A, 0xDC,
    0x92, 0x47, 0x8B, 0x5B, 0x97, 0xF3, 0x44, 0x93, 0xB7, 0x31, 0xB7, 0xC4, 0x9F, 0x52, 0xC5, 0x27,
    0xE5, 0xE9, 0x47, 0x8A, 0xCF, 0xA0, 0x5D, 0x71, 0xF9, 0x8E, 0x3C, 0xA4, 0xDB, 0xE4, 0xF0, 0x87,
    0x7B, 0x75, 0xCA, 0x23, 0xC1, 0xA1, 0xE7, 0x38, 0x49, 0x4A, 0xF2, 0xA0, 0xFE, 0xC3, 0xED, 0x8B,
    0xF4, 0xEF, 0x84, 0x71, 0x71, 0xED, 0x51, 0xB3, 0xCF, 0x9F, 0xC8, 0x4F, 0x91, 0xA1, 0x73, 0x51,
    0x37, 0xF0, 0xCC, 0xBD, 0x6E, 0xAC, 0x26, 0xC0, 0x8D, 0x87, 0x11, 0xE2, 0x77, 0xF2, 0x15, 0x5A,
    0xA5, 0xD2, 0x72, 0x86, 0x3C, 0x29, 0x8F, 0xCD, 0xD9, 0x3F, 0xE1, 0x24, 0x58, 0x71, 0x12, 0x5C,
    0x77, 0x12, 0xB4, 0xF7, 0x4B, 0xA0, 0x7A, 0x4A, 0xB0, 0x43, 0x09, 0xFC, 0x96, 0x12, 0x84, 0x35,
    0x25, 0x88, 0x4B, 0x4A, 0xA0, 0x9C, 0x1C, 0x3D, 0xE1, 0x2F, 0x1A, 0x4A, 0xF0, 0x7A, 0x4D, 0x09,
    0x3E, 0x29, 0x29, 0x81, 0x15, 0x1F, 0x9D, 0x63, 0xBF, 0x27, 0x41, 0xE4, 0x24, 0x48, 0xDC, 0x9E,
    0x90, 0x72, 0xD5, 0xC1, 0x63, 0xFB, 0x3C, 0xCC, 0x25, 0x44, 0x57, 0xC2, 0xB3, 0x5F, 0x92, 0x45,
    0xB7, 0x5F, 0x74, 0x56, 0xE6, 0xB1, 0x69, 0x21, 0x43, 0x02, 0x4A, 0xAA, 0xEF, 0x05, 0x0A, 0x74,
    0xAD, 0xD0, 0xAF, 0x2A, 0x95, 0x11, 0xEE, 0x44, 0xFC, 0xD2, 0x72, 0xE3, 0x07, 0xBD, 0x19, 0xE3,
    0xEE, 0xB8, 0x71, 0xB4, 0xEF, 0xCF, 0x71, 0x94, 0xCF, 0xA2, 0x53, 0xCC, 0x5A, 0x25, 0xCA, 0x1E,
    0x12, 0x43, 0xDC, 0x31, 0x09, 0x3A, 0x67, 0x6B, 0xDC, 0xDD, 0xBA, 0x04, 0x3D, 0x6D, 0x78, 0xE5,
    0x43, 0xE1, 0x65, 0x89, 0xA0, 0x47, 0x20, 0xF4, 0x6C, 0xDC, 0x10, 0xC0, 0xD6, 0xAE, 0x85, 0xD5,
    0x43, 0x5C, 0x28, 0xBF, 0x98, 0xEE, 0x64, 0x79, 0x6E, 0x5B, 0x12, 0xAD, 0xAC, 0xF8, 0xB3, 0x58,
    0xF2, 0x5D, 0xF7, 0x35, 0x0F, 0x6E, 0x5A, 0x1E, 0x02, 0x2C, 0x4F, 0xCB, 0xE2, 0xF9, 0xB0, 0x77,
    0xE9, 0xAC, 0xA5, 0x2B, 0x95, 0x3E, 0xDF, 0xEE, 0x90, 0x13, 0x31, 0xD0, 0x13, 0x14, 0x5E, 0x3F,
    0x1E, 0x71, 0x7E, 0x65, 0xBD, 0x9B, 0x96, 0x52, 0x55, 0x6E, 0x87, 0x83, 0xCF, 0xBB, 0xEC, 0x32,
    0xB6, 0x0D, 0x25, 0xEB, 0x74, 0xEA, 0x1A, 0x4D, 0x5D, 0xD0, 0xA1, 0x14, 0x09, 0x1B, 0x78, 0x5D,
    0x68, 0xD0, 0xED, 0x6F, 0x1B, 0xBF, 0x15, 0xCB, 0x6E, 0xC0, 0x1A, 0x38, 0xEA, 0xB6, 0x51, 0x70,
    0x34, 0xF3, 0xC4, 0xC0, 0x4C, 0x65, 0x33, 0x00, 0x74, 0xF1, 0x08, 0x00, 0x04, 0x71, 0x35, 0x07,
    0x38, 0xCD, 0x52, 0x80, 0x5D, 0x4C, 0xF9, 0x1F, 0x37, 0xFA, 0x8C, 0xEB, 0xED, 0x19, 0xF2, 0x18,
    0x1D, 0x58, 0x30, 0x02, 0x99, 0x44, 0x8C, 0x32, 0xED, 0x6C, 0xCD, 0xB9, 0xC5, 0xB7, 0xE6, 0xDB,
    0x76, 0x40, 0x0B, 0x31, 0xA4, 0xBB, 0x7A, 0x50, 0x55, 0x38, 0xE8, 0xCC, 0x1F, 0x20, 0xBD, 0x1B,
    0xC3, 0xF4, 0xA8, 0x59, 0xA2, 0x14, 0xC1, 0xA0, 0xEA, 0x78, 0x80, 0xBB, 0x0F, 0xA1, 0xED, 0x07,
    0x2C, 0xCD, 0x30, 0x7A, 0xFB, 0x53, 0xC2, 0x6D, 0x3A, 0x09, 0xD9, 0x13, 0xB2, 0xC7, 0xCA, 0x66,
    0x39, 0xEB, 0x88, 0xF0, 0x8B, 0xEB, 0x7D, 0x5C, 0x14, 0xD1, 0xBA, 0xF0, 0x9A, 0x68, 0xBE, 0x27,
    0x71, 0x24, 0xF8, 0x53, 0x14, 0xA4, 0xF6, 0x8B, 0xD2, 0xBB, 0x67, 0x0B, 0xCF, 0xEC, 0xC8, 0x91,
    0xE2, 0x7E, 0x37, 0x2A, 0x82, 0x3E, 0xAD, 0x39, 0xFC, 0x2E, 0xA9, 0x64, 0x75, 0xE1, 0x68, 0xF1,
    0x87, 0xB0, 0xEE, 0x04, 0xBA, 0xBF, 0x70, 0x4E, 0xE4, 0x3C, 0x62, 0x6B, 0x8A, 0xA0, 0x0F, 0x8F,
    0x10, 0x2F, 0x3B, 0x3A, 0x1A, 0x97, 0x37, 0xBD, 0xB7, 0x98, 0xA0, 0xFA, 0x14, 0x66, 0x9B, 0x5A,
    0x97, 0x4D, 0xD4, 0xE7, 0xD6, 0x22, 0xC7, 0x9F, 0x15, 0xD5, 0x78, 0x0C, 0xEE, 0x89, 0xDB, 0x7D,
    0xF3, 0x2E, 0xFD, 0x6B, 0xA2, 0xE9, 0xD7, 0x2C, 0x78, 0xD3, 0xF1, 0x90, 0x6F, 0x26, 0x95, 0xF3,
    0x27, 0xEE, 0xF9, 0xA2, 0x77, 0xA6, 0x85, 0xE0, 0x2C, 0x1F, 0xE4, 0xB7, 0xA2, 0xBF, 0x18, 0x40,
    0x0C, 0xA5, 0xAB, 0xD1, 0x08, 0x05, 0x91, 0x45, 0xC7, 0x59, 0x39, 0xD3, 0xE4, 0xB6, 0xCB, 0x99,
    0x2D, 0xBA, 0x47, 0x86, 0x1C, 0x53, 0x25, 0x83, 0x86, 0x2B, 0x84, 0x25, 0x42, 0x49, 0xA6, 0x65,
    0xEC, 0xC0, 0x67, 0x43, 0x3B, 0x2F, 0xF5, 0x0A, 0x55, 0x47, 0x15, 0x1B, 0x69, 0xBE, 0xE0, 0x11,
    0x0D, 0x9E, 0xE2, 0x6C, 0x34, 0x45, 0xF6, 0xB3, 0x5E, 0x3B, 0xBE, 0x92, 0xE1, 0x6F, 0x35, 0xAD,
    0x8E, 0x4F, 0x4F, 0x5F, 0xBC, 0xF0, 0xC5, 0x02, 0x99, 0xF2, 0xCC, 0x3E, 0xB7, 0xB8, 0x4A, 0xDA,
    0xEE, 0xAD, 0x45, 0x72, 0x17, 0xB4, 0xCB, 0xB0, 0xC9, 0x51, 0xE0, 0xE8, 0xC9, 0x8B, 0x1D, 0x64,
    0x1A, 0xC7, 0x9C, 0xB6, 0x64, 0xAA, 0xF1, 0x67, 0xB4, 0x6B, 0x4A, 0x36, 0xAA, 0xFF, 0x25, 0xE1,
    0x4E, 0x22, 0xB3, 0xA5, 0x6B, 0x46, 0x57, 0xF6, 0xC5, 0xB7, 0x23, 0xC1, 0x2F, 0xE3, 0x1E, 0xA0,
    0xEA, 0xB0, 0x78, 0x5A, 0xFC, 0x3A, 0x29, 0x8E, 0x12, 0xBF, 0x77, 0xF5, 0x64, 0xC6, 0x4D, 0x8F,
    0x10, 0x23, 0x40, 0xD3, 0x79, 0xD0, 0x74, 0xBF, 0x3F, 0xFE, 0x05, 0x94, 0x5D, 0xCA, 0x84, 0x9D,
    0x5C, 0x73, 0x45, 0xCB, 0x6A, 0xD0, 0x7E, 0xDB, 0x47, 0x36, 0x7D, 0x13, 0x77, 0xAA, 0x5A, 0x71,
    0x2B, 0xB4, 0x90, 0xC5, 0xF5, 0xB7, 0x7D, 0x5C, 0x2D, 0x0F, 0x3B, 0x2C, 0x93, 0x3B, 0x66, 0xC5,
    0x9B, 0xED, 0x71, 0xAE, 0x39, 0x83, 0x39, 0xF4, 0xF7, 0x9C, 0x77, 0x35, 0xFF, 0x7D, 0xA7, 0x3F,
    0xE8, 0xF2, 0x17, 0x5A, 0xF7, 0x5A, 0xE9, 0xBB, 0x20, 0xE1, 0x8E, 0xC4, 0xB8, 0x05, 0xF2, 0xE9,
    0x26, 0x13, 0x92, 0xA7, 0x6D, 0x16, 0x58, 0x04, 0xB1, 0x09, 0xB2, 0x9B, 0xB6, 0x75, 0xC8, 0x7D,
    0x26, 0xA4, 0x40, 0x55, 0x25, 0x68, 0xB9, 0xC2, 0x56, 0x23, 0x1B, 0x0C, 0xE2, 0x77, 0x68, 0x4F,
    0x79, 0xE4, 0x39, 0x5A, 0xAC, 0xC8, 0xA8, 0x3A, 0xE5, 0x6B, 0x07, 0xEE, 0x4E, 0x41, 0xAD, 0xD3,
    0x86, 0xEB, 0x95, 0x93, 0x99, 0x67, 0x3F, 0x29, 0x82, 0x7B, 0x68, 0xE7, 0x6E, 0xF4, 0xF3, 0xC5,
    0x59, 0x5B, 0xDC, 0x12, 0x34, 0xA0, 0xAE, 0x7C, 0xB5, 0x77, 0x75, 0x85, 0x5E, 0xB1, 0x86, 0xFB,
    0x99, 0xE1, 0x90, 0x63, 0x2C, 0x27, 0x95, 0xAB, 0x95, 0xE8, 0xBA, 0xCE, 0x63, 0x47, 0x2D, 0x2E,
    0xCD, 0x0D, 0x60, 0x4B, 0x9C, 0x77, 0xD2, 0x04, 0x50, 0x01, 0x0E, 0xDB, 0x2D, 0xD2, 0x0B, 0xCA,
    0x19, 0x78, 0xE2, 0xC0, 0x65, 0x1F, 0x53, 0xF1, 0x3E, 0xE0, 0xAE, 0xE5, 0x25, 0x32, 0x9D, 0x32,
    0xF0, 0x08, 0xCA, 0xCC, 0xC2, 0x14, 0xF8, 0x35, 0xBD, 0x78, 0x34, 0x68, 0x26, 0x12, 0xBA, 0xAA,
    0xF3, 0x19, 0x6E, 0x64, 0x8B, 0x9C, 0xDB, 0xEB, 0x80, 0x8E, 0x8F, 0xEE, 0xCC, 0x95, 0x58, 0x1B,
    0x33, 0x1A, 0x66, 0x70, 0xDC, 0xA8, 0xD8, 0x5F, 0x90, 0x1C, 0x0B, 0xDD, 0x15, 0xEE, 0x84, 0xD8,
    0x8F, 0x4B, 0xF1, 0xEF, 0x01, 0xB3, 0x5F, 0xEF, 0xC8, 0x71, 0x93, 0xF4, 0xB6, 0x4E, 0x66, 0xDC,
    0xCA, 0xAC, 0x66, 0x20, 0x45, 0xF0, 0x5B, 0x5D, 0x38, 0x76, 0xBA, 0xA3, 0x86, 0xCB, 0x71, 0x4D,
    0x39, 0xE2, 0xBD, 0x14, 0xAE, 0x11, 0x2C, 0x66, 0x63, 0x7E, 0x71, 0x36, 0x97, 0x3B, 0x6C, 0xF3,
    0x95, 0x38, 0xB3, 0xF5, 0x1C, 0x39, 0x63, 0xA6, 0xE0, 0x6B, 0xE3, 0x91, 0xB3, 0x98, 0x9C, 0x29,
    0x72, 0xD6, 0x83, 0x33, 0xBF, 0x01, 0x53, 0x51, 0x0D, 0x90, 0xA0, 0x8F, 0xD1, 0xE4, 0x30, 0x67,
    0x79, 0xA5, 0x9A, 0x19, 0x67, 0xEE, 0x2D, 0xFC, 0xAB, 0xE4, 0xEC, 0xF4, 0xDE, 0xE2, 0x4F, 0x2B,
    0x18, 0xDF, 0x4E, 0x6D, 0xDE, 0x15, 0xBF, 0xD9, 0xD4, 0xE1, 0xBD, 0x55, 0x96, 0x53, 0x87, 0x19,
    0xF4, 0x32, 0x8D, 0xA8, 0xC6, 0x0A, 0x30, 0xB5, 0x5F, 0x98, 0xD0, 0x5E, 0x34, 0xCE, 0x67, 0xBC,
    0x62, 0xC4, 0xC9, 0xFC, 0xC3, 0xD6, 0xA3, 0xDD, 0x53, 0xF7, 0x91, 0xE0, 0x97, 0xE9, 0xE6, 0x2D,
    0x32, 0x73, 0xB0, 0x0B, 0xFD, 0x94, 0x2B, 0x47, 0x8A, 0x7F, 0xB1, 0x78, 0x06, 0x77, 0xAC, 0x24,
    0xC6, 0x22, 0xF2, 0x5A, 0x2C, 0xE9, 0xE3, 0x47, 0xCC, 0x3F, 0xC3, 0xA4, 0xB0, 0x0B, 0x0F, 0x68,
    0x32, 0x71, 0xE3, 0xBA, 0xF2, 0xFD, 0x9E, 0x3F, 0x41, 0x3D, 0xCE, 0x6E, 0x3B, 0x67, 0x17, 0xA1,
    0xB3, 0xB4, 0x62, 0x45, 0x61, 0x60, 0x91, 0x51, 0xE3, 0xB3, 0x84, 0x0E, 0x08, 0x50, 0x44, 0x7B,
    0x03, 0x1D, 0xD9, 0x32, 0x07, 0xE4, 0x7C, 0x3D, 0xAE, 0xA8, 0x6E, 0xD7, 0x5E, 0xC4, 0x5C, 0xDC,
    0xA8, 0x9F, 0xB5, 0x5D, 0xE3, 0x8B, 0x2E, 0x33, 0xDB, 0x01, 0x1A, 0xFB, 0x54, 0x5A, 0xA5, 0xAB,
    0x0F, 0x2E, 0xF3, 0xFF, 0x18, 0xEE, 0xAB, 0x34, 0xE6, 0x63, 0x8C, 0xAF, 0x19, 0x5F, 0x14, 0xD8,
    0x41, 0x37, 0xB6, 0x0A, 0x3B, 0x9B, 0xF9, 0xCC, 0x78, 0xFD, 0x30, 0x2D, 0xAA, 0xC6, 0xC2, 0xCA,
    0xEB, 0x2D, 0x7A, 0x02, 0x5B, 0x27, 0x2D, 0x8B, 0x26, 0xC6, 0xE3, 0x21, 0x19, 0x80, 0x23, 0xFB,
    0x46, 0xBC, 0xEE, 0x25, 0xCA, 0x7B, 0x8B, 0xC5, 0x28, 0x83, 0x3F, 0x24, 0x68, 0xC8, 0x7A, 0x0A,
    0xF2, 0xB8, 0xB7, 0xBF, 0x3B, 0x7A, 0x08, 0x9A, 0xF8, 0x3F, 0xCD, 0x5B, 0xBD, 0x8F, 0xE4, 0xC8,
    0x75, 0x7F, 0x24, 0x77, 0x86, 0xF6, 0x12, 0x30, 0x37, 0xD0, 0x08, 0xC6, 0xCA, 0xB7, 0x4C, 0x14,
    0xC8, 0x0B, 0xDC, 0xB5, 0x02, 0x05, 0x12, 0xA0, 0x5B, 0x12, 0xBE, 0x50, 0x81, 0x26, 0x98, 0x56,
    0xA2, 0xC0, 0x89, 0xA3, 0x4B, 0x46, 0xA1, 0x0D, 0xE8, 0x96, 0x94, 0x1D, 0x38, 0x70, 0xA0, 0x51,
    0x70, 0x91, 0x82, 0xDB, 0x60, 0x83, 0xD3, 0x08, 0xF0, 0x3A, 0x50, 0x70, 0x0E, 0x76, 0x49, 0xC8,
    0xFF, 0x40, 0x43, 0xB2, 0x23, 0x27, 0x84, 0x6E, 0x65, 0x43, 0x27, 0x18, 0x47, 0xD8, 0x3C, 0x8B,
    0x33, 0xCB, 0xAE, 0xD2, 0xEF, 0xF7, 0xAA, 0xD8, 0xDD, 0xB3, 0x77, 0xB7, 0x98, 0xBD, 0xE9, 0x99,
    0xD9, 0x1E, 0xD6, 0x63, 0x37, 0x3F, 0xAA, 0xEA, 0x7D, 0xD4, 0xFB, 0xAC, 0x91, 0xBD, 0xF9, 0x81,
    0x48, 0x6E, 0x47, 0x0F, 0x36, 0x3E, 0x73, 0x02, 0x5B, 0x88, 0x04, 0xB6, 0x12, 0x09, 0x6D, 0x23,
    0x12, 0xD9, 0x56, 0x24, 0x7E, 0xD6, 0x89, 0xA4, 0xFF, 0xDD, 0x8B, 0x64, 0xBF, 0x1E, 0x44, 0x66,
    0xBF, 0xE4, 0xBB, 0x3F, 0x5A, 0x8A, 0x94, 0x85, 0xC5, 0x0B, 0x52, 0x8B, 0x18, 0x29, 0xAB, 0xD0,
    0x5A, 0xDB, 0x44, 0x00, 0x8B, 0x18, 0xA0, 0x4B, 0x3F, 0x99, 0xFF, 0x75, 0x97, 0xB6, 0x12, 0x0F,
    0xB3, 0x46, 0xA2, 0x31, 0x6F, 0x24, 0x5C, 0x96, 0x05, 0x1F, 0xD5, 0x61, 0xD0, 0x3B, 0xDB, 0x7C,
    0x5E, 0xAC, 0xC6, 0xBF, 0x7D, 0x74, 0x10, 0xDA, 0xC1, 0xA4, 0xD6, 0x9A, 0xD9, 0x69, 0x6D, 0xF2,
    0x45, 0x6C, 0xEA, 0x22, 0x34, 0x18, 0x43, 0x9B, 0xF1, 0xE7, 0x5A, 0x02, 0x53, 0x56, 0x91, 0xC9,
    0xDB, 0xD4, 0x64, 0x78, 0x36, 0xB6, 0x4B, 0x13, 0xD8, 0xD6, 0xC8, 0x0E, 0xFA, 0x08, 0xE4, 0x16,
    0x66, 0x58, 0x60, 0x86, 0xE9, 0xEF, 0x31, 0xE1, 0x98, 0xF3, 0x97, 0xBA, 0xB8, 0x06, 0x14, 0x83,
    0x2E, 0x6E, 0x64, 0x4C, 0x1B, 0xA9, 0x31, 0x5E, 0x8E, 0x4B, 0xBB, 0x4F, 0xB7, 0x87, 0xA6, 0x43,
    0x44, 0x31, 0x71, 0xA8, 0x38, 0x5C, 0x1C, 0x32, 0x0E, 0x1B, 0x87, 0x8E, 0xC3, 0xC7, 0x21, 0xE4,
    0x30, 0x72, 0x28, 0x39, 0x9C, 0x14, 0x29, 0x51, 0xAC, 0x44, 0xD1, 0x12, 0xC5, 0x4B, 0x14, 0x31,
    0x51, 0xCC, 0x44, 0x51, 0x13, 0xC5, 0x0D, 0xAF, 0x62, 0x52, 0x1C, 0x38, 0x66, 0xD7, 0x92, 0x72,
    0x48, 0xC9, 0x94, 0xBA, 0xD9, 0xFF, 0xE8, 0x15, 0x76, 0x2D, 0xE1, 0xB0, 0x05, 0x2C, 0x39, 0x44,
    0x56, 0x91, 0x99, 0x68, 0xE8, 0x3C, 0xC5, 0x2B, 0x61, 0x3F, 0x31, 0xF2, 0x08, 0x2D, 0x21, 0x96,
    0x65, 0x3F, 0x51, 0xE0, 0xE9, 0x4A, 0x90, 0xDE, 0xC6, 0xDD, 0xCC, 0x02, 0xD7, 0xDA, 0xDA, 0x8A,
    0x78, 0x75, 0x89, 0x2D, 0xCA, 0x45, 0x36, 0x48, 0x5C, 0xE4, 0x24, 0x50, 0xCE, 0x89, 0x97, 0xD5,
    0x24, 0x1A, 0xA4, 0x84, 0xFF, 0x56, 0x4C, 0x37, 0xF4, 0x91, 0x99, 0xD2, 0x71, 0x94, 0xB8, 0x4A,
    0xEC, 0x6F, 0xEB, 0x86, 0x84, 0x6A, 0xA5, 0x44, 0xA7, 0x92, 0x58, 0x92, 0xF5, 0x4B, 0x7E, 0x2A,
    0x21, 0xA5, 0x07, 0x17, 0xF2, 0x85, 0xC8, 0x3D, 0x5C, 0xBA, 0x35, 0x49, 0xF4, 0x43, 0xCC, 0xCD,
    0x16, 0x09, 0x28, 0x9B, 0x99, 0xBA, 0x03, 0x11, 0x1A, 0x90, 0xB0, 0x70, 0x94, 0x5F, 0xB7, 0x5A,
    0x07, 0x0D, 0xAA, 0xBC, 0x4D, 0x16, 0x20, 0x58, 0x17, 0x91, 0x1F, 0x35, 0xE6, 0x1F, 0x70, 0x3A,
    0x37, 0xC4, 0xCF, 0x29, 0xB4, 0x1C, 0xE6, 0xBF, 0xC0, 0xC9, 0x9B, 0xF2, 0xB5, 0xEB, 0xC1, 0x95,
    0x8C, 0x46, 0xA7, 0xE5, 0x08, 0xB6, 0x59, 0x89, 0xDA, 0x6C, 0x63, 0xF5, 0x6E, 0x0F, 0x57, 0x9D,
    0x1D, 0xE7, 0x54, 0x73, 0x76, 0x6F, 0x5C, 0x0F, 0x5F, 0x77, 0xF1, 0x74, 0xD6, 0xB9, 0x67, 0x89,
    0x73, 0xB0, 0x46, 0x75, 0x3B, 0xB8, 0xEA, 0x7A, 0xA9, 0x7E, 0x08, 0x39, 0x7E, 0x36, 0x50, 0x86,
    0xDB, 0x09, 0xF5, 0x6B, 0xE1, 0x6B, 0xD8, 0x66, 0x12, 0x2C, 0x6B, 0xE5, 0xAD, 0xE2, 0xBD, 0x53,
    0x6C, 0x19, 0xD7, 0xC7, 0xBB, 0x94, 0x1C, 0xE8, 0x18, 0xA7, 0x25, 0xC2, 0xC9, 0xF8, 0xA8, 0x41,
    0x2A, 0xA9, 0x7C, 0x00, 0x46, 0x02, 0x8B, 0x9E, 0x76, 0x6D, 0x03, 0x1C, 0xF2, 0x16, 0x20, 0xEB,
    0x00, 0xD2, 0x1E, 0x20, 0x1E, 0x00, 0xA2, 0xB3, 0x40, 0xAF, 0x25, 0xBC, 0x9B, 0xF2, 0xB9, 0x19,
    0x41, 0xBD, 0x28, 0x3F, 0xFA, 0xB9, 0xAD, 0xD0, 0x95, 0x61, 0x7F, 0x3D, 0x80, 0xD1, 0x69, 0xFC,
    0x4C, 0x47, 0x34, 0xAA, 0xB8, 0x8C, 0x52, 0xC6, 0xA4, 0x0A, 0xA3, 0xCE, 0x5F, 0xBF, 0x7D, 0x64,
    0xEE, 0x60, 0xA5, 0x8D, 0xC0, 0x29, 0xE1, 0xEB, 0x32, 0x3B, 0x39, 0x34, 0x24, 0x65, 0x6C, 0xC8,
    0x1E, 0xAA, 0x3F, 0x35, 0x06, 0x62, 0x15, 0x9A, 0x8D, 0xEF, 0xEE, 0x3A, 0xAC, 0x04, 0x9F, 0x6F,
    0x13, 0x43, 0x06, 0xB2, 0x87, 0xD8, 0x1A, 0xA5, 0x50, 0x6F, 0xD4, 0x40, 0xE1, 0xB3, 0x33, 0x9F,
    0xEB, 0xCD, 0x9E, 0xC0, 0x2A, 0x68, 0xB2, 0x36, 0xA8, 0x3B, 0x08, 0x5A, 0x3A, 0x00, 0xC4, 0x23,
    0x40, 0xB4, 0x04, 0x80, 0x7A, 0x3C, 0x2D, 0xA0, 0x27, 0xC1, 0x2F, 0x07, 0xB2, 0xDF, 0xE2, 0x1A,
    0x6E, 0x84, 0xBC, 0x1B, 0xF1, 0xB9, 0x84, 0x60, 0xD6, 0x67, 0xA7, 0xC7, 0xB6, 0x65, 0x57, 0x15,
    0xC0, 0x92, 0x9D, 0x1E, 0xAD, 0x50, 0xE6, 0xC8, 0x39, 0x25, 0x6C, 0x0D, 0x78, 0x0D, 0xC8, 0x3A,
    0x5C, 0x15, 0x55, 0xC5, 0x54, 0x11, 0x55, 0x3C, 0x15, 0x1D, 0xC5, 0xCC, 0xAC, 0xBE, 0x4D, 0x76,
    0xD0, 0x38, 0x04, 0x15, 0x3F, 0x87, 0x9E, 0x62, 0x47, 0xE4, 0x02, 0x98, 0x74, 0x58, 0x91, 0x8A,
    0x4D, 0x56, 0x2C, 0x9E, 0xEF, 0x83, 0x0F, 0xDD, 0xAA, 0x15, 0x4E, 0xD4, 0x57, 0xAD, 0x52, 0x09,
    0xA8, 0x56, 0xED, 0xDD, 0xB9, 0x7C, 0xEA, 0x99, 0x77, 0xCF, 0xF6, 0xA1, 0x36, 0x16, 0x82, 0xC9,
    0x26, 0xF3, 0xF9, 0xC6, 0xE2, 0x7C, 0xC0, 0xEB, 0x44, 0xA9, 0xC9, 0x4E, 0x20, 0xB0, 0x4D, 0xDC,
    0x97, 0x10, 0x95, 0x7A, 0xFE, 0xBD, 0x11, 0xC4, 0x71, 0x6D, 0x25, 0xB0, 0x52, 0xE4, 0x7D, 0x38,
    0x09, 0x2C, 0xD6, 0x85, 0x71, 0x02, 0x5B, 0xDC, 0x90, 0xA8, 0xCB, 0x60, 0xAF, 0xF0, 0x14, 0x17,
    0x21, 0x15, 0xC0, 0x25, 0xE2, 0x11, 0x76, 0x69, 0x15, 0x0E, 0xB0, 0x74, 0x98, 0xB7, 0x2E, 0xC0,
    0x9B, 0x0F, 0xB6, 0x87, 0x0B, 0x99, 0x02, 0x53, 0xEE, 0x14, 0x19, 0x5A, 0xD2, 0x5C, 0x1E, 0x2E,
    0xBB, 0x10, 0xB9, 0xD4, 0x8F, 0xC3, 0xF3, 0x19, 0xA5, 0x79, 0x71, 0x5C, 0x2E, 0x87, 0xFE, 0x4F,
    0xD0, 0xF7, 0xE0, 0x9C, 0x8B, 0xD0, 0x40, 0x3D, 0x71, 0x75, 0x80, 0x17, 0x17, 0x9A, 0x2F, 0x64,
    0x52, 0xFB, 0x44, 0xF7, 0x54, 0x2D, 0x11, 0xB4, 0x5B, 0x40, 0xD5, 0x77, 0x5F, 0x09, 0x42, 0xC3,
    0xA9, 0xBE, 0x50, 0x39, 0x38, 0xDE, 0x5C, 0xE6, 0x1A, 0x69, 0x53, 0xEA, 0x0F, 0xAC, 0xFA, 0xF1,
    0x2C, 0x4F, 0xB6, 0x21, 0x5B, 0xCE, 0x19, 0x95, 0xB2, 0x11, 0xEF, 0x9E, 0x48, 0xF2, 0xFF, 0xF4,
    0x31, 0xE3, 0xE2, 0x2F, 0xE4, 0x8C, 0xD9, 0xE6, 0x30, 0xA2, 0xC6, 0xAC, 0x55, 0x7F, 0x73, 0xC0,
    0x85, 0x02, 0x52, 0x02, 0x7B, 0x16, 0x34, 0xA2, 0x06, 0xCD, 0x99, 0x2B, 0x67, 0xB9, 0xBC, 0xCB,
    0x5E, 0xD3, 0x2B, 0xC5, 0xF7, 0x15, 0x2C, 0xCA, 0x26, 0x3C, 0xB6, 0xEA, 0x67, 0xD5, 0x2A, 0xD0,
    0x46, 0xD2, 0x25, 0x14, 0x25, 0x94, 0xD0, 0xBF, 0x1F, 0x0E, 0xC4, 0x87, 0x93, 0xC8, 0x55, 0xF5,
    0xC4, 0x6A, 0xDE, 0xFC, 0x0C, 0xD5, 0x69, 0x55, 0x4F, 0x58, 0x55, 0x31, 0x1D, 0x8B, 0x21, 0x6E,
    0x36, 0xA3, 0x9F, 0xDB, 0x47, 0x7B, 0x98, 0xD9, 0xB2, 0xE4, 0x4C, 0x2D, 0x1E, 0x3B, 0xE4, 0x30,
    0x91, 0x25, 0x5D, 0xD5, 0x57, 0xAE, 0xA9, 0x01, 0x4B, 0xD5, 0xF0, 0xFC, 0x56, 0xF3, 0x1A, 0xEE,
    0x36, 0x01, 0x9E, 0x83, 0x6D, 0x86, 0x51, 0xC3, 0x6B, 0x98, 0x22, 0x1F, 0xED, 0x9D, 0x35, 0x56,
    0x17, 0x5D, 0x42, 0x7A, 0xCE, 0xC9, 0xEF, 0x0E, 0x47, 0x3E, 0xD2, 0x89, 0xD3, 0x8B, 0xB0, 0xAA,
    0x3E, 0x58, 0x81, 0x17, 0x7D, 0x9F, 0x93, 0x3B, 0x1D, 0x95, 0x86, 0xFD, 0x9A, 0x06, 0xAF, 0x16,
    0xF5, 0xFA, 0x18, 0xAF, 0x31, 0x9E, 0x81, 0x14, 0x56, 0x9E, 0x8E, 0xBB, 0x4F, 0xAF, 0x91, 0x7A,
    0xFE, 0x93, 0x57, 0x2B, 0x09, 0xF4, 0x70, 0x56, 0xBC, 0x52, 0xD4, 0x0B, 0xA9, 0xCB, 0x13, 0xFE,
    0x4E, 0xC6, 0x55, 0xE8, 0xB4, 0x2F, 0xD7, 0x2C, 0x7B, 0xAF, 0x84, 0x5C, 0xFD, 0xE5, 0x3A, 0x8A,
    0x75, 0xBE, 0xBE, 0xCC, 0x14, 0xE6, 0x7A, 0xDD, 0x39, 0x88, 0x8E, 0x52, 0x5F, 0x15, 0xA7, 0xA4,
    0x85, 0x52, 0x28, 0x09, 0x67, 0x96, 0x0E, 0xD3, 0x9A, 0x5E, 0x53, 0xF3, 0x3A, 0x08, 0xC9, 0xC1,
    0xA3, 0xA5, 0x06, 0xBF, 0x54, 0xD1, 0xEF, 0x61, 0x6E, 0xDF, 0x08, 0x16, 0xDE, 0xF1, 0x01, 0xA6,
    0xFB, 0x74, 0x4D, 0xDB, 0xF3, 0x00, 0xBA, 0xE6, 0x1B, 0xE0, 0xA3, 0xE3, 0x47, 0xED, 0x79, 0xDF,
    0x55, 0x82, 0x42, 0xFC, 0x03, 0x28, 0x10, 0xAA, 0xE0, 0x49, 0x01, 0xFF, 0xEC, 0x39, 0x37, 0x7D,
    0xD5, 0x76, 0x1F, 0x8A, 0xC9, 0xAD, 0xD0, 0xF3, 0xB4, 0x27, 0xF5, 0x02, 0x4E, 0x63, 0x0B, 0xF4,
    0x3B, 0x73, 0xCE, 0x16, 0x1C, 0x30, 0x07, 0x11, 0x0D, 0xA4, 0x8D, 0x83, 0xB1, 0x42, 0x88, 0x12,
    0xE8, 0xB3, 0x09, 0xE3, 0x8D, 0x67, 0x18, 0xC7, 0x3C, 0x07, 0xCD, 0xF1, 0xB1, 0x3D, 0xD3, 0xCF,
    0x79, 0xE0, 0xCD, 0x23, 0x67, 0x36, 0x6B, 0xC6, 0x18, 0xDA, 0x94, 0x06, 0x68, 0x6F, 0x17, 0xE9,
    0x87, 0xB6, 0x03, 0x8F, 0xC6, 0xD4, 0xFE, 0x74, 0x99, 0x0E, 0x01, 0xFD, 0x7B, 0x8B, 0x7B, 0xE7,
    0x6A, 0x59, 0x3B, 0x94, 0xB6, 0x7F, 0x52, 0x77, 0x0F, 0x77, 0x29, 0x93, 0xF3, 0xF9, 0x01, 0xD6,
    0x84, 0x3B, 0xC0, 0xFE, 0xF3, 0x1C, 0xDF, 0x33, 0xFB, 0xAB, 0x57, 0xE2, 0xC5, 0xC3, 0xEC, 0xA4,
    0xCF, 0xEB, 0xEE, 0xDB, 0x99, 0x17, 0x07, 0x39, 0xD8, 0x08, 0x1A, 0xCE, 0x71, 0xC0, 0x25, 0xA8,
    0x6D, 0x5F, 0x5B, 0x9F, 0xF6, 0xB8, 0xE0, 0x7C, 0x74, 0xA5, 0x37, 0x38, 0xF6, 0xA6, 0xA4, 0x5B,
    0xB0, 0x4F, 0x82, 0x9E, 0xFF, 0xB8, 0x21, 0xC5, 0xFD, 0xB0, 0xCB, 0x3F, 0x6E, 0x53, 0xDB, 0x84,
    0x66, 0x3B, 0x53, 0xBA, 0x27, 0x7D, 0xFE, 0x57, 0x7D, 0x06, 0x41, 0x01, 0x23, 0xFF, 0xF5, 0x8B,
    0x51, 0xE9, 0x42, 0x73, 0x08, 0x96, 0x74, 0xD1, 0x22, 0x04, 0x53, 0xCF, 0x10, 0x68, 0x37, 0x70,
    0x07, 0x83, 0x07, 0xF1, 0x18, 0x8F, 0xC0, 0x77, 0xDF, 0x11, 0x29, 0x1A, 0x5E, 0xF4, 0x97, 0x2D,
    0x72, 0x79, 0x47, 0xCA, 0x5F, 0xE4, 0x23, 0xD4, 0xD2, 0x2D, 0x09, 0x46, 0x08, 0x35, 0x0F, 0x19,
    0xB6, 0x40, 0xA0, 0x3D, 0xD8, 0xB7, 0x17, 0xFD, 0xCD, 0x19, 0x3C, 0x43, 0x4C, 0x48, 0x4B, 0x68,
    0xF0, 0xEE, 0xF9, 0x73, 0x48, 0xC5, 0x14, 0x8D, 0x72, 0x19, 0xE7, 0xC2, 0x9D, 0xA3, 0x05, 0x96,
    0x38, 0xE6, 0x9C, 0x9C, 0x1C, 0xF6, 0x42, 0xB1, 0xA7, 0x82, 0x24, 0x5D, 0x5D, 0x8E, 0x77, 0x70,
    0xAE, 0x82, 0x38, 0x87, 0x31, 0xA9, 0xE2, 0xA3, 0x7C, 0x91, 0x76, 0x79, 0x9B, 0x75, 0xB3, 0x26,
    0x6D, 0x77, 0x36, 0x42, 0x84, 0x9D, 0x62, 0xA7, 0xC8, 0x70, 0xED, 0x8B, 0x36, 0xA7, 0x13, 0x34,
    0x3F, 0xB5, 0x10, 0x72, 0x32, 0xB4, 0x3E, 0x2D, 0xA8, 0xD6, 0x86, 0xE6, 0x49, 0x28, 0x72, 0xF1,
    0x09, 0x26, 0x14, 0x55, 0xAF, 0x4D, 0xC3, 0xFA, 0x60, 0xBC, 0xD8, 0x00, 0xCC, 0x7A, 0xBE, 0x3C,
    0xB8, 0x41, 0xF0, 0x06, 0x2D, 0x66, 0xF9, 0x1F, 0xD0, 0x48, 0x39, 0x8D, 0x6B, 0xCA, 0xF0, 0x31,
    0xD4, 0x80, 0xFB, 0x86, 0xCF, 0xB4, 0x2C, 0x71, 0xB1, 0xC8, 0x3F, 0x5E, 0xBC, 0x13, 0x76, 0x2B,
    0xB5, 0x10, 0x8E, 0x2F, 0x77, 0x80, 0xF4, 0x70, 0x29, 0xEA, 0x8E, 0xA8, 0xBE, 0xB1, 0xB6, 0x33,
    0xE5, 0xA2, 0xAC, 0x02, 0xD8, 0xE3, 0x2A, 0x5E, 0xC2, 0x64, 0x67, 0x3D, 0x00, 0x1E, 0x28, 0x7F,
    0x04, 0x94, 0xCA, 0x7F, 0x64, 0x3A, 0xFB, 0xBD, 0x9E, 0xFE, 0x5B, 0x47, 0x30, 0x10, 0xF0, 0xDA,
    0x27, 0xB4, 0x89, 0x4D, 0x8D, 0x59, 0x57, 0x33, 0xB8, 0xF6, 0x15, 0x0C, 0xAB, 0xEF, 0x20, 0x64,
    0x26, 0x46, 0xEA, 0x75, 0x26, 0xC6, 0x2B, 0x22, 0x75, 0x69, 0xE2, 0x71, 0x02, 0x6A, 0xA9, 0x83,
    0x7E, 0xB2, 0xCE, 0xC1, 0x8B, 0xEC, 0x0E, 0xE6, 0x69, 0x60, 0x6B, 0x8D, 0xD8, 0xC6, 0x60, 0x91,
    0x18, 0x0C, 0x66, 0xE0, 0x68, 0x18, 0xD0, 0x8B, 0xE4, 0xB2, 0x7A, 0x5E, 0x88, 0xFD, 0x6E, 0x2F,
    0x06, 0x48, 0x1A, 0x58, 0x66, 0x83, 0x19, 0x18, 0x99, 0xB5, 0xC6, 0x99, 0x7C, 0x97, 0x11, 0xA4,
    0xBB, 0x40, 0x77, 0x8F, 0x0E, 0x29, 0x1D, 0xBE, 0xC7, 0x2E, 0xED, 0x7A, 0xE0, 0xFA, 0x5F, 0xA0,
    0xFF, 0xC2, 0x80, 0xD2, 0x26, 0x41, 0x3F, 0xB3, 0x85, 0x98, 0xB2, 0x38, 0xDB, 0xFF, 0x8F, 0x3B,
    0xDF, 0x3F, 0xD3, 0x1B, 0x75, 0xC1, 0xC4, 0x87, 0xD1, 0xB0, 0xD5, 0x7F, 0xBE, 0xEA, 0x32, 0x54,
    0xD9, 0x52, 0xD4, 0x0F, 0xFA, 0xD6, 0x4A, 0x46, 0x9D, 0x84, 0x5D, 0xA8, 0x9D, 0x1E, 0x3F, 0x84,
    0x94, 0x8D, 0x53, 0x43, 0xB7, 0x5F, 0x0B, 0xC6, 0xD4, 0xE4, 0x4F, 0x5F, 0xC7, 0xD7, 0x9B, 0x47,
    0x69, 0x77, 0xDE, 0xBF, 0x3D, 0xEF, 0x99, 0x5D, 0xA8, 0x7D, 0x74, 0x7C, 0xF4, 0x7C, 0xCC, 0x28,
    0xB7, 0xBD, 0x33, 0x9D, 0x7B, 0x0A, 0x33, 0x11, 0x7F, 0xDF, 0x51, 0xF8, 0x6E, 0x91, 0x37, 0xE7,
    0xFD, 0x13, 0xB9, 0x83, 0x2E, 0xB0, 0xDE, 0x9B, 0xAC, 0xBA, 0x87, 0x97, 0xDD, 0x7C, 0x1F, 0xA3,
    0x51, 0xB0, 0x6A, 0xC8, 0xE9, 0xCC, 0xFF, 0xEE, 0xBF, 0xF0, 0x7C, 0x21, 0x69, 0x36, 0x5D, 0xD8,
    0xAC, 0xB3, 0x49, 0x67, 0x23, 0xC0, 0x85, 0x4D, 0x45, 0x8B, 0x36, 0xE7, 0x3D, 0x5E, 0x4C, 0xC5,
    0x80, 0x0B, 0xA9, 0xE1, 0xD2, 0x70, 0x8D, 0xDF, 0x83, 0x73, 0xCD, 0xEA, 0x33, 0x8F, 0x60, 0x9A,
    0xED, 0xAC, 0xE5, 0x97, 0xE0, 0x73, 0x67, 0x45, 0x2B, 0x28, 0xC1, 0xF2, 0xC5, 0xE0, 0x07, 0xA2,
    0x1E, 0x1F, 0x00, 0xA4, 0xE8, 0x2B, 0x4C, 0x30, 0xE4, 0x9A, 0xEA, 0xE3, 0xDD, 0xBD, 0xCF, 0x7A,
    0x03, 0xEE, 0x16, 0x33, 0x66, 0xB6, 0xD9, 0x00, 0xEF, 0x7F, 0x8E, 0x96, 0x81, 0x8D, 0xB7, 0x8B,
    0xC4, 0x2E, 0xD0, 0x65, 0x36, 0xCA, 0xCD, 0xCF, 0x57, 0x46, 0xFE, 0x13, 0x16, 0x5E, 0x17, 0x6A,
    0xA6, 0x83, 0xF9, 0x52, 0x89, 0x8E, 0x64, 0xE5, 0x08, 0x07, 0xFB, 0x90, 0xA8, 0x68, 0x28, 0x5B,
    0x82, 0x9E, 0x60, 0x24, 0xB0, 0x0A, 0x2A, 0x80, 0x72, 0x01, 0x90, 0x75, 0x00, 0xDF, 0x81, 0xF1,
    0x2D, 0xDF, 0x32, 0x00, 0x85, 0x7D, 0x0B, 0xA0, 0xFC, 0xB7, 0x01, 0xC4, 0xFF, 0x10, 0x20, 0xFD,
    0x03, 0x40, 0x64, 0x07, 0xAA, 0x39, 0x26, 0x7E, 0x6B, 0x82, 0x9C, 0x20, 0x75, 0xC9, 0x60, 0xF5,
    0xC7, 0xB5, 0x1E, 0x33, 0x7E, 0xAA, 0x1E, 0x73, 0x70, 0x41, 0xA7, 0xF7, 0x0A, 0x91, 0xD0, 0xCF,
    0xFB, 0xCA, 0x31, 0xCD, 0x73, 0xAE, 0xA2, 0xA2, 0x77, 0x26, 0x55, 0x2B, 0xC5, 0xC5, 0x11, 0xD2,
    0x51, 0xEE, 0xF8, 0x20, 0x8F, 0xC4, 0x9A, 0xD6, 0xFA, 0x66, 0x11, 0x4B, 0xEE, 0x05, 0x2C, 0x83,
    0x7C, 0xDC, 0x31, 0x78, 0xAB, 0xBC, 0x20, 0x5D, 0x31, 0x4F, 0x3F, 0xA3, 0x3E, 0xE1, 0xFD, 0x86,
    0x8B, 0x92, 0x40, 0xCB, 0x1C, 0xD9, 0xDA, 0x8A, 0x57, 0x53, 0x02, 0x21, 0xDF, 0xD9, 0xBF, 0x5B,
    0xDC, 0x4B, 0xFF, 0xD7, 0xF6, 0x6F, 0x32, 0x9C, 0x80, 0xCD, 0xFE, 0xA9, 0xA1, 0x50, 0xB1, 0x73,
    0x07, 0xEA, 0x97, 0x02, 0x57, 0x49, 0xAD, 0x48, 0xB3, 0x0D, 0xBD, 0xAF, 0xFE, 0xB8, 0xD2, 0x92,
    0xD6, 0x87, 0xFF, 0x6E, 0x0B, 0x22, 0x33, 0x35, 0xA2, 0x61, 0x1B, 0x27, 0x9B, 0x4F, 0xE9, 0x46,
    0x51, 0x61, 0x65, 0x2C, 0x78, 0x78, 0xB8, 0xF9, 0x09, 0xFE, 0xF9, 0x68, 0x75, 0x7D, 0x55, 0x6E,
    0xEE, 0x58, 0xD4, 0x9D, 0x8D, 0x74, 0x2B, 0x62, 0x1A, 0x6D, 0xF6, 0x45, 0x49, 0xA4, 0x03, 0x23,
    0x6A, 0x20, 0x98, 0xDE, 0xA9, 0x55, 0x3E, 0xFD, 0x77, 0x4D, 0x84, 0xF2, 0x6E, 0x5D, 0xE8, 0x93,
    0x44, 0x10, 0x5E, 0x0A, 0xF8, 0x92, 0x8C, 0x10, 0xCF, 0x77, 0x6B, 0x75, 0x7B, 0xAD, 0x56, 0x9A,
    0xE8, 0xC7, 0x3D, 0x9F, 0xC6, 0x0A, 0xE8, 0x00, 0x28, 0x38, 0x53, 0x33, 0x70, 0x75, 0x2E, 0xAD,
    0x27, 0x30, 0x75, 0xD0, 0x4A, 0x66, 0x1E, 0x0D, 0x4C, 0x1D, 0x8C, 0xB4, 0x00, 0xC6, 0xA5, 0x09,
    0xAC, 0xCF, 0x1F, 0xD4, 0x67, 0x52, 0x07, 0x70, 0x32, 0xF2, 0x2E, 0xD1, 0xBC, 0x40, 0x4F, 0xAC,
    0x98, 0x04, 0x31, 0xDE, 0xDB, 0x9D, 0x32, 0x7C, 0x15, 0xBD, 0x93, 0xE4, 0xD9, 0xA8, 0x15, 0xFA,
    0x6E, 0x9D, 0xED, 0x78, 0xA5, 0x48, 0x13, 0x76, 0x09, 0xB8, 0x39, 0x70, 0xF9, 0x6B, 0x56, 0x48,
    0x8D, 0xC8, 0x54, 0x88, 0xB8, 0x24, 0xFA, 0xF8, 0xCF, 0xB7, 0x23, 0x0A, 0xA7, 0xA5, 0x54, 0x45,
    0x4B, 0xD5, 0x43, 0xED, 0x13, 0xD2, 0xAA, 0xF8, 0xC6, 0x2B, 0x47, 0x25, 0xF9, 0xF3, 0x80, 0xBE,
    0x50, 0xCC, 0xB1, 0xF0, 0x6A, 0x3C, 0x80, 0x93, 0x49, 0xF3, 0xC1, 0xC4, 0xEA, 0x4B, 0x24, 0xD5,
    0x7C, 0xCE, 0x60, 0xEF, 0x2B, 0x4C, 0x9B, 0x2C, 0x5D, 0x9E, 0x65, 0xA9, 0x39, 0x14, 0xBB, 0x44,
    0x38, 0xA1, 0x45, 0x97, 0x5E, 0xD7, 0x25, 0xC8, 0xA0, 0xA7, 0xC6, 0xAD, 0xD2, 0x42, 0x4F, 0xC0,
    0x9B, 0x89, 0xAB, 0x5A, 0xCE, 0x9C, 0xDC, 0x3D, 0x2D, 0x9D, 0xAE, 0x5E, 0x40, 0x08, 0x90, 0xBA,
    0xED, 0x0C, 0x3C, 0x25, 0xF6, 0xF8, 0xD1, 0x27, 0xF3, 0x83, 0xD0, 0x0D, 0xA4, 0xC5, 0x59, 0x9C,
    0x76, 0xDD, 0x09, 0x78, 0xEE, 0xBA, 0xEA, 0x70, 0xAD, 0x05, 0xE2, 0x0F, 0xB5, 0x46, 0xFC, 0xC8,
    0x9A, 0xC3, 0x9E, 0x59, 0x37, 0xA0, 0x4C, 0x25, 0x55, 0x05, 0x23, 0xF1, 0x7B, 0x77, 0xBE, 0xB4,
    0x9A, 0x6A, 0xDC, 0x3C, 0x15, 0x9A, 0x60, 0xD3, 0xBC, 0x59, 0xA3, 0x3B, 0x58, 0x98, 0x85, 0xEB,
    0x03, 0x26, 0x70, 0x9E, 0x21, 0x74, 0x04, 0x7E, 0xBF, 0x24, 0x97, 0x41, 0x85, 0x43, 0x56, 0x54,
    0x8A, 0x8D, 0x54, 0xDF, 0xD7, 0xFD, 0x46, 0x13, 0xFA, 0x26, 0xAA, 0x8C, 0x44, 0xBE, 0x29, 0xCF,
    0x95, 0x94, 0x9B, 0xA9, 0xFA, 0xCB, 0xBA, 0x72, 0xA1, 0x85, 0x4D, 0xD1, 0x64, 0x60, 0xBD, 0x02,
    0xFC, 0xC9, 0x30, 0xC7, 0x97, 0x9E, 0x7B, 0x5F, 0x89, 0x3E, 0x06, 0x5B, 0xCB, 0x02, 0xA4, 0x2C,
    0x0B, 0x70, 0xB9, 0x2C, 0xD2, 0x9E, 0x1D, 0xB0, 0x97, 0x48, 0xCB, 0xA3, 0xAE, 0x17, 0x5F, 0x40,
    0xF8, 0x13, 0x3A, 0xC7, 0x08, 0xBB, 0x10, 0x91, 0x25, 0x0B, 0x57, 0xE1, 0x85, 0x9E, 0x7D, 0x60,
    0x66, 0x9D, 0xB1, 0x2D, 0xBA, 0xB3, 0x6D, 0xC1, 0xB0, 0xE3, 0x85, 0x69, 0x8C, 0x2B, 0x9E, 0x32,
    0x0B, 0x75, 0x92, 0xF6, 0x53, 0x1A, 0x55, 0x37, 0xD6, 0x68, 0x0D, 0x5C, 0x4B, 0xE3, 0x94, 0xF6,
    0xBD, 0xE0, 0xFD, 0xFC, 0x9F, 0xC6, 0xBC, 0x1E, 0x72, 0xDB, 0xE7, 0xC3, 0x2D, 0x04, 0x41, 0x10,
    0x90, 0xBC, 0xFA, 0xDC, 0xC3, 0x79, 0x12, 0x30, 0x70, 0x94, 0xA3, 0x86, 0x5E, 0xC4, 0xFD, 0xB5,
    0x0F, 0x11, 0x2D, 0x66, 0x00, 0xBE, 0x0C, 0x4E, 0x9E, 0x2D, 0xAE, 0x87, 0x53, 0x22, 0x6F, 0x86,
    0x6D, 0xFE, 0xDE, 0x02, 0x2B, 0x86, 0x29, 0xDB, 0x83, 0x2F, 0xC2, 0x29, 0xF7, 0xF9, 0x53, 0x97,
    0x1B, 0x8E, 0x21, 0x96, 0xA4, 0xE0, 0x9F, 0x4D, 0x45, 0xB5, 0xDF, 0x51, 0x3D, 0x71, 0x7B, 0xD8,
    0x90, 0x9A, 0x47, 0xCB, 0x59, 0x1B, 0x72, 0x5B, 0xD8, 0x0F, 0xA8, 0x6A, 0x66, 0xAD, 0x0B, 0x27,
    0x53, 0x7B, 0xE2, 0x16, 0x77, 0x09, 0x1C, 0x02, 0x6E, 0x91, 0xA0, 0xAB, 0x1C, 0xD8, 0xD7, 0xF0,
    0x66, 0xCE, 0x52, 0xDD, 0xD3, 0x78, 0x99, 0x03, 0xC9, 0x44, 0x25, 0xDF, 0x8B, 0xBD, 0x54, 0x2E,
    0xB8, 0xA6, 0x3D, 0xA7, 0xED, 0xF8, 0x60, 0xC3, 0x41, 0xBB, 0x7B, 0xC4, 0x9C, 0x37, 0x57, 0x34,
    0x6C, 0x39, 0xA8, 0xD0, 0xEC, 0xA8, 0x2F, 0x93, 0x9D, 0x70, 0xF9, 0x3E, 0xC5, 0x3D, 0xC3, 0xD8,
    0xC0, 0xC7, 0xCB, 0x59, 0x93, 0xE0, 0x89, 0xFC, 0xB4, 0xE6, 0x2E, 0x01, 0xDC, 0x1B, 0xBC, 0x6E,
    0x2B, 0x5C, 0x2E, 0x7D, 0xC6, 0xE0, 0xE3, 0xB0, 0x91, 0xBF, 0x09, 0xAB, 0xCB, 0xC5, 0xC7, 0x3B,
    0x9D, 0x54, 0x74, 0xA7, 0x4B, 0x2C, 0x9B, 0xF5, 0x2E, 0x9F, 0xAD, 0xE0, 0x73, 0x19, 0xF3, 0x8E,
    0x18, 0xD5, 0xB4, 0xBE, 0x8C, 0xC3, 0x68, 0xF8, 0x89, 0xFB, 0xEE, 0x0B, 0xB8, 0x17, 0x9E, 0x77,
    0x46, 0x9A, 0x14, 0x2E, 0xDF, 0x10, 0xF9, 0xC2, 0x31, 0xF5, 0xDA, 0x93, 0x0D, 0x4B, 0x39, 0x40,
    0x08, 0x6A, 0x48, 0x73, 0x66, 0xBC, 0x97, 0x77, 0xB9, 0x3C, 0x8A, 0x9B, 0xD7, 0x25, 0x3A, 0x19,
    0x95, 0x4F, 0x1A, 0x20, 0xEC, 0x6C, 0x8F, 0x47, 0x7B, 0xB0, 0x67, 0x45, 0xCE, 0xFD, 0x2A, 0x6B,
    0xE0, 0x70, 0xDA, 0x36, 0x08, 0x17, 0x5A, 0x73, 0x9F, 0x2A, 0x70, 0xCA, 0x3B, 0x05, 0xFA, 0x73,
    0x62, 0x9F, 0xAA, 0x83, 0xA5, 0x3F, 0xBE, 0x6C, 0x0E, 0x4A, 0xB8, 0xD7, 0x7A, 0xAC, 0x2E, 0xBE,
    0xE8, 0xF8, 0x17, 0x46, 0x65, 0x91, 0xD5, 0x08, 0x62, 0xC6, 0xC4, 0xD9, 0xC4, 0x1D, 0x7E, 0x3E,
    0xE0, 0xD2, 0x2D, 0x69, 0xDF, 0x32, 0x2B, 0x6B, 0xC6, 0x5D, 0x21, 0x09, 0x64, 0x2A, 0xAE, 0x91,
    0x89, 0xB3, 0x85, 0x1C, 0xC0, 0xD7, 0x5B, 0x22, 0xCE, 0x59, 0xBE, 0xA9, 0xB3, 0x07, 0xBA, 0x9A,
    0x11, 0x9C, 0x1A, 0xAF, 0xBD, 0x4C, 0x7B, 0x39, 0x44, 0x0E, 0x4D, 0xE5, 0xC9, 0xA1, 0x20, 0x7E,
    0x19, 0x44, 0x5E, 0xC8, 0x23, 0x84, 0xA6, 0x33, 0xDB, 0xE1, 0xC8, 0x20, 0xC6, 0x9F, 0xE6, 0xD1,
    0xEC, 0x27, 0xD4, 0x9E, 0x74, 0xC0, 0x4F, 0xE9, 0x5B, 0x3D, 0xB8, 0xBD, 0x0E, 0x64, 0x77, 0x0A,
    0x58, 0x89, 0x6C, 0x71, 0x21, 0x00, 0xC6, 0x33, 0xE7, 0x95, 0x37, 0x39, 0x02, 0xC4, 0x2A, 0x35,
    0xDF, 0xB7, 0xAC, 0x13, 0x2E, 0xE9, 0x20, 0xF5, 0xD4, 0xAC, 0x53, 0xD1, 0x65, 0xB8, 0x03, 0x41,
    0x29, 0x25, 0xF9, 0x18, 0x7A, 0xEF, 0xAD, 0xB5, 0x94, 0x1C, 0x20, 0x3E, 0x34, 0x92, 0x74, 0xE7,
    0x69, 0x8C, 0xD8, 0xEA, 0x2A, 0xD7, 0x54, 0xD3, 0xCC, 0xFE, 0xBE, 0x8B, 0xED, 0x77, 0x3A, 0xB5,
    0x07, 0xF3, 0xF9, 0x3E, 0x95, 0x41, 0xE7, 0xC1, 0xEA, 0x73, 0xB5, 0x28, 0xAA, 0xEA, 0xB0, 0x4B,
    0x6D, 0x81, 0xC6, 0x85, 0x5B, 0x44, 0xF1, 0x16, 0x1D, 0xAC, 0x91, 0x8A, 0xB8, 0x7C, 0xD4, 0xF8,
    0x41, 0xE3, 0xE5, 0xB5, 0xE1, 0x99, 0x34, 0xF7, 0x60, 0x15, 0x9E, 0x80, 0xA5, 0x5E, 0x4D, 0xDE,
    0xAD, 0xB6, 0x87, 0x2B, 0xCD, 0xB2, 0xCB, 0xB1, 0xEB, 0x9E, 0xC9, 0x3B, 0x69, 0xE1, 0x01, 0x7F,
    0xEE, 0xC5, 0xE3, 0x55, 0xE2, 0x4A, 0xED, 0x51, 0x43, 0xA6, 0xBA, 0x4E, 0x82, 0xEE, 0x17, 0x58,
    0x43, 0x9D, 0x16, 0x5A, 0x26, 0x93, 0xB0, 0x25, 0x7C, 0x6F, 0x50, 0x5D, 0xBF, 0xCE, 0xCD, 0xDD,
    0x08, 0x0E, 0x66, 0xBF, 0x61, 0xA5, 0x9E, 0x3B, 0x26, 0xBE, 0x19, 0x55, 0xD7, 0xC5, 0x60, 0x79,
    0x70, 0x13, 0xFE, 0xF1, 0xAC, 0x48, 0xC6, 0xBA, 0x99, 0xFD, 0x6A, 0x29, 0xF7, 0x60, 0x49, 0x6E,
    0x48, 0xB1, 0x35, 0xA4, 0xAF, 0x08, 0x23, 0xD2, 0xEF, 0xF1, 0xAA, 0x58, 0x33, 0x68, 0x6A, 0x51,
    0xF3, 0x42, 0x9D, 0xE3, 0xED, 0xC5, 0x50, 0xF9, 0x2E, 0x50, 0xA1, 0xEF, 0xC2, 0xCE, 0xD9, 0x37,
    0xBB, 0xA6, 0xB0, 0x68, 0x3E, 0xCD, 0x17, 0xBE, 0xA6, 0xA4, 0x47, 0xE8, 0x35, 0x93, 0x6E, 0x65,
    0x97, 0x33, 0xBB, 0xD9, 0x1D, 0x83, 0x15, 0xBA, 0x90, 0xA2, 0xF6, 0xFB, 0x4F, 0x2C, 0x8D, 0x96,
    0x66, 0x43, 0xB3, 0x96, 0x71, 0xC0, 0x52, 0x73, 0x6A, 0x0D, 0xCB, 0x60, 0x40, 0xB7, 0x81, 0x69,
    0x88, 0x87, 0xD0, 0xB6, 0x10, 0x95, 0x68, 0x8C, 0x6C, 0x87, 0x9B, 0xE1, 0x18, 0x3F, 0xEB, 0x61,
    0xDB, 0x83, 0x65, 0xF2, 0x7F, 0x23, 0xE3, 0x0D, 0x93, 0xFE, 0x6A, 0xA4, 0x8F, 0x62, 0xB3, 0xC6,
    0xB0, 0xD3, 0xB2, 0xAC, 0x6A, 0x6E, 0x9A, 0xCB, 0x11, 0x5D, 0x68, 0x8A, 0xC0, 0xF2, 0xC0, 0x94,
    0x97, 0xEA, 0x5D, 0x31, 0x25, 0x90, 0x8E, 0x2E, 0x40, 0x52, 0x3F, 0x01, 0x03, 0xA9, 0x05, 0x8A,
    0x71, 0xEE, 0xD7, 0xF3, 0x75, 0x35, 0xA3, 0x52, 0xA9, 0x6A, 0xAC, 0xDF, 0xDC, 0x77, 0x26, 0xB3,
    0xA4, 0x18, 0x1D, 0x10, 0x1F, 0xFD, 0x1F, 0x11, 0xF4, 0x92, 0x35, 0x71, 0x13, 0x77, 0xE9, 0x22,
    0x6D, 0x59, 0xC5, 0xC9, 0xF0, 0x2D, 0xEE, 0x72, 0x5C, 0x8D, 0xFA, 0x1C, 0x53, 0x8C, 0x86, 0xC7,
    0xCB, 0xBC, 0x08, 0xC6, 0xB1, 0x2C, 0xA9, 0x51, 0x38, 0x29, 0x90, 0x99, 0x95, 0xBA, 0xD6, 0x25,
    0xB5, 0x39, 0x1D, 0x6E, 0xD7, 0xE3, 0xFF, 0x5E, 0x68, 0xD0, 0x76, 0x6B, 0xCA, 0x11, 0x27, 0xB4,
    0xA7, 0xB3, 0xFF, 0xC4, 0x9D, 0xD7, 0xE0, 0x91, 0xB8, 0x4D, 0x03, 0x70, 0xE6, 0x0E, 0xE0, 0x85,
    0xC5, 0x23, 0x62, 0x07, 0x0C, 0x37, 0x80, 0x92, 0x88, 0x7D, 0x74, 0xCF, 0x0B, 0x43, 0xF0, 0xBF,
    0xE7, 0x6E, 0xE5, 0x5F, 0x33, 0xA9, 0x6A, 0x35, 0xDE, 0xA7, 0xF3, 0xA9, 0xB9, 0x42, 0x2B, 0x2F,
    0x0B, 0x56, 0x9B, 0xEC, 0xD4, 0xCB, 0x29, 0x19, 0x74, 0x0D, 0xF1, 0xE2, 0xEC, 0x7F, 0x18, 0xED,
    0x31, 0x35, 0x53, 0x52, 0x52, 0xEB, 0x02, 0x2C, 0xA5, 0x24, 0x81, 0xA9, 0x49, 0xAF, 0x35, 0xCD,
    0x88, 0x00, 0x78, 0xE9, 0xAE, 0x0D, 0xDD, 0x92, 0x21, 0xE5, 0x21, 0xB3, 0x02, 0xBA, 0xE3, 0xCC,
    0x7A, 0xBD, 0x27, 0x89, 0x2F, 0x42, 0xCB, 0x8A, 0x21, 0xFE, 0x9F, 0x41, 0xD2, 0xC5, 0x94, 0xC7,
    0x55, 0xE9, 0x79, 0x5B, 0x26, 0xE1, 0xCB, 0x69, 0x67, 0xEB, 0x7F, 0x18, 0x3D, 0x78, 0x23, 0xE8,
    0xAF, 0x85, 0x38, 0x10, 0x75, 0x12, 0x46, 0x7C, 0x26, 0x3D, 0x3D, 0xE1, 0xA5, 0x62, 0x5D, 0x87,
    0x9E, 0xCB, 0xB4, 0x7F, 0xDB, 0x81, 0x42, 0x74, 0x23, 0x81, 0x93, 0x3F, 0x15, 0x34, 0x57, 0xC4,
    0xD6, 0x7F, 0x06, 0x59, 0x59, 0x06, 0xE2, 0xA2, 0x7B, 0xB5, 0xEA, 0xC6, 0x8B, 0x81, 0xDB, 0x8E,
    0xA4, 0xDB, 0x1D, 0x4F, 0x8F, 0x8F, 0xD5, 0x31, 0x6B, 0xCA, 0x15, 0x90, 0xD0, 0xC7, 0xF9, 0x25,
    0x93, 0x58, 0x85, 0x2B, 0x27, 0x14, 0x2B, 0x8F, 0x94, 0xC9, 0x19, 0x6D, 0x6F, 0x1F, 0x5B, 0x57,
    0x04, 0x65, 0x26, 0x99, 0x85, 0x4B, 0x97, 0x30, 0xD3, 0xDA, 0x3F, 0xD9, 0xEC, 0x93, 0x46, 0x9A,
    0x28, 0xAB, 0x7D, 0x73, 0x1D, 0x39, 0xB6, 0xAC, 0xEA, 0xC3, 0xAB, 0x3A, 0xF7, 0xD5, 0xA1, 0x78,
    0xD7, 0xAB, 0x1B, 0x5B, 0xB9, 0x2C, 0xD3, 0x97, 0x36, 0x96, 0xE3, 0x85, 0x51, 0x9C, 0x02, 0x31,
    0xEF, 0xD2, 0x9B, 0x4D, 0x27, 0xFB, 0xEA, 0x50, 0xE4, 0xCD, 0xE2, 0x6F, 0x25, 0xF9, 0xC3, 0xE0,
    0xF6, 0x17, 0x10, 0xDD, 0xBD, 0xED, 0xA0, 0xF8, 0x47, 0xDD, 0x59, 0x3D, 0x8C, 0xDC, 0xC6, 0x15,
    0x7E, 0x24, 0x75, 0xC7, 0x24, 0x0C, 0x42, 0x15, 0xBA, 0xC0, 0xB8, 0x20, 0xA2, 0x8A, 0x54, 0x01,
    0x6C, 0x36, 0x69, 0x02, 0xD8, 0x21, 0x61, 0x17, 0x29, 0xD4, 0x5C, 0xB1, 0xEB, 0xC6, 0x85, 0x52,
    0xBB, 0x91, 0x0B, 0x17, 0x09, 0x20, 0x85, 0x14, 0x52, 0xB8, 0xF4, 0x35, 0xAA, 0xA3, 0x42, 0x01,
    0xA2, 0x0B, 0xE0, 0x6B, 0x5C, 0xB8, 0x90, 0x45, 0xC2, 0x2E, 0x52, 0xA4, 0xC8, 0x3A, 0x4E, 0xEA,
    0x10, 0xB1, 0x8C, 0xC0, 0x32, 0x90, 0xD0, 0xC0, 0x06, 0xE1, 0x49, 0xE4, 0x4C, 0xBE, 0xEF, 0x0D,
    0xC9, 0xBB, 0x8B, 0xF2, 0x73, 0xB1, 0x4E, 0x3F, 0xC8, 0x62, 0xF9, 0xE6, 0x2D, 0x39, 0x9C, 0x79,
    0x6F, 0xE6, 0xBD, 0x6F, 0xBE, 0x99, 0x15, 0x11, 0xC9, 0x44, 0x66, 0x59, 0x88, 0x78, 0xEF, 0x5C,
    0x1F, 0x44, 0x12, 0x6B, 0x7B, 0x11, 0x6B, 0x6D, 0x23, 0x01, 0x64, 0x2B, 0xB1, 0x91, 0xB4, 0x97,
    0x64, 0x2D, 0xE1, 0x20, 0xD9, 0x4A, 0x3C, 0x2B, 0x59, 0x8D, 0x0A, 0x79, 0x51, 0xE2, 0xAD, 0xB2,
    0xCA, 0xD1, 0x42, 0x59, 0xB1, 0x9D, 0x7A, 0xD4, 0x73, 0xDE, 0xE7, 0xD3, 0x2A, 0xD7, 0x9A, 0x92,
    0xB6, 0xE2, 0x5B, 0x89, 0x7B, 0x89, 0x7A, 0x09, 0xED, 0xF5, 0xAA, 0xC3, 0x4F, 0xB6, 0x2F, 0x85,
    0xB5, 0xA8, 0x1C, 0xDA, 0x8E, 0x16, 0x6C, 0xA8, 0x1D, 0xB2, 0x4D, 0x91, 0x8E, 0x86, 0x6D, 0xFF,
    0xC2, 0xA0, 0x43, 0x3C, 0x8F, 0x68, 0x49, 0x62, 0xF6, 0x3B, 0x98, 0x10, 0xF4, 0x68, 0xDF, 0x33,
    0x52, 0xB1, 0x6D, 0x8B, 0x6E, 0x8E, 0x08, 0xBD, 0x57, 0xD4, 0x3E, 0x4C, 0x6D, 0xD1, 0x5B, 0x6C,
    0xED, 0x9A, 0x6E, 0xAC, 0xF0, 0xCC, 0xA0, 0x49, 0x2F, 0x77, 0x9D, 0x24, 0x5A, 0xA6, 0xB9, 0xEB,
    0x66, 0x4B, 0x64, 0x13, 0x6F, 0xE5, 0x92, 0xF4, 0x2A, 0x1B, 0x95, 0xAB, 0x47, 0x93, 0xA5, 0xA4,
    0x35, 0x47, 0x8A, 0xDF, 0x56, 0x6C, 0x89, 0x71, 0x7C, 0xCD, 0xD2, 0x59, 0x8B, 0x41, 0xF6, 0x68,
    0x17, 0x0C, 0xB0, 0xA3, 0x3D, 0xCE, 0xF3, 0x7C, 0xB2, 0x29, 0x93, 0x85, 0x6C, 0x1A, 0x31, 0x12,
    0x75, 0x14, 0xED, 0x89, 0x05, 0x46, 0xB9, 0x95, 0xAA, 0x44, 0x87, 0x05, 0x07, 0x2C, 0xB5, 0x9F,
    0xB7, 0xE8, 0xF1, 0x62, 0x2B, 0x72, 0x56, 0x1E, 0xFE, 0x74, 0x51, 0x3D, 0x6A, 0x55, 0x55, 0x8E,
    0x5A, 0x6A, 0xA6, 0xA7, 0xE1, 0xFA, 0x68, 0xDD, 0xAD, 0xE5, 0x82, 0x62, 0xB9, 0x64, 0xCB, 0x2B,
    0xB4, 0x8C, 0xA9, 0x2B, 0x18, 0x2A, 0x93, 0x66, 0x55, 0x83, 0xDF, 0x9B, 0x16, 0xAD, 0x22, 0x56,
    0x30, 0x02, 0x19, 0xE6, 0x38, 0xEE, 0xA8, 0x25, 0x30, 0x01, 0x61, 0x00, 0x2D, 0x46, 0xB3, 0x45,
    0x4D, 0x2D, 0xEC, 0x18, 0x46, 0xD4, 0x82, 0x4E, 0x02, 0x23, 0xA3, 0x86, 0x69, 0x1B, 0x35, 0xBE,
    0xE4, 0xEA, 0x21, 0xEE, 0xA8, 0x45, 0x6B, 0x0E, 0xA4, 0xB6, 0xD2, 0x22, 0xA2, 0x54, 0x4B, 0xDB,
    0xB0, 0x77, 0x5A, 0xB5, 0x62, 0xDB, 0x52, 0xDC, 0xFB, 0x95, 0x2D, 0xB3, 0xFB, 0x7B, 0x7B, 0xB4,
    0xCA, 0xD0, 0x5C, 0x5B, 0x16, 0x1C, 0xEF, 0x51, 0x33, 0xB9, 0xD3, 0x8E, 0x8F, 0x45, 0xB0, 0x3A,
    0xEF, 0x7C, 0xF4, 0x07, 0xE3, 0x5C, 0x14, 0xC4, 0xA9, 0x7A, 0x28, 0x69, 0xA3, 0x6F, 0x20, 0x44,
    0xF3, 0xC9, 0x3F, 0x71, 0xEE, 0x6D, 0x2C, 0x97, 0xB9, 0x7A, 0x07, 0xDF, 0x57, 0xEA, 0xDC, 0xA8,
    0x84, 0xDD, 0xF6, 0x5E, 0x55, 0x3B, 0x37, 0x90, 0x07, 0x4E, 0x41, 0xCC, 0x8E, 0xCE, 0xF6, 0xA3,
    0x5F, 0x71, 0x3B, 0xBA, 0x95, 0xAE, 0x9C, 0x57, 0x98, 0x3C, 0xE7, 0x14, 0xD2, 0xCC, 0xF9, 0x14,
    0xF4, 0xA3, 0x4B, 0x3A, 0x70, 0xF4, 0x28, 0x61, 0x17, 0x74, 0x48, 0xFB, 0xA2, 0x3F, 0xA9, 0xDA,
    0x3B, 0x7F, 0x6E, 0xC9, 0x8B, 0x3E, 0x7F, 0x1B, 0xC9, 0x7E, 0xEE, 0xCA, 0x58, 0x03, 0xCD, 0x48,
    0x30, 0x88, 0x96, 0xB2, 0x33, 0x96, 0x0C, 0xBB, 0x5D, 0xE3, 0x2D, 0x97, 0x0B, 0xDF, 0xF6, 0x06,
    0x99, 0xD2, 0x23, 0xD3, 0xB4, 0x4C, 0x0F, 0x2E, 0x1B, 0x7F, 0x6F, 0xBF, 0xCB, 0xEA, 0x10, 0xF5,
    0xE2, 0xB6, 0xC8, 0x61, 0x3E, 0x93, 0x5C, 0xDF, 0xAB, 0x72, 0xCB, 0xD2, 0x63, 0x90, 0xB2, 0xDD,
    0x5E, 0xF4, 0x37, 0x1D, 0x60, 0xA9, 0xEE, 0xF8, 0xC6, 0x0D, 0x52, 0x64, 0xF8, 0x30, 0x19, 0xDB,
    0x0D, 0xAD, 0xD1, 0x52, 0xAA, 0xB5, 0x2B, 0xBD, 0x31, 0xC0, 0x14, 0x03, 0xDC, 0x78, 0x0A, 0x13,
    0xB7, 0xFE, 0x37, 0x8A, 0xC4, 0x8D, 0x3C, 0x5E, 0xC5, 0x9B, 0x94, 0x38, 0xE7, 0xD4, 0xDF, 0xDB,
    0xDB, 0xCD, 0x3E, 0xAD, 0x6A, 0x4D, 0xA9, 0x84, 0x81, 0x43, 0x25, 0xB2, 0x46, 0xA7, 0x03, 0x13,
    0x35, 0xE5, 0xC9, 0xC6, 0x94, 0x38, 0xBB, 0xDA, 0x56, 0x4B, 0x8F, 0x92, 0x56, 0xDB, 0x51, 0xE9,
    0x39, 0xD7, 0xE4, 0x50, 0x6E, 0xE8, 0x9D, 0xB8, 0x79, 0x24, 0x09, 0xF3, 0x20, 0x61, 0xC9, 0x71,
    0x39, 0xFA, 0x43, 0x1B, 0x54, 0x16, 0x8C, 0x84, 0x40, 0x63, 0x57, 0x53, 0x47, 0xE4, 0x2E, 0xAE,
    0x9F, 0xC8, 0x2D, 0x44, 0x9A, 0xE5, 0x25, 0x9C, 0xA6, 0x73, 0x9C, 0xAA, 0xF1, 0x5A, 0x8C, 0xF7,
    0xBE, 0xDC, 0xA5, 0x61, 0xE2, 0x21, 0xDE, 0x98, 0x9E, 0x05, 0xB2, 0x00, 0xA0, 0x24, 0xE7, 0x73,
    0xCE, 0xB3, 0x87, 0xE8, 0x43, 0xC4, 0x01, 0x05, 0x98, 0x1D, 0x80, 0xF7, 0xA2, 0x99, 0xB5, 0xF5,
    0xAC, 0xF5, 0xAA, 0xA1, 0x85, 0xC2, 0x1E, 0x6A, 0xE5, 0xA4, 0x15, 0xAB, 0x49, 0x4B, 0xDA, 0x49,
    0xBB, 0xD8, 0x4F, 0xDA, 0x2B, 0x66, 0xD2, 0x72, 0xFB, 0xCA, 0xA4, 0x15, 0x1F, 0x8E, 0x5A, 0x99,
    0x7E, 0x32, 0x69, 0xF1, 0xDF, 0x27, 0x2D, 0xC0, 0x2A, 0x93, 0xAB, 0xE6, 0xD9, 0xCE, 0x6B, 0x5D,
    0x8A, 0x56, 0x5D, 0x30, 0x5C, 0x52, 0x2D, 0xEB, 0x02, 0xC5, 0x90, 0x92, 0x80, 0xC6, 0xC5, 0xCB,
    0x25, 0x70, 0x72, 0x88, 0xE0, 0x3B, 0x93, 0xF2, 0x9E, 0x4A, 0xDF, 0xAA, 0xA7, 0xBE, 0x55, 0x37,
    0xBD, 0xC1, 0xF9, 0x78, 0x76, 0x74, 0x70, 0xF4, 0xCE, 0xB9, 0xB6, 0x70, 0x7E, 0x0D, 0xCE, 0xA9,
    0xC1, 0x79, 0x34, 0x38, 0x77, 0x06, 0xE7, 0xCB, 0xE0, 0x1C, 0x19, 0x9C, 0x17, 0x83, 0x73, 0x61,
    0x70, 0xF6, 0x0F, 0xCE, 0xF8, 0x41, 0x2D, 0x67, 0x41, 0xE4, 0x1A, 0xD4, 0x66, 0x2D, 0x62, 0x57,
    0xC0, 0x5A, 0xCD, 0x7E, 0x9D, 0x14, 0x1A, 0xE8, 0x0A, 0x45, 0x4F, 0x37, 0x43, 0x5C, 0x79, 0x34,
    0x56, 0x38, 0x4F, 0xF8, 0x6C, 0xAE, 0x5C, 0x20, 0xAB, 0x5C, 0x1F, 0xEA, 0xDE, 0xD1, 0x55, 0x4B,
    0x16, 0x9B, 0x37, 0x65, 0x63, 0xC7, 0x64, 0x5C, 0x7B, 0x80, 0x92, 0x35, 0xE4, 0x01, 0xA0, 0xB8,
    0xB5, 0x65, 0xD2, 0x40, 0xE2, 0x6E, 0xDC, 0x9A, 0x47, 0x90, 0x47, 0x6C, 0x68, 0x66, 0x13, 0xA7,
    0x40, 0xCE, 0xA7, 0x40, 0x76, 0xAB, 0xFA, 0x7B, 0xC4, 0x89, 0x35, 0x1F, 0xD3, 0xF4, 0x6A, 0xB6,
    0x71, 0x49, 0xC1, 0xCA, 0x1E, 0x71, 0xDF, 0xE7, 0xCB, 0x01, 0x09, 0x48, 0xF8, 0x00, 0x0D, 0xC7,
    0x7F, 0xC6, 0x1B, 0xC9, 0xC7, 0x18, 0x80, 0xF4, 0x03, 0x0C, 0x46, 0x76, 0x0D, 0x03, 0x53, 0x10,
    0xDF, 0xAC, 0x03, 0x33, 0x20, 0x19, 0xFD, 0x22, 0x1B, 0x5A, 0x85, 0xA4, 0x44, 0xF1, 0xDF, 0x96,
    0x97, 0x98, 0x61, 0x61, 0x87, 0x25, 0x3E, 0xE8, 0xB1, 0xC2, 0xFB, 0x98, 0x98, 0x09, 0x4F, 0xD7,
    0x21, 0x26, 0x00, 0x3F, 0xB9, 0x92, 0x46, 0x9D, 0x8B, 0x76, 0x87, 0xB3, 0xC0, 0xD8, 0xCE, 0x00,
    0xC7, 0x4C, 0x7A, 0xBF, 0x32, 0xD9, 0x2A, 0x34, 0x55, 0xEE, 0x1B, 0xE2, 0x26, 0x2F, 0x33, 0x96,
    0x15, 0x40, 0x15, 0x13, 0x6A, 0xB2, 0x26, 0x36, 0xC4, 0xCC, 0xD0, 0x0E, 0xC6, 0xB3, 0x8D, 0x19,
    0xE1, 0xE5, 0x25, 0xBF, 0xCD, 0xFE, 0xDA, 0x44, 0x36, 0x77, 0xB3, 0x88, 0x34, 0x42, 0xAE, 0xB8,
    0x2F, 0x26, 0xF4, 0x24, 0xDF, 0x57, 0xCD, 0xCE, 0xFC, 0x0A, 0xA3, 0x35, 0xAC, 0x8B, 0xCB, 0x75,
    0x62, 0x35, 0x10, 0xD4, 0x54, 0x18, 0xCC, 0x35, 0xEA, 0xC4, 0xDF, 0xF1, 0x13, 0x97, 0x57, 0x20,
    0xA3, 0x07, 0xBC, 0xE1, 0x59, 0x87, 0x39, 0x87, 0x81, 0xE2, 0xBD, 0x43, 0x54, 0x4C, 0x88, 0x9A,
    0x24, 0x97, 0xF5, 0x43, 0xE4, 0xD2, 0x3C, 0x09, 0x72, 0x89, 0x4F, 0x1B, 0x71, 0xA6, 0x68, 0x59,
    0x36, 0x4C, 0x71, 0x7D, 0x18, 0xD0, 0xDB, 0x37, 0x95, 0x9C, 0xE5, 0x24, 0x9C, 0xCD, 0x29, 0x12,
    0x4E, 0x8E, 0x33, 0x39, 0x0C, 0x23, 0x2F, 0x26, 0xBC, 0xCE, 0xE3, 0xB6, 0xA5, 0xCB, 0x00, 0x39,
    0xE3, 0x23, 0x09, 0xD2, 0x4D, 0x65, 0x9B, 0x4A, 0x36, 0x95, 0x6B, 0x2A, 0xD5, 0x74, 0x4C, 0xF3,
    0x18, 0xD1, 0x0C, 0xEB, 0xE7, 0x25, 0xB8, 0x4F, 0x92, 0xDF, 0x8A, 0x0E, 0xF7, 0x38, 0x38, 0x0B,
    0xCC, 0x3C, 0x59, 0xE4, 0x49, 0x2E, 0xA6, 0x35, 0x79, 0x26, 0xD7, 0x1A, 0xB2, 0x4C, 0x25, 0x99,
    0x87, 0x1C, 0x33, 0x2A, 0xAF, 0xB2, 0x23, 0x92, 0x27, 0x58, 0xA0, 0xC9, 0x9B, 0x1D, 0x21, 0x5C,
    0xAF, 0x33, 0x16, 0x22, 0x32, 0x2A, 0xA9, 0x38, 0xCE, 0x9C, 0x31, 0x72, 0xFC, 0x1C, 0x8C, 0x2F,
    0x01, 0x4F, 0xAA, 0x47, 0x1C, 0xCA, 0xEA, 0xC3, 0xF5, 0xB2, 0x52, 0x0F, 0x2A, 0x0E, 0x2E, 0xF4,
    0x59, 0xE6, 0x18, 0xFB, 0x3D, 0xAB, 0x04, 0xB1, 0x62, 0x2C, 0x90, 0x84, 0x0C, 0xE4, 0x39, 0xA1,
    0xFD, 0xFD, 0xE5, 0x8E, 0xEE, 0xAB, 0x97, 0xCA, 0xF7, 0x1E, 0x8A, 0x85, 0x77, 0x43, 0x74, 0x50,
    0xB1, 0x7D, 0xA5, 0xBD, 0x51, 0x27, 0x87, 0xE9, 0xCA, 0x84, 0xDD, 0x82, 0x65, 0x43, 0x41, 0x4B,
    0x11, 0x67, 0xE6, 0x32, 0xBB, 0x09, 0x74, 0xA3, 0xA0, 0xC8, 0xA0, 0x11, 0x50, 0x30, 0xEB, 0x8B,
    0x63, 0xB1, 0xC0, 0x20, 0x06, 0x3F, 0x60, 0x2C, 0x58, 0x9A, 0xCB, 0xAA, 0xEB, 0x4A, 0x26, 0x40,
    0xB2, 0xE2, 0x33, 0x0D, 0xA3, 0xCF, 0x2E, 0x6B, 0xB8, 0x90, 0xA0, 0xD3, 0x38, 0x46, 0xDE, 0x53,
    0xCC, 0x12, 0x5D, 0x05, 0x22, 0xC7, 0x1A, 0x6A, 0x97, 0xCE, 0x2A, 0xFF, 0xA2, 0xF7, 0x95, 0x30,
    0xF8, 0xDD, 0x29, 0x27, 0x88, 0x9D, 0x1A, 0x0D, 0xDA, 0x59, 0x3C, 0xA8, 0x47, 0x7C, 0x96, 0x3B,
    0xFF, 0x8F, 0x9B, 0x0E, 0xF5, 0x48, 0x83, 0x7A, 0xA2, 0xEC, 0x6E, 0x8B, 0xE1, 0x14, 0xC7, 0xCB,
    0x9E, 0xF5, 0x2D, 0x86, 0x47, 0xE3, 0x62, 0x5D, 0x60, 0xDB, 0x71, 0x0D, 0xF6, 0x34, 0x70, 0xCE,
    0x4C, 0xAB, 0xAC, 0xAE, 0xCE, 0xC1, 0x07, 0xCD, 0x24, 0xD4, 0x1D, 0x85, 0xA0, 0x27, 0xB1, 0x06,
    0x5F, 0x40, 0x3F, 0xBD, 0x46, 0x03, 0x53, 0x46, 0xF7, 0xFA, 0xB4, 0x2C, 0x44, 0x5F, 0xD8, 0xE0,
    0xCB, 0x4B, 0x2F, 0x88, 0xBC, 0x78, 0x1E, 0x1D, 0xBD, 0xAF, 0x71, 0x32, 0x43, 0xF4, 0xE9, 0xAC,
    0xCF, 0xF3, 0xE7, 0x3B, 0x8E, 0x64, 0xB9, 0xB9, 0x4D, 0x1C, 0xD7, 0x2A, 0x1C, 0xBB, 0xFA, 0xFE,
    0xD1, 0x7A, 0x98, 0xDF, 0x85, 0xE6, 0x3C, 0xCF, 0x05, 0x08, 0x54, 0x83, 0xCB, 0xFD, 0x81, 0x63,
    0xA4, 0xC8, 0x19, 0xB8, 0x22, 0x76, 0x45, 0xFA, 0x5B, 0x2D, 0x8A, 0xB7, 0xB5, 0xB0, 0x8A, 0x20,
    0x7E, 0xEF, 0x80, 0x64, 0xAD, 0xC5, 0x48, 0x9A, 0xB2, 0x4F, 0x2F, 0xB5, 0x2E, 0xAC, 0x5A, 0xD7,
    0x22, 0x8A, 0xC0, 0xEC, 0xED, 0xA3, 0x40, 0x34, 0xB0, 0x0A, 0x36, 0x06, 0x78, 0x61, 0xC0, 0xD8,
    0xB1, 0x00, 0x68, 0xC4, 0xAE, 0xF7, 0x0B, 0x6E, 0x9A, 0xBB, 0xA3, 0xFC, 0x30, 0x75, 0xA6, 0xA7,
    0xCE, 0xE8, 0x33, 0x47, 0x3D, 0x78, 0x7D, 0xD7, 0xBB, 0x45, 0x08, 0x19, 0x52, 0xCC, 0x29, 0xF3,
    0x11, 0x3D, 0x65, 0xF7, 0xAC, 0xDD, 0xEF, 0xE5, 0xBC, 0x64, 0x6B, 0x25, 0x2A, 0xC9, 0x8A, 0xF3,
    0xE8, 0x5D, 0xFA, 0xC3, 0xB2, 0x22, 0xDE, 0x4D, 0x99, 0xCB, 0xDC, 0xDD, 0x4D, 0x56, 0x8A, 0x8A,
    0xCA, 0xEE, 0x8C, 0x4E, 0x19, 0x11, 0xC3, 0xC8, 0x15, 0xA9, 0x3E, 0x37, 0x8C, 0xC6, 0xCC, 0xB6,
    0x15, 0x0C, 0x8B, 0x6C, 0x19, 0x31, 0x08, 0xB1, 0xCC, 0x9C, 0x3B, 0xEC, 0x5D, 0xA3, 0x71, 0x44,
    0xAE, 0xA2, 0x95, 0x31, 0xBC, 0x44, 0x1A, 0x99, 0x4D, 0x05, 0xAA, 0xFE, 0x40, 0x51, 0xF5, 0x7D,
    0x1D, 0x87, 0xEE, 0x9F, 0x51, 0x35, 0xD3, 0x83, 0xAD, 0x3B, 0x44, 0x55, 0xBF, 0x23, 0xAA, 0x86,
    0x0D, 0x51, 0x35, 0xAE, 0x89, 0xAA, 0x99, 0x62, 0xEB, 0x40, 0xF9, 0x32, 0xF9, 0x7F, 0xF1, 0x56,
    0x43, 0x54, 0xFD, 0x63, 0x4D, 0x54, 0x05, 0x96, 0xEB, 0x7A, 0x33, 0xA3, 0x6A, 0xA4, 0xA8, 0x9A,
    0x10, 0x9E, 0x24, 0x8B, 0xB8, 0xDE, 0x7C, 0x65, 0x0C, 0x8C, 0x0B, 0xD3, 0x90, 0x12, 0x6A, 0xDC,
    0x70, 0xBE, 0x70, 0x7C, 0x28, 0xB7, 0x6F, 0x7E, 0x8F, 0xD0, 0x4A, 0x47, 0xF1, 0xE2, 0x08, 0xAD,
    0x31, 0xF3, 0x38, 0x23, 0xB4, 0x0E, 0x80, 0x56, 0x1F, 0xEB, 0x88, 0x8D, 0x1A, 0x88, 0x04, 0x46,
    0x55, 0x84, 0xD8, 0xA2, 0x27, 0xB4, 0xAE, 0x27, 0x68, 0xD5, 0x3C, 0xFD, 0x29, 0xB9, 0xC7, 0x73,
    0xC7, 0x69, 0xBA, 0x34, 0x31, 0x59, 0x07, 0x13, 0xC5, 0x70, 0x47, 0x98, 0xFD, 0x0C, 0xC6, 0x44,
    0xF2, 0xC6, 0x53, 0xA0, 0xC8, 0x5F, 0x17, 0x2C, 0xF0, 0x80, 0xFB, 0xE2, 0xD7, 0x3D, 0xF7, 0x0C,
    0xE2, 0xAD, 0x91, 0xA3, 0x67, 0xBD, 0x53, 0x4C, 0xC3, 0x2D, 0x19, 0x5D, 0x88, 0x18, 0xF5, 0xC9,
    0xEF, 0x60, 0x78, 0x22, 0xB7, 0x9F, 0xB4, 0xAB, 0xA4, 0x12, 0xCC, 0x7C, 0xEC, 0xF2, 0x64, 0x48,
    0x6B, 0x6F, 0x1D, 0xD5, 0xB2, 0x73, 0x9A, 0x6E, 0xE6, 0xF2, 0xBC, 0x0F, 0x54, 0xFF, 0x21, 0x42,
    0xF8, 0x63, 0x84, 0x4D, 0x5B, 0x60, 0x96, 0xBF, 0x31, 0x1E, 0xD7, 0x2D, 0x77, 0x98, 0xF9, 0xF3,
    0x95, 0x3B, 0x36, 0x3E, 0x5F, 0xA5, 0x22, 0x43, 0x39, 0x5F, 0xD7, 0x97, 0xF2, 0x50, 0x9D, 0xEB,
    0xC7, 0xDB, 0xD0, 0x86, 0x37, 0xE5, 0x47, 0x70, 0xEA, 0x1A, 0xF7, 0xF3, 0x9F, 0xC0, 0xC8, 0xB0,
    0x63, 0x4B, 0xB7, 0x79, 0x90, 0x38, 0x4D, 0x20, 0xEA, 0xFC, 0x52, 0x1C, 0xD5, 0xF5, 0x15, 0x95,
    0x0C, 0x89, 0x4E, 0x0B, 0x18, 0x48, 0x6A, 0x1E, 0x0D, 0x11, 0x02, 0x32, 0x66, 0xBE, 0x13, 0x4C,
    0xDF, 0xB4, 0x76, 0xC7, 0x14, 0x67, 0x99, 0x4B, 0xEF, 0x4A, 0x30, 0x1E, 0x41, 0x73, 0xD6, 0x34,
    0x99, 0x49, 0xC9, 0x36, 0xC8, 0x6C, 0xB8, 0x78, 0x1B, 0x44, 0x71, 0x21, 0x41, 0x13, 0xE7, 0x8F,
    0xCD, 0x51, 0xEF, 0xB0, 0x2F, 0xAF, 0x2F, 0xF2, 0xA0, 0x05, 0x19, 0xDA, 0x99, 0xCE, 0xA7, 0x6F,
    0x30, 0x49, 0x99, 0xA3, 0x75, 0x72, 0x50, 0xB5, 0x59, 0x1D, 0xAE, 0x61, 0x4D, 0x57, 0x2D, 0x5F,
    0xED, 0xE1, 0x8F, 0xBB, 0x46, 0xAA, 0x87, 0xBE, 0xF3, 0x6C, 0xED, 0xAF, 0x88, 0xCA, 0x81, 0x9E,
    0x19, 0x98, 0x79, 0xB9, 0x89, 0x05, 0x20, 0xF9, 0x21, 0xE0, 0xE7, 0x0B, 0x1E, 0x01, 0x60, 0x00,
    0xDE, 0x0C, 0xF5, 0x81, 0x07, 0x7F, 0x58, 0x77, 0xBA, 0x88, 0xD5, 0xFF, 0xEB, 0xE5, 0xBD, 0x76,
    0x90, 0x1F, 0x6B, 0x03, 0x9F, 0xAF, 0xCA, 0xAE, 0xA4, 0x2F, 0x8F, 0x81, 0xD2, 0x01, 0xEB, 0x3B,
    0xF8, 0x34, 0x4D, 0x19, 0x03, 0x95, 0x2C, 0xE2, 0xCB, 0x5E, 0x0B, 0xA0, 0x5F, 0x9E, 0xD8, 0x55,
    0x76, 0xB1, 0xBD, 0xE2, 0xB5, 0xA7, 0xB0, 0x2D, 0x5D, 0x20, 0x06, 0xCA, 0xD8, 0x36, 0xE9, 0x5B,
    0x6D, 0x26, 0xEB, 0x33, 0x6E, 0x5F, 0xBA, 0x10, 0x77, 0xD8, 0x78, 0xD2, 0xEF, 0x91, 0xFD, 0x9E,
    0xDF, 0x33, 0xC4, 0x3C, 0xAB, 0x0B, 0xA3, 0xE6, 0xB5, 0x84, 0xF9, 0x9B, 0xCF, 0xDC, 0xE6, 0xF4,
    0x39, 0x0F, 0xEF, 0x66, 0x01, 0x9E, 0x57, 0xBF, 0x61, 0xF0, 0x7F, 0x01, 0x83, 0xFC, 0x36, 0x3D,
    0x06, 0xE3, 0x8F, 0x67, 0x87, 0xAA, 0xA7, 0xAF, 0x9E, 0x52, 0xBC, 0x50, 0x0F, 0x34, 0xE3, 0x8F,
    0x38, 0x48, 0x71, 0x7E, 0xF5, 0x99, 0x1A, 0x24, 0x35, 0x36, 0xED, 0xC5, 0x6D, 0x1E, 0xBC, 0x21,
    0xCD, 0x31, 0x3E, 0xDC, 0xAF, 0xEC, 0x78, 0x8F, 0x7D, 0x07, 0xCF, 0x8C, 0x95, 0x8C, 0xB1, 0xC3,
    0x9C, 0x1D, 0x43, 0x6A, 0xCC, 0x5A, 0xA5, 0x71, 0x4A, 0xE2, 0x5A, 0xC7, 0xE4, 0xC8, 0x00, 0x40,
    0x7A, 0xB0, 0xC0, 0x80, 0xDD, 0x64, 0x35, 0x44, 0x3A, 0x0B, 0xFD, 0x59, 0xD5, 0xAE, 0xCA, 0x58,
    0x79, 0x2D, 0xC9, 0xBD, 0x7D, 0x98, 0xCB, 0xDD, 0x44, 0xB2, 0x82, 0x19, 0xC9, 0x0A, 0x7B, 0x58,
    0x36, 0x40, 0xEA, 0xA4, 0xAD, 0x14, 0xDA, 0x40, 0x3B, 0xCF, 0xC7, 0xBF, 0x58, 0x45, 0x67, 0x10,
    0xF6, 0x76, 0xB6, 0x4B, 0x60, 0x52, 0x1D, 0x3C, 0xB0, 0x25, 0x37, 0xC9, 0x81, 0xBD, 0xA6, 0x9B,
    0x1D, 0x32, 0xFD, 0x93, 0x24, 0xB4, 0xA2, 0xAD, 0x14, 0x6B, 0x0E, 0x25, 0x16, 0xB0, 0x00, 0x10,
    0x27, 0xE1, 0x2A, 0x39, 0xFA, 0x5F, 0x50, 0xC1, 0x10, 0x98, 0xB6, 0x38, 0xFC, 0xDF, 0x0C, 0xF3,
    0xAF, 0x3B, 0x63, 0x88, 0x6A, 0x16, 0xFC, 0x89, 0xC9, 0x75, 0x55, 0xC6, 0xCA, 0x70, 0x65, 0x8F,
    0x7B, 0x90, 0x3C, 0xE3, 0x9F, 0x65, 0xDC, 0xA0, 0xE5, 0xF0, 0x1A, 0x0D, 0xB0, 0x95, 0x80, 0xAD,
    0x78, 0xAE, 0x95, 0x7A, 0x3A, 0x97, 0x88, 0x48, 0xB5, 0xEA, 0xEC, 0x62, 0x73, 0xD5, 0x6F, 0xCF,
    0x49, 0xAE, 0x87, 0x8E, 0x37, 0x4C, 0xDA, 0x1A, 0xDB, 0xA0, 0x39, 0xDB, 0xE4, 0x58, 0x25, 0xEC,
    0x7F, 0xC1, 0x82, 0xB3, 0x4C, 0xF9, 0x1F, 0x63, 0x8E, 0x3E, 0xE2, 0xB9, 0xDC, 0x1A, 0x61, 0xE8,
    0x0D, 0x64, 0x9E, 0x2F, 0xFA, 0xF5, 0xD3, 0x3A, 0x88, 0xE1, 0x5A, 0x1A, 0x63, 0x29, 0x4D, 0xFF,
    0x64, 0x40, 0xB3, 0xF1, 0xA6, 0xAE, 0xA3, 0x6E, 0x06, 0x31, 0x01, 0x5B, 0x20, 0x15, 0xD5, 0x89,
    0x2E, 0xF4, 0x14, 0x75, 0x81, 0x25, 0x1D, 0xF1, 0x2D, 0x38, 0x43, 0x01, 0x9A, 0xE8, 0x4D, 0x67,
    0xD2, 0xB1, 0xD1, 0x7D, 0x05, 0x5A, 0xBE, 0x73, 0x09, 0xFE, 0xDE, 0x0E, 0x9A, 0xA7, 0xE2, 0xEF,
    0x86, 0xDB, 0x2F, 0xFA, 0x08, 0x84, 0x70, 0x8D, 0x35, 0xA8, 0xCE, 0x90, 0x5A, 0xE7, 0x4E, 0xEF,
    0xE0, 0x69, 0xFB, 0x33, 0xC2, 0x12, 0x29, 0x59, 0x17, 0x9B, 0xFD, 0x21, 0x6D, 0x7C, 0x52, 0xB1,
    0x37, 0x08, 0x31, 0x24, 0xDB, 0xE4, 0x61, 0xB1, 0x3D, 0x70, 0x99, 0x5D, 0xC0, 0x34, 0xAF, 0xE2,
    0x7F, 0x13, 0x5C, 0x90, 0xED, 0xB7, 0xF1, 0x66, 0x96, 0x83, 0x6C, 0xDD, 0x0D, 0x87, 0xCC, 0xFD,
    0x05, 0x86, 0x5D, 0x32, 0x2C, 0x67, 0xEE, 0xFB, 0x37, 0xDC, 0x1E, 0x48, 0xF7, 0x41, 0xBD, 0xE3,
    0xF0, 0x3C, 0xCA, 0xE3, 0xF8, 0x7E, 0x77, 0x97, 0x07, 0x44, 0x84, 0x8C, 0x32, 0x69, 0x10, 0xCA,
    0xF5, 0x86, 0x52, 0x99, 0xE4, 0x80, 0xC4, 0xF3, 0x2E, 0x9E, 0xA1, 0xF9, 0x6F, 0xE9, 0xE1, 0x01,
    0xEF, 0xD6, 0x11, 0x6A, 0x64, 0xF7, 0xAB, 0x12, 0xF9, 0x8E, 0x67, 0x9D, 0x1B, 0x93, 0xAF, 0x11,
    0x15, 0x57, 0xCE, 0x48, 0x6E, 0x51, 0x89, 0x66, 0x99, 0xDB, 0x17, 0xF0, 0xE4, 0x23, 0x27, 0x4B,
    0x2A, 0x0F, 0x85, 0x4B, 0xCF, 0xD3, 0x16, 0x0E, 0x34, 0x6E, 0x4C, 0xDB, 0xBD, 0x40, 0xF7, 0x7C,
    0xFD, 0xB4, 0x63, 0xA1, 0x59, 0x2E, 0x9E, 0x90, 0xF7, 0xC3, 0xF8, 0xFD, 0xA6, 0x59, 0x14, 0xB6,
    0x73, 0xDF, 0xF9, 0xE6, 0x7F, 0xFA, 0xEA, 0x3F, 0x23, 0xC8, 0x6C, 0x1E, 0x3B, 0xC0, 0xC1, 0xAB,
    0x00, 0x2C, 0x32, 0xD8, 0x7F, 0x00, 0x45, 0x50, 0x31, 0x4E, 0xC3, 0x40, 0x10, 0x9C, 0xB3, 0x31,
    0x96, 0x30, 0x92, 0x53, 0x04, 0x29, 0xDD, 0xD5, 0x54, 0xF7, 0x02, 0xD8, 0xEB, 0x69, 0x52, 0x24,
    0x7F, 0x49, 0x41, 0xE2, 0xEB, 0x78, 0x06, 0xDF, 0x48, 0x13, 0xCE, 0xA1, 0xA5, 0x39, 0xC1, 0x07,
    0xF6, 0x07, 0x2C, 0x92, 0x85, 0x40, 0xB2, 0x73, 0x9C, 0x9D, 0x82, 0xD5, 0x14, 0x33, 0xBB, 0x3B,
    0xA3, 0xD5, 0x2E, 0x70, 0x0F, 0xDF, 0x6A, 0xC9, 0x04, 0x33, 0xB8, 0x9C, 0x75, 0xE7, 0xDB, 0x43,
    0xA2, 0xA9, 0xB2, 0x01, 0x75, 0xB4, 0xF4, 0x19, 0xB6, 0x69, 0x08, 0x54, 0x8E, 0xE9, 0x5B, 0x76,
    0x91, 0x37, 0xC6, 0x61, 0x2A, 0x8A, 0x9C, 0x70, 0xB3, 0x5E, 0x26, 0xFE, 0x98, 0x09, 0x95, 0x62,
    0x62, 0xA8, 0xA3, 0x53, 0x7B, 0xDC, 0x22, 0xDA, 0xE8, 0x3C, 0xE6, 0xA8, 0xEC, 0x9E, 0x5E, 0x07,
    0xFA, 0x38, 0x99, 0xE3, 0x50, 0x60, 0x59, 0xC0, 0xB3, 0xEF, 0x54, 0x57, 0x4A, 0xED, 0x2E, 0xA1,
    0x5D, 0x23, 0xDD, 0x5E, 0x36, 0x2F, 0x1D, 0x71, 0x31, 0x65, 0x2A, 0xB7, 0x40, 0xC9, 0x3B, 0xE8,
    0xAF, 0x88, 0xE6, 0xE9, 0x07, 0xDB, 0x2A, 0x60, 0xA6, 0xA6, 0xD1, 0x5D, 0xC6, 0xF4, 0x9C, 0xF2,
    0x6D, 0x3E, 0x00, 0xAB, 0xA9, 0x75, 0x8D, 0x16, 0x94, 0x0B, 0xFC, 0x5B, 0x3F, 0x39, 0x94, 0x18,
    0x4C, 0xC7, 0xAF, 0x50, 0x45, 0x98, 0xD8, 0xD2, 0x03, 0xA7, 0xEB, 0xE7, 0xB0, 0xCA, 0x55, 0xC1,
    0x80, 0x2C, 0x05, 0x13, 0x0A, 0xAB, 0x96, 0xB9, 0xE4, 0xA2, 0x83, 0x77, 0x87, 0x29, 0x47, 0xB7,
    0xC4, 0xC4, 0xBA, 0x3D, 0x0B, 0xD7, 0xD3, 0xFB, 0x29, 0xC1, 0x1C, 0xFB, 0x24, 0xAF, 0x46, 0x0F,
    0x97, 0x5C, 0xB7, 0x84, 0x0B, 0x5C, 0xDA, 0x1A, 0xC6, 0x12, 0x8F, 0xFE, 0x86, 0xBD, 0x1D, 0x0D,
    0x25, 0x53, 0xCA, 0xE9, 0x71, 0x92, 0xA6, 0xD3, 0x61, 0x7C, 0x86, 0x92, 0x5D, 0x2E, 0x74, 0x7E,
    0xC6, 0xEF, 0xB8, 0x12, 0xA3, 0x4B, 0x58, 0xAF, 0xFF, 0x79, 0x8C, 0xF6, 0x0F, 0xD5, 0x9A, 0xB1,
    0x8F, 0xDC, 0xC6, 0x15, 0x87, 0xDF, 0x90, 0x77, 0x47, 0xCB, 0x44, 0x4C, 0x15, 0x36, 0x60, 0x1F,
    0x62, 0xD3, 0x85, 0x8A, 0x14, 0x49, 0xD8, 0xA4, 0x8C, 0x45, 0xDA, 0x41, 0x2A, 0x15, 0xB9, 0x04,
    0x5A, 0x37, 0x29, 0xD2, 0xDA, 0x6E, 0xDC, 0xA4, 0x48, 0x61, 0x8B, 0xB4, 0x5D, 0xA6, 0x39, 0x17,
    0x87, 0xB4, 0x2A, 0x92, 0x36, 0x72, 0x91, 0xF2, 0x24, 0x12, 0xF9, 0x0B, 0x08, 0x18, 0x48, 0xE3,
    0x22, 0x9B, 0x40, 0x88, 0x0A, 0x15, 0xA6, 0x01, 0x1A, 0xA6, 0x2D, 0x2E, 0xC7, 0xEF, 0xF7, 0x66,
    0xC8, 0xE5, 0x5A, 0xD2, 0x45, 0x86, 0x96, 0xBB, 0x34, 0xB5, 0x1C, 0xED, 0x71, 0x87, 0x9C, 0xF7,
    0xBE, 0x79, 0xF3, 0xDE, 0x9B, 0xE1, 0x10, 0x2D, 0x88, 0x0F, 0x9D, 0x10, 0x29, 0x9D, 0x11, 0x39,
    0xBA, 0x20, 0x72, 0xF5, 0x92, 0xC8, 0x7B, 0x50, 0x11, 0x05, 0xF7, 0x6A, 0xA2, 0xF0, 0xD3, 0x86,
    0x28, 0xFA, 0x67, 0x4B, 0x14, 0x7F, 0xB0, 0x22, 0x4A, 0x13, 0xCD, 0x37, 0x50, 0x4E, 0xD4, 0x51,
    0x9A, 0x39, 0x5A, 0xEB, 0xC2, 0xE5, 0xA2, 0xF4, 0xB8, 0xA8, 0x82, 0x2F, 0x17, 0x7F, 0xA8, 0x82,
    0x25, 0x79, 0x4D, 0x54, 0x90, 0xDB, 0xC6, 0x05, 0x39, 0xAB, 0x34, 0x41, 0xD5, 0xD1, 0x71, 0xA3,
    0x6F, 0xD2, 0x14, 0x79, 0x7F, 0xFD, 0xF8, 0xF4, 0xBA, 0xA3, 0x9B, 0x2E, 0xD0, 0xBA, 0x8B, 0xBE,
    0xC9, 0xBB, 0xB8, 0xF4, 0xBA, 0x3C, 0x71, 0x3A, 0x6E, 0x4E, 0xCE, 0xCE, 0xFE, 0x9F, 0x93, 0xEA,
    0xD2, 0xCC, 0xED, 0xE2, 0x65, 0xD0, 0x85, 0x5C, 0xD7, 0xD3, 0xAB, 0x4E, 0xE9, 0x65, 0x47, 0x87,
    0xF6, 0x39, 0x2E, 0x24, 0x6F, 0xCC, 0xE9, 0x55, 0xA3, 0x86, 0x1D, 0xB4, 0x27, 0x2A, 0xAA, 0x6B,
    0x25, 0xFF, 0x1D, 0xF0, 0x37, 0xBA, 0x8A, 0x5F, 0x7E, 0x39, 0xD4, 0xD9, 0x15, 0x0F, 0xC5, 0x65,
    0xC8, 0x0F, 0x0A, 0xF9, 0x11, 0xF4, 0x1A, 0x9F, 0xFC, 0x3C, 0x87, 0xDB, 0x51, 0xD9, 0x36, 0x61,
    0xC8, 0xD3, 0xC0, 0xC3, 0x80, 0x10, 0x85, 0x43, 0x6E, 0x39, 0x57, 0x50, 0x8B, 0x19, 0x84, 0xF7,
    0x59, 0x86, 0xE7, 0xE8, 0x8F, 0xBB, 0x56, 0xDF, 0x1E, 0xCF, 0xA1, 0x88, 0x20, 0x55, 0x8C, 0x6F,
    0x60, 0x41, 0xFF, 0xE0, 0xD6, 0x6A, 0x5C, 0xC6, 0x5F, 0x79, 0xCE, 0xD5, 0x1B, 0xBF, 0x18, 0xDB,
    0x0F, 0xA3, 0x21, 0xB0, 0x21, 0xC0, 0x21, 0xD0, 0x21, 0xE0, 0x21, 0xF0, 0x21, 0x40, 0x31, 0x45,
    0x37, 0x7C, 0x03, 0x24, 0x02, 0x25, 0x02, 0x26, 0x02, 0x27, 0x02, 0x28, 0x12, 0x52, 0x83, 0xDD,
    0xE0, 0xB8, 0x42, 0xA6, 0x2B, 0xAC, 0x2C, 0x22, 0x55, 0x30, 0x1B, 0x60, 0x1E, 0x37, 0x11, 0x72,
    0x0B, 0x3E, 0x37, 0xE0, 0xA0, 0x43, 0x3F, 0x11, 0x54, 0x20, 0x05, 0x50, 0x63, 0x4E, 0xDB, 0x1A,
    0x4C, 0xE8, 0x03, 0x18, 0x91, 0x46, 0x73, 0xBF, 0x13, 0x4B, 0x2A, 0x7B, 0x26, 0x97, 0xF6, 0xCE,
    0xE4, 0x84, 0x4F, 0x1F, 0x5F, 0x3C, 0x71, 0x25, 0x30, 0x6D, 0xE3, 0x5E, 0xC4, 0x88, 0x4E, 0xF6,
    0x62, 0x44, 0x5E, 0xFD, 0x1E, 0x4B, 0xA2, 0x59, 0xB7, 0xE8, 0x5D, 0x56, 0xF5, 0x00, 0x23, 0xDD,
    0x82, 0xA4, 0x3D, 0x03, 0x3B, 0xE0, 0x66, 0xD2, 0xBF, 0x14, 0xC4, 0xD5, 0xD5, 0x97, 0x68, 0xEF,
    0xA0, 0x17, 0x79, 0x42, 0x23, 0x7A, 0xBE, 0x57, 0xCE, 0xA8, 0x7E, 0x8F, 0x15, 0xF9, 0xD1, 0xDE,
    0x1C, 0xCE, 0x45, 0xF1, 0x07, 0x87, 0x3F, 0x90, 0xC8, 0x54, 0x3D, 0xC1, 0x70, 0x7A, 0x6C, 0x6C,
    0x22, 0x17, 0xA3, 0x8C, 0x45, 0x37, 0x23, 0xDC, 0x78, 0x9E, 0x1F, 0xC3, 0x0D, 0xD2, 0x39, 0x5F,
    0xFA, 0x17, 0xD7, 0xF7, 0x31, 0x06, 0x05, 0xD3, 0x8E, 0xD1, 0x5D, 0xB6, 0x21, 0x8A, 0x6F, 0x54,
    0xAD, 0x8D, 0x27, 0xDC, 0xE2, 0x89, 0x4A, 0x54, 0xC3, 0x21, 0x45, 0xB3, 0x83, 0x88, 0xF9, 0xC9,
    0x47, 0x77, 0xB7, 0xEC, 0x7A, 0x14, 0x68, 0xB8, 0x88, 0x05, 0x4A, 0x5C, 0xF2, 0xFB, 0x28, 0x7E,
    0x3A, 0x0B, 0x26, 0x0A, 0xFD, 0x84, 0x6E, 0xE2, 0x56, 0x82, 0x72, 0xCD, 0xE4, 0xA6, 0x93, 0xAD,
    0x99, 0x74, 0x5B, 0x66, 0xF2, 0xB6, 0xF8, 0x0F, 0xE8, 0xF5, 0x39, 0x4C, 0x44, 0xCC, 0x33, 0x4A,
    0x6C, 0xFA, 0x32, 0x03, 0x3B, 0x01, 0x13, 0x8C, 0x1F, 0x7E, 0xCE, 0xC1, 0xFB, 0xEB, 0x94, 0xC6,
    0x99, 0x9A, 0xCB, 0x23, 0xBC, 0xEE, 0xA1, 0x3A, 0xB1, 0x3F, 0x84, 0xF4, 0xA7, 0x3D, 0x73, 0x79,
    0x89, 0x23, 0x40, 0xFE, 0x59, 0xA1, 0xE0, 0x75, 0xAB, 0x91, 0xB7, 0x99, 0x92, 0x89, 0xC2, 0xA0,
    0x8D, 0x12, 0x96, 0x3C, 0xB8, 0x5F, 0x23, 0x3C, 0x62, 0x28, 0xE5, 0xC9, 0x3C, 0xBD, 0xAE, 0xAA,
    0xBC, 0x82, 0x5A, 0x26, 0x91, 0xF3, 0x4F, 0x53, 0x58, 0xC7, 0x23, 0xBC, 0xEE, 0x0B, 0x8B, 0xC5,
    0x49, 0xCA, 0xB2, 0x0F, 0x67, 0x02, 0x25, 0x47, 0x27, 0x73, 0xE1, 0xEB, 0xD9, 0x70, 0x9E, 0x2D,
    0xE8, 0xA1, 0x3A, 0x67, 0x9B, 0xCF, 0x18, 0x14, 0x0A, 0xF9, 0xE6, 0xB8, 0x34, 0x67, 0x64, 0x83,
    0xC8, 0xF1, 0x4D, 0x86, 0xAD, 0xD9, 0x08, 0x75, 0x11, 0x7E, 0x9D, 0x57, 0x71, 0xE1, 0xD5, 0x29,
    0xB9, 0x4D, 0xBE, 0x78, 0xB3, 0x65, 0x86, 0xE6, 0xB4, 0x5C, 0xB8, 0xED, 0x24, 0xAE, 0x9D, 0x92,
    0xF5, 0xAE, 0x98, 0xF2, 0x92, 0x52, 0xD6, 0xB4, 0x4F, 0x23, 0xBC, 0xC7, 0x44, 0x90, 0x88, 0xBB,
    0x2F, 0xE6, 0x6B, 0x57, 0x30, 0xEA, 0x6A, 0x93, 0xA6, 0x79, 0xC9, 0x74, 0xBA, 0x42, 0x9E, 0x98,
    0xDB, 0x89, 0xB9, 0xBD, 0xCB, 0xE7, 0xA6, 0x4D, 0x97, 0xDB, 0x74, 0x92, 0xED, 0xE9, 0x7B, 0xC7,
    0x87, 0x95, 0x65, 0xDE, 0x7D, 0x4D, 0x47, 0xD9, 0x5B, 0xD3, 0xE9, 0x72, 0xC3, 0xCB, 0x94, 0xFE,
    0x77, 0xE6, 0x3E, 0xD0, 0x89, 0x5B, 0xAE, 0x46, 0x49, 0xE2, 0x56, 0xFA, 0xEC, 0xCA, 0x60, 0xFE,
    0x18, 0x10, 0xAA, 0x81, 0x41, 0x72, 0x67, 0x85, 0x4B, 0xE4, 0xD0, 0xE8, 0xAD, 0x0E, 0x81, 0xB5,
    0xF4, 0x6D, 0xA3, 0xD0, 0x90, 0x44, 0xAC, 0x51, 0x81, 0x07, 0x7D, 0xB7, 0x80, 0x23, 0x83, 0x8A,
    0xE3, 0x82, 0xB5, 0x7D, 0x74, 0xE5, 0xB3, 0x87, 0x1F, 0xDA, 0x1F, 0x3F, 0x93, 0x99, 0x0E, 0x6A,
    0xDD, 0xC1, 0x37, 0xC8, 0x47, 0x95, 0xCD, 0x45, 0xD0, 0xBB, 0x9C, 0x2E, 0xA2, 0x7B, 0xC3, 0x64,
    0x23, 0x7F, 0xBE, 0x49, 0xC2, 0x46, 0xE0, 0x10, 0xE8, 0x10, 0xF0, 0x10, 0xF8, 0x10, 0x00, 0x11,
    0xE8, 0xD8, 0xA2, 0x4F, 0x7E, 0x85, 0x12, 0x01, 0x13, 0xD2, 0xEE, 0x8A, 0x04, 0x94, 0x90, 0xA2,
    0x75, 0x96, 0x7C, 0x64, 0xA3, 0x5A, 0xB4, 0x9E, 0xE8, 0x00, 0x55, 0xDA, 0x0A, 0xA8, 0x9E, 0xD3,
    0x74, 0xE3, 0xD7, 0xEF, 0xC3, 0x7A, 0x61, 0x1C, 0x07, 0x67, 0x21, 0x40, 0x01, 0x12, 0xAC, 0xEF,
    0x06, 0x87, 0x6D, 0x8D, 0x69, 0x09, 0x9B, 0x58, 0x09, 0x18, 0x85, 0xCD, 0xF0, 0x3F, 0x19, 0xAC,
    0x03, 0x3A, 0x3B, 0x93, 0xEA, 0x8C, 0x48, 0x19, 0x70, 0xDB, 0x81, 0x96, 0x2C, 0x82, 0xE8, 0xB6,
    0xF4, 0x7F, 0xC0, 0xCC, 0xA7, 0xD4, 0xF9, 0x4E, 0x80, 0x30, 0x92, 0xB8, 0xF7, 0x34, 0x5F, 0x7A,
    0xDE, 0x62, 0x80, 0x35, 0xEC, 0xA8, 0x9F, 0xF5, 0xB5, 0x82, 0xDB, 0xCF, 0xDC, 0xFF, 0x42, 0x5A,
    0x3B, 0x0F, 0x9A, 0xB2, 0x9F, 0x95, 0xD5, 0x8F, 0xFB, 0xD4, 0x5D, 0xB1, 0x7E, 0xA7, 0xCF, 0xEE,
    0x27, 0x0E, 0x89, 0x9E, 0x95, 0xE8, 0xA9, 0x60, 0x5B, 0xCB, 0x30, 0xDB, 0x7A, 0xDF, 0x3E, 0x3A,
    0x46, 0x79, 0x2B, 0x7E, 0x72, 0xA2, 0x98, 0x2B, 0x4F, 0x6E, 0xCE, 0xB1, 0x78, 0x81, 0x4C, 0x64,
    0x71, 0x5D, 0xEB, 0xC6, 0x7C, 0x9C, 0x15, 0x3D, 0xC9, 0xE7, 0xCD, 0xEE, 0x64, 0xB8, 0x45, 0x25,
    0x71, 0x15, 0xB7, 0x97, 0x5B, 0xA7, 0xF6, 0x0A, 0x44, 0x9E, 0xC3, 0x24, 0x58, 0x5E, 0xF4, 0xEF,
    0x29, 0x9B, 0xB3, 0x9A, 0x70, 0x17, 0x76, 0xF8, 0x98, 0x69, 0x89, 0x9F, 0xC5, 0x65, 0xBC, 0x8C,
    0x0A, 0x93, 0x6D, 0x1C, 0x26, 0x61, 0x71, 0xD1, 0x3F, 0xD3, 0x2F, 0xE6, 0x0E, 0xF8, 0xBD, 0xBF,
    0x9F, 0xE2, 0x82, 0xEE, 0xC4, 0xCF, 0xB2, 0x2B, 0x45, 0x5A, 0xC5, 0xA3, 0xAF, 0x43, 0x1A, 0xCD,
    0x6E, 0xC1, 0xC3, 0xBA, 0x04, 0xF7, 0x0A, 0x7B, 0x57, 0x64, 0x4E, 0x62, 0x0E, 0x19, 0x12, 0xB9,
    0x38, 0x43, 0x37, 0xC4, 0x85, 0xFD, 0x2E, 0xA6, 0x82, 0x5F, 0xF3, 0x44, 0x6A, 0x52, 0x54, 0x71,
    0x5E, 0x47, 0x41, 0x4B, 0x7E, 0xCB, 0xE9, 0xDF, 0x59, 0xDE, 0x10, 0xB2, 0xB6, 0xA5, 0x58, 0x53,
    0x82, 0x8C, 0x50, 0x94, 0x19, 0xAF, 0x7D, 0xC5, 0x66, 0x91, 0xA2, 0x58, 0x97, 0xE9, 0x68, 0x08,
    0xFC, 0x55, 0xFC, 0x7D, 0x02, 0xE3, 0x60, 0xE7, 0xD4, 0xDD, 0x6A, 0x58, 0x2E, 0xB7, 0xE5, 0x46,
    0x15, 0xD6, 0x46, 0xB8, 0x41, 0x0D, 0xC3, 0x58, 0x17, 0x72, 0x2D, 0x2D, 0x18, 0x60, 0x5C, 0xB1,
    0x08, 0x6C, 0x27, 0x35, 0x74, 0x63, 0x4B, 0xCC, 0x37, 0xFD, 0xBD, 0x87, 0x38, 0x13, 0xD4, 0x7D,
    0xE1, 0x6F, 0xCC, 0x8A, 0xFB, 0x84, 0x5D, 0xE1, 0x46, 0xA2, 0x8F, 0x96, 0x02, 0x5C, 0xBE, 0x47,
    0xF2, 0xF3, 0xCB, 0xA3, 0x9A, 0x33, 0x40, 0x29, 0x6A, 0x45, 0xF8, 0x3B, 0x12, 0xDB, 0x78, 0x6F,
    0x88, 0xF8, 0x90, 0xD9, 0xC9, 0xA6, 0xC6, 0x29, 0x0D, 0xA8, 0x9A, 0xFA, 0x89, 0xB3, 0x44, 0x50,
    0x26, 0x2B, 0xB9, 0xC2, 0xEB, 0xB2, 0x06, 0x2E, 0xB8, 0x1F, 0x40, 0xBA, 0x67, 0x93, 0x9F, 0xCC,
    0x0A, 0x9E, 0x3D, 0xA4, 0x4B, 0x63, 0x91, 0x78, 0x58, 0x8D, 0xFD, 0xC4, 0x1A, 0xC6, 0x90, 0x8F,
    0xA8, 0x7A, 0xE4, 0xB7, 0x26, 0xB5, 0x4F, 0x3E, 0x5E, 0x94, 0xF2, 0xF6, 0xB0, 0x88, 0x67, 0xA7,
    0xDD, 0x3C, 0xF2, 0x7F, 0x38, 0x58, 0xBD, 0x61, 0xA9, 0x1D, 0xEB, 0x15, 0x66, 0xC1, 0x82, 0x96,
    0x16, 0x6B, 0xB4, 0x17, 0xAC, 0xA9, 0x8C, 0xE3, 0x5C, 0x24, 0xF9, 0x6D, 0x4D, 0x83, 0x54, 0xC6,
    0x5A, 0x7F, 0xBD, 0xC6, 0xFA, 0xD5, 0x2C, 0xB1, 0xCA, 0x12, 0x03, 0x32, 0x27, 0x93, 0x3A, 0x19,
    0x87, 0x74, 0xDB, 0x66, 0xCF, 0x7E, 0x75, 0xB2, 0x1F, 0x6B, 0x75, 0x9B, 0xD7, 0x44, 0x22, 0xC8,
    0x15, 0xDE, 0x82, 0xB8, 0xEB, 0xB5, 0x90, 0xDE, 0xA5, 0xCF, 0x19, 0xAB, 0xA4, 0x62, 0xF9, 0x9F,
    0x0B, 0xF0, 0xC9, 0xC8, 0xFD, 0x42, 0xD3, 0x3A, 0x3F, 0xDB, 0x8F, 0x13, 0x38, 0x58, 0xBF, 0x05,
    0x71, 0x24, 0xB9, 0x0A, 0xFE, 0x27, 0xE0, 0x68, 0x96, 0xDE, 0xF3, 0xC2, 0x28, 0x3E, 0x64, 0x7F,
    0x14, 0xC3, 0x3E, 0x3A, 0x6E, 0xD0, 0xA9, 0xFD, 0x1D, 0x99, 0xE6, 0xFF, 0x09, 0xF4, 0x44, 0xA7,
    0x43, 0x0F, 0x53, 0x5A, 0x9B, 0xD0, 0x0F, 0x6D, 0xEE, 0x5A, 0x9D, 0x52, 0x70, 0x3E, 0x5B, 0x81,
    0xB3, 0x96, 0x24, 0x9D, 0xE5, 0xFB, 0x2E, 0xE7, 0xD5, 0x0E, 0x38, 0xBF, 0xDA, 0xC7, 0x74, 0xBF,
    0xB5, 0xEB, 0x2E, 0xF4, 0x73, 0x3A, 0x86, 0x9D, 0x44, 0xB6, 0x03, 0x8E, 0xFF, 0x86, 0xD7, 0x42,
    0x7C, 0x8F, 0x0F, 0xE9, 0xB6, 0xEB, 0x35, 0xC5, 0x67, 0x9A, 0xC4, 0xD3, 0x35, 0x6B, 0x99, 0x69,
    0x05, 0x3E, 0x4E, 0x39, 0x2B, 0x4A, 0xCF, 0x0C, 0xB6, 0x28, 0x5E, 0x3E, 0x94, 0xFE, 0xAC, 0x99,
    0x12, 0x5D, 0xDE, 0x01, 0xA5, 0x0B, 0x92, 0xC6, 0x58, 0x32, 0x8C, 0x59, 0xB1, 0xBA, 0x20, 0x69,
    0x3C, 0x46, 0xD2, 0x38, 0x29, 0x30, 0xB7, 0xB9, 0x2A, 0xF1, 0x02, 0x17, 0xA2, 0x5B, 0x2D, 0x37,
    0xF3, 0x92, 0x3A, 0x9D, 0x15, 0x9E, 0xAB, 0x78, 0x35, 0xA6, 0x3F, 0x2B, 0xC8, 0x79, 0xC0, 0x3F,
    0x39, 0xCB, 0x3B, 0xC7, 0x43, 0xB4, 0x9D, 0xD0, 0x8A, 0xE2, 0x51, 0x39, 0x17, 0xCF, 0xF3, 0x44,
    0x1E, 0x7E, 0x27, 0x74, 0x1E, 0xEF, 0xCD, 0x5F, 0xC0, 0x14, 0x98, 0x05, 0x0A, 0xCB, 0xA7, 0x2A,
    0x32, 0xCE, 0x55, 0x19, 0x50, 0x5C, 0xC4, 0x15, 0xE9, 0x2C, 0xE8, 0x7E, 0xAF, 0x19, 0x05, 0x27,
    0x35, 0x0A, 0x02, 0x51, 0xA4, 0x37, 0x62, 0x9A, 0x03, 0x46, 0x5E, 0xDB, 0x17, 0x6E, 0x3F, 0x4F,
    0xBF, 0xCE, 0x39, 0x5A, 0xC7, 0xA2, 0x3D, 0xC9, 0xC9, 0x7D, 0x50, 0xE5, 0x59, 0x2C, 0x0B, 0x28,
    0x91, 0xBE, 0x5F, 0x79, 0xFA, 0x5A, 0x25, 0x6F, 0x3E, 0x05, 0xE7, 0x78, 0x21, 0x65, 0x1C, 0x2E,
    0x25, 0x04, 0x48, 0xFA, 0x77, 0x18, 0x0D, 0xCB, 0xBC, 0xB5, 0x4D, 0xAD, 0xF7, 0xC1, 0x03, 0x86,
    0x82, 0xDE, 0x42, 0xA2, 0x82, 0x2D, 0x22, 0xE8, 0x26, 0x6C, 0xD6, 0xB8, 0xB4, 0x65, 0x22, 0x92,
    0x00, 0x51, 0x3F, 0x47, 0x33, 0x91, 0x28, 0xF8, 0x1A, 0x3B, 0x30, 0xFC, 0xC4, 0xCE, 0x8E, 0x62,
    0xE8, 0x7E, 0xA4, 0x61, 0x9D, 0x61, 0x2B, 0xE5, 0x52, 0xCA, 0xF2, 0xE9, 0x4A, 0x90, 0xA0, 0xD8,
    0x7C, 0xC0, 0x82, 0x04, 0x86, 0xA1, 0x61, 0x71, 0x6C, 0xD8, 0x87, 0xEC, 0x81, 0x92, 0x4D, 0x2B,
    0x11, 0x6C, 0x54, 0x24, 0x6D, 0xE8, 0x38, 0xE9, 0x67, 0x71, 0x31, 0x43, 0x39, 0xC2, 0x4E, 0x0F,
    0xBF, 0x41, 0x51, 0x3D, 0x71, 0x01, 0x3E, 0x04, 0x40, 0x66, 0x39, 0x1D, 0x88, 0x48, 0x18, 0x3D,
    0x0C, 0x29, 0x30, 0xC1, 0x47, 0x5E, 0x2D, 0x30, 0x11, 0x2C, 0x2D, 0xBE, 0x32, 0x2F, 0x4A, 0xAF,
    0xF6, 0x53, 0x6D, 0x47, 0x0F, 0x41, 0xDB, 0x2B, 0x41, 0x29, 0xD9, 0x01, 0x25, 0x19, 0x46, 0x76,
    0x1A, 0x65, 0x06, 0x92, 0x19, 0x49, 0x3C, 0x94, 0xC0, 0x6A, 0x39, 0x2F, 0x56, 0xE2, 0x8C, 0x25,
    0xB7, 0x90, 0xE9, 0x80, 0xEC, 0xC4, 0x32, 0xEE, 0x30, 0x61, 0x60, 0x97, 0xA6, 0x35, 0xAB, 0xE8,
    0x63, 0x34, 0x97, 0x4B, 0xCB, 0xDF, 0xE8, 0x92, 0xF1, 0xDC, 0x3C, 0x9E, 0x15, 0x1E, 0xD5, 0xBC,
    0x02, 0x87, 0xC0, 0x7E, 0xC1, 0xFF, 0x9C, 0x2B, 0xF8, 0xBF, 0x6A, 0x76, 0x32, 0xD6, 0xCC, 0x72,
    0xFD, 0xAC, 0xEC, 0x64, 0x14, 0x9C, 0x4C, 0x60, 0xB2, 0xE5, 0x10, 0x9F, 0x4C, 0xBC, 0xDE, 0x8D,
    0x27, 0x92, 0xB0, 0x85, 0xF8, 0x65, 0x8A, 0x8D, 0x28, 0x66, 0x57, 0x26, 0x65, 0xDB, 0xA5, 0x8F,
    0x41, 0xA8, 0x24, 0xAF, 0xF0, 0x6C, 0x9D, 0x45, 0x42, 0xEA, 0x7A, 0x5A, 0xB0, 0xF4, 0xEC, 0x41,
    0x83, 0x2A, 0x68, 0x28, 0x2A, 0xDD, 0x15, 0x67, 0x09, 0xCA, 0xA4, 0x0F, 0x1F, 0x72, 0x66, 0x10,
    0x7F, 0xDA, 0x22, 0x3D, 0xC2, 0xCA, 0x07, 0x92, 0x17, 0x17, 0x5B, 0x0A, 0xCC, 0x8B, 0xBF, 0xEF,
    0x53, 0x5C, 0xEA, 0xDF, 0x5A, 0x50, 0xBC, 0x1C, 0xDC, 0xC2, 0xF9, 0x58, 0xD0, 0x05, 0x47, 0x54,
    0x64, 0x57, 0x29, 0xA2, 0x61, 0x9E, 0x44, 0xA5, 0x28, 0xCF, 0xC9, 0x8C, 0x5F, 0x3B, 0x2D, 0xB9,
    0xAD, 0x8B, 0x82, 0x15, 0x51, 0x1D, 0xA6, 0xB9, 0x1A, 0x6F, 0x74, 0xD2, 0x77, 0x59, 0x96, 0x18,
    0x7E, 0x5F, 0x3A, 0x47, 0xBC, 0x8C, 0x0F, 0x57, 0xEC, 0x0E, 0xC9, 0x82, 0xBC, 0xA4, 0x90, 0x14,
    0x46, 0x3C, 0xB5, 0xD9, 0x91, 0x0A, 0x31, 0xDE, 0xD9, 0xA9, 0xFA, 0xA3, 0xE3, 0xB6, 0xCC, 0x5F,
    0xFA, 0x62, 0xD8, 0x4A, 0x31, 0xA9, 0xFA, 0x37, 0xA0, 0x3E, 0xD7, 0x89, 0x0A, 0xEC, 0xC3, 0x40,
    0xDE, 0xFA, 0xCE, 0xDA, 0x40, 0xBA, 0x61, 0xF3, 0xD1, 0x6F, 0xFA, 0x5D, 0xC4, 0x66, 0x43, 0xD6,
    0x2F, 0x68, 0xD7, 0x56, 0x22, 0xDB, 0x3E, 0x03, 0xC9, 0xBC, 0x20, 0xD5, 0xC1, 0xD5, 0x7E, 0xBF,
    0xAE, 0xAA, 0x86, 0x65, 0x84, 0xFD, 0x98, 0x0A, 0xF9, 0x77, 0xCF, 0xF1, 0x00, 0xAE, 0x78, 0x03,
    0xEB, 0x9A, 0x6F, 0x1D, 0xED, 0x7C, 0x08, 0x45, 0x6F, 0xB0, 0xFE, 0xF9, 0xBD, 0x12, 0x7B, 0x63,
    0xF8, 0x01, 0xD5, 0xC6, 0xDC, 0x60, 0x0F, 0x48, 0xBE, 0x05, 0xAD, 0x52, 0xBD, 0x8E, 0xD4, 0x30,
    0x10, 0xFE, 0x36, 0xDE, 0xC5, 0x42, 0x2E, 0xDC, 0xB0, 0x12, 0x0D, 0x0A, 0x6F, 0xE0, 0x37, 0x60,
    0x72, 0xDA, 0x82, 0x82, 0x82, 0x2B, 0x6E, 0x7B, 0x0A, 0xBA, 0x7B, 0x85, 0xDB, 0x4D, 0x7A, 0x9A,
    0x7B, 0x04, 0x0A, 0x3A, 0x5E, 0x80, 0x62, 0x77, 0xE3, 0xBB, 0x86, 0x36, 0xBC, 0x81, 0xE1, 0x05,
    0x30, 0x52, 0x0A, 0x4B, 0x24, 0x31, 0x63, 0xE7, 0x38, 0x4E, 0xA2, 0xA0, 0x61, 0xF4, 0x65, 0x34,
    0x93, 0xF9, 0xC9, 0x37, 0x33, 0x01, 0x50, 0x47, 0x37, 0x63, 0xBD, 0xAD, 0xEA, 0x18, 0xED, 0xEF,
    0x67, 0xBD, 0xFD, 0xDB, 0x47, 0x16, 0xF6, 0x62, 0x1C, 0x1F, 0x6A, 0x8E, 0x6D, 0xB7, 0x17, 0xFF,
    0x8A, 0x16, 0x56, 0x77, 0x84, 0x2B, 0x8C, 0x88, 0x55, 0x6B, 0xC9, 0xAE, 0xA0, 0x1B, 0xE3, 0x8C,
    0x57, 0x5E, 0x78, 0xE1, 0x4A, 0x4B, 0x78, 0x82, 0xC7, 0x20, 0x4B, 0x5D, 0xE9, 0x94, 0x93, 0x9D,
    0xB6, 0x54, 0xED, 0xE6, 0xA6, 0x85, 0x7D, 0xA6, 0xBB, 0x89, 0x8A, 0xFE, 0x4A, 0xB8, 0x51, 0xB9,
    0xF8, 0x2A, 0xB4, 0x9F, 0x47, 0xBA, 0x1D, 0x56, 0x38, 0xD7, 0xCD, 0x27, 0x98, 0xAF, 0x11, 0xE6,
    0x47, 0xAC, 0x94, 0xAF, 0x2B, 0xE1, 0x4D, 0x25, 0x1C, 0xA1, 0xB4, 0x23, 0x48, 0xF4, 0xDC, 0xB3,
    0xE2, 0xAE, 0x6F, 0x41, 0x37, 0x13, 0xE8, 0x4B, 0x44, 0xE9, 0x22, 0x14, 0xC7, 0x25, 0x73, 0xD1,
    0x76, 0x0F, 0x3A, 0x1B, 0xB0, 0x2B, 0x1C, 0xEE, 0x64, 0x31, 0xFC, 0x41, 0x1B, 0xFB, 0x36, 0x06,
    0xC6, 0xC3, 0x97, 0xF7, 0xC0, 0x90, 0x99, 0x0D, 0x77, 0xB8, 0x9C, 0xAE, 0xDB, 0xE8, 0x18, 0xB3,
    0x3B, 0xDB, 0x1F, 0xA7, 0xF7, 0xF7, 0x09, 0x8C, 0xC5, 0x87, 0x54, 0x52, 0xF6, 0xA0, 0x91, 0x13,
    0x10, 0x33, 0xDA, 0x09, 0x66, 0xC0, 0xA3, 0x6B, 0x2C, 0x51, 0x2D, 0x41, 0x9B, 0x9E, 0xAA, 0xF6,
    0x5D, 0x68, 0x9B, 0xAC, 0x6A, 0xE9, 0x69, 0x0E, 0x14, 0x5C, 0xBB, 0x4E, 0xE5, 0x3A, 0x02, 0xA7,
    0x64, 0x50, 0x6C, 0x16, 0x99, 0xC3, 0x5E, 0x5B, 0x1E, 0x94, 0xE5, 0x20, 0x3B, 0x95, 0x27, 0x19,
    0x24, 0xEF, 0xF3, 0xCE, 0xA0, 0x7C, 0xB6, 0x83, 0xEA, 0x4E, 0xF3, 0x7D, 0xF4, 0x4D, 0x2E, 0xE2,
    0xF2, 0x4D, 0x2E, 0x82, 0x9A, 0x94, 0xAB, 0x9B, 0x62, 0x04, 0xCE, 0xCB, 0xDB, 0xE8, 0x75, 0x6C,
    0x38, 0xF8, 0xF2, 0x67, 0x30, 0xDF, 0xB9, 0xC5, 0x49, 0xDB, 0x81, 0xA4, 0xE3, 0x81, 0xB5, 0x3D,
    0xEC, 0x85, 0x87, 0xE8, 0x75, 0x73, 0xDC, 0xB1, 0xA1, 0x9C, 0xB6, 0xD9, 0x28, 0x2D, 0xE7, 0xBC,
    0x10, 0x0E, 0x54, 0xC9, 0x6F, 0x81, 0x5E, 0x77, 0x4C, 0x4F, 0xE4, 0x3E, 0x89, 0x5E, 0x6B, 0xE5,
    0x94, 0x3F, 0xB3, 0x4C, 0x6A, 0x7D, 0x76, 0x51, 0x6F, 0x42, 0x2D, 0xFA, 0x5A, 0xF8, 0xA3, 0x74,
    0x4C, 0xF8, 0x20, 0x6D, 0x50, 0x99, 0xEB, 0x1B, 0x0C, 0x45, 0x50, 0x9E, 0x7F, 0x84, 0xA6, 0x05,
    0x35, 0xBA, 0x93, 0xBE, 0x08, 0xBC, 0xE5, 0xE7, 0x4F, 0x71, 0x04, 0xC1, 0x58, 0xED, 0x44, 0x28,
    0x06, 0xD9, 0x6B, 0x67, 0x6C, 0x8D, 0xDD, 0xDC, 0x71, 0x95, 0xC6, 0x33, 0x4D, 0x9A, 0x2C, 0xB9,
    0x63, 0xBA, 0x49, 0x60, 0x25, 0x7D, 0xDA, 0x55, 0xF7, 0x9F, 0x82, 0xBF, 0x00, 0xDD, 0x90, 0x21,
    0x72, 0xC3, 0x30, 0x10, 0x45, 0x9F, 0xEC, 0x76, 0x3C, 0xD3, 0x00, 0x19, 0xB4, 0x53, 0x28, 0x5C,
    0x24, 0x5A, 0x12, 0xAF, 0x66, 0x0A, 0x4B, 0x73, 0x9C, 0x4E, 0x54, 0x5E, 0xD2, 0x23, 0x04, 0x04,
    0x94, 0xE5, 0x02, 0x8E, 0xAD, 0x23, 0xF8, 0x08, 0x3D, 0x82, 0x81, 0x41, 0x80, 0x64, 0xD5, 0x0E,
    0x2A, 0x2C, 0xEE, 0xEE, 0x03, 0xFB, 0xC1, 0xCE, 0xCE, 0x5B, 0xBE, 0xA8, 0xB2, 0xD3, 0x79, 0xB0,
    0x2F, 0xA3, 0x14, 0x63, 0x73, 0x45, 0xCA, 0xD1, 0x7E, 0x7C, 0xEB, 0x1C, 0x8A, 0x0C, 0x35, 0x3C,
    0xC1, 0x99, 0x22, 0x51, 0x25, 0xF4, 0x99, 0x66, 0x4B, 0xB7, 0x77, 0x7D, 0x0E, 0x3E, 0x07, 0xB6,
    0xAC, 0xC0, 0xED, 0x0E, 0x99, 0x57, 0x96, 0x24, 0x13, 0x3E, 0x71, 0xEF, 0xC1, 0x52, 0xCB, 0x3A,
    0xFB, 0x09, 0x05, 0xEA, 0x80, 0x49, 0x48, 0x4B, 0x0B, 0xE9, 0x48, 0x4E, 0x24, 0xCF, 0xC5, 0xD0,
    0xDA, 0x75, 0xD1, 0x5C, 0xB8, 0x56, 0x9F, 0xFA, 0x79, 0x39, 0x17, 0xD5, 0x54, 0x8E, 0xD5, 0xA0,
    0x83, 0x7E, 0xB7, 0x14, 0x9F, 0xD8, 0xC4, 0xDE, 0xF3, 0x66, 0x68, 0x3C, 0x26, 0x22, 0x1D, 0xAD,
    0x76, 0xAD, 0x71, 0xBE, 0x5F, 0xA3, 0x72, 0xA8, 0x23, 0x7A, 0xC6, 0x9E, 0x5C, 0xB3, 0x09, 0x0B,
    0xF6, 0x14, 0x16, 0x01, 0xF5, 0x1A, 0x6E, 0xCC, 0xA2, 0x87, 0x8E, 0xE0, 0xE0, 0x0F, 0xB6, 0xCA,
    0x99, 0xD0, 0x07, 0x1F, 0x1E, 0x43, 0xF5, 0xAB, 0xA1, 0x38, 0x60, 0x23, 0x7D, 0xC7, 0xB3, 0x40,
    0x03, 0x91, 0x72, 0x44, 0x07, 0xC4, 0xE1, 0x33, 0x92, 0x79, 0xD8, 0x49, 0xB4, 0xB1, 0x98, 0x36,
    0x83, 0x89, 0x77, 0x1D, 0x52, 0x37, 0x92, 0x64, 0x52, 0xFF, 0xE8, 0x7D, 0x3F, 0x7D, 0x94, 0x3F,
    0x8F, 0xE3, 0x44, 0x18, 0xC6, 0x5F, 0xC7, 0xEC, 0x5A, 0x22, 0x42, 0x69, 0x2E, 0x77, 0xC5, 0x49,
    0xB8, 0x47, 0x42, 0x6E, 0x69, 0xA2, 0x31, 0xA2, 0xB8, 0x82, 0x82, 0x20, 0xAD, 0x45, 0x41, 0x4D,
    0xC3, 0x15, 0x7C, 0x81, 0xCD, 0x8E, 0xBF, 0x01, 0xF7, 0x0D, 0xA0, 0xB8, 0x02, 0x96, 0x22, 0x35,
    0x12, 0xEC, 0xB8, 0xA3, 0xC4, 0x0D, 0x35, 0x16, 0x42, 0x42, 0x5C, 0x83, 0x25, 0x7C, 0x3A, 0xEF,
    0x29, 0x33, 0x2F, 0xCF, 0x33, 0x4E, 0x96, 0xDC, 0xDD, 0x6A, 0xA3, 0xCC, 0xCF, 0xC9, 0xBC, 0xE3,
    0x79, 0xFF, 0x3D, 0x33, 0x22, 0xD3, 0xE7, 0x83, 0x12, 0xF8, 0xB1, 0x17, 0xF9, 0xF2, 0x45, 0x27,
    0xB9, 0x6A, 0x23, 0x0E, 0x48, 0x55, 0xB5, 0x9F, 0xEB, 0x27, 0xAE, 0xCD, 0xC7, 0xDC, 0x94, 0xA6,
    0x5B, 0xFD, 0x24, 0xA6, 0x39, 0x1F, 0xC4, 0xD6, 0x2F, 0x7B, 0x71, 0x1F, 0xFE, 0xDB, 0x8A, 0x4B,
    0xFF, 0xC2, 0xDA, 0x47, 0xBF, 0xD6, 0xE2, 0x3E, 0xFE, 0x46, 0xC4, 0x7E, 0x7D, 0x21, 0x62, 0xF4,
    0x5C, 0xA4, 0xF0, 0xA3, 0xC8, 0xC2, 0xF7, 0x59, 0x3D, 0xD7, 0xE7, 0x2E, 0x6E, 0xD5, 0x11, 0x75,
    0xF6, 0xBB, 0x8E, 0xB2, 0xD8, 0xDE, 0x13, 0xC9, 0x57, 0x70, 0x7A, 0x7A, 0x4E, 0xFF, 0x6F, 0x61,
    0x24, 0x5F, 0x54, 0x95, 0x64, 0x58, 0x52, 0x1E, 0x01, 0x9B, 0xC8, 0xAD, 0x50, 0xDD, 0x1D, 0x23,
    0x5C, 0x7E, 0x77, 0x64, 0x35, 0xDA, 0xEE, 0x51, 0x84, 0x27, 0x6F, 0xBC, 0x2B, 0xC9, 0x25, 0xD2,
    0xCD, 0x75, 0x40, 0xBC, 0xEA, 0x45, 0xF4, 0xD9, 0x28, 0x49, 0x90, 0xB5, 0xCC, 0x76, 0x30, 0xA6,
    0x5C, 0x32, 0x8B, 0xE0, 0xDF, 0x02, 0x71, 0x4F, 0x58, 0x6A, 0x55, 0xCA, 0xD2, 0x01, 0x87, 0x39,
    0x3A, 0xE1, 0x7E, 0x44, 0xE2, 0x4A, 0x2E, 0xF6, 0x9F, 0xD7, 0x06, 0x81, 0x37, 0xEF, 0x56, 0x4E,
    0x6B, 0x91, 0x93, 0xA7, 0x92, 0x9C, 0x89, 0x2C, 0xCB, 0x14, 0x7B, 0x19, 0x54, 0x61, 0x62, 0x1D,
    0xD9, 0x46, 0xF6, 0x91, 0x3B, 0xF2, 0x45, 0x20, 0x07, 0x2D, 0x4D, 0xF3, 0xD8, 0xBB, 0xDF, 0xEC,
    0xDF, 0x68, 0x82, 0xAA, 0x77, 0x61, 0x1B, 0x9C, 0x4F, 0x77, 0xA9, 0x87, 0x75, 0x97, 0x68, 0x01,
    0x8A, 0xFB, 0x87, 0x34, 0x4A, 0x2E, 0x22, 0xB3, 0xC8, 0x59, 0xA4, 0x4C, 0x34, 0x4D, 0x52, 0x21,
    0x5E, 0xD4, 0x7D, 0x24, 0x82, 0xC4, 0x0E, 0x20, 0x43, 0xD7, 0xA0, 0x12, 0xA6, 0x75, 0x71, 0x7B,
    0xE2, 0xA1, 0xAF, 0xEC, 0x9F, 0xD1, 0x30, 0x2D, 0x01, 0xF6, 0xAF, 0x05, 0x14, 0x2B, 0xD6, 0xE4,
    0x6E, 0x2C, 0xA3, 0x8E, 0x96, 0x62, 0x6A, 0x3E, 0x1D, 0x52, 0xE0, 0x53, 0xA5, 0x68, 0x59, 0x9C,
    0x20, 0x8B, 0x4E, 0x6C, 0x39, 0xF3, 0xB2, 0xE8, 0xE9, 0x63, 0x27, 0xF3, 0x41, 0xB4, 0xC5, 0x9B,
    0xD9, 0x98, 0x68, 0x97, 0x0D, 0x82, 0xF4, 0xB4, 0x87, 0xD1, 0x84, 0x1F, 0x34, 0x6C, 0x55, 0x58,
    0x45, 0x06, 0xF1, 0x9E, 0xE6, 0x7F, 0x78, 0xF3, 0x0C, 0x5B, 0xE5, 0x4D, 0xE0, 0xA6, 0xD6, 0xD6,
    0x8E, 0x4E, 0x8C, 0x2B, 0xAD, 0x8B, 0xBD, 0xE6, 0x97, 0x82, 0x93, 0x3C, 0xE0, 0xB9, 0x40, 0x3D,
    0x3C, 0x9F, 0xA3, 0xCC, 0xD9, 0x40, 0x38, 0x8A, 0x01, 0x66, 0xBD, 0xA4, 0x03, 0x63, 0x7A, 0x8A,
    0x78, 0x76, 0xD3, 0x40, 0xF9, 0xE2, 0xB8, 0xEF, 0xCB, 0xE4, 0x53, 0xBC, 0x17, 0x58, 0xD1, 0x9D,
    0xD8, 0x47, 0x3B, 0xB9, 0x82, 0x3D, 0xC8, 0xF4, 0xB4, 0x1F, 0x4D, 0xF3, 0xB4, 0xCF, 0xBE, 0x3D,
    0x8B, 0x99, 0x56, 0x10, 0x2B, 0xE3, 0xE3, 0x98, 0x3E, 0xA7, 0xDF, 0x63, 0x53, 0x8A, 0x62, 0x4E,
    0x14, 0xBA, 0xAD, 0xC5, 0x76, 0x09, 0x02, 0x87, 0x30, 0x66, 0x8C, 0xE8, 0x81, 0xAF, 0x24, 0x9E,
    0xAB, 0x09, 0x19, 0xA3, 0x79, 0xF8, 0xFC, 0x95, 0xB9, 0x94, 0x4B, 0x92, 0x10, 0x4B, 0xC7, 0x42,
    0x9A, 0x21, 0x2B, 0xA7, 0xF3, 0x98, 0x52, 0x73, 0xD0, 0x2B, 0x67, 0xD7, 0x22, 0x08, 0xA2, 0x2A,
    0x13, 0x0F, 0x87, 0x64, 0x86, 0x1F, 0x48, 0x7F, 0x20, 0x6D, 0x03, 0x26, 0x08, 0x2A, 0xF1, 0x19,
    0xD3, 0xF4, 0x79, 0x4F, 0xFF, 0x96, 0x62, 0x0D, 0x3C, 0x2B, 0xAC, 0xEC, 0x4E, 0xEE, 0xAB, 0x5E,
    0x9F, 0xE1, 0xF5, 0x5F, 0xB8, 0x46, 0x67, 0x71, 0x3D, 0x7D, 0x82, 0xA6, 0x8D, 0xBB, 0xF5, 0x24,
    0x4A, 0x08, 0xA6, 0x81, 0x94, 0xE8, 0x0B, 0x0E, 0x5E, 0x11, 0x95, 0x1E, 0x89, 0xCA, 0x41, 0x45,
    0xFE, 0x7F, 0x51, 0xC5, 0xBF, 0x30, 0xD8, 0xDB, 0x45, 0x15, 0x4F, 0xDB, 0x9D, 0x10, 0xB9, 0x17,
    0xB9, 0x39, 0xA2, 0x7B, 0xC2, 0xA6, 0xC6, 0xAA, 0x3B, 0xD6, 0x64, 0xA6, 0xDC, 0x71, 0xAE, 0x3F,
    0x23, 0xE0, 0x7C, 0xDC, 0x24, 0xE8, 0x68, 0xC7, 0x95, 0xA6, 0x21, 0x6D, 0xBD, 0x89, 0x72, 0x8C,
    0x44, 0xF9, 0x14, 0xBF, 0x6F, 0x58, 0xDA, 0xE6, 0xE2, 0x12, 0xF2, 0x69, 0x37, 0xB0, 0x15, 0xFD,
    0x06, 0x0D, 0x5F, 0xF8, 0x4D, 0x8A, 0x7A, 0xAA, 0xFF, 0x6A, 0x64, 0x33, 0x71, 0x3A, 0x59, 0xAF,
    0x9A, 0x17, 0xCE, 0xF5, 0xEB, 0x91, 0x1C, 0xF3, 0x82, 0xB0, 0x87, 0xF8, 0x72, 0x5E, 0x2B, 0x6E,
    0x9F, 0x32, 0x6E, 0xD0, 0x8D, 0xC5, 0x0D, 0xBA, 0xCA, 0x78, 0x83, 0x32, 0xB0, 0x15, 0xE3, 0x5A,
    0x31, 0x2C, 0x42, 0x6E, 0x7E, 0x95, 0x07, 0x43, 0x5C, 0x52, 0xF4, 0x2B, 0xAA, 0x79, 0xC5, 0x1B,
    0x34, 0xB8, 0x86, 0x79, 0x76, 0xCC, 0xA0, 0x46, 0xB2, 0x63, 0x4C, 0xE7, 0xE0, 0x12, 0x67, 0x6F,
    0x59, 0x55, 0x6B, 0xD8, 0x86, 0xC3, 0xA0, 0x24, 0x78, 0xFC, 0xA0, 0xC3, 0x31, 0x8E, 0x13, 0xC5,
    0xFD, 0x16, 0xE4, 0xED, 0x2D, 0x8E, 0x1E, 0xCC, 0x29, 0x24, 0x95, 0xC4, 0x1A, 0xF2, 0x28, 0x41,
    0x1B, 0x54, 0x09, 0xCF, 0x0B, 0xB2, 0xDF, 0x1B, 0x9A, 0x49, 0xE7, 0xC4, 0xD5, 0x6B, 0x28, 0x62,
    0xF1, 0x89, 0x61, 0xAF, 0xD4, 0x79, 0x98, 0x51, 0x5F, 0x45, 0x2D, 0xEF, 0x3B, 0x0A, 0xFE, 0xC8,
    0xC0, 0xB3, 0x19, 0xD0, 0xC8, 0x77, 0xAE, 0x78, 0x39, 0x5C, 0xF1, 0x3C, 0x5C, 0x71, 0xD6, 0x31,
    0x0B, 0xC7, 0x4B, 0xD4, 0x31, 0xD6, 0x93, 0xE8, 0x6E, 0x4D, 0x0C, 0x07, 0x9C, 0xB2, 0xE6, 0x76,
    0x6A, 0x32, 0xE3, 0x46, 0xE3, 0xF2, 0xEB, 0x97, 0x5A, 0x9B, 0x6E, 0xB0, 0x8D, 0x69, 0x06, 0xD3,
    0x9A, 0x7A, 0xC8, 0x3B, 0x5B, 0xDE, 0x8D, 0x35, 0x21, 0x77, 0xE0, 0x16, 0x41, 0xF3, 0x8E, 0xB2,
    0x2D, 0x50, 0x74, 0xBC, 0x61, 0x6F, 0x90, 0x77, 0xD1, 0xF0, 0x80, 0x4B, 0x28, 0x72, 0xB6, 0x79,
    0x94, 0xCF, 0x6E, 0x04, 0x6D, 0x51, 0x58, 0xCC, 0x01, 0x8F, 0x43, 0xFD, 0x86, 0xA0, 0xFF, 0x03,
    0xC5, 0x53, 0xB1, 0x8E, 0xD4, 0x30, 0x10, 0x7D, 0x49, 0x6E, 0x37, 0x88, 0x48, 0x98, 0xE6, 0x1A,
    0x0E, 0xC9, 0x9F, 0x90, 0x3F, 0xC0, 0xE1, 0x0F, 0xAE, 0xE0, 0x2A, 0x0A, 0x28, 0xD1, 0x35, 0xFB,
    0x03, 0x68, 0x1D, 0xFE, 0x60, 0x2B, 0x68, 0x29, 0x68, 0x0E, 0xBE, 0x61, 0x37, 0x41, 0x7C, 0x00,
    0xE9, 0x69, 0x22, 0xB1, 0x50, 0xBB, 0x08, 0xBA, 0x70, 0x38, 0x3B, 0xCC, 0x78, 0x93, 0x1C, 0xA2,
    0xA5, 0x20, 0xDA, 0x79, 0xD6, 0x8E, 0xED, 0x99, 0x79, 0x6F, 0xC6, 0x38, 0x01, 0x90, 0x17, 0x80,
    0x71, 0xBC, 0x7A, 0x20, 0x26, 0x76, 0xD8, 0x12, 0x8B, 0x67, 0x0D, 0x88, 0x5C, 0x4A, 0xD4, 0xE9,
    0x9B, 0xAA, 0x37, 0x75, 0xE6, 0x2D, 0x62, 0xBF, 0x03, 0xFC, 0x01, 0x18, 0x06, 0x36, 0x5E, 0x7D,
    0x85, 0xC8, 0x9B, 0x32, 0xE9, 0xF3, 0x56, 0x3B, 0x45, 0xD4, 0x24, 0x44, 0x05, 0x6C, 0x8F, 0xF0,
    0x2D, 0xAF, 0x22, 0x8E, 0x45, 0x5F, 0xCA, 0x98, 0x88, 0xEA, 0x94, 0x3E, 0x10, 0x54, 0x97, 0x10,
    0x74, 0x9B, 0x51, 0x99, 0xD7, 0x86, 0x6A, 0x53, 0x13, 0xAF, 0x9F, 0x3C, 0xC3, 0x67, 0x97, 0xD7,
    0xB9, 0x78, 0x34, 0xA1, 0x2A, 0xD4, 0xC0, 0x85, 0x70, 0xC0, 0x01, 0x86, 0x2B, 0xC0, 0xBD, 0x9C,
    0x4A, 0x0E, 0x78, 0x8E, 0xF9, 0xBB, 0x13, 0xF0, 0x61, 0xC0, 0x47, 0x01, 0x6D, 0xC0, 0x70, 0x2E,
    0xA2, 0x9A, 0x31, 0xA1, 0x96, 0x31, 0xBD, 0x66, 0x66, 0x50, 0x5F, 0xA5, 0x26, 0xF5, 0xD1, 0x0B,
    0xDD, 0x92, 0x2B, 0x87, 0x09, 0x17, 0x76, 0x30, 0x4C, 0xDE, 0x43, 0xD7, 0x88, 0x7B, 0xA8, 0x06,
    0x89, 0x43, 0xEA, 0x90, 0xB5, 0x48, 0x3A, 0xA8, 0x9A, 0xD9, 0x21, 0xA7, 0xB1, 0x0C, 0xE2, 0xC2,
    0x04, 0x8B, 0xD3, 0x0B, 0xFE, 0x46, 0xCF, 0x9F, 0x18, 0x0D, 0xD0, 0xCD, 0xFF, 0x46, 0x2F, 0xA8,
    0x59, 0x6F, 0xAE, 0xA9, 0xB6, 0xB2, 0xB2, 0x16, 0x9A, 0x95, 0x48, 0x3B, 0xEE, 0xAE, 0xF0, 0x97,
    0x0E, 0x1B, 0x96, 0x49, 0xB5, 0x47, 0x93, 0x03, 0x15, 0xE4, 0x3E, 0xD2, 0xFE, 0xD6, 0x65, 0xC7,
    0x18, 0xCC, 0xBF, 0x9E, 0x54, 0x67, 0xFE, 0xFD, 0x64, 0xA3, 0x6B, 0x0D, 0xD1, 0x0F, 0x11, 0xFF,
    0x67, 0xED, 0x90, 0x4A, 0x50, 0xC9, 0x58, 0x8A, 0xC4, 0xFF, 0xB2, 0x9D, 0xCF, 0x9D, 0x05, 0x16,
    0xC8, 0x6B, 0xDB, 0xDA, 0xD6, 0x34, 0x77, 0x0B, 0xF9, 0x7B, 0x21, 0x4E, 0x2D, 0x44, 0x58, 0xFA,
    0x5B, 0xAC, 0x0A, 0x8C, 0xFC, 0x00, 0xE9, 0xF1, 0x91, 0x2F, 0x92, 0x80, 0xC2, 0x1F, 0xC8, 0x64,
    0x1A, 0x02, 0x47, 0x5B, 0xB0, 0x50, 0x2C, 0x44, 0xCE, 0xF9, 0x78, 0xFE, 0x44, 0x90, 0xC6, 0x16,
    0xB2, 0x57, 0xC9, 0x69, 0x27, 0x01, 0x92, 0x1F, 0x72, 0x35, 0xBE, 0x09, 0x01, 0x28, 0x04, 0xA8,
    0x42, 0x00, 0xDB, 0x86, 0xAC, 0x8D, 0x60, 0x3E, 0xCB, 0xC3, 0xAF, 0xA7, 0x88, 0xA8, 0xD4, 0xD4,
    0x2A, 0x72, 0x86, 0x7A, 0xFE, 0xD9, 0xE8, 0x40, 0x8F, 0xFD, 0x16, 0xC6, 0x63, 0xD8, 0x42, 0x39,
    0x6C, 0xB7, 0xC8, 0x3B, 0x6C, 0x77, 0xA8, 0x06, 0x78, 0xFB, 0xDA, 0xDB, 0x37, 0xDE, 0x90, 0xD3,
    0xD4, 0x29, 0x79, 0x22, 0x6D, 0x74, 0x05, 0x5C, 0x0A, 0x8D, 0xAA, 0x94, 0x09, 0xE6, 0x64, 0x4A,
    0x40, 0xFF, 0x6A, 0xC7, 0x44, 0x52, 0x68, 0x18, 0xDA, 0xE3, 0xC0, 0x57, 0x33, 0x1C, 0x66, 0x18,
    0xE4, 0x09, 0xF8, 0x89, 0x7E, 0x80, 0xA4, 0x9F, 0xA1, 0x0B, 0xEC, 0x46, 0x29, 0x4E, 0x64, 0x32,
    0x14, 0x89, 0x10, 0xD2, 0xE5, 0x20, 0xE3, 0x72, 0x2F, 0x9B, 0x7B, 0x9C, 0x1B, 0x7A, 0xE5, 0x6C,
    0x45, 0xEE, 0x65, 0x2A, 0x07, 0x1E, 0x14, 0xE0, 0xAC, 0x7A, 0xC0, 0x5B, 0x43, 0xDF, 0xDD, 0x7A,
    0x45, 0xEE, 0x45, 0x78, 0x67, 0x0B, 0x3E, 0x2D, 0x5D, 0x91, 0x9A, 0xD6, 0xB8, 0x7C, 0x4F, 0xEF,
    0x78, 0x72, 0x7A, 0xB1, 0xD3, 0xA7, 0xDF, 0x9E, 0x4C, 0xED, 0x9C, 0x7C, 0x62, 0xF1, 0xD8, 0xED,
    0xAC, 0x99, 0x85, 0xBB, 0x1F, 0x6A, 0x8A, 0xAA, 0x0E, 0x2B, 0xDA, 0x64, 0xAC, 0xB4, 0x61, 0x12,
    0xE6, 0xA7, 0x34, 0x79, 0x2F, 0xA3, 0xB8, 0x61, 0x69, 0xF9, 0xC6, 0x99, 0xD4, 0xFD, 0xFC, 0xD8,
    0x70, 0x1A, 0x26, 0x93, 0x0A, 0xB2, 0xC0, 0xA3, 0xC0, 0x92, 0xDF, 0x2A, 0xCE, 0xE4, 0xD2, 0x6A,
    0x08, 0x96, 0x71, 0x3E, 0x3A, 0xF0, 0xDE, 0x46, 0x38, 0x85, 0x6A, 0xFF, 0xBE, 0xFF, 0x1B, 0x63,
    0x60, 0x60, 0xD0, 0x63, 0x60, 0x90, 0x72, 0xA8, 0x3F, 0xC0, 0xB0, 0xFF, 0xCB, 0xFE, 0x03, 0x4C,
    0xFF, 0x3F, 0xD8, 0x37, 0x30, 0xFF, 0xFF, 0xC0, 0xC2, 0xC0, 0xFE, 0x85, 0x81, 0x81, 0x81, 0xFB,
    0x03, 0x84, 0x10, 0x65, 0xF8, 0xFF, 0xFF, 0x81, 0x7D, 0x03, 0x82, 0x00, 0x8A, 0x91, 0x4D, 0x00,
    0x6D, 0xD3, 0x62, 0x00, 0xDA, 0x56, 0xCF, 0x00, 0xB4, 0xAD, 0x9E, 0x81, 0x19, 0x44, 0x00, 0x6D,
    0xAB, 0x07, 0x59, 0x04, 0x25, 0x80, 0x76, 0x20, 0x13, 0x08, 0x09, 0xD2, 0x09, 0x00,
};

static const EpdGlyph lexenddeca_14_regularGlyphs[] = {
    { 0, 0, 129, 0, 0, 0, 0 }, // U+000D
    { 0, 0, 137, 0, 0, 0, 0 }, // U+0020
    { 5, 22, 122, 1, 21, 28, 0 }, // !
    { 11, 9, 203, 1, 21, 25, 28 }, // "
    { 19, 21, 326, 1, 21, 100, 53 }, // #
    { 16, 26, 293, 1, 23, 104, 153 }, // $
    { 24, 22, 413, 1, 21, 132, 257 }, // %
    { 21, 22, 351, 1, 21, 116, 389 }, // &
    { 5, 9, 103, 1, 21, 12, 505 }, // '
    { 10, 27, 175, 1, 21, 68, 517 }, // (
    { 10, 27, 175, 0, 21, 68, 585 }, // )
    { 12, 11, 190, 0, 21, 33, 653 }, // *
    { 15, 15, 277, 1, 16, 57, 686 }, // +
    { 6, 10, 128, 1, 4, 15, 743 }, // ,
    { 10, 5, 193, 1, 11, 13, 758 }, // -
    { 5, 6, 111, 1, 5, 8, 771 }, // .
    { 16, 25, 266, 0, 21, 100, 779 }, // /
    { 17, 22, 295, 1, 21, 94, 879 }, // 0
    { 12, 21, 244, 2, 21, 63, 973 }, // 1
    { 15, 21, 256, 1, 21, 79, 1036 }, // 2
    { 16, 22, 257, 0, 21, 88, 1115 }, // 3
    { 18, 21, 296, 0, 21, 95, 1203 }, // 4
    { 15, 22, 270, 1, 21, 83, 1298 }, // 5
    { 15, 21, 264, 1, 21, 79, 1381 }, // 6
    { 14, 21, 255, 1, 21, 74, 1460 }, // 7
    { 15, 22, 274, 1, 21, 83, 1534 }, // 8
    { 16, 21, 261, 0, 21, 84, 1617 }, // 9
    { 5, 17, 111, 1, 16, 22, 1701 }, // :
    { 6, 22, 127, 1, 16, 33, 1723 }, // ;
    { 13, 16, 245, 1, 15, 52, 1756 }, // <
    { 15, 10, 274, 1, 13, 38, 1808 }, // =
    { 14, 16, 245, 1, 15, 56, 1846 }, // >
    { 14, 22, 243, 0, 21, 77, 1902 }, // ?
    { 26, 26, 450, 1, 21, 169, 1979 }, // @
    { 20, 21, 326, 0, 21, 105, 2148 }, // A
    { 17, 21, 321, 2, 21, 90, 2253 }, // B
    { 19, 22, 319, 1, 21, 105, 2343 }, // C
    { 19, 21, 353, 2, 21, 100, 2448 }, // D
    { 15, 21, 292, 2, 21, 79, 2548 }, // E
    { 15, 21, 284, 2, 21, 79, 2627 }, // F
    { 21, 22, 360, 1, 21, 116, 2706 }, // G
    { 18, 21, 358, 2, 21, 95, 2822 }, // H
    { 11, 21, 236, 2, 21, 58, 2917 }, // I
    { 17, 22, 303, 1, 21, 94, 2975 }, // J
    { 19, 21, 343, 2, 21, 100, 3069 }, // K
    { 14, 21, 281, 2, 21, 74, 3169 }, // L
    { 21, 21, 406, 2, 21, 111, 3243 }, // M
    { 19, 21, 372, 2, 21, 100, 3354 }, // N
    { 21, 22, 370, 1, 21, 116, 3454 }, // O
    { 16, 21, 301, 2, 21, 84, 3570 }, // P
    { 21, 25, 370, 1, 21, 132, 3654 }, // Q
    { 18, 22, 325, 2, 21, 99, 3786 }, // R
    { 16, 22, 293, 1, 21, 88, 3885 }, // S
    { 17, 21, 282, 0, 21, 90, 3973 }, // T
    { 18, 22, 350, 2, 21, 99, 4063 }, // U
    { 21, 21, 333, 0, 21, 111, 4162 }, // V
    { 29, 21, 464, 0, 21, 153, 4273 }, // W
    { 20, 21, 323, 0, 21, 105, 4426 }, // X
    { 20, 21, 313, 0, 21, 105, 4531 }, // Y
    { 17, 21, 312, 1, 21, 90, 4636 }, // Z
    { 9, 27, 191, 2, 21, 61, 4726 }, // [
    { 16, 25, 265, 1, 21, 100, 4787 }, // <backslash>
    { 9, 27, 191, 1, 21, 61, 4887 }, // ]
    { 17, 12, 273, 0, 22, 51, 4948 }, // ^
    { 18, 3, 322, 1, -2, 14, 4999 }, // _
    { 7, 6, 233, 4, 23, 11, 5013 }, // `
    { 16, 17, 300, 1, 16, 68, 5024 }, // a
    { 16, 23, 299, 2, 22, 92, 5092 }, // b
    { 15, 17, 252, 1, 16, 64, 5184 }, // c
    { 16, 23, 299, 1, 22, 92, 5248 }, // d
    { 16, 17, 274, 1, 16, 68, 5340 }, // e
    { 11, 22, 183, 1, 22, 61, 5408 }, // f
    { 17, 23, 306, 1, 16, 98, 5469 }, // g
    { 14, 22, 284, 2, 22, 77, 5567 }, // h
    { 6, 23, 137, 1, 23, 35, 5644 }, // i
    { 8, 29, 132, -1, 23, 58, 5679 }, // j
    { 15, 22, 275, 2, 22, 83, 5737 }, // k
    { 4, 22, 126, 2, 22, 22, 5820 }, // l
    { 24, 16, 437, 2, 16, 96, 5842 }, // m
    { 14, 16, 284, 2, 16, 56, 5938 }, // n
    { 17, 17, 291, 1, 16, 73, 5994 }, // o
    { 16, 23, 299, 2, 16, 92, 6067 }, // p
    { 16, 23, 299, 1, 16, 92, 6159 }, // q
    { 10, 16, 197, 2, 16, 40, 6251 }, // r
    { 14, 17, 226, 0, 16, 60, 6291 }, // s
    { 11, 20, 182, 0, 20, 55, 6351 }, // t
    { 14, 17, 288, 2, 16, 60, 6406 }, // u
    { 17, 16, 273, 0, 16, 68, 6466 }, // v
    { 24, 16, 379, 0, 16, 96, 6534 }, // w
    { 17, 16, 270, 0, 16, 68, 6630 }, // x
    { 18, 23, 278, 0, 16, 104, 6698 }, // y
    { 13, 16, 237, 1, 16, 52, 6802 }, // z
    { 11, 27, 194, 1, 21, 75, 6854 }, // {
    { 4, 28, 122, 2, 22, 28, 6929 }, // |
    { 11, 27, 194, 0, 21, 75, 6957 }, // }
    { 14, 6, 246, 1, 12, 21, 7032 }, // ~
    { 0, 0, 137, 0, 0, 0, 0 }, // U+00A0
    { 5, 22, 122, 1, 16, 28, 0 }, // U+00A1
    { 15, 21, 254, 1, 21, 79, 28 }, // U+00A2
    { 18, 22, 289, 0, 21, 99, 107 }, // U+00A3
    { 14, 14, 259, 1, 16, 49, 206 }, // U+00A4
    { 20, 21, 313, 0, 21, 105, 255 }, // U+00A5
    { 4, 28, 126, 2, 22, 28, 360 }, // U+00A6
    { 15, 25, 260, 1, 21, 94, 388 }, // U+00A7
    { 12, 5, 233, 1, 23, 15, 482 }, // U+00A8
    { 23, 22, 368, 0, 21, 127, 497 }, // U+00A9
    { 10, 11, 175, 0, 22, 28, 624 }, // U+00AA
    { 14, 13, 239, 0, 14, 46, 652 }, // U+00AB
    { 18, 9, 313, 1, 12, 41, 698 }, // U+00AC
    { 10, 5, 194, 1, 11, 13, 739 }, // U+00AD
    { 15, 14, 237, 0, 21, 53, 752 }, // U+00AE
    { 10, 4, 198, 2, 22, 10, 805 }, // U+00AF
    { 10, 10, 248, 3, 21, 25, 815 }, // U+00B0
    { 15, 18, 281, 1, 17, 68, 840 }, // U+00B1
    { 9, 11, 165, 1, 23, 25, 908 }, // U+00B2
    { 8, 12, 162, 1, 23, 24, 933 }, // U+00B3
    { 7, 6, 233, 4, 23, 11, 957 }, // U+00B4
    { 14, 21, 282, 2, 16, 74, 968 }, // U+00B5
    { 18, 21, 341, 1, 21, 95, 1042 }, // U+00B6
    { 5, 6, 111, 1, 13, 8, 1137 }, // U+00B7
    { 7, 9, 233, 4, 1, 16, 1145 }, // U+00B8
    { 6, 12, 133, 1, 24, 18, 1161 }, // U+00B9
    { 11, 10, 173, 0, 21, 28, 1179 }, // U+00BA
    { 14, 13, 241, 1, 14, 46, 1207 }, // U+00BB
    { 22, 23, 375, 1, 22, 127, 1253 }, // U+00BC
    { 22, 22, 373, 1, 22, 121, 1380 }, // U+00BD
    { 23, 22, 379, 0, 21, 127, 1501 }, // U+00BE
    { 14, 22, 243, 0, 16, 77, 1628 }, // U+00BF
    { 20, 28, 326, 0, 28, 140, 1705 }, // U+00C0
    { 20, 28, 326, 0, 28, 140, 1845 }, // U+00C1
    { 20, 27, 326, 0, 27, 135, 1985 }, // U+00C2
    { 20, 26, 326, 0, 26, 130, 2120 }, // U+00C3
    { 20, 27, 326, 0, 27, 135, 2250 }, // U+00C4
    { 20, 27, 326, 0, 27, 135, 2385 }, // U+00C5
    { 28, 21, 470, 0, 21, 147, 2520 }, // U+00C6
    { 19, 29, 319, 1, 21, 138, 2667 }, // U+00C7
    { 15, 28, 292, 2, 28, 105, 2805 }, // U+00C8
    { 15, 28, 292, 2, 28, 105, 2910 }, // U+00C9
    { 15, 27, 292, 2, 27, 102, 3015 }, // U+00CA
    { 15, 27, 292, 2, 27, 102, 3117 }, // U+00CB
    { 11, 28, 236, 2, 28, 77, 3219 }, // U+00CC
    { 11, 28, 236, 2, 28, 77, 3296 }, // U+00CD
    { 11, 27, 236, 2, 27, 75, 3373 }, // U+00CE
    { 12, 27, 236, 1, 27, 81, 3448 }, // U+00CF
    { 20, 21, 353, 1, 21, 105, 3529 }, // U+00D0
    { 19, 26, 372, 2, 26, 124, 3634 }, // U+00D1
    { 21, 29, 370, 1, 28, 153, 3758 }, // U+00D2
    { 21, 29, 370, 1, 28, 153, 3911 }, // U+00D3
    { 21, 28, 370, 1, 27, 147, 4064 }, // U+00D4
    { 21, 27, 370, 1, 26, 142, 4211 }, // U+00D5
    { 21, 28, 370, 1, 27, 147, 4353 }, // U+00D6
    { 13, 14, 234, 1, 15, 46, 4500 }, // U+00D7
    { 21, 23, 365, 1, 22, 121, 4546 }, // U+00D8
    { 18, 29, 350, 2, 28, 131, 4667 }, // U+00D9
    { 18, 29, 350, 2, 28, 131, 4798 }, // U+00DA
    { 18, 28, 350, 2, 27, 126, 4929 }, // U+00DB
    { 18, 28, 350, 2, 27, 126, 5055 }, // U+00DC
    { 20, 28, 313, 0, 28, 140, 5181 }, // U+00DD
    { 16, 21, 301, 2, 21, 84, 5321 }, // U+00DE
    { 18, 23, 310, 1, 22, 104, 5405 }, // U+00DF
    { 16, 24, 300, 1, 23, 96, 5509 }, // U+00E0
    { 16, 24, 300, 1, 23, 96, 5605 }, // U+00E1
    { 16, 24, 300, 1, 23, 96, 5701 }, // U+00E2
    { 16, 23, 300, 1, 22, 92, 5797 }, // U+00E3
    { 16, 24, 300, 1, 23, 96, 5889 }, // U+00E4
    { 16, 25, 300, 1, 24, 100, 5985 }, // U+00E5
    { 25, 17, 420, 1, 16, 107, 6085 }, // U+00E6
    { 15, 24, 252, 1, 16, 90, 6192 }, // U+00E7
    { 16, 24, 274, 1, 23, 96, 6282 }, // U+00E8
    { 16, 24, 274, 1, 23, 96, 6378 }, // U+00E9
    { 16, 24, 274, 1, 23, 96, 6474 }, // U+00EA
    { 16, 24, 274, 1, 23, 96, 6570 }, // U+00EB
    { 8, 23, 121, -1, 23, 46, 6666 }, // U+00EC
    { 8, 23, 121, 0, 23, 46, 6712 }, // U+00ED
    { 11, 23, 121, -2, 23, 64, 6758 }, // U+00EE
    { 12, 23, 121, -2, 23, 69, 6822 }, // U+00EF
    { 15, 23, 272, 1, 22, 87, 6891 }, // U+00F0
    { 14, 22, 284, 2, 22, 77, 6978 }, // U+00F1
    { 17, 24, 291, 1, 23, 102, 7055 }, // U+00F2
    { 17, 24, 291, 1, 23, 102, 7157 }, // U+00F3
    { 17, 24, 291, 1, 23, 102, 7259 }, // U+00F4
    { 17, 23, 291, 1, 22, 98, 7361 }, // U+00F5
    { 17, 24, 291, 1, 23, 102, 7459 }, // U+00F6
    { 16, 16, 279, 1, 16, 64, 7561 }, // U+00F7
    { 17, 19, 291, 1, 17, 81, 7625 }, // U+00F8
    { 14, 24, 288, 2, 23, 84, 7706 }, // U+00F9
    { 14, 24, 288, 2, 23, 84, 7790 }, // U+00FA
    { 14, 24, 288, 2, 23, 84, 7874 }, // U+00FB
    { 14, 24, 288, 2, 23, 84, 7958 }, // U+00FC
    { 18, 30, 278, 0, 23, 135, 8042 }, // U+00FD
    { 16, 29, 299, 2, 22, 116, 8177 }, // U+00FE
    { 18, 30, 278, 0, 23, 135, 8293 }, // U+00FF
    { 20, 26, 326, 0, 26, 130, 0 }, // U+0100
    { 16, 23, 300, 1, 22, 92, 130 }, // U+0101
    { 20, 27, 326, 0, 27, 135, 222 }, // U+0102
    { 16, 24, 300, 1, 23, 96, 357 }, // U+0103
    { 21, 27, 326, 0, 21, 142, 453 }, // U+0104
    { 16, 22, 300, 1, 16, 88, 595 }, // U+0105
    { 19, 29, 319, 1, 28, 138, 683 }, // U+0106
    { 15, 24, 252, 1, 23, 90, 821 }, // U+0107
    { 19, 28, 319, 1, 27, 133, 911 }, // U+0108
    { 15, 24, 252, 1, 23, 90, 1044 }, // U+0109
    { 19, 28, 319, 1, 27, 133, 1134 }, // U+010A
    { 15, 24, 252, 1, 23, 90, 1267 }, // U+010B
    { 19, 28, 319, 1, 27, 133, 1357 }, // U+010C
    { 15, 24, 252, 1, 23, 90, 1490 }, // U+010D
    { 19, 27, 353, 2, 27, 129, 1580 }, // U+010E
    { 23, 23, 322, 1, 22, 133, 1709 }, // U+010F
    { 20, 21, 353, 1, 21, 105, 1842 }, // U+0110
    { 18, 23, 299, 1, 22, 104, 1947 }, // U+0111
    { 15, 26, 292, 2, 26, 98, 2051 }, // U+0112
    { 16, 23, 274, 1, 22, 92, 2149 }, // U+0113
    { 15, 27, 292, 2, 27, 102, 2241 }, // U+0114
    { 16, 24, 274, 1, 23, 96, 2343 }, // U+0115
    { 15, 27, 292, 2, 27, 102, 2439 }, // U+0116
    { 16, 24, 274, 1, 23, 96, 2541 }, // U+0117
    { 15, 27, 292, 2, 21, 102, 2637 }, // U+0118
    { 16, 22, 274, 1, 16, 88, 2739 }, // U+0119
    { 15, 27, 292, 2, 27, 102, 2827 }, // U+011A
    { 16, 24, 274, 1, 23, 96, 2929 }, // U+011B
    { 21, 28, 360, 1, 27, 147, 3025 }, // U+011C
    { 17, 30, 306, 1, 23, 128, 3172 }, // U+011D
    { 21, 28, 360, 1, 27, 147, 3300 }, // U+011E
    { 17, 30, 306, 1, 23, 128, 3447 }, // U+011F
    { 21, 28, 360, 1, 27, 147, 3575 }, // U+0120
    { 17, 30, 306, 1, 23, 128, 3722 }, // U+0121
    { 21, 29, 360, 1, 21, 153, 3850 }, // U+0122
    { 17, 31, 306, 1, 24, 132, 4003 }, // U+0123
    { 18, 27, 358, 2, 27, 122, 4135 }, // U+0124
    { 14, 28, 284, 2, 28, 98, 4257 }, // U+0125
    { 23, 21, 394, 1, 21, 121, 4355 }, // U+0126
    { 16, 22, 284, 0, 22, 88, 4476 }, // U+0127
    { 11, 26, 236, 2, 26, 72, 4564 }, // U+0128
    { 11, 22, 121, -2, 22, 61, 4636 }, // U+0129
    { 11, 26, 236, 2, 26, 72, 4697 }, // U+012A
    { 10, 22, 121, -1, 22, 55, 4769 }, // U+012B
    { 11, 27, 236, 2, 27, 75, 4824 }, // U+012C
    { 11, 23, 121, -2, 23, 64, 4899 }, // U+012D
    { 11, 27, 236, 2, 21, 75, 4963 }, // U+012E
    { 8, 29, 121, -1, 23, 58, 5038 }, // U+012F
    { 11, 27, 236, 2, 27, 75, 5096 }, // U+0130
    { 5, 16, 121, 1, 16, 20, 5171 }, // U+0131
    { 31, 22, 539, 2, 21, 171, 5191 }, // U+0132
    { 15, 29, 269, 1, 23, 109, 5362 }, // U+0133
    { 17, 28, 303, 1, 27, 119, 5471 }, // U+0134
    { 11, 29, 131, -1, 23, 80, 5590 }, // U+0135
    { 19, 29, 343, 2, 21, 138, 5670 }, // U+0136
    { 15, 30, 275, 2, 22, 113, 5808 }, // U+0137
    { 15, 17, 271, 2, 16, 64, 5921 }, // U+0138
    { 15, 28, 281, 1, 28, 105, 5985 }, // U+0139
    { 8, 29, 126, 0, 29, 58, 6090 }, // U+013A
    { 14, 29, 281, 2, 21, 102, 6148 }, // U+013B
    { 6, 30, 126, 1, 22, 45, 6250 }, // U+013C
    { 14, 21, 281, 2, 21, 74, 6295 }, // U+013D
    { 11, 22, 148, 2, 22, 61, 6369 }, // U+013E
    { 14, 21, 281, 2, 21, 74, 6430 }, // U+013F
    { 10, 22, 180, 2, 22, 55, 6504 }, // U+0140
    { 17, 21, 296, 0, 21, 90, 6559 }, // U+0141
    { 10, 22, 139, -1, 22, 55, 6649 }, // U+0142
    { 19, 28, 372, 2, 28, 133, 6704 }, // U+0143
    { 14, 23, 284, 2, 23, 81, 6837 }, // U+0144
    { 19, 29, 372, 2, 21, 138, 6918 }, // U+0145
    { 14, 24, 284, 2, 16, 84, 7056 }, // U+0146
    { 19, 27, 372, 2, 27, 129, 7140 }, // U+0147
    { 14, 23, 284, 2, 23, 81, 7269 }, // U+0148
    { 20, 21, 302, -3, 21, 105, 7350 }, // U+0149
    { 19, 27, 372, 2, 21, 129, 7455 }, // U+014A
    { 14, 22, 284, 2, 16, 77, 7584 }, // U+014B
    { 21, 27, 370, 1, 26, 142, 7661 }, // U+014C
    { 17, 23, 291, 1, 22, 98, 7803 }, // U+014D
    { 21, 28, 370, 1, 27, 147, 7901 }, // U+014E
    { 17, 24, 291, 1, 23, 102, 8048 }, // U+014F
    { 21, 29, 370, 1, 28, 153, 8150 }, // U+0150
    { 17, 25, 291, 1, 24, 107, 8303 }, // U+0151
    { 28, 21, 488, 1, 21, 147, 8410 }, // U+0152
    { 28, 17, 472, 1, 16, 119, 8557 }, // U+0153
    { 18, 29, 325, 2, 28, 131, 8676 }, // U+0154
    { 10, 23, 197, 2, 23, 58, 8807 }, // U+0155
    { 18, 29, 325, 2, 21, 131, 8865 }, // U+0156
    { 11, 24, 197, 1, 16, 66, 8996 }, // U+0157
    { 18, 28, 325, 2, 27, 126, 9062 }, // U+0158
    { 10, 23, 197, 2, 23, 58, 9188 }, // U+0159
    { 16, 29, 293, 1, 28, 116, 9246 }, // U+015A
    { 14, 24, 226, 0, 23, 84, 9362 }, // U+015B
    { 16, 28, 293, 1, 27, 112, 9446 }, // U+015C
    { 14, 24, 226, 0, 23, 84, 9558 }, // U+015D
    { 16, 29, 293, 1, 21, 116, 9642 }, // U+015E
    { 14, 24, 226, 0, 16, 84, 9758 }, // U+015F
    { 16, 28, 293, 1, 27, 112, 9842 }, // U+0160
    { 14, 24, 226, 0, 23, 84, 9954 }, // U+0161
    { 17, 29, 282, 0, 21, 124, 10038 }, // U+0162
    { 11, 28, 182, 0, 20, 77, 10162 }, // U+0163
    { 17, 27, 282, 0, 27, 115, 10239 }, // U+0164
    { 14, 24, 182, 0, 24, 84, 10354 }, // U+0165
    { 17, 21, 282, 0, 21, 90, 10438 }, // U+0166
    { 11, 20, 182, 0, 20, 55, 10528 }, // U+0167
    { 18, 27, 350, 2, 26, 122, 10583 }, // U+0168
    { 14, 23, 288, 2, 22, 81, 10705 }, // U+0169
    { 18, 27, 350, 2, 26, 122, 10786 }, // U+016A
    { 14, 23, 288, 2, 22, 81, 10908 }, // U+016B
    { 18, 28, 350, 2, 27, 126, 10989 }, // U+016C
    { 14, 24, 288, 2, 23, 84, 11115 }, // U+016D
    { 18, 28, 350, 2, 27, 126, 11199 }, // U+016E
    { 14, 25, 288, 2, 24, 88, 11325 }, // U+016F
    { 18, 29, 350, 2, 28, 131, 11413 }, // U+0170
    { 14, 25, 288, 2, 24, 88, 11544 }, // U+0171
    { 18, 27, 350, 2, 21, 122, 11632 }, // U+0172
    { 15, 22, 288, 2, 16, 83, 11754 }, // U+0173
    { 29, 27, 464, 0, 27, 196, 11837 }, // U+0174
    { 24, 23, 379, 0, 23, 138, 12033 }, // U+0175
    { 20, 27, 313, 0, 27, 135, 12171 }, // U+0176
    { 18, 30, 278, 0, 23, 135, 12306 }, // U+0177
    { 20, 27, 313, 0, 27, 135, 12441 }, // U+0178
    { 17, 28, 312, 1, 28, 119, 12576 }, // U+0179
    { 13, 23, 237, 1, 23, 75, 12695 }, // U+017A
    { 17, 27, 312, 1, 27, 115, 12770 }, // U+017B
    { 13, 23, 237, 1, 23, 75, 12885 }, // U+017C
    { 17, 27, 312, 1, 27, 115, 12960 }, // U+017D
    { 13, 23, 237, 1, 23, 75, 13075 }, // U+017E
    { 21, 25, 370, 1, 24, 132, 0 }, // U+01A0
    { 17, 20, 291, 1, 19, 85, 132 }, // U+01A1
    { 21, 25, 350, 2, 24, 132, 217 }, // U+01AF
    { 17, 20, 288, 2, 19, 85, 349 }, // U+01B0
    { 37, 27, 644, 2, 27, 250, 434 }, // U+01C4
    { 34, 23, 590, 2, 23, 196, 684 }, // U+01C5
    { 32, 24, 536, 1, 23, 192, 880 }, // U+01C6
    { 33, 22, 585, 2, 21, 182, 1072 }, // U+01C7
    { 23, 29, 413, 2, 23, 167, 1254 }, // U+01C8
    { 13, 29, 252, 2, 23, 95, 1421 }, // U+01C9
    { 39, 22, 676, 2, 21, 215, 1516 }, // U+01CA
    { 28, 29, 505, 2, 23, 203, 1731 }, // U+01CB
    { 23, 29, 416, 2, 23, 167, 1934 }, // U+01CC
    { 20, 27, 326, 0, 27, 135, 2101 }, // U+01CD
    { 16, 24, 300, 1, 23, 96, 2236 }, // U+01CE
    { 11, 27, 236, 2, 27, 75, 2332 }, // U+01CF
    { 10, 23, 121, -1, 23, 58, 2407 }, // U+01D0
    { 21, 28, 370, 1, 27, 147, 2465 }, // U+01D1
    { 17, 24, 291, 1, 23, 102, 2612 }, // U+01D2
    { 18, 28, 350, 2, 27, 126, 2714 }, // U+01D3
    { 14, 24, 288, 2, 23, 84, 2840 }, // U+01D4
    { 21, 28, 360, 1, 27, 147, 2924 }, // U+01E6
    { 17, 30, 306, 1, 23, 128, 3071 }, // U+01E7
    { 21, 27, 370, 1, 21, 142, 3199 }, // U+01EA
    { 17, 22, 291, 1, 16, 94, 3341 }, // U+01EB
    { 37, 21, 644, 2, 21, 195, 3435 }, // U+01F1
    { 34, 21, 590, 2, 21, 179, 3630 }, // U+01F2
    { 20, 33, 326, 0, 33, 165, 3809 }, // U+01FA
    { 16, 31, 300, 1, 30, 124, 3974 }, // U+01FB
    { 28, 28, 470, 0, 28, 196, 4098 }, // U+01FC
    { 25, 24, 420, 1, 23, 150, 4294 }, // U+01FD
    { 21, 29, 365, 1, 28, 153, 4444 }, // U+01FE
    { 17, 25, 291, 1, 23, 107, 4597 }, // U+01FF
    { 20, 28, 326, 0, 28, 140, 4704 }, // U+0200
    { 16, 25, 300, 1, 24, 100, 4844 }, // U+0201
    { 20, 27, 326, 0, 27, 135, 4944 }, // U+0202
    { 16, 24, 300, 1, 23, 96, 5079 }, // U+0203
    { 15, 28, 292, 2, 28, 105, 5175 }, // U+0204
    { 17, 25, 274, 0, 24, 107, 5280 }, // U+0205
    { 15, 27, 292, 2, 27, 102, 5387 }, // U+0206
    { 16, 24, 274, 1, 23, 96, 5489 }, // U+0207
    { 14, 28, 236, -1, 28, 98, 5585 }, // U+0208
    { 14, 24, 121, -5, 24, 84, 5683 }, // U+0209
    { 11, 27, 236, 2, 27, 75, 5767 }, // U+020A
    { 11, 23, 121, -2, 23, 64, 5842 }, // U+020B
    { 21, 29, 370, 1, 28, 153, 5906 }, // U+020C
    { 17, 25, 291, 1, 24, 107, 6059 }, // U+020D
    { 21, 28, 370, 1, 27, 147, 6166 }, // U+020E
    { 17, 24, 291, 1, 23, 102, 6313 }, // U+020F
    { 19, 29, 325, 1, 28, 138, 6415 }, // U+0210
    { 13, 24, 197, -1, 24, 78, 6553 }, // U+0211
    { 18, 28, 325, 2, 27, 126, 6631 }, // U+0212
    { 11, 23, 197, 2, 23, 64, 6757 }, // U+0213
    { 18, 29, 350, 2, 28, 131, 6821 }, // U+0214
    { 16, 25, 288, 0, 24, 100, 6952 }, // U+0215
    { 18, 28, 350, 2, 27, 126, 7052 }, // U+0216
    { 14, 24, 288, 2, 23, 84, 7178 }, // U+0217
    { 16, 29, 293, 1, 21, 116, 7262 }, // U+0218
    { 14, 24, 226, 0, 16, 84, 7378 }, // U+0219
    { 17, 29, 282, 0, 21, 124, 7462 }, // U+021A
    { 11, 28, 182, 0, 20, 77, 7586 }, // U+021B
    { 7, 6, 0, 4, 23, 11, 0 }, // U+0300
    { 7, 6, 0, 4, 23, 11, 11 }, // U+0301
    { 11, 6, 0, 2, 23, 17, 22 }, // U+0302
    { 11, 5, 0, 2, 22, 14, 39 }, // U+0303
    { 10, 4, 0, 2, 22, 10, 53 }, // U+0304
    { 11, 6, 0, 2, 23, 17, 63 }, // U+0306
    { 5, 5, 0, 5, 23, 7, 80 }, // U+0307
    { 12, 5, 0, 1, 23, 15, 87 }, // U+0308
    { 7, 7, 0, 4, 24, 13, 102 }, // U+0309
    { 7, 7, 0, 4, 24, 13, 115 }, // U+030A
    { 13, 7, 0, 1, 24, 23, 128 }, // U+030B
    { 11, 6, 0, 2, 23, 17, 151 }, // U+030C
    { 13, 7, 0, 1, 24, 23, 168 }, // U+030F
    { 11, 6, 0, 2, 23, 17, 191 }, // U+0311
    { 6, 7, 0, 4, 24, 11, 208 }, // U+0312
    { 7, 7, 0, 4, 19, 13, 219 }, // U+031B
    { 6, 6, 0, 4, -1, 9, 232 }, // U+0323
    { 12, 6, 0, 1, -1, 18, 241 }, // U+0324
    { 6, 7, 0, 4, -1, 11, 259 }, // U+0326
    { 7, 9, 0, 4, 1, 16, 270 }, // U+0327
    { 7, 8, 0, 4, 2, 14, 286 }, // U+0328
    { 11, 6, 0, 2, -1, 17, 300 }, // U+032E
    { 9, 4, 0, 3, -2, 9, 317 }, // U+0331
    { 9, 4, 0, 3, 11, 9, 326 }, // U+0335
    { 20, 28, 326, 0, 21, 140, 0 }, // U+1EA0
    { 16, 23, 300, 1, 16, 92, 140 }, // U+1EA1
    { 20, 29, 326, 0, 29, 145, 232 }, // U+1EA2
    { 16, 25, 300, 1, 24, 100, 377 }, // U+1EA3
    { 20, 31, 326, 0, 31, 155, 477 }, // U+1EA4
    { 18, 29, 300, 1, 28, 131, 632 }, // U+1EA5
    { 20, 32, 326, 0, 32, 160, 763 }, // U+1EA6
    { 16, 29, 300, 1, 28, 116, 923 }, // U+1EA7
    { 20, 32, 326, 0, 32, 160, 1039 }, // U+1EA8
    { 17, 29, 300, 1, 28, 124, 1199 }, // U+1EA9
    { 20, 32, 326, 0, 32, 160, 1323 }, // U+1EAA
    { 16, 29, 300, 1, 28, 116, 1483 }, // U+1EAB
    { 20, 34, 326, 0, 27, 170, 1599 }, // U+1EAC
    { 16, 30, 300, 1, 23, 120, 1769 }, // U+1EAD
    { 20, 32, 326, 0, 32, 160, 1889 }, // U+1EAE
    { 16, 29, 300, 1, 28, 116, 2049 }, // U+1EAF
    { 20, 32, 326, 0, 32, 160, 2165 }, // U+1EB0
    { 16, 29, 300, 1, 28, 116, 2325 }, // U+1EB1
    { 20, 32, 326, 0, 32, 160, 2441 }, // U+1EB2
    { 16, 30, 300, 1, 29, 120, 2601 }, // U+1EB3
    { 20, 32, 326, 0, 32, 160, 2721 }, // U+1EB4
    { 16, 29, 300, 1, 28, 116, 2881 }, // U+1EB5
    { 20, 34, 326, 0, 27, 170, 2997 }, // U+1EB6
    { 16, 30, 300, 1, 23, 120, 3167 }, // U+1EB7
    { 15, 28, 292, 2, 21, 105, 3287 }, // U+1EB8
    { 16, 23, 274, 1, 16, 92, 3392 }, // U+1EB9
    { 15, 29, 292, 2, 29, 109, 3484 }, // U+1EBA
    { 16, 25, 274, 1, 24, 100, 3593 }, // U+1EBB
    { 15, 26, 292, 2, 26, 98, 3693 }, // U+1EBC
    { 16, 23, 274, 1, 22, 92, 3791 }, // U+1EBD
    { 17, 31, 292, 2, 31, 132, 3883 }, // U+1EBE
    { 17, 29, 274, 1, 28, 124, 4015 }, // U+1EBF
    { 15, 32, 292, 2, 32, 120, 4139 }, // U+1EC0
    { 16, 29, 274, 1, 28, 116, 4259 }, // U+1EC1
    { 16, 32, 292, 2, 32, 128, 4375 }, // U+1EC2
    { 16, 29, 274, 1, 28, 116, 4503 }, // U+1EC3
    { 15, 32, 292, 2, 32, 120, 4619 }, // U+1EC4
    { 16, 29, 274, 1, 28, 116, 4739 }, // U+1EC5
    { 15, 34, 292, 2, 27, 128, 4855 }, // U+1EC6
    { 16, 30, 274, 1, 23, 120, 4983 }, // U+1EC7
    { 11, 29, 236, 2, 29, 80, 5103 }, // U+1EC8
    { 7, 24, 121, 0, 24, 42, 5183 }, // U+1EC9
    { 11, 28, 236, 2, 21, 77, 5225 }, // U+1ECA
    { 6, 30, 137, 1, 23, 45, 5302 }, // U+1ECB
    { 21, 28, 370, 1, 21, 147, 5347 }, // U+1ECC
    { 17, 23, 291, 1, 16, 98, 5494 }, // U+1ECD
    { 21, 30, 370, 1, 29, 158, 5592 }, // U+1ECE
    { 17, 25, 291, 1, 24, 107, 5750 }, // U+1ECF
    { 21, 32, 370, 1, 31, 168, 5857 }, // U+1ED0
    { 17, 29, 291, 1, 28, 124, 6025 }, // U+1ED1
    { 21, 33, 370, 1, 32, 174, 6149 }, // U+1ED2
    { 17, 29, 291, 1, 28, 124, 6323 }, // U+1ED3
    { 21, 33, 370, 1, 32, 174, 6447 }, // U+1ED4
    { 17, 29, 291, 1, 28, 124, 6621 }, // U+1ED5
    { 21, 33, 370, 1, 32, 174, 6745 }, // U+1ED6
    { 17, 29, 291, 1, 28, 124, 6919 }, // U+1ED7
    { 21, 34, 370, 1, 27, 179, 7043 }, // U+1ED8
    { 17, 30, 291, 1, 23, 128, 7222 }, // U+1ED9
    { 21, 29, 370, 1, 28, 153, 7350 }, // U+1EDA
    { 17, 24, 291, 1, 23, 102, 7503 }, // U+1EDB
    { 21, 29, 370, 1, 28, 153, 7605 }, // U+1EDC
    { 17, 24, 291, 1, 23, 102, 7758 }, // U+1EDD
    { 21, 30, 370, 1, 29, 158, 7860 }, // U+1EDE
    { 17, 25, 291, 1, 24, 107, 8018 }, // U+1EDF
    { 21, 27, 370, 1, 26, 142, 8125 }, // U+1EE0
    { 17, 23, 291, 1, 22, 98, 8267 }, // U+1EE1
    { 21, 31, 370, 1, 24, 163, 8365 }, // U+1EE2
    { 17, 26, 291, 1, 19, 111, 8528 }, // U+1EE3
    { 18, 28, 350, 2, 21, 126, 8639 }, // U+1EE4
    { 14, 23, 288, 2, 16, 81, 8765 }, // U+1EE5
    { 18, 30, 350, 2, 29, 135, 8846 }, // U+1EE6
    { 14, 25, 288, 2, 24, 88, 8981 }, // U+1EE7
    { 21, 29, 350, 2, 28, 153, 9069 }, // U+1EE8
    { 17, 24, 288, 2, 23, 102, 9222 }, // U+1EE9
    { 21, 29, 350, 2, 28, 153, 9324 }, // U+1EEA
    { 17, 24, 288, 2, 23, 102, 9477 }, // U+1EEB
    { 21, 30, 350, 2, 29, 158, 9579 }, // U+1EEC
    { 17, 25, 288, 2, 24, 107, 9737 }, // U+1EED
    { 21, 27, 350, 2, 26, 142, 9844 }, // U+1EEE
    { 17, 23, 288, 2, 22, 98, 9986 }, // U+1EEF
    { 21, 31, 350, 2, 24, 163, 10084 }, // U+1EF0
    { 17, 26, 288, 2, 19, 111, 10247 }, // U+1EF1
    { 20, 28, 313, 0, 28, 140, 10358 }, // U+1EF2
    { 18, 30, 278, 0, 23, 135, 10498 }, // U+1EF3
    { 20, 28, 313, 0, 21, 140, 10633 }, // U+1EF4
    { 18, 23, 278, 0, 16, 104, 10773 }, // U+1EF5
    { 20, 29, 313, 0, 29, 145, 10877 }, // U+1EF6
    { 18, 31, 278, 0, 24, 140, 11022 }, // U+1EF7
    { 20, 26, 313, 0, 26, 130, 11162 }, // U+1EF8
    { 18, 29, 278, 0, 22, 131, 11292 }, // U+1EF9
    { 0, 0, 257, 0, 0, 0, 0 }, // U+2007
    { 0, 0, 121, 0, 0, 0, 0 }, // U+2008
    { 0, 0, 96, 0, 0, 0, 0 }, // U+2009
    { 0, 0, 48, 0, 0, 0, 0 }, // U+200A
    { 0, 0, 0, 0, 0, 0, 0 }, // U+200B
    { 10, 5, 193, 1, 11, 13, 0 }, // U+2010
    { 14, 4, 252, 1, 10, 14, 13 }, // U+2012
    { 14, 4, 253, 1, 10, 14, 27 }, // U+2013
    { 24, 5, 416, 1, 11, 30, 41 }, // U+2014
    { 24, 5, 414, 1, 11, 30, 71 }, // U+2015
    { 6, 10, 118, 1, 23, 15, 101 }, // U+2018
    { 7, 9, 118, 0, 22, 16, 116 }, // U+2019
    { 6, 10, 128, 1, 4, 15, 132 }, // U+201A
    { 12, 10, 219, 1, 23, 30, 147 }, // U+201C
    { 13, 9, 218, 0, 22, 30, 177 }, // U+201D
    { 13, 10, 233, 1, 4, 33, 207 }, // U+201E
    { 11, 16, 205, 1, 22, 44, 240 }, // U+2020
    { 10, 17, 192, 1, 22, 43, 284 }, // U+2021
    { 9, 9, 161, 1, 15, 21, 327 }, // U+2022
    { 17, 6, 304, 1, 5, 26, 348 }, // U+2026
    { 34, 22, 582, 1, 21, 187, 374 }, // U+2030
    { 11, 9, 206, 1, 21, 25, 561 }, // U+2033
    { 8, 13, 134, 0, 14, 26, 586 }, // U+2039
    { 8, 13, 135, 1, 14, 26, 612 }, // U+203A
    { 18, 21, 283, 0, 21, 95, 638 }, // U+2044
    { 11, 12, 177, 0, 23, 33, 0 }, // U+2070
    { 10, 12, 185, 1, 23, 30, 33 }, // U+2074
    { 9, 12, 169, 1, 23, 27, 63 }, // U+2075
    { 9, 12, 166, 1, 23, 27, 90 }, // U+2076
    { 8, 11, 153, 1, 23, 22, 117 }, // U+2077
    { 9, 12, 170, 1, 23, 27, 139 }, // U+2078
    { 10, 12, 161, 0, 23, 30, 166 }, // U+2079
    { 11, 12, 177, 0, 5, 33, 196 }, // U+2080
    { 6, 12, 133, 1, 5, 18, 229 }, // U+2081
    { 9, 11, 165, 1, 5, 25, 247 }, // U+2082
    { 8, 12, 162, 1, 5, 24, 272 }, // U+2083
    { 10, 12, 185, 1, 5, 30, 296 }, // U+2084
    { 9, 12, 169, 1, 5, 27, 326 }, // U+2085
    { 9, 12, 166, 1, 5, 27, 353 }, // U+2086
    { 8, 11, 153, 1, 5, 22, 380 }, // U+2087
    { 9, 12, 170, 1, 5, 27, 402 }, // U+2088
    { 10, 12, 161, 0, 5, 30, 429 }, // U+2089
    { 19, 28, 319, 1, 24, 133, 0 }, // U+20A1
    { 17, 21, 284, 0, 21, 90, 133 }, // U+20A3
    { 18, 22, 289, 0, 21, 99, 223 }, // U+20A4
    { 24, 21, 381, 0, 21, 126, 322 }, // U+20A6
    { 20, 21, 368, 2, 21, 105, 448 }, // U+20A7
    { 29, 21, 467, 0, 21, 153, 553 }, // U+20A9
    { 14, 22, 238, 1, 21, 77, 706 }, // U+20AB
    { 18, 22, 307, 0, 21, 99, 783 }, // U+20AC
    { 22, 21, 355, 0, 21, 116, 882 }, // U+20AD
    { 20, 21, 369, 2, 21, 105, 998 }, // U+20B1
    { 21, 28, 360, 1, 24, 147, 1103 }, // U+20B2
    { 19, 26, 319, 1, 23, 124, 1250 }, // U+20B5
    { 15, 22, 262, 1, 21, 83, 1374 }, // U+20B9
    { 17, 22, 287, 0, 21, 94, 1457 }, // U+20BA
    { 18, 24, 357, 2, 24, 108, 1551 }, // U+20BC
    { 18, 21, 337, 2, 21, 95, 1659 }, // U+20BD
    { 16, 23, 279, 1, 22, 92, 0 }, // U+2202
    { 18, 17, 291, 0, 16, 77, 92 }, // U+2205
    { 21, 22, 332, 0, 22, 116, 169 }, // U+2206
    { 21, 27, 336, 0, 21, 142, 285 }, // U+220F
    { 14, 21, 244, 1, 20, 74, 427 }, // U+2211
    { 15, 4, 271, 1, 11, 15, 501 }, // U+2212
    { 16, 27, 260, 0, 23, 108, 516 }, // U+2215
    { 6, 6, 131, 1, 12, 9, 624 }, // U+2219
    { 21, 25, 328, 0, 21, 132, 633 }, // U+221A
    { 24, 13, 411, 1, 14, 78, 765 }, // U+221E
    { 19, 26, 269, -1, 22, 124, 843 }, // U+222B
    { 15, 11, 269, 1, 13, 42, 967 }, // U+2248
    { 15, 16, 275, 1, 16, 60, 1009 }, // U+2260
    { 16, 16, 293, 1, 16, 64, 1069 }, // U+2264
    { 16, 16, 293, 1, 16, 64, 1133 }, // U+2265
    { 18, 23, 320, 1, 23, 104, 0 }, // U+FB01
    { 17, 22, 309, 1, 22, 94, 104 }, // U+FB02
};

static const EpdUnicodeInterval lexenddeca_14_regularIntervals[] = {
    { 0xD, 0xD, 0x0 },
    { 0x20, 0x7E, 0x1 },
    { 0xA0, 0xFF, 0x60 },
    { 0x100, 0x17E, 0xC0 },
    { 0x1A0, 0x1A1, 0x13F },
    { 0x1AF, 0x1B0, 0x141 },
    { 0x1C4, 0x1D4, 0x143 },
    { 0x1E6, 0x1E7, 0x154 },
    { 0x1EA, 0x1EB, 0x156 },
    { 0x1F1, 0x1F2, 0x158 },
    { 0x1FA, 0x21B, 0x15A },
    { 0x300, 0x304, 0x17C },
    { 0x306, 0x30C, 0x181 },
    { 0x30F, 0x30F, 0x188 },
    { 0x311, 0x312, 0x189 },
    { 0x31B, 0x31B, 0x18B },
    { 0x323, 0x324, 0x18C },
    { 0x326, 0x328, 0x18E },
    { 0x32E, 0x32E, 0x191 },
    { 0x331, 0x331, 0x192 },
    { 0x335, 0x335, 0x193 },
    { 0x1EA0, 0x1EF9, 0x194 },
    { 0x2007, 0x200B, 0x1EE },
    { 0x2010, 0x2010, 0x1F3 },
    { 0x2012, 0x2015, 0x1F4 },
    { 0x2018, 0x201A, 0x1F8 },
    { 0x201C, 0x201E, 0x1FB },
    { 0x2020, 0x2022, 0x1FE },
    { 0x2026, 0x2026, 0x201 },
    { 0x2030, 0x2030, 0x202 },
    { 0x2033, 0x2033, 0x203 },
    { 0x2039, 0x203A, 0x204 },
    { 0x2044, 0x2044, 0x206 },
    { 0x2070, 0x2070, 0x207 },
    { 0x2074, 0x2079, 0x208 },
    { 0x2080, 0x2089, 0x20E },
    { 0x20A1, 0x20A1, 0x218 },
    { 0x20A3, 0x20A4, 0x219 },
    { 0x20A6, 0x20A7, 0x21B },
    { 0x20A9, 0x20A9, 0x21D },
    { 0x20AB, 0x20AD, 0x21E },
    { 0x20B1, 0x20B2, 0x221 },
    { 0x20B5, 0x20B5, 0x223 },
    { 0x20B9, 0x20BA, 0x224 },
    { 0x20BC, 0x20BD, 0x226 },
    { 0x2202, 0x2202, 0x228 },
    { 0x2205, 0x2206, 0x229 },
    { 0x220F, 0x220F, 0x22B },
    { 0x2211, 0x2212, 0x22C },
    { 0x2215, 0x2215, 0x22E },
    { 0x2219, 0x221A, 0x22F },
    { 0x221E, 0x221E, 0x231 },
    { 0x222B, 0x222B, 0x232 },
    { 0x2248, 0x2248, 0x233 },
    { 0x2260, 0x2260, 0x234 },
    { 0x2264, 0x2265, 0x235 },
    { 0xFB01, 0xFB02, 0x237 },
};

static const EpdFontGroup lexenddeca_14_regularGroups[] = {
    { 0, 3396, 7711, 96, 0 },
    { 3396, 3030, 9073, 96, 96 },
    { 6426, 3711, 14373, 127, 192 },
    { 10137, 2653, 8329, 61, 319 },
    { 12790, 279, 380, 24, 380 },
    { 13069, 2141, 12387, 90, 404 },
    { 15210, 451, 809, 25, 494 },
    { 15661, 240, 557, 17, 519 },
    { 15901, 915, 1904, 16, 536 },
    { 16816, 607, 1285, 15, 552 },
    { 17423, 79, 225, 2, 567 },
};

static const EpdKernClassEntry lexenddeca_14_regularKernLeftClasses[] = {
    { 0x0026, 1 }, // &
    { 0x0028, 2 }, // (
    { 0x002A, 3 }, // *
    { 0x002C, 4 }, // ,
    { 0x002E, 5 }, // .
    { 0x002F, 6 }, // /
    { 0x0030, 7 }, // 0
    { 0x0031, 8 }, // 1
    { 0x0032, 9 }, // 2
    { 0x0033, 10 }, // 3
    { 0x0034, 11 }, // 4
    { 0x0035, 12 }, // 5
    { 0x0036, 13 }, // 6
    { 0x0037, 14 }, // 7
    { 0x0038, 15 }, // 8
    { 0x0039, 16 }, // 9
    { 0x003C, 17 }, // <
    { 0x003E, 18 }, // >
    { 0x003F, 19 }, // ?
    { 0x0040, 20 }, // @
    { 0x0041, 21 }, // A
    { 0x0042, 22 }, // B
    { 0x0043, 23 }, // C
    { 0x0044, 24 }, // D
    { 0x0045, 25 }, // E
    { 0x0046, 26 }, // F
    { 0x0047, 27 }, // G
    { 0x0049, 28 }, // I
    { 0x004A, 29 }, // J
    { 0x004B, 30 }, // K
    { 0x004C, 31 }, // L
    { 0x004F, 24 }, // O
    { 0x0050, 32 }, // P
    { 0x0051, 33 }, // Q
    { 0x0052, 34 }, // R
    { 0x0053, 35 }, // S
    { 0x0054, 36 }, // T
    { 0x0055, 37 }, // U
    { 0x0056, 38 }, // V
    { 0x0057, 39 }, // W
    { 0x0058, 40 }, // X
    { 0x0059, 41 }, // Y
    { 0x005A, 42 }, // Z
    { 0x005B, 43 }, // [
    { 0x005C, 44 }, // <backslash>
    { 0x005F, 45 }, // _
    { 0x0061, 46 }, // a
    { 0x0062, 47 }, // b
    { 0x0063, 48 }, // c
    { 0x0064, 49 }, // d
    { 0x0065, 50 }, // e
    { 0x0066, 51 }, // f
    { 0x0067, 52 }, // g
    { 0x0068, 53 }, // h
    { 0x0069, 54 }, // i
    { 0x006A, 55 }, // j
    { 0x006B, 56 }, // k
    { 0x006C, 57 }, // l
    { 0x006D, 53 }, // m
    { 0x006E, 53 }, // n
    { 0x006F, 47 }, // o
    { 0x0070, 47 }, // p
    { 0x0071, 58 }, // q
    { 0x0072, 59 }, // r
    { 0x0073, 60 }, // s
    { 0x0074, 61 }, // t
    { 0x0075, 62 }, // u
    { 0x0076, 63 }, // v
    { 0x0077, 64 }, // w
    { 0x0078, 65 }, // x
    { 0x0079, 66 }, // y
    { 0x007A, 67 }, // z
    { 0x007B, 68 }, // {
    { 0x007D, 69 }, // }
    { 0x00A1, 70 }, // U+00A1
    { 0x00A3, 71 }, // U+00A3
    { 0x00B7, 72 }, // U+00B7
    { 0x00BF, 73 }, // U+00BF
    { 0x00C0, 21 }, // U+00C0
    { 0x00C1, 21 }, // U+00C1
    { 0x00C2, 21 }, // U+00C2
    { 0x00C3, 21 }, // U+00C3
    { 0x00C4, 21 }, // U+00C4
    { 0x00C5, 21 }, // U+00C5
    { 0x00C6, 25 }, // U+00C6
    { 0x00C8, 25 }, // U+00C8
    { 0x00C9, 25 }, // U+00C9
    { 0x00CA, 25 }, // U+00CA
    { 0x00CB, 25 }, // U+00CB
    { 0x00D0, 24 }, // U+00D0
    { 0x00D2, 24 }, // U+00D2
    { 0x00D3, 24 }, // U+00D3
    { 0x00D4, 24 }, // U+00D4
    { 0x00D5, 24 }, // U+00D5
    { 0x00D6, 24 }, // U+00D6
    { 0x00D8, 24 }, // U+00D8
    { 0x00D9, 37 }, // U+00D9
    { 0x00DA, 37 }, // U+00DA
    { 0x00DB, 37 }, // U+00DB
    { 0x00DC, 37 }, // U+00DC
    { 0x00DD, 41 }, // U+00DD
    { 0x00DE, 74 }, // U+00DE
    { 0x00DF, 75 }, // U+00DF
    { 0x00E0, 46 }, // U+00E0
    { 0x00E1, 46 }, // U+00E1
    { 0x00E2, 46 }, // U+00E2
    { 0x00E3, 46 }, // U+00E3
    { 0x00E4, 46 }, // U+00E4
    { 0x00E5, 46 }, // U+00E5
    { 0x00E7, 48 }, // U+00E7
    { 0x00E8, 50 }, // U+00E8
    { 0x00E9, 50 }, // U+00E9
    { 0x00EA, 50 }, // U+00EA
    { 0x00EB, 50 }, // U+00EB
    { 0x00EC, 54 }, // U+00EC
    { 0x00ED, 54 }, // U+00ED
    { 0x00EE, 54 }, // U+00EE
    { 0x00EF, 54 }, // U+00EF
    { 0x00F0, 76 }, // U+00F0
    { 0x00F1, 53 }, // U+00F1
    { 0x00F2, 47 }, // U+00F2
    { 0x00F3, 47 }, // U+00F3
    { 0x00F4, 47 }, // U+00F4
    { 0x00F5, 47 }, // U+00F5
    { 0x00F6, 47 }, // U+00F6
    { 0x00F8, 47 }, // U+00F8
    { 0x00F9, 62 }, // U+00F9
    { 0x00FA, 62 }, // U+00FA
    { 0x00FB, 62 }, // U+00FB
    { 0x00FC, 62 }, // U+00FC
    { 0x00FD, 66 }, // U+00FD
    { 0x00FE, 47 }, // U+00FE
    { 0x00FF, 66 }, // U+00FF
    { 0x0100, 21 }, // U+0100
    { 0x0101, 46 }, // U+0101
    { 0x0102, 21 }, // U+0102
    { 0x0103, 46 }, // U+0103
    { 0x0104, 21 }, // U+0104
    { 0x0105, 46 }, // U+0105
    { 0x0107, 48 }, // U+0107
    { 0x0109, 48 }, // U+0109
    { 0x010B, 48 }, // U+010B
    { 0x010D, 48 }, // U+010D
    { 0x010E, 24 }, // U+010E
    { 0x010F, 77 }, // U+010F
    { 0x0110, 24 }, // U+0110
    { 0x0111, 49 }, // U+0111
    { 0x0112, 25 }, // U+0112
    { 0x0113, 50 }, // U+0113
    { 0x0114, 25 }, // U+0114
    { 0x0115, 50 }, // U+0115
    { 0x0116, 25 }, // U+0116
    { 0x0117, 50 }, // U+0117
    { 0x0118, 25 }, // U+0118
    { 0x0119, 50 }, // U+0119
    { 0x011A, 25 }, // U+011A
    { 0x011B, 50 }, // U+011B
    { 0x011C, 27 }, // U+011C
    { 0x011D, 78 }, // U+011D
    { 0x011E, 27 }, // U+011E
    { 0x011F, 78 }, // U+011F
    { 0x0120, 27 }, // U+0120
    { 0x0121, 78 }, // U+0121
    { 0x0122, 27 }, // U+0122
    { 0x0123, 78 }, // U+0123
    { 0x0125, 53 }, // U+0125
    { 0x0127, 53 }, // U+0127
    { 0x0129, 54 }, // U+0129
    { 0x012B, 54 }, // U+012B
    { 0x012D, 54 }, // U+012D
    { 0x012F, 54 }, // U+012F
    { 0x0131, 54 }, // U+0131
    { 0x0132, 29 }, // U+0132
    { 0x0133, 55 }, // U+0133
    { 0x0134, 29 }, // U+0134
    { 0x0135, 55 }, // U+0135
    { 0x0136, 30 }, // U+0136
    { 0x0137, 56 }, // U+0137
    { 0x0138, 56 }, // U+0138
    { 0x0139, 31 }, // U+0139
    { 0x013A, 57 }, // U+013A
    { 0x013B, 31 }, // U+013B
    { 0x013C, 57 }, // U+013C
    { 0x013D, 31 }, // U+013D
    { 0x013E, 77 }, // U+013E
    { 0x013F, 31 }, // U+013F
    { 0x0140, 57 }, // U+0140
    { 0x0141, 31 }, // U+0141
    { 0x0142, 57 }, // U+0142
    { 0x0144, 53 }, // U+0144
    { 0x0146, 53 }, // U+0146
    { 0x0148, 53 }, // U+0148
    { 0x0149, 53 }, // U+0149
    { 0x014B, 53 }, // U+014B
    { 0x014C, 24 }, // U+014C
    { 0x014D, 47 }, // U+014D
    { 0x014E, 24 }, // U+014E
    { 0x014F, 47 }, // U+014F
    { 0x0150, 24 }, // U+0150
    { 0x0151, 47 }, // U+0151
    { 0x0152, 25 }, // U+0152
    { 0x0153, 50 }, // U+0153
    { 0x0154, 79 }, // U+0154
    { 0x0155, 59 }, // U+0155
    { 0x0156, 79 }, // U+0156
    { 0x0157, 59 }, // U+0157
    { 0x0158, 79 }, // U+0158
    { 0x0159, 59 }, // U+0159
    { 0x015A, 35 }, // U+015A
    { 0x015B, 60 }, // U+015B
    { 0x015C, 35 }, // U+015C
    { 0x015D, 60 }, // U+015D
    { 0x015E, 35 }, // U+015E
    { 0x015F, 60 }, // U+015F
    { 0x0160, 35 }, // U+0160
    { 0x0161, 60 }, // U+0161
    { 0x0162, 36 }, // U+0162
    { 0x0163, 61 }, // U+0163
    { 0x0164, 36 }, // U+0164
    { 0x0165, 61 }, // U+0165
    { 0x0166, 36 }, // U+0166
    { 0x0167, 61 }, // U+0167
    { 0x0168, 37 }, // U+0168
    { 0x0169, 62 }, // U+0169
    { 0x016A, 37 }, // U+016A
    { 0x016B, 62 }, // U+016B
    { 0x016C, 37 }, // U+016C
    { 0x016D, 62 }, // U+016D
    { 0x016E, 37 }, // U+016E
    { 0x016F, 62 }, // U+016F
    { 0x0170, 37 }, // U+0170
    { 0x0171, 62 }, // U+0171
    { 0x0172, 37 }, // U+0172
    { 0x0173, 62 }, // U+0173
    { 0x0174, 39 }, // U+0174
    { 0x0175, 64 }, // U+0175
    { 0x0176, 41 }, // U+0176
    { 0x0177, 66 }, // U+0177
    { 0x0178, 41 }, // U+0178
    { 0x0179, 42 }, // U+0179
    { 0x017A, 67 }, // U+017A
    { 0x017B, 42 }, // U+017B
    { 0x017C, 67 }, // U+017C
    { 0x017D, 42 }, // U+017D
    { 0x017E, 67 }, // U+017E
    { 0x01A0, 24 }, // U+01A0
    { 0x01A1, 47 }, // U+01A1
    { 0x01AF, 37 }, // U+01AF
    { 0x01B0, 62 }, // U+01B0
    { 0x01C4, 42 }, // U+01C4
    { 0x01C5, 67 }, // U+01C5
    { 0x01C6, 67 }, // U+01C6
    { 0x01C7, 29 }, // U+01C7
    { 0x01C8, 55 }, // U+01C8
    { 0x01C9, 57 }, // U+01C9
    { 0x01CA, 29 }, // U+01CA
    { 0x01CB, 55 }, // U+01CB
    { 0x01CC, 55 }, // U+01CC
    { 0x01CD, 21 }, // U+01CD
    { 0x01CE, 46 }, // U+01CE
    { 0x01D0, 54 }, // U+01D0
    { 0x01D1, 24 }, // U+01D1
    { 0x01D2, 47 }, // U+01D2
    { 0x01D3, 37 }, // U+01D3
    { 0x01D4, 62 }, // U+01D4
    { 0x01E6, 27 }, // U+01E6
    { 0x01E7, 78 }, // U+01E7
    { 0x01EA, 24 }, // U+01EA
    { 0x01EB, 47 }, // U+01EB
    { 0x01F1, 42 }, // U+01F1
    { 0x01F2, 67 }, // U+01F2
    { 0x01FA, 21 }, // U+01FA
    { 0x01FB, 46 }, // U+01FB
    { 0x01FC, 25 }, // U+01FC
    { 0x01FE, 24 }, // U+01FE
    { 0x01FF, 47 }, // U+01FF
    { 0x0200, 21 }, // U+0200
    { 0x0201, 46 }, // U+0201
    { 0x0202, 21 }, // U+0202
    { 0x0203, 46 }, // U+0203
    { 0x0204, 25 }, // U+0204
    { 0x0205, 50 }, // U+0205
    { 0x0206, 25 }, // U+0206
    { 0x0207, 50 }, // U+0207
    { 0x0209, 54 }, // U+0209
    { 0x020B, 54 }, // U+020B
    { 0x020C, 24 }, // U+020C
    { 0x020D, 47 }, // U+020D
    { 0x020E, 24 }, // U+020E
    { 0x020F, 47 }, // U+020F
    { 0x0210, 79 }, // U+0210
    { 0x0211, 59 }, // U+0211
    { 0x0212, 79 }, // U+0212
    { 0x0213, 59 }, // U+0213
    { 0x0214, 37 }, // U+0214
    { 0x0215, 62 }, // U+0215
    { 0x0216, 37 }, // U+0216
    { 0x0217, 62 }, // U+0217
    { 0x0218, 35 }, // U+0218
    { 0x0219, 60 }, // U+0219
    { 0x021A, 36 }, // U+021A
    { 0x021B, 61 }, // U+021B
    { 0x1EA0, 21 }, // U+1EA0
    { 0x1EA1, 46 }, // U+1EA1
    { 0x1EA2, 21 }, // U+1EA2
    { 0x1EA3, 46 }, // U+1EA3
    { 0x1EA4, 21 }, // U+1EA4
    { 0x1EA5, 46 }, // U+1EA5
    { 0x1EA6, 21 }, // U+1EA6
    { 0x1EA7, 46 }, // U+1EA7
    { 0x1EA8, 21 }, // U+1EA8
    { 0x1EA9, 46 }, // U+1EA9
    { 0x1EAA, 21 }, // U+1EAA
    { 0x1EAB, 46 }, // U+1EAB
    { 0x1EAC, 21 }, // U+1EAC
    { 0x1EAD, 46 }, // U+1EAD
    { 0x1EAE, 21 }, // U+1EAE
    { 0x1EAF, 46 }, // U+1EAF
    { 0x1EB0, 21 }, // U+1EB0
    { 0x1EB1, 46 }, // U+1EB1
    { 0x1EB2, 21 }, // U+1EB2
    { 0x1EB3, 46 }, // U+1EB3
    { 0x1EB4, 21 }, // U+1EB4
    { 0x1EB5, 46 }, // U+1EB5
    { 0x1EB6, 21 }, // U+1EB6
    { 0x1EB7, 46 }, // U+1EB7
    { 0x1EB8, 25 }, // U+1EB8
    { 0x1EB9, 50 }, // U+1EB9
    { 0x1EBA, 25 }, // U+1EBA
    { 0x1EBB, 50 }, // U+1EBB
    { 0x1EBC, 25 }, // U+1EBC
    { 0x1EBD, 50 }, // U+1EBD
    { 0x1EBE, 25 }, // U+1EBE
    { 0x1EBF, 50 }, // U+1EBF
    { 0x1EC0, 25 }, // U+1EC0
    { 0x1EC1, 50 }, // U+1EC1
    { 0x1EC2, 25 }, // U+1EC2
    { 0x1EC3, 50 }, // U+1EC3
    { 0x1EC4, 25 }, // U+1EC4
    { 0x1EC5, 50 }, // U+1EC5
    { 0x1EC6, 25 }, // U+1EC6
    { 0x1EC7, 50 }, // U+1EC7
    { 0x1EC9, 54 }, // U+1EC9
    { 0x1ECB, 54 }, // U+1ECB
    { 0x1ECC, 24 }, // U+1ECC
    { 0x1ECD, 47 }, // U+1ECD
    { 0x1ECE, 24 }, // U+1ECE
    { 0x1ECF, 47 }, // U+1ECF
    { 0x1ED0, 24 }, // U+1ED0
    { 0x1ED1, 47 }, // U+1ED1
    { 0x1ED2, 24 }, // U+1ED2
    { 0x1ED3, 47 }, // U+1ED3
    { 0x1ED4, 24 }, // U+1ED4
    { 0x1ED5, 47 }, // U+1ED5
    { 0x1ED6, 24 }, // U+1ED6
    { 0x1ED7, 47 }, // U+1ED7
    { 0x1ED8, 24 }, // U+1ED8
    { 0x1ED9, 47 }, // U+1ED9
    { 0x1EDA, 24 }, // U+1EDA
    { 0x1EDB, 47 }, // U+1EDB
    { 0x1EDC, 24 }, // U+1EDC
    { 0x1EDD, 47 }, // U+1EDD
    { 0x1EDE, 24 }, // U+1EDE
    { 0x1EDF, 47 }, // U+1EDF
    { 0x1EE0, 24 }, // U+1EE0
    { 0x1EE1, 47 }, // U+1EE1
    { 0x1EE2, 24 }, // U+1EE2
    { 0x1EE3, 47 }, // U+1EE3
    { 0x1EE4, 37 }, // U+1EE4
    { 0x1EE5, 62 }, // U+1EE5
    { 0x1EE6, 37 }, // U+1EE6
    { 0x1EE7, 62 }, // U+1EE7
    { 0x1EE8, 37 }, // U+1EE8
    { 0x1EE9, 62 }, // U+1EE9
    { 0x1EEA, 37 }, // U+1EEA
    { 0x1EEB, 62 }, // U+1EEB
    { 0x1EEC, 37 }, // U+1EEC
    { 0x1EED, 62 }, // U+1EED
    { 0x1EEE, 37 }, // U+1EEE
    { 0x1EEF, 62 }, // U+1EEF
    { 0x1EF0, 37 }, // U+1EF0
    { 0x1EF1, 62 }, // U+1EF1
    { 0x1EF2, 41 }, // U+1EF2
    { 0x1EF3, 66 }, // U+1EF3
    { 0x1EF4, 41 }, // U+1EF4
    { 0x1EF5, 66 }, // U+1EF5
    { 0x1EF6, 41 }, // U+1EF6
    { 0x1EF7, 66 }, // U+1EF7
    { 0x1EF8, 41 }, // U+1EF8
    { 0x1EF9, 66 }, // U+1EF9
    { 0x2018, 80 }, // U+2018
    { 0x2019, 81 }, // U+2019
    { 0x201C, 82 }, // U+201C
    { 0x201D, 83 }, // U+201D
    { 0x2022, 84 }, // U+2022
    { 0x2206, 85 }, // U+2206
    { 0x221E, 86 }, // U+221E
    { 0x222B, 87 }, // U+222B
    { 0xFB01, 54 }, // U+FB01
    { 0xFB02, 57 }, // U+FB02
};

static const EpdKernClassEntry lexenddeca_14_regularKernRightClasses[] = {
    { 0x0021, 1 }, // !
    { 0x0026, 2 }, // &
    { 0x0029, 3 }, // )
    { 0x002A, 4 }, // *
    { 0x002C, 5 }, // ,
    { 0x002D, 6 }, // -
    { 0x002E, 7 }, // .
    { 0x002F, 8 }, // /
    { 0x0030, 9 }, // 0
    { 0x0031, 10 }, // 1
    { 0x0032, 11 }, // 2
    { 0x0034, 12 }, // 4
    { 0x0036, 13 }, // 6
    { 0x0037, 14 }, // 7
    { 0x0038, 15 }, // 8
    { 0x0039, 16 }, // 9
    { 0x003C, 17 }, // <
    { 0x003F, 18 }, // ?
    { 0x0040, 19 }, // @
    { 0x0041, 20 }, // A
    { 0x0042, 21 }, // B
    { 0x0043, 22 }, // C
    { 0x0044, 21 }, // D
    { 0x0045, 21 }, // E
    { 0x0046, 21 }, // F
    { 0x0047, 22 }, // G
    { 0x0048, 21 }, // H
    { 0x0049, 23 }, // I
    { 0x004A, 24 }, // J
    { 0x004B, 21 }, // K
    { 0x004C, 21 }, // L
    { 0x004D, 21 }, // M
    { 0x004E, 21 }, // N
    { 0x004F, 22 }, // O
    { 0x0050, 21 }, // P
    { 0x0051, 22 }, // Q
    { 0x0052, 21 }, // R
    { 0x0053, 25 }, // S
    { 0x0054, 26 }, // T
    { 0x0055, 27 }, // U
    { 0x0056, 28 }, // V
    { 0x0057, 29 }, // W
    { 0x0058, 30 }, // X
    { 0x0059, 31 }, // Y
    { 0x005A, 32 }, // Z
    { 0x005B, 33 }, // [
    { 0x005C, 34 }, // <backslash>
    { 0x005D, 35 }, // ]
    { 0x005F, 36 }, // _
    { 0x0061, 37 }, // a
    { 0x0062, 38 }, // b
    { 0x0063, 37 }, // c
    { 0x0064, 37 }, // d
    { 0x0065, 37 }, // e
    { 0x0066, 39 }, // f
    { 0x0067, 40 }, // g
    { 0x0068, 38 }, // h
    { 0x006A, 41 }, // j
    { 0x006B, 38 }, // k
    { 0x006C, 38 }, // l
    { 0x006D, 42 }, // m
    { 0x006E, 42 }, // n
    { 0x006F, 37 }, // o
    { 0x0070, 43 }, // p
    { 0x0071, 37 }, // q
    { 0x0072, 42 }, // r
    { 0x0073, 44 }, // s
    { 0x0074, 45 }, // t
    { 0x0075, 46 }, // u
    { 0x0076, 47 }, // v
    { 0x0077, 48 }, // w
    { 0x0078, 49 }, // x
    { 0x0079, 50 }, // y
    { 0x007A, 51 }, // z
    { 0x007B, 33 }, // {
    { 0x007D, 52 }, // }
    { 0x00A1, 53 }, // U+00A1
    { 0x00B7, 54 }, // U+00B7
    { 0x00BF, 55 }, // U+00BF
    { 0x00C0, 56 }, // U+00C0
    { 0x00C1, 56 }, // U+00C1
    { 0x00C2, 56 }, // U+00C2
    { 0x00C3, 56 }, // U+00C3
    { 0x00C4, 56 }, // U+00C4
    { 0x00C5, 56 }, // U+00C5
    { 0x00C6, 57 }, // U+00C6
    { 0x00C7, 22 }, // U+00C7
    { 0x00C8, 21 }, // U+00C8
    { 0x00C9, 21 }, // U+00C9
    { 0x00CA, 21 }, // U+00CA
    { 0x00CB, 21 }, // U+00CB
    { 0x00D0, 21 }, // U+00D0
    { 0x00D1, 21 }, // U+00D1
    { 0x00D2, 22 }, // U+00D2
    { 0x00D3, 22 }, // U+00D3
    { 0x00D4, 22 }, // U+00D4
    { 0x00D5, 22 }, // U+00D5
    { 0x00D6, 22 }, // U+00D6
    { 0x00D8, 22 }, // U+00D8
    { 0x00D9, 27 }, // U+00D9
    { 0x00DA, 27 }, // U+00DA
    { 0x00DB, 27 }, // U+00DB
    { 0x00DC, 27 }, // U+00DC
    { 0x00DD, 58 }, // U+00DD
    { 0x00DE, 21 }, // U+00DE
    { 0x00DF, 59 }, // U+00DF
    { 0x00E0, 37 }, // U+00E0
    { 0x00E1, 37 }, // U+00E1
    { 0x00E2, 37 }, // U+00E2
    { 0x00E3, 37 }, // U+00E3
    { 0x00E4, 37 }, // U+00E4
    { 0x00E5, 37 }, // U+00E5
    { 0x00E7, 37 }, // U+00E7
    { 0x00E8, 37 }, // U+00E8
    { 0x00E9, 37 }, // U+00E9
    { 0x00EA, 37 }, // U+00EA
    { 0x00EB, 37 }, // U+00EB
    { 0x00F0, 60 }, // U+00F0
    { 0x00F1, 42 }, // U+00F1
    { 0x00F2, 37 }, // U+00F2
    { 0x00F3, 37 }, // U+00F3
    { 0x00F4, 37 }, // U+00F4
    { 0x00F5, 37 }, // U+00F5
    { 0x00F6, 37 }, // U+00F6
    { 0x00F8, 37 }, // U+00F8
    { 0x00F9, 46 }, // U+00F9
    { 0x00FA, 46 }, // U+00FA
    { 0x00FB, 46 }, // U+00FB
    { 0x00FC, 46 }, // U+00FC
    { 0x00FD, 50 }, // U+00FD
    { 0x00FE, 61 }, // U+00FE
    { 0x00FF, 50 }, // U+00FF
    { 0x0100, 56 }, // U+0100
    { 0x0101, 37 }, // U+0101
    { 0x0102, 56 }, // U+0102
    { 0x0103, 37 }, // U+0103
    { 0x0104, 56 }, // U+0104
    { 0x0105, 37 }, // U+0105
    { 0x0106, 22 }, // U+0106
    { 0x0107, 37 }, // U+0107
    { 0x0108, 22 }, // U+0108
    { 0x0109, 37 }, // U+0109
    { 0x010A, 22 }, // U+010A
    { 0x010B, 37 }, // U+010B
    { 0x010C, 22 }, // U+010C
    { 0x010D, 37 }, // U+010D
    { 0x010E, 21 }, // U+010E
    { 0x010F, 37 }, // U+010F
    { 0x0110, 21 }, // U+0110
    { 0x0111, 37 }, // U+0111
    { 0x0112, 21 }, // U+0112
    { 0x0113, 37 }, // U+0113
    { 0x0114, 21 }, // U+0114
    { 0x0115, 37 }, // U+0115
    { 0x0116, 21 }, // U+0116
    { 0x0117, 37 }, // U+0117
    { 0x0118, 21 }, // U+0118
    { 0x0119, 37 }, // U+0119
    { 0x011A, 21 }, // U+011A
    { 0x011B, 37 }, // U+011B
    { 0x011C, 22 }, // U+011C
    { 0x011D, 40 }, // U+011D
    { 0x011E, 22 }, // U+011E
    { 0x011F, 40 }, // U+011F
    { 0x0120, 22 }, // U+0120
    { 0x0121, 40 }, // U+0121
    { 0x0122, 22 }, // U+0122
    { 0x0123, 40 }, // U+0123
    { 0x0124, 21 }, // U+0124
    { 0x0125, 38 }, // U+0125
    { 0x0127, 38 }, // U+0127
    { 0x0134, 24 }, // U+0134
    { 0x0135, 41 }, // U+0135
    { 0x0136, 21 }, // U+0136
    { 0x0137, 38 }, // U+0137
    { 0x0138, 38 }, // U+0138
    { 0x0139, 21 }, // U+0139
    { 0x013A, 38 }, // U+013A
    { 0x013B, 21 }, // U+013B
    { 0x013C, 38 }, // U+013C
    { 0x013D, 21 }, // U+013D
    { 0x013E, 38 }, // U+013E
    { 0x013F, 21 }, // U+013F
    { 0x0140, 38 }, // U+0140
    { 0x0141, 21 }, // U+0141
    { 0x0142, 38 }, // U+0142
    { 0x0143, 21 }, // U+0143
    { 0x0144, 42 }, // U+0144
    { 0x0145, 21 }, // U+0145
    { 0x0146, 42 }, // U+0146
    { 0x0147, 21 }, // U+0147
    { 0x0148, 42 }, // U+0148
    { 0x014A, 21 }, // U+014A
    { 0x014B, 42 }, // U+014B
    { 0x014C, 22 }, // U+014C
    { 0x014D, 37 }, // U+014D
    { 0x014E, 22 }, // U+014E
    { 0x014F, 37 }, // U+014F
    { 0x0150, 22 }, // U+0150
    { 0x0151, 37 }, // U+0151
    { 0x0152, 22 }, // U+0152
    { 0x0153, 37 }, // U+0153
    { 0x0154, 21 }, // U+0154
    { 0x0155, 42 }, // U+0155
    { 0x0156, 21 }, // U+0156
    { 0x0157, 42 }, // U+0157
    { 0x0158, 21 }, // U+0158
    { 0x0159, 42 }, // U+0159
    { 0x015A, 25 }, // U+015A
    { 0x015B, 44 }, // U+015B
    { 0x015C, 25 }, // U+015C
    { 0x015D, 44 }, // U+015D
    { 0x015E, 25 }, // U+015E
    { 0x015F, 44 }, // U+015F
    { 0x0160, 25 }, // U+0160
    { 0x0161, 44 }, // U+0161
    { 0x0162, 62 }, // U+0162
    { 0x0163, 45 }, // U+0163
    { 0x0164, 62 }, // U+0164
    { 0x0165, 45 }, // U+0165
    { 0x0166, 62 }, // U+0166
    { 0x0167, 45 }, // U+0167
    { 0x0168, 27 }, // U+0168
    { 0x0169, 46 }, // U+0169
    { 0x016A, 27 }, // U+016A
    { 0x016B, 46 }, // U+016B
    { 0x016C, 27 }, // U+016C
    { 0x016D, 46 }, // U+016D
    { 0x016E, 27 }, // U+016E
    { 0x016F, 46 }, // U+016F
    { 0x0170, 27 }, // U+0170
    { 0x0171, 46 }, // U+0171
    { 0x0172, 27 }, // U+0172
    { 0x0173, 46 }, // U+0173
    { 0x0174, 63 }, // U+0174
    { 0x0175, 48 }, // U+0175
    { 0x0176, 58 }, // U+0176
    { 0x0177, 50 }, // U+0177
    { 0x0178, 58 }, // U+0178
    { 0x0179, 32 }, // U+0179
    { 0x017A, 51 }, // U+017A
    { 0x017B, 32 }, // U+017B
    { 0x017C, 51 }, // U+017C
    { 0x017D, 32 }, // U+017D
    { 0x017E, 51 }, // U+017E
    { 0x01A0, 22 }, // U+01A0
    { 0x01A1, 37 }, // U+01A1
    { 0x01AF, 27 }, // U+01AF
    { 0x01B0, 46 }, // U+01B0
    { 0x01C4, 21 }, // U+01C4
    { 0x01C5, 21 }, // U+01C5
    { 0x01C6, 37 }, // U+01C6
    { 0x01C7, 21 }, // U+01C7
    { 0x01C8, 21 }, // U+01C8
    { 0x01C9, 38 }, // U+01C9
    { 0x01CA, 21 }, // U+01CA
    { 0x01CB, 21 }, // U+01CB
    { 0x01CC, 42 }, // U+01CC
    { 0x01CD, 56 }, // U+01CD
    { 0x01CE, 37 }, // U+01CE
    { 0x01D1, 22 }, // U+01D1
    { 0x01D2, 37 }, // U+01D2
    { 0x01D3, 27 }, // U+01D3
    { 0x01D4, 46 }, // U+01D4
    { 0x01E6, 22 }, // U+01E6
    { 0x01E7, 40 }, // U+01E7
    { 0x01EA, 22 }, // U+01EA
    { 0x01EB, 37 }, // U+01EB
    { 0x01F1, 21 }, // U+01F1
    { 0x01F2, 21 }, // U+01F2
    { 0x01FA, 56 }, // U+01FA
    { 0x01FB, 37 }, // U+01FB
    { 0x01FC, 57 }, // U+01FC
    { 0x01FE, 22 }, // U+01FE
    { 0x01FF, 37 }, // U+01FF
    { 0x0200, 56 }, // U+0200
    { 0x0201, 37 }, // U+0201
    { 0x0202, 56 }, // U+0202
    { 0x0203, 37 }, // U+0203
    { 0x0204, 21 }, // U+0204
    { 0x0205, 37 }, // U+0205
    { 0x0206, 21 }, // U+0206
    { 0x0207, 37 }, // U+0207
    { 0x020C, 22 }, // U+020C
    { 0x020D, 37 }, // U+020D
    { 0x020E, 22 }, // U+020E
    { 0x020F, 37 }, // U+020F
    { 0x0210, 21 }, // U+0210
    { 0x0211, 42 }, // U+0211
    { 0x0212, 21 }, // U+0212
    { 0x0213, 42 }, // U+0213
    { 0x0214, 27 }, // U+0214
    { 0x0215, 46 }, // U+0215
    { 0x0216, 27 }, // U+0216
    { 0x0217, 46 }, // U+0217
    { 0x0218, 25 }, // U+0218
    { 0x0219, 44 }, // U+0219
    { 0x021A, 62 }, // U+021A
    { 0x021B, 45 }, // U+021B
    { 0x1EA0, 56 }, // U+1EA0
    { 0x1EA1, 37 }, // U+1EA1
    { 0x1EA2, 56 }, // U+1EA2
    { 0x1EA3, 37 }, // U+1EA3
    { 0x1EA4, 56 }, // U+1EA4
    { 0x1EA5, 37 }, // U+1EA5
    { 0x1EA6, 56 }, // U+1EA6
    { 0x1EA7, 37 }, // U+1EA7
    { 0x1EA8, 56 }, // U+1EA8
    { 0x1EA9, 37 }, // U+1EA9
    { 0x1EAA, 56 }, // U+1EAA
    { 0x1EAB, 37 }, // U+1EAB
    { 0x1EAC, 56 }, // U+1EAC
    { 0x1EAD, 37 }, // U+1EAD
    { 0x1EAE, 56 }, // U+1EAE
    { 0x1EAF, 37 }, // U+1EAF
    { 0x1EB0, 56 }, // U+1EB0
    { 0x1EB1, 37 }, // U+1EB1
    { 0x1EB2, 56 }, // U+1EB2
    { 0x1EB3, 37 }, // U+1EB3
    { 0x1EB4, 56 }, // U+1EB4
    { 0x1EB5, 37 }, // U+1EB5
    { 0x1EB6, 56 }, // U+1EB6
    { 0x1EB7, 37 }, // U+1EB7
    { 0x1EB8, 21 }, // U+1EB8
    { 0x1EB9, 37 }, // U+1EB9
    { 0x1EBA, 21 }, // U+1EBA
    { 0x1EBB, 37 }, // U+1EBB
    { 0x1EBC, 21 }, // U+1EBC
    { 0x1EBD, 37 }, // U+1EBD
    { 0x1EBE, 21 }, // U+1EBE
    { 0x1EBF, 37 }, // U+1EBF
    { 0x1EC0, 21 }, // U+1EC0
    { 0x1EC1, 37 }, // U+1EC1
    { 0x1EC2, 21 }, // U+1EC2
    { 0x1EC3, 37 }, // U+1EC3
    { 0x1EC4, 21 }, // U+1EC4
    { 0x1EC5, 37 }, // U+1EC5
    { 0x1EC6, 21 }, // U+1EC6
    { 0x1EC7, 37 }, // U+1EC7
    { 0x1ECC, 22 }, // U+1ECC
    { 0x1ECD, 37 }, // U+1ECD
    { 0x1ECE, 22 }, // U+1ECE
    { 0x1ECF, 37 }, // U+1ECF
    { 0x1ED0, 22 }, // U+1ED0
    { 0x1ED1, 37 }, // U+1ED1
    { 0x1ED2, 22 }, // U+1ED2
    { 0x1ED3, 37 }, // U+1ED3
    { 0x1ED4, 22 }, // U+1ED4
    { 0x1ED5, 37 }, // U+1ED5
    { 0x1ED6, 22 }, // U+1ED6
    { 0x1ED7, 37 }, // U+1ED7
    { 0x1ED8, 22 }, // U+1ED8
    { 0x1ED9, 37 }, // U+1ED9
    { 0x1EDA, 22 }, // U+1EDA
    { 0x1EDB, 37 }, // U+1EDB
    { 0x1EDC, 22 }, // U+1EDC
    { 0x1EDD, 37 }, // U+1EDD
    { 0x1EDE, 22 }, // U+1EDE
    { 0x1EDF, 37 }, // U+1EDF
    { 0x1EE0, 22 }, // U+1EE0
    { 0x1EE1, 37 }, // U+1EE1
    { 0x1EE2, 22 }, // U+1EE2
    { 0x1EE3, 37 }, // U+1EE3
    { 0x1EE4, 27 }, // U+1EE4
    { 0x1EE5, 46 }, // U+1EE5
    { 0x1EE6, 27 }, // U+1EE6
    { 0x1EE7, 46 }, // U+1EE7
    { 0x1EE8, 27 }, // U+1EE8
    { 0x1EE9, 46 }, // U+1EE9
    { 0x1EEA, 27 }, // U+1EEA
    { 0x1EEB, 46 }, // U+1EEB
    { 0x1EEC, 27 }, // U+1EEC
    { 0x1EED, 46 }, // U+1EED
    { 0x1EEE, 27 }, // U+1EEE
    { 0x1EEF, 46 }, // U+1EEF
    { 0x1EF0, 27 }, // U+1EF0
    { 0x1EF1, 46 }, // U+1EF1
    { 0x1EF2, 58 }, // U+1EF2
    { 0x1EF3, 50 }, // U+1EF3
    { 0x1EF4, 58 }, // U+1EF4
    { 0x1EF5, 50 }, // U+1EF5
    { 0x1EF6, 58 }, // U+1EF6
    { 0x1EF7, 50 }, // U+1EF7
    { 0x1EF8, 58 }, // U+1EF8
    { 0x1EF9, 50 }, // U+1EF9
    { 0x2013, 64 }, // U+2013
    { 0x2014, 65 }, // U+2014
    { 0x2018, 66 }, // U+2018
    { 0x2019, 67 }, // U+2019
    { 0x201C, 68 }, // U+201C
    { 0x201D, 69 }, // U+201D
    { 0x2022, 70 }, // U+2022
    { 0x2206, 71 }, // U+2206
    { 0x222B, 72 }, // U+222B
    { 0xFB01, 39 }, // U+FB01
    { 0xFB02, 39 }, // U+FB02
};

static const int8_t lexenddeca_14_regularKernMatrix[] = {
       0,    0,   -7,    0,    0,    0,    0,    0,    0,    0,    0,    0,    0,    0,    0,    0,    0,    0,    0,    0,    0,    0,    0,    0,    0,  -26,    0,  -28,  -19,    0,  -23,    0,    0,    0,    0,    0,    0,    0,    0,    0,    0,    0,    0,    0,    0,    0,  -14,  -14,    0,  -14,    0,    0,    0,    0,    0,    0,    0,  -23,    0,   -5,    0,  -26,  -19,    0,    0,    0,    0,    0,    0,    0,    0,    0,
       0,    0,    0,    0,    0,    0,    0,    0,    0,    0,    0,    0,    0,    0,    0,    0,    0,    0,    0,    0,    0,  -14,    0,  -19,    0,    0,    0,    0,    0,    0,    0,    0,    0,    0,    0,    0,  -12,    0,    0,  -11,   14,    0,   14,    0,    0,    0,    0,    0,    0,    0,    0,    0,    0,    0,    0,    0,    0,    0,    0,  -12,    7,    0,    0,    0,    0,    0,    0,    0,    0,    0,    0,    0,
       0,    0,    0,    0,    0,    0,    0,    0,    0,    0,    0,    0,    0,    0,    0,    0,    0,    0,    0,  -35,    0,    0,    0,    0,    0,    0,    0,    0,    0,    0,    0,    0,    0,    0,    0,    0,    0,    0,    0,    0,    0,    0,    0,    0,    0,    0,    3,    0,    0,    0,    0,    0,    0,    0,    0,  -35,    0,    0,    0,  -12,    0,    0,    0,    0,    0,    0,    0,    0,    0,    0,    0,    0,
       0,    0,    0,    0,    0,    0,    0,    0,    0,    0,    0,  -12,    0,    0,    0,    0,    0,    0,    0,    0,    0,   -9,    0,    0,    0,  -47,    0,  -56,  -37,    0,  -56,    0,    0,    0,    0,    0,    0,    0,    0,    0,    0,    0,    0,    0,    0,    0,  -37,  -19,    0,  -19,    0,    0,    0,    0,    0,    0,    0,  -56,    0,    0,    0,  -47,  -37,    0,    0,    0,    0,    0,    0,    0,    0,    0,
       0,    0,    0,    0,    0,    0,    0,    0,    0,    0,    0,  -12,    0,    0,    0,    0,    0,    0,    0,    0,    0,   -9,    0,    0,    0,  -47,    0,  -47,  -37,    0,  -56,    0,    0,    0,    0,    0,    0,    0,    0,    0,    0,    0,    0,    0,    0,    0,  -37,  -19,    0,  -19,    0,    0,    0,    0,    0,    0,    0,  -56,    0,    0,    0,  -47,  -37,    0,    0,    0,    0,    0,    0,    0,    0,    0,
       0,    0,    0,    0,    0,    0,    0,  -43,  -23,  -14,  -14,  -28,  -23,    0,    0,    0,    0,    0,    0,  -47,    0,  -19,    0,  -23,    0,    0,    0,    0,    0,    0,    0,    0,    0,    0,    0,    0,  -23,    0,    0,  -23,    0,    0,    0,  -14,    0,    0,    0,    0,   -3,    0,    0,    0,    0,    0,    0,  -47,    0,    0,   -6,  -15,    0,    0,    0,    0,    0,    0,    0,    0,    0,    0,    0,    0,
       0,    0,    0,    0,    0,    0,    0,  -23,    0,    0,    0,    0,    0,    0,    0,    0,    0,    0,    0,    0,    0,    0,    0,    0,    0,    0,    0,    0,    0,    0,    0,    0,    0,    0,    0,    0,    0,    0,    0,    0,    0,    0,    0,    0,    0,    0,    0,    0,    0,    0,    0,    0,    0,    0,    0,    0,    0,    0,    0,    0,    0,    0,    0,    0,    0,    0,    0,    0,    0,    0,  -23,    0,
       0,    0,    0,    0,    0,    0,    0,    0,    0,    0,    0,    0,    0,    0,    0,    0,  -19,    0,    0,    0,    0,    0,    0,    0,    0,    0,    0,    0,    0,    0,    0,    0,    0,    0,    0,    0,    0,    0,    0,    0,    0,    0,    0,    0,    0,    0,    0,    0,    0,    0,    0,    0,    0,    0,    0,    0,    0,    0,    0,    0,    0,    0,    0,    0,    0,    0,    0,    0,    0,    0,    0,    0,
       0,    0,    0,    0,    0,    0,    0,    0,    0,    0,    0,   -9,    0,    0,    0,    0,    0,    0,    0,    0,    0,    0,    0,    0,    0,    0,    0,    0,    0,    0,    0,    0,    0,    0,    0,    0,    0,    0,    0,    0,    0,    0,    0,    0,    0,    0,    0,    0,    0,    0,    0,    5,    0,    0,    0,    0,    0,    0,    0,    0,    0,    0,    0,    0,    0,    0,    0,    0,    0,    0,    0,    0,
       0,    0,    0,    0,    0,    0,    0,  -12,    0,    0,    0,    0,    0,    0,    0,    0,    0,    0,    0,    0,    0,    0,    0,    0,    0,    0,    0,    0,    0,    0,    0,    0,    0,    0,    0,    0,    0,    0,    0,    0,    0,    0,    0,    0,    0,    0,    0,    0,    0,    0,    0,    0,    0,    0,    0,    0,    0,    0,    0,    0,    0,    0,    0,    0,    0,    0,    0,    0,    0,    0,  -14,    0,
       0,    0,    0,    0,    0,    0,    0,    0,    0,    0,   -9,    0,    0,   -9,    0,    0,    0,    0,    0,    0,    0,    0,    0,    0,    0,    0,    0,    0,    0,    0,    0,    0,    0,    0,    0,    0,    0,    0,    0,    0,    0,    0,    0,    0,    0,    0,    0,    0,    0,    0,    0,    0,    0,    0,    0,    0,    0,    0,    0,    0,    0,    0,    0,    0,    0,    0,    0,    0,    0,    0,    0,  -28,
       0,    0,    0,    0,    0,    0,    0,  -19,    0,    0,    0,    0,    0,    0,    0,    0,    0,    0,    0,    0,    0,    0,    0,    0,    0,    0,    0,    0,    0,    0,    0,    0,    0,    0,    0,    0,    0,    0,    0,    0,    0,    0,    0,    0,    0,    0,    0,    0,    0,    0,    0,    0,    0,    0,    0,    0,    0,    0,    0,    0,    0,    0,    0,    0,    0,    0,    0,    0,    0,    0,   -9,    0,
       0,    0,    0,    0,    0,    0,    0,    0,    0,    0,    0,    0,    0,    0,    0,    0,    0,    0,    0,    0,    0,    0,    0,    0,    0,    0,    0,    0,    0,    0,    0,    0,    0,    0,    0,    0,    0,    0,    0,    0,    0,    0,    0,    0,    0,    0,    0,    0,    0,    0,    0,    0,    0,    0,    0,    0,    0,    0,    0,    0,    0,    0,    0,    0,    0,    0,    0,    0,    0,    0,   -9,    0,
       0,    0,    0,    0,  -47,    0,  -37,  -56,    0,   -7,   -9,  -12,   -9,    0,   -9,    0,  -23,    0,    0,    0,    0,    0,    0,    0,    0,    0,    0,    0,    0,    0,    0,    0,    0,    0,    0,    0,    0,    0,    0,    0,    0,    0,    0,    0,    0,    0,    0,    0,    0,    0,    0,    0,    0,    0,    0,    0,    0,    0,    0,    0,    0,    0,    0,    0,    0,    0,    0,    0,    0,    0,  -42,    0,
       0,    0,    0,    0,    0,    0,    0,    0,    0,    0,    0,    0,    0,    0,    0,    0,    0,    0,    0,    0,    0,    0,    0,    0,    0,    0,    0,    0,    0,    0,    0,    0,    0,    0,    0,    0,    0,    0,    0,    0,    0,    0,    0,    0,    0,    0,    0,    0,    0,    0,    0,    0,    0,    0,    0,    0,    0,    0,    0,    0,    0,    0,    0,    0,    0,    0,    0,    0,    0,    0,  -14,    0,
       0,    0,    0,    0,    0,    0,    0,  -23,    0,    0,    0,    0,    0,    0,    0,    0,    0,    0,    0,    0,    0,    0,    0,    0,    0,    0,    0,    0,    0,    0,    0,    0,    0,    0,    0,    0,    0,    0,    0,    0,    0,    0,    0,    0,    0,    0,    0,    0,    0,    0,    0,    0,    0,    0,    0,    0,    0,    0,    0,    0,    0,    0,    0,    0,    0,    0,    0,    0,    0,    0,  -19,    0,
       0,    0,    0,    0,    0,    0,    0,    0,    0,   -9,    0,    0,    0,    0,    0,    0,    0,    0,    0,    0,    0,    0,    0,    0,    0,    0,    0,    0,    0,    0,    0,    0,    0,    0,    0,    0,    0,    0,    0,    0,    0,    0,    0,    0,    0,    0,    0,    0,    0,    0,    0,    0,    0,    0,    0,    0,    0,    0,    0,    0,    0,    0,    0,    0,    0,    0,    0,    0,    0,    0,    0,    0,
       0,    0,    0,    0,    0,    0,    0,    0,    0,  -28,  -14,    0,    0,  -23,    0,    0,    0,    0,    0,    0,    0,    0,    0,    0,    0,    0,    0,    0,    0,    0,    0,    0,    0,    0,    0,    0,    0,    0,    0,    0,    0,    0,    0,    0,    0,    0,    0,    0,    0,    0,    0,    0,    0,    0,    0,    0,    0,    0,    0,    0,    0,    0,    0,    0,    0,    0,    0,    0,    0,    0,    0,    0,
       0,    0,    0,    0,    0,    0,    0,    0,    0,    0,    0,    0,    0,    0,    0,    0,    0,    0,    0,  -19,    0,    0,    0,  -35,    0,    0,    0,    0,    0,    0,    0,    0,    0,    0,    0,    0,    0,    0,    0,    0,    0,    0,    0,    0,    0,    0,    0,    0,    0,    0,    0,    0,    0,    0,    0,  -19,    0,    0,    0,   -7,    0,    0,    0,    0,    0,    0,    0,    0,    0,    0,    0,    0,
       0,    0,    0,    0,    0,    0,    0,    0,    0,    0,    0,    0,    0,    0,    0,    0,    0,    0,    0,    0,    0,    0,    0,    0,    0,    0,    0,   -3,    0,    0,    0,    0,    0,    0,    0,    0,    0,    0,    0,    0,    0,    0,    0,    0,    0,    0,    0,    0,   -1,    0,    0,    0,    0,    0,    0,    0,    0,    0,    0,    0,    0,    0,    0,    0,    0,    0,    0,    0,    0,    0,    0,    0,
       0,    0,    0,  -35,    0,  -23,    0,    0,    0,    0,    0,    0,    0,    0,    0,    0,    0,    0,    0,    0,    0,   -9,    0,    0,    0,  -23,   -9,  -35,  -19,    0,  -37,    0,    0,  -47,    0,    0,   -9,    0,   -9,   -5,    0,    0,    0,    0,   -2,   -5,  -23,  -21,    0,  -12,    0,    0,    0,    0,    0,    0,    0,  -37,   -9,   -9,    0,  -23,  -19,  -23,  -23,  -61,  -63,  -33,  -35,    0,    0,    0,
       0,    0,   -9,    0,    0,    0,    0,  -19,    0,    0,    0,    0,    0,    0,    0,    0,    0,    0,    0,    0,    0,    0,    0,    0,    0,   -7,    0,   -4,   -3,   -6,  -11,    0,    0,    0,    0,    0,    0,   -1,    0,   -2,    0,    0,    0,    0,    0,    0,    0,    0,   -1,    0,    0,    0,    0,    0,    0,    0,    0,  -11,    0,    0,   -1,   -7,   -3,    0,    0,    0,    0,    0,    0,    0,    0,    0,
       0,    0,    9,    0,    0,    0,    0,    0,    0,    0,    0,    0,    0,    0,    0,    0,    0,    0,    0,    0,    0,    0,    0,    0,    0,    0,    0,    0,    0,    0,    0,    0,    0,    0,    0,    0,    0,    0,    0,    0,    0,    0,    0,    0,    0,    0,    0,    0,    0,    0,    0,    0,    0,    0,    0,    0,    0,    0,    0,    0,    0,    0,    0,    0,    0,    0,   19,    0,   19,    0,    0,    0,
       0,    0,  -14,    0,    0,    0,   -9,  -19,    0,    0,    0,    0,    0,    0,    0,    0,    0,    0,    0,   -9,    0,    0,   -7,   -7,    0,  -14,    0,  -14,   -2,  -16,  -16,  -21,    0,  -23,    0,    0,    0,    0,    0,    0,    0,    0,    0,    0,    0,    0,    0,    0,   -5,    0,    0,  -12,    0,    0,    0,   -9,    0,  -16,    0,    0,    0,  -14,   -2,    0,    0,    0,    0,    0,    0,    0,    0,    0,
       0,    0,    0,    0,    0,    0,    0,    0,    0,    0,    0,    0,    0,    0,    0,    0,    0,    0,    0,    0,    0,    0,    0,   -5,    0,    0,    0,    0,    0,    0,    0,    0,    0,    0,    0,    0,   -2,    0,    0,   -5,    0,    0,    0,    0,    0,   -5,   -7,    0,    0,   -5,    0,    0,    0,    0,    0,    0,    0,    0,    0,   -2,    0,    0,    0,    0,    0,    0,    0,    0,    0,    0,    0,    0,
       0,    0,    0,    0,  -37,    0,  -37,    0,    0,    0,    0,    0,    0,    0,    0,    0,    0,    0,    0,  -28,    0,   -4,    0,  -56,   -2,    7,    0,    0,    0,   -2,    0,    0,    0,    0,    0,    0,   -7,    0,    0,   -5,    0,   -4,   -4,   -5,    0,   -7,   -2,    0,   -7,    0,   -2,    0,    0,    0,    0,  -28,  -54,    0,    0,   -7,    0,    7,    0,    0,    0,    0,    0,    0,    0,    0,    0,    0,
       0,    0,    0,    0,    0,    0,    0,  -19,    0,    0,    0,    0,    0,    0,    0,    0,    0,    0,    0,   -5,    0,    0,   -5,    0,    0,  -12,    0,   -7,   -5,    0,  -11,    0,    0,  -23,    0,    0,    0,    0,    0,    0,    0,    0,    0,    0,    0,    0,    0,    0,    0,    0,    0,    0,    0,    0,    0,   -5,    0,  -11,    0,    0,    0,  -12,   -5,    0,    0,    0,    0,    0,    0,    0,    0,    0,
       0,    0,    0,    0,    0,    0,    0,    0,    0,    0,    0,    0,    0,    0,    0,    0,    0,    0,    0,    0,    0,   -7,    0,    0,    0,    0,    0,    0,    0,    0,    0,    0,    0,    0,    0,    0,    0,    0,    0,    0,    0,    0,    0,    0,    0,    0,    0,    0,    0,    0,    0,    0,    0,    0,    0,    0,    0,    0,    0,    0,    0,    0,    0,    0,    0,    0,    0,    0,    0,    0,    0,    0,
       0,    0,   19,    0,  -33,    0,  -23,  -23,    0,    0,    0,    0,    0,    0,    0,    0,    0,    0,    0,  -35,    0,  -14,    0,  -23,    0,    0,    0,    0,    0,    0,    0,    0,    0,    0,   14,    0,  -23,    0,  -23,  -23,    0,  -19,  -19,  -19,    0,  -23,  -19,   -9,    0,  -19,   -9,   19,    0,    0,    0,  -35,    0,    0,  -23,  -23,    0,    0,    0,    0,    0,   28,   37,   28,   37,    0,    0,    0,
       0,    0,    0,    0,    0,  -42,    0,    0,    0,    0,    0,    0,    0,    0,    0,    0,    0,    0,    0,    0,    0,  -21,    0,  -14,   -5,    0,   -7,   -2,   -2,    0,    9,    0,    0,    0,    0,    0,  -21,    0,    0,    0,    0,   -4,   -4,   -2,   -1,   -6,  -19,  -19,    0,  -19,    0,    0,    0,    0,    0,    0,    0,    9,    0,  -21,    0,    0,   -2,  -42,  -42,    0,    0,    0,    0,    0,    0,    0,
       0,    0,    0,  -35,    0,  -28,    0,    0,    0,    0,    0,    0,    0,    0,    0,    0,    0,    0,    0,    0,    0,   -9,    0,    0,    0,  -39,   -9,  -35,  -35,    0,  -56,    0,    0,  -47,    0,    0,   -9,    0,    0,    0,    0,    0,    0,    0,   -2,    0,  -11,   -2,    0,  -19,    9,    0,    0,    0,    0,    0,    0,  -56,    0,   -9,    0,  -39,  -35,  -28,  -28,  -56,  -47,  -56,  -47,    0,    0,    0,
       0,    0,    0,    0,  -60,    0,  -47,  -37,    0,    0,    0,    0,    0,    0,    0,    0,    0,    0,    0,  -30,    0,    0,    0,  -35,    0,    0,    0,    0,    4,   -7,    0,   -7,    0,  -23,    0,    0,   -5,    0,    4,   -5,    0,    0,    0,    0,    7,   -2,    5,    7,    0,    5,    0,    0,    0,    0,    0,  -30,    0,    0,    4,   -5,    0,    0,    4,    0,    0,   14,   23,   14,   23,    0,    0,    0,
       0,    0,  -14,    0,    0,    0,   -9,  -19,    0,    0,    0,    0,    0,    0,    0,    0,    0,    0,    0,   -9,    0,    0,   -7,   -7,    0,  -14,    0,  -14,   -2,  -16,  -16,  -21,    0,  -23,    0,   -5,    0,    0,    0,    0,    0,    0,    0,    0,    0,    0,    0,    0,   -5,    0,    0,  -12,    0,    0,    0,   -9,    0,  -16,    0,    0,    0,  -14,   -2,    0,    0,    0,    0,    0,    0,    0,    0,    0,
       0,    0,    0,    0,    0,  -28,    0,    0,    0,    0,    0,    0,    0,    0,    0,    0,    0,    0,    0,    0,    0,   -5,    0,  -14,    0,   -9,   -2,  -14,    0,    0,  -23,    0,    0,  -19,    0,    0,   -9,    0,    0,    0,    0,    0,    0,    0,    0,   -5,    0,    0,    0,    0,    0,    0,    0,    0,    0,    0,    0,  -23,    0,   -9,    0,   -9,    0,  -28,  -28,    0,    0,    0,    0,    0,    0,    0,
       0,    0,    0,    0,    0,    0,    0,    0,    0,    0,    0,    0,    0,    0,    0,    0,    0,    0,    0,    0,    0,    0,    0,    0,    0,    0,    0,    0,    0,   -7,   -7,    0,    0,    0,    0,    0,    0,    0,    0,    0,    0,    0,    0,    0,    0,    0,    0,    0,    0,    0,    0,    0,    0,    0,    0,    0,    0,   -7,    0,    0,    0,    0,    0,    0,    0,    0,    0,    0,    0,    0,    0,    0,
       0,  -26,    0,    0,  -47,  -47,  -47,  -28,    0,    0,    0,    0,    0,    0,    0,    0,    0,    0,    0,  -23,    0,  -14,    0,  -37,    0,   14,    0,    5,    5,    0,    5,    0,    0,    0,    0,    0,  -47,    0,    0,  -21,    0,  -28,   -9,  -47,    0,  -47,   -5,  -33,   -7,  -23,  -33,    0,    0,    0,    0,  -23,  -52,    5,    0,  -47,    0,   14,    5,  -47,  -47,    0,    0,    0,    0,    0,    0,    0,
       0,    0,    0,    0,    0,    0,    0,    0,    0,    0,    0,    0,    0,    0,    0,    0,    0,    0,    0,   -9,    0,    0,    0,   -5,   -5,    0,    0,    0,    0,   -5,   -5,    0,    0,    0,    0,    0,    0,    0,    0,    0,    0,    0,    0,    0,    0,    0,    0,    0,   -2,    0,    0,    0,    0,    0,    0,   -9,    0,   -5,    0,    0,    0,    0,    0,    0,    0,    0,    0,    0,    0,    0,    0,    0,
       0,  -23,    0,    0,  -56,    0,  -47,  -37,    0,    0,    0,    0,    0,    0,    0,    0,    0,    3,   -3,  -35,    0,  -14,    0,  -47,   -5,    5,    0,    0,    0,    0,    0,    0,  -47,    0,    0,  -14,  -28,    0,    0,   -9,    0,   -9,   -6,   -7,    0,  -12,    0,    0,    0,    0,   -2,  -47,   -3,   -6,   -9,  -35,  -58,    0,    0,  -28,    0,    5,    0,    0,  -47,    0,    0,    0,    0,   -4,    0,    0,
       0,  -14,    0,    0,  -37,    0,  -37,  -37,    0,    0,    0,    0,    0,    0,    0,    0,    0,    0,    0,  -19,    0,   -2,    0,  -37,   -5,    5,    0,    0,    0,    0,    0,    0,  -33,    0,    0,    0,  -12,    0,    0,   -9,    0,   -1,   -1,    0,    0,   -5,    0,    0,    0,    0,    0,  -33,    0,    0,    0,  -19,    0,    0,    0,  -12,    0,    5,    0,    0,  -33,    0,    0,    0,    0,    0,    0,    0,
       0,    0,    0,    0,    0,    0,    0,    0,    0,    0,    0,    0,    0,    0,    0,    0,    0,    0,    0,    0,    0,  -16,    0,    0,   -7,    0,   -5,    0,    0,    0,    0,    0,  -37,    0,    0,    0,  -12,    0,    0,   -1,    0,    0,    0,    0,    0,   -5,  -12,   -8,    0,  -11,    0,  -37,    0,    0,    0,    0,    0,    0,    0,  -12,    0,    0,    0,    0,  -37,    0,    0,    0,    0,    0,    0,    0,
       0,  -23,    0,    0,  -56,    0,  -56,  -56,    0,    0,    0,    0,    0,    0,    0,    0,    0,    0,    0,  -37,    0,  -16,    0,  -56,  -12,    5,   -5,    0,    0,    0,    0,    0,  -47,    0,    0,    0,  -37,    0,    0,  -37,    0,  -11,  -10,  -17,    0,   -9,   -5,   -5,   -9,   -5,   -5,  -47,    0,    0,    0,  -37,    0,    0,    0,  -37,    0,    5,    0,    0,  -56,    0,    0,    0,    0,    0,    0,    0,
       0,    0,    0,    0,    0,    0,    0,    0,    0,    0,    0,    0,    0,    0,    0,    0,    0,    0,    0,    0,    0,   -2,    0,    0,    0,    0,    0,    0,    0,    0,    0,    0,    0,    0,    0,    0,   -2,    0,    0,    0,    0,    0,    0,    0,    0,   -2,   -2,    0,    0,    0,    0,    0,    0,    0,    0,    0,    0,    0,    0,   -2,    0,    0,    0,    0,    0,    0,    0,    0,    0,    0,    0,    0,
       0,    0,    0,    0,    0,    0,    0,    0,    0,  -19,  -23,    0,    0,    0,    0,    0,    0,    0,    0,  -23,    0,    0,    0,  -51,    0,  -47,    0,  -47,  -33,  -37,  -56,    0,    0,    0,    0,    0,    0,    0,    0,    0,    0,    0,    0,    0,    0,    0,   -9,   -9,  -19,   -9,    0,    0,    0,    0,    0,    0,    0,    0,    0,    0,    0,    0,    0,    0,    0,    0,    0,    0,    0,    0,    0,    0,
       0,    0,    0,    0,    0,    0,    0,    0,    0,    0,    0,    0,    0,    0,    0,    0,    0,    0,    0,    0,    0,  -23,    0,    0,    0,  -28,    0,  -19,  -19,    0,  -37,    0,    0,  -43,    0,    0,    0,    0,    0,    0,   28,    0,    0,    0,    0,    0,   -3,    0,    0,    0,    0,    0,    0,    0,    0,    0,    0,  -37,   -3,  -10,    0,  -28,  -19,    0,    0,    0,    0,    0,    0,    0,    0,    0,
       0,    0,    0,    0,    0,    0,    0,    0,    0,    0,    0,    0,    0,    0,    0,    0,    0,    0,    0,    0,    0,    0,    0,    0,    0,    0,    0,  -14,    0,    0,    0,    0,    0,    0,    0,    0,    0,    0,    0,    0,    0,    0,    0,    0,    0,    0,  -10,    0,    0,    0,    0,    0,    0,    0,    0,    0,    0,    0,    0,  -16,    4,    0,    0,    0,    0,    0,    0,    0,    0,    0,    0,    0,
       0,    0,    0,    0,    0,    0,    0,    0,    0,    0,    0,    0,    0,    0,    0,    0,    0,    0,    0,    9,    0,   -9,    0,    0,    0,  -30,   -5,  -13,   -5,    0,  -25,    0,    0,  -14,    0,    0,    0,    0,    0,    0,    0,    0,    0,    0,    0,   -5,   -6,   -3,    0,   -6,    0,    0,    0,    0,    0,    9,    0,  -25,    0,    0,    0,  -30,   -5,    0,    0,    0,    0,    0,    0,    0,    0,    0,
       0,    0,  -12,    0,    0,    0,    0,  -23,    0,    0,    0,    0,    0,    0,    0,    0,    0,    0,    0,    0,    0,    0,    0,    0,    0,  -22,    0,  -11,   -7,   -7,  -18,   -5,    0,  -23,    0,    0,    0,    0,   -9,    0,    0,    0,    0,    0,    0,    0,   -7,   -9,   -9,   -9,   -5,  -12,    0,    0,    0,    0,    0,  -18,   -9,    0,    0,  -22,   -7,    0,    0,    0,    0,    0,    0,    0,    0,    0,
       0,    0,    0,    0,    0,    0,    0,    0,    0,    0,    0,    0,    0,    0,    0,    0,    0,    0,    0,    0,    0,    0,    0,    0,    0,  -14,    0,   -7,   -5,   -2,  -16,    0,    0,    0,    0,    0,    0,    0,    0,    0,    0,    0,    2,    0,    0,    0,    0,    0,    0,   -7,    0,    0,    0,    0,    0,    0,    0,  -16,    0,    0,    0,  -14,   -5,    0,    0,    0,   14,    0,   14,    0,    0,    0,
       0,    0,    0,    0,    0,    0,    0,    0,    0,    0,    0,    0,    0,    0,    0,    0,    0,    0,    0,    0,    0,    0,    0,    0,    0,    0,    0,    0,    0,    0,    0,    0,    0,    0,    0,    0,    0,    0,    0,    0,    0,    0,    0,    0,    0,    7,    0,    0,    0,    0,    0,    0,    0,    0,    0,    0,    0,    0,    0,    0,    0,    0,    0,    0,    0,    0,    0,    0,    0,    0,    0,    0,
       0,    0,    0,    0,    0,    0,    0,    0,    0,    0,    0,    0,    0,    0,    0,    0,    0,    0,    0,    0,    0,    0,    0,    0,    0,  -21,    0,   -9,   -5,   -5,  -16,    0,    0,  -19,    0,    0,    0,    0,    0,   -2,    0,    0,    0,    0,    0,    0,   -5,   -5,   -1,   -5,    0,    0,    0,    0,    0,    0,    0,  -16,    0,    0,    0,  -21,   -5,    0,    0,    0,    0,    0,    0,    0,    0,    0,
       0,    0,   14,   14,    0,    0,    0,   -9,    0,    0,    0,    0,    0,    0,    0,    0,    0,    0,    0,   -9,    0,    0,    0,    0,    0,   28,    0,   26,   23,   23,   23,   23,    0,    0,   19,    0,   -9,    0,    0,    0,    0,    0,    0,    0,    1,    0,    5,    1,    0,    0,    2,    0,    0,    0,    0,   -9,    0,   23,    0,   -9,    0,   28,   23,    0,    0,   14,   19,   14,   19,    0,    0,    0,
       0,    0,    0,    0,   -2,    0,    0,    0,    0,    0,    0,    0,    0,    0,    0,    0,    0,    0,    0,   -7,    0,   -5,    0,    0,   -2,    0,    0,    0,    0,    0,   -7,    0,    0,  -14,    0,    0,    0,    0,    0,    0,    5,    0,    0,   -5,    0,   -4,    0,    0,    0,    0,    0,    0,    0,    0,    0,   -7,    0,   -7,    0,    0,    0,    0,    0,    0,    0,    0,    0,    0,    0,    0,    0,    0,
       0,    0,    0,    0,    0,    0,    0,    0,    0,    0,    0,    0,    0,    0,    0,    0,    0,    0,    0,    0,    0,    0,    0,    0,    0,  -14,    0,  -14,    0,    0,  -12,    0,    0,  -19,    0,    0,    0,    0,    0,    0,    0,    0,    0,    0,    0,    0,    0,    0,    0,   -2,    0,    0,    0,    0,    0,    0,    0,  -12,    0,    0,    0,  -14,    0,    0,    0,    0,    0,    0,    0,    0,    0,    0,
       0,    0,    0,    0,    0,    0,    0,    0,    0,    0,    0,    0,    0,    0,    0,    0,    0,    0,    0,    0,    0,    0,    0,    0,    0,  -14,    0,    0,    0,    0,    0,    0,    0,    0,    0,    0,    0,    0,    0,    0,    0,    0,    0,    0,    0,    0,    0,    0,    0,    0,    0,    0,    0,    0,    0,    0,    0,    0,    0,    0,    0,  -14,    0,    0,    0,    0,    0,    0,    0,    0,    0,    0,
       0,    0,    0,    0,    0,    0,    0,    0,    0,    0,    0,    0,    0,    0,    0,    0,    0,    0,    0,    0,    0,    0,    0,    0,    0,  -14,   -5,    0,    0,    0,    0,    0,    0,    0,    0,    0,    0,    0,    0,    0,    2,    0,    0,    0,    0,    0,    0,    0,    0,    0,    0,    0,    0,    0,    0,    0,    0,    0,    0,    0,    0,  -14,    0,    0,    0,    0,    0,    0,    0,    0,    0,    0,
       0,    0,    0,    0,    0,    0,    0,    0,    0,    0,    0,    0,    0,    0,    0,    0,    0,    0,    0,    0,    0,   -5,    0,    0,    0,    0,    0,    0,    0,    0,   -9,    0,    0,  -19,    0,    0,  -10,   -2,    0,   -9,   -2,    0,    0,   -2,    0,   -2,    0,    0,    0,    0,    0,    0,    0,    0,    0,    0,    0,   -9,    0,  -10,   -2,    0,    0,    0,    0,    0,    0,    0,    0,    0,    0,    0,
       0,    0,    0,    0,    0,    0,    0,    0,    0,    0,    0,    0,    0,    0,    0,    0,    0,    0,    0,    0,    0,   -9,    0,    0,    0,  -12,    0,  -14,   -9,    0,  -14,    0,    0,    0,    0,    0,   -5,    0,    0,   -5,   -7,    0,    0,    0,   -1,   -2,  -12,   -7,    0,   -7,    0,    0,    0,    0,    0,    0,    0,  -14,    0,   -5,    0,  -12,   -9,    0,    0,    0,    0,    0,    0,    0,    0,    0,
       0,    0,   14,    0,    0,    0,    0,    0,    0,    0,    0,    0,    0,    0,    0,    0,    0,    0,    0,    0,    0,    0,    0,    0,    0,   -9,    0,   -8,    0,    0,   -7,    0,    0,   -3,    0,    0,    0,    0,    0,    0,    9,    0,    0,    0,    0,    0,    0,    0,    0,    0,    0,    0,    0,    0,    0,    0,    0,   -7,    0,    0,    0,   -9,    0,    0,    0,    0,    0,    0,    0,    0,    0,    0,
       0,    0,    0,    9,  -33,    0,  -53,   -9,    0,    0,    0,    0,    0,    0,    0,    0,    0,    0,    0,  -14,    0,    0,    0,    0,    0,   -5,    0,    0,    0,   -7,    0,    0,  -14,    0,    0,    0,  -10,    0,    0,   -7,   -5,    0,    0,    0,    9,    0,   23,   23,    0,    0,    0,  -14,    0,    0,    0,  -14,    0,    0,    0,  -10,    0,   -5,    0,    0,    0,    0,   23,    0,   23,    0,    0,    0,
       0,    0,    0,    0,    0,    0,    0,    0,    0,    0,    0,    0,    0,    0,    0,    0,    0,    0,    0,    0,    0,   -2,    0,    0,    0,  -21,    0,   -2,    0,   -2,   -9,    0,    0,    0,    0,    0,    0,    0,    0,    0,    0,    0,    0,    0,    0,    0,    0,    0,   -2,    0,    0,    0,    0,    0,    0,    0,    0,   -9,    0,    0,    0,  -21,    0,    0,    0,    0,    0,    0,    0,    0,    0,    0,
       0,    0,    0,    0,   -9,    0,    0,    0,    0,    0,    0,    0,    0,    0,    0,    0,    0,    0,    0,    0,    0,    0,    0,    0,    0,    0,    0,    0,    0,    0,    0,    0,    0,    0,    0,    0,   -2,    0,  -12,   -2,    0,    0,    0,    9,    0,    0,    0,    0,    0,    0,    0,    0,    0,    0,    0,    0,    0,    0,  -12,   -2,    0,    0,    0,    0,    0,    0,    0,    0,    0,    0,    0,    0,
       0,    0,    0,    0,    0,    0,    0,    0,    0,    0,    0,    0,    0,    0,    0,    0,    0,    0,    0,    0,    0,    0,    0,    0,    0,  -14,    0,   -5,   -5,    0,   -7,    0,    0,    0,    0,    0,    0,    0,    0,   -5,    0,    0,    0,    0,    0,    0,    0,    0,    0,    0,    0,    0,    0,    0,    0,    0,    0,   -7,    0,    0,    0,  -14,   -5,    0,    0,    0,    0,    0,    0,    0,    0,    0,
       0,  -14,    0,    3,  -19,    0,  -19,   -9,    0,    0,    0,    0,    0,    0,    0,    0,    0,    2,    0,  -12,    0,    0,    0,    0,    0,   -5,    0,    0,    0,  -12,   -5,   -9,   -9,    0,    0,  -10,   -7,    0,    0,   -5,    0,    0,    0,   -2,   23,    0,   23,    0,    0,    0,    0,   -9,    0,    0,   -6,  -12,    0,   -5,    0,   -9,    0,   -5,    0,    0,    0,    0,    0,    0,    0,    0,    0,    0,
       0,  -14,    0,    0,  -19,    0,  -19,   -9,    0,    0,    0,    0,    0,    0,    0,    0,    0,    0,    0,   -2,    0,    0,    0,    0,    0,   -5,    0,    0,    0,   -8,   -5,   -2,   -9,    0,    0,    0,   -7,    0,    0,   -7,    0,    0,    0,   -2,   23,    0,   19,    0,    0,    0,    0,   -9,    0,    0,    0,   -2,    0,   -5,    0,   -7,    0,   -5,    0,    0,    0,    0,    0,    0,    0,    0,    0,    0,
       0,   -1,    0,    0,    0,    0,    0,    0,    0,    0,    0,    0,    0,    0,    0,    0,    0,    0,    0,    0,    0,   -5,    0,    0,    0,   -7,   -2,    0,    0,    0,   -9,    0,  -19,   -3,    0,    0,  -14,    0,    0,    0,    0,    0,    0,   -2,    0,   -2,    0,    0,    0,    0,    0,  -19,    0,   -3,    0,    0,    0,   -9,    0,  -15,    0,   -7,    0,    0,    0,    0,    0,    0,    0,    0,    0,    0,
       0,  -14,    0,    0,    0,    0,  -19,   -9,    0,    0,    0,    0,    0,    0,    0,    0,    0,    0,    0,  -12,    0,    0,    0,    0,    0,   -5,    0,    0,    0,   -9,   -5,   -5,   -9,    0,    0,    0,   -5,    0,    0,   -7,    0,    0,    0,   -5,    0,    0,    0,    0,    0,    0,    0,   -9,    0,    0,    0,  -12,    0,   -5,    0,   -5,    0,   -5,    0,    0,    0,    0,    0,    0,    0,    0,    0,    0,
       0,    0,    0,    0,    0,    0,    0,    0,    0,    0,    0,    0,    0,    0,    0,    0,    0,    0,    0,    0,    0,    0,    0,    0,    0,   -5,    0,    0,    0,    0,   -5,    0,    0,  -19,    0,    0,   -5,    0,    0,    0,    0,    0,    0,    0,    0,    0,    0,    0,    0,    0,    0,    0,    0,    0,    0,    0,    0,   -5,    0,   -5,    0,   -5,    0,    0,    0,    0,    0,    0,    0,    0,    0,    0,
       0,    0,    0,    0,    0,    0,    0,    0,    0,  -19,  -23,    0,    0,    0,    0,    0,    0,    0,    0,  -23,    0,  -12,    0,  -47,    0,  -47,    0,  -47,  -33,  -37,  -56,    0,    0,    0,    0,    0,  -12,    0,    0,    0,    0,    0,    0,    0,    0,    0,   -9,   -9,  -19,   -9,    0,    0,    0,    0,    0,    0,    0,    0,    0,  -12,    0,    0,    0,    0,    0,    0,    0,    0,    0,    0,    0,    0,
       0,    0,    0,    0,    0,    0,    0,    0,    0,  -19,  -23,    0,    0,    0,    0,    0,    0,    0,    0,  -23,    0,    0,    0,  -23,    0,  -47,    0,  -47,  -33,  -37,  -56,    0,    0,    0,    0,    0,    0,    0,    0,    0,    0,    0,    0,    0,    0,    0,   -9,   -9,  -19,   -9,    0,    0,    0,    0,    0,    0,    0,    0,    0,    0,    0,    0,    0,    0,    0,    0,    0,    0,    0,    0,    0,    0,
       0,    0,    0,    0,    0,    0,    0,    0,    0,    0,    0,    0,    0,    0,    0,    0,    0,    0,    0,    0,    0,    0,    0,    0,    0,    0,    0,   -3,    0,    0,    0,    0,    0,    0,    0,    0,    0,    0,    0,    0,    0,    0,    0,    0,    0,    0,    0,    0,    0,    0,    0,    0,    0,    0,    0,    0,    0,    0,    0,    0,    0,    0,    0,    0,    0,    0,    0,    0,    0,    0,    0,    0,
       0,    0,    0,    0,    0,    0,    0,    0,  -19,  -14,    0,  -14,    0,    0,    0,    0,    0,    0,    0,    0,    0,    0,    0,    0,    0,    0,    0,    0,    0,    0,    0,    0,    0,    0,    0,    0,    0,    0,    0,    0,    0,    0,    0,    0,    0,    0,    0,    0,    0,    0,    0,    0,    0,    0,    0,    0,    0,    0,    0,    0,    0,    0,    0,    0,    0,    0,    0,    0,    0,    0,    0,    0,
       0,    0,    0,    0,    0,    0,    0,    0,    0,    0,    0,    0,    0,    0,    0,    0,    0,    0,    0,    0,    0,    0,    0,    0,    0,    0,    0,   -6,    0,    0,    0,    0,    0,    0,    0,    0,    0,    0,    0,    0,    0,    0,    0,    0,    0,    0,    0,    0,   -3,    0,    0,    0,    0,    0,    0,    0,    0,    0,    0,    5,    0,    0,    0,    0,    0,    0,    0,    0,    0,    0,    0,    0,
       0,    0,    0,    0,    0,    0,    0,    0,    0,    0,    0,    0,    0,    0,    0,    0,    0,    0,    0,    0,    0,    0,    0,    0,    0,    0,    0,   -8,    0,    0,    0,    0,    0,    0,    0,    0,    0,    0,    0,    0,    0,    0,    0,    0,    0,    0,   -4,    0,    0,    0,    0,    0,    0,    0,    0,    0,    0,    0,    0,  -14,    0,    0,    0,    0,    0,    0,    0,    0,    0,    0,    0,    0,
       5,    0,    0,   -2,  -60,    0,  -47,  -19,    0,    0,    0,    0,    0,    0,    0,    0,    0,    0,    0,  -30,    0,    0,    0,  -35,    0,    0,    0,    0,    4,   -7,    0,   -7,    0,   -9,    0,  -25,   -5,    0,    4,   -5,    0,    0,    0,    0,    7,   -2,    6,    7,   -1,    5,    0,    0,    9,   12,   -9,  -30,    0,    0,    4,   -5,    0,    0,    4,    0,    0,   14,   23,   14,   23,    2,    0,    0,
       0,    0,  -12,   -9,    0,    0,    0,   -6,    0,    0,    0,    0,    0,    0,    0,    0,    0,    0,    0,    0,    0,    0,    0,    0,    0,  -22,    0,  -11,   -7,   -7,  -18,   -5,    0,   -2,    0,  -16,    0,    0,   -9,    0,    0,    0,    0,    0,    0,    0,   -8,   -9,  -11,   -9,   -5,  -12,    0,    5,    0,    0,    0,  -18,   -9,    0,    0,  -22,   -7,    0,    0,    0,    0,    0,    0,    0,    0,    0,
       0,    0,  -14,   -7,    0,    0,   -9,  -14,    0,    0,    0,    0,    0,    0,    0,    0,    0,    0,    0,   -9,    0,    0,   -7,   -7,    0,  -14,    0,  -14,   -2,  -16,  -16,  -21,    0,  -23,    0,  -25,    0,    0,    0,    0,    0,    0,    0,    0,    0,    0,    0,    0,   -6,    0,    0,  -12,    0,    5,   -9,   -9,    0,  -16,    0,    0,    0,  -14,   -2,    0,    0,    0,    0,    0,    0,    0,    0,    0,
       0,    0,    0,    0,    0,    0,    0,    0,    0,    0,    0,    0,    0,    0,    0,    0,    0,    0,    0,    0,   29,    0,    0,    0,    0,    0,    0,    0,    0,    0,    0,    0,    0,    0,    0,    0,    0,   40,    0,    0,    0,    0,    0,    0,    6,    0,    0,    0,    0,    0,    0,    0,    0,    0,    0,    0,    0,    0,    0,    0,   40,    0,    0,    0,    0,    0,    0,    0,    0,    0,    0,    0,
       0,    0,    0,    0,   -1,    0,    0,    0,    0,    0,    0,    0,    0,    0,    0,    0,    0,    0,    0,   -7,    0,   -5,    0,    0,   -2,    0,    0,    0,    0,    0,   -7,    0,    0,  -14,    0,    0,    0,    0,    0,    0,    5,    0,    0,   -5,    0,   -4,    0,    0,    0,    0,    0,    0,    0,    0,    0,   -7,    0,   -7,    0,    0,    0,    0,    0,    0,    0,    0,    0,    0,    0,    0,    0,    0,
       0,    0,    0,    0,    0,  -28,    0,    0,    0,    0,    0,    0,    0,    0,    0,    0,    0,    0,    0,    0,    0,   -5,    0,  -14,    0,   -9,   -2,  -14,    0,    0,  -23,    0,    0,  -19,    0,    0,   -9,    0,    0,    0,    0,    0,    0,    0,    0,   -5,    0,    0,    0,    0,    0,    0,    0,    0,    0,    0,    0,  -23,    0,   -9,    0,   -9,    0,    0,  -28,    0,    0,    0,    0,    0,    0,    0,
       0,    0,    0,    0,    0,    0,    0,    0,    0,    0,    0,    0,    0,    0,    0,    0,    0,    0,    0,  -63,    0,    0,    0, -112,    0,    0,    0,    0,    0,    0,    0,    0,    0,    0,    0,    0,    0,    0,    0,  -19,    0,    0,    0,  -19,    0,    0,    0,    0,    0,    0,    0,    0,    0,    0,    0,  -63,    0,    0,    0,    0,    0,    0,    0,    0,    0,    0,    0,    0,    0,    0,    0,    0,
       0,    0,    0,    0,    0,    0,    0,    0,    0,    0,    0,    0,    0,    0,    0,    0,    0,    0,    0,  -28,    0,    0,    0,  -56,    0,    0,    0,    0,    0,    0,    0,    0,    0,    0,    0,    0,  -19,    0,    0,  -23,    0,  -14,    0,    0,    0,    0,    0,    0,    0,    0,    0,    0,    0,    0,    0,  -28,    0,    0,    0,  -19,    0,    0,    0,    0,    0,    0,    0,    0,    0,    0,    0,    0,
       0,    0,    0,    0,    0,    0,    0,    0,    0,    0,    0,    0,    0,    0,    0,    0,    0,    0,    0,  -35,    0,    0,    0,  -56,    0,    0,    0,    0,    0,    0,    0,    0,    0,    0,    0,    0,    0,    0,    0,  -19,    0,    0,    0,  -19,    0,    0,    0,    0,    0,    0,    0,    0,    0,    0,    0,  -35,    0,    0,    0,    0,    0,    0,    0,    0,    0,    0,    0,    0,    0,    0,    0,    0,
       0,    0,    0,    0,    0,    0,    0,    0,    0,    0,    0,    0,    0,    0,    0,    0,    0,    0,    0,  -35,    0,    0,    0,  -47,    0,    0,    0,    0,    0,    0,    0,    0,    0,    0,    0,    0,  -19,    0,    0,  -23,    0,    0,    0,    0,    0,    0,    0,    0,    0,    0,    0,    0,    0,    0,    0,  -35,    0,    0,    0,  -19,    0,    0,    0,    0,    0,    0,    0,    0,    0,    0,    0,    0,
       0,    0,    0,    0,    0,    0,    0,    0,    0,    0,    0,    0,    0,    0,    0,    0,    0,    0,    0,    0,    0,    0,    0,    0,    0,    0,    0,   -4,    0,    0,    0,    0,    0,    0,    0,    0,    0,    0,    0,    0,    0,    0,    0,    0,    0,    0,    0,    0,    0,    0,    0,    0,    0,    0,    0,    0,    0,    0,    0,    0,    0,    0,    0,    0,    0,    0,    0,    0,    0,    0,    0,    0,
       0,    0,    0,    0,    0,    0,    0,    0,  -23,    0,    0,    0,    0,    0,  -14,  -19,    0,    0,    0,    0,    0,    0,    0,    0,    0,    0,    0,    0,    0,    0,    0,    0,    0,    0,    0,    0,    0,    0,    0,    0,    0,    0,    0,    0,    0,    0,    0,    0,    0,    0,    0,    0,    0,    0,    0,    0,    0,    0,    0,    0,    0,    0,    0,    0,    0,    0,    0,    0,    0,    0,    0,    0,
       0,    0,    0,    0,    0,    0,    0,    0,    0,  -19,    0,    0,    0,    0,    0,    0,    0,    0,    0,    0,    0,    0,    0,    0,    0,    0,    0,    0,    0,    0,    0,    0,    0,    0,    0,    0,    0,    0,    0,    0,    0,    0,    0,    0,    0,    0,    0,    0,    0,    0,    0,    0,    0,    0,    0,    0,    0,    0,    0,    0,    0,    0,    0,    0,    0,    0,    0,    0,    0,    0,    0,    0,
       0,    0,    0,    0,    0,    0,    0,    0,    0,    0,    0,  -37,    0,    0,    0,    0,    0,    0,    0,    0,    0,    0,    0,    0,    0,    0,    0,    0,    0,    0,    0,    0,    0,    0,    0,    0,    0,    0,    0,    0,    0,    0,    0,    0,    0,    0,    0,    0,    0,    0,    0,    0,    0,    0,    0,    0,    0,    0,    0,    0,    0,    0,    0,    0,    0,    0,    0,    0,    0,    0,    0,    0,
};

static const EpdLigaturePair lexenddeca_14_regularLigaturePairs[] = {
    { 0x00660069, 0xFB01 }, // f i -> U+FB01
    { 0x0066006C, 0xFB02 }, // f l -> U+FB02
};

static const EpdFontData lexenddeca_14_regular = {
    lexenddeca_14_regularBitmaps,
    lexenddeca_14_regularGlyphs,
    lexenddeca_14_regularIntervals,
    57,
    36,
    30,
    -8,
    true,
    lexenddeca_14_regularGroups,
    11,
    nullptr,
    lexenddeca_14_regularKernLeftClasses,
    lexenddeca_14_regularKernRightClasses,
    lexenddeca_14_regularKernMatrix,
    400,
    396,
    87,
    72,
    lexenddeca_14_regularLigaturePairs,
    2,
};
