/**
 * generated by fontconvert.py
 * name: lexenddeca_18_regular
 * size: 18
 * mode: 2-bit  compressed: true
 * Command used: fontconvert.py lexenddeca_18_regular 18 ../builtinFonts/source/LexendDeca/LexendDeca-Regular.ttf --2bit --compress --pnum
 */
#pragma once
#include "EpdFontData.h"

static const uint8_t lexenddeca_18_regularBitmaps[23202] = {
    0xC5, 0x5A, 0x3F, 0x8C, 0xE5, 0x48, 0x5A, 0x2F, 0xDB, 0x74, 0x5B, 0xAC, 0x85, 0x7C, 0x49, 0x93,
    0x0C, 0x92, 0x09, 0x08, 0x4E, 0x27, 0x24, 0xA7, 0x64, 0xF6, 0x82, 0x10, 0x01, 0x49, 0x07, 0xF3,
    0xE6, 0x24, 0x2E, 0x38, 0xE2, 0x25, 0x68, 0x42, 0xA2, 0x2D, 0xA3, 0x0B, 0x08, 0x08, 0x76, 0x92,
    0x8D, 0x48, 0x26, 0x58, 0x82, 0x7D, 0x17, 0x4C, 0x8E, 0x10, 0x36, 0x6C, 0xB0, 0xC1, 0x05, 0xE7,
    0xBD, 0x0D, 0x08, 0x2E, 0x18, 0x4B, 0x30, 0x3A, 0x69, 0x36, 0x18, 0x73, 0x78, 0xC1, 0x3D, 0x63,
    0xBB, 0xF8, 0x7E, 0xBF, 0xAF, 0xEC, 0xF7, 0x5E, 0x77, 0xCF, 0x32, 0x33, 0x3B, 0x0B, 0xEF, 0xB5,
    0x3F, 0xBF, 0xB6, 0xAB, 0xBE, 0xFA, 0xEA, 0xAB, 0xEF, 0x7F, 0xD5, 0xD9, 0x65, 0x3E, 0xAC, 0xDF,
    0xAC, 0xD7, 0x6F, 0xBA, 0x7E, 0xBB, 0xB4, 0x4B, 0xDA, 0xB8, 0x31, 0xFC, 0x9C, 0x57, 0x59, 0x5F,
    0x8C, 0xF2, 0x95, 0x76, 0x41, 0x79, 0x76, 0x79, 0x76, 0x99, 0xF7, 0x79, 0x5F, 0xE0, 0xDB, 0x16,
    0x5D, 0xD1, 0xF8, 0x6F, 0x25, 0x5F, 0x53, 0x18, 0x2B, 0xDF, 0x0F, 0xE5, 0xFB, 0x7D, 0xF9, 0x1A,
    0x73, 0xDF, 0x9C, 0x95, 0x26, 0x9A, 0x4D, 0xD1, 0x98, 0x68, 0x3A, 0xC0, 0x78, 0x32, 0xB6, 0x32,
    0xF1, 0x68, 0xEA, 0xEA, 0xEC, 0xC7, 0xD7, 0x3B, 0xF7, 0x71, 0xEA, 0xF0, 0x39, 0x86, 0x67, 0x57,
    0x5F, 0x3F, 0x70, 0xF7, 0x4D, 0xD6, 0x85, 0x8B, 0x31, 0x79, 0x2B, 0x38, 0xA4, 0xA3, 0xF4, 0xDE,
    0xA0, 0xE0, 0x10, 0x24, 0xC0, 0x81, 0xE6, 0xC3, 0x31, 0xB4, 0x84, 0xC6, 0x99, 0xAC, 0x37, 0xC1,
    0x22, 0x38, 0x8C, 0x20, 0xC9, 0x5B, 0x13, 0x0A, 0x21, 0xED, 0x09, 0x21, 0xC6, 0x9C, 0x5D, 0x62,
    0x8E, 0x69, 0x77, 0x80, 0x57, 0x83, 0x80, 0xC4, 0xB9, 0xCA, 0x00, 0xF5, 0x60, 0x42, 0x41, 0x36,
    0x9B, 0x18, 0x38, 0xCB, 0x64, 0x49, 0x7F, 0xE5, 0x4C, 0x3A, 0xA5, 0xDD, 0x3F, 0x9A, 0x74, 0x4C,
    0xBB, 0xDF, 0xE5, 0x6F, 0xE9, 0x39, 0x13, 0xBA, 0x8F, 0x04, 0x4A, 0x4B, 0x81, 0x21, 0x3A, 0x11,
    0x43, 0x6B, 0x4C, 0xE6, 0xDC, 0x68, 0x4C, 0x50, 0x3B, 0x99, 0x8B, 0xB1, 0xB5, 0x03, 0x4C, 0x5C,
    0x29, 0x30, 0x74, 0x55, 0x64, 0x6C, 0xE0, 0xAA, 0xB4, 0x01, 0xCC, 0x07, 0x79, 0x52, 0x16, 0x4B,
    0x9D, 0x39, 0x93, 0x73, 0x5C, 0x21, 0x44, 0xFA, 0x06, 0x8E, 0x48, 0x33, 0x22, 0x30, 0xB6, 0xBC,
    0x09, 0x2F, 0x00, 0x3E, 0x28, 0x39, 0x9D, 0xC8, 0xF5, 0xC2, 0xB1, 0x4E, 0xA8, 0x01, 0x87, 0x1A,
    0x93, 0xBF, 0x94, 0x4E, 0x32, 0x58, 0xD1, 0x38, 0xF0, 0x41, 0x7A, 0xD8, 0x92, 0xCC, 0x33, 0x45,
    0x95, 0x0E, 0x7A, 0x97, 0xE6, 0xBC, 0x4B, 0x73, 0xBE, 0x07, 0x6D, 0xD2, 0x1E, 0xCD, 0xD1, 0x1F,
    0xCD, 0x81, 0x0F, 0xCD, 0x81, 0x3F, 0xEF, 0xEE, 0x8D, 0x18, 0xCF, 0x36, 0x35, 0x5A, 0x1A, 0xF7,
    0xBE, 0x73, 0xD2, 0x33, 0x5C, 0xA2, 0x19, 0x98, 0xE2, 0x29, 0x1E, 0x52, 0x21, 0x22, 0x1D, 0x92,
    0x3E, 0x26, 0x31, 0x72, 0xC7, 0x48, 0x8D, 0xDE, 0x85, 0x8F, 0xB8, 0x0B, 0xF6, 0x58, 0x5A, 0x40,
    0x1A, 0xA2, 0x49, 0x16, 0x29, 0x25, 0xAF, 0x1B, 0xD0, 0x6E, 0x84, 0xD7, 0xA0, 0xDD, 0xE4, 0xB3,
    0x0A, 0x61, 0x80, 0x61, 0xCE, 0x3F, 0xE5, 0x6F, 0x0B, 0x56, 0xA0, 0xE9, 0xA4, 0x0B, 0xE5, 0x48,
    0xDC, 0x8F, 0x40, 0x49, 0x3E, 0x1A, 0xDE, 0x7A, 0xF3, 0x07, 0x86, 0x37, 0x7C, 0xF2, 0x81, 0xB7,
    0x74, 0xE2, 0x2D, 0x59, 0xF4, 0x21, 0x09, 0x37, 0xA4, 0x5B, 0xA6, 0x04, 0x9E, 0x09, 0x12, 0x3B,
    0x99, 0x4F, 0x4D, 0x36, 0xA6, 0x98, 0x79, 0xD1, 0x47, 0xEE, 0x27, 0x72, 0xEB, 0x02, 0xF7, 0x6F,
    0x22, 0x2C, 0x9D, 0x8C, 0xCB, 0x5B, 0x26, 0x32, 0x51, 0xF4, 0x32, 0x70, 0x8F, 0xE1, 0x42, 0x21,
    0x26, 0x95, 0x89, 0xC8, 0xC3, 0xC4, 0xBD, 0xA8, 0x65, 0xC5, 0x42, 0xCA, 0x2F, 0xC8, 0x74, 0x5F,
    0x0A, 0xF6, 0x44, 0x1E, 0x01, 0xFB, 0x45, 0x49, 0x69, 0xCB, 0x55, 0x6F, 0x54, 0x63, 0xA8, 0x2B,
    0xDF, 0xD7, 0x19, 0x9A, 0xBF, 0x32, 0x5C, 0x9E, 0x44, 0xBA, 0xE6, 0x42, 0x6A, 0xDD, 0xC9, 0xAA,
    0x8B, 0x9C, 0xCA, 0xBF, 0xF1, 0xAC, 0xD4, 0x67, 0x83, 0xCE, 0x49, 0x88, 0x80, 0x20, 0x93, 0x41,
    0x77, 0x5E, 0xAD, 0xBE, 0x2F, 0x7A, 0x6D, 0x9F, 0x8E, 0xDA, 0x3F, 0x5E, 0xC0, 0x36, 0xA1, 0x03,
    0x93, 0xB6, 0xF2, 0x22, 0x9B, 0x21, 0xAE, 0xC2, 0x5D, 0x70, 0xF9, 0xF7, 0x94, 0x3D, 0x25, 0x85,
    0xC7, 0x14, 0xE8, 0xC3, 0xF6, 0xA2, 0x07, 0xCE, 0x23, 0x03, 0x01, 0x44, 0x24, 0xED, 0x23, 0xBE,
    0x94, 0xBE, 0x60, 0x3F, 0x91, 0xE2, 0xAA, 0xFC, 0x55, 0x6E, 0x17, 0xDE, 0xA3, 0x1D, 0xDA, 0x43,
    0x8E, 0xD0, 0x1F, 0x2B, 0x62, 0x3B, 0xD2, 0x11, 0x49, 0x13, 0x90, 0x51, 0xC8, 0xA3, 0x4C, 0x86,
    0x39, 0x07, 0x11, 0xEF, 0x3D, 0x94, 0x76, 0xAD, 0xF9, 0xCD, 0xB4, 0xA9, 0xB2, 0xBF, 0xFD, 0xBC,
    0x2D, 0xDC, 0xF3, 0x3E, 0x86, 0x42, 0x5A, 0x68, 0xC2, 0x02, 0x75, 0xEA, 0xF2, 0xAF, 0x9E, 0x74,
    0x69, 0xF2, 0x2F, 0x8D, 0x49, 0x1B, 0xB6, 0xD5, 0xCF, 0xDE, 0x78, 0x62, 0x5E, 0x05, 0x2E, 0x1E,
    0xB8, 0x8F, 0x77, 0xB0, 0x0F, 0xCB, 0x01, 0x5C, 0x88, 0x01, 0xBA, 0xFF, 0xCD, 0xDD, 0x8C, 0xD9,
    0xC9, 0x2C, 0x44, 0x5D, 0xB2, 0x29, 0x9B, 0x93, 0x25, 0x5C, 0x82, 0x39, 0x98, 0xA2, 0x31, 0xEB,
    0x8A, 0xEA, 0xB7, 0x4C, 0x21, 0xA4, 0x1D, 0x5F, 0x17, 0xBB, 0x5D, 0x79, 0x5E, 0x62, 0xA1, 0xED,
    0x50, 0x88, 0xAE, 0x9C, 0x99, 0x4D, 0x45, 0xC9, 0x2C, 0xB2, 0x42, 0x99, 0xA1, 0x6B, 0x63, 0x60,
    0xA8, 0x8C, 0xAE, 0xAB, 0xAE, 0xA0, 0x72, 0xF1, 0xAE, 0xE6, 0x84, 0x19, 0x25, 0xBA, 0x60, 0x27,
    0xCB, 0xB9, 0x53, 0x8C, 0x03, 0x52, 0x1A, 0xB1, 0x53, 0x4C, 0xC5, 0x49, 0xB4, 0x13, 0x9B, 0xAB,
    0x36, 0x14, 0x6C, 0x5E, 0x37, 0x1B, 0xA3, 0x42, 0x1D, 0xE3, 0x1B, 0x9B, 0xAF, 0x9F, 0x0F, 0x2E,
    0xA9, 0x71, 0x33, 0x95, 0x50, 0x86, 0x84, 0x59, 0xEA, 0x65, 0xC0, 0x17, 0x62, 0xA2, 0x44, 0x6E,
    0x65, 0x1D, 0x85, 0x3E, 0x91, 0x32, 0xA1, 0x4F, 0xA8, 0x10, 0x0C, 0x42, 0x11, 0xA8, 0x14, 0xBE,
    0x70, 0xB5, 0x81, 0xCD, 0x35, 0xA0, 0xB8, 0xBE, 0x03, 0xEA, 0x5B, 0xDF, 0x92, 0xBD, 0x04, 0x83,
    0xC8, 0x6B, 0x36, 0x02, 0x5B, 0x3A, 0x43, 0x75, 0x63, 0x41, 0x35, 0x41, 0x5F, 0x1D, 0xEC, 0x08,
    0x8D, 0x62, 0x41, 0x53, 0x1D, 0xBB, 0x71, 0xE3, 0xF2, 0xF9, 0x23, 0x92, 0x1F, 0x42, 0x43, 0xE5,
    0x02, 0x8D, 0xB5, 0x5C, 0xB6, 0x16, 0xB3, 0x00, 0xC4, 0x6F, 0x79, 0xFD, 0xA0, 0x7E, 0xF1, 0xC8,
    0xAA, 0x7B, 0xD9, 0x2E, 0x13, 0xEC, 0xA1, 0x30, 0xF8, 0x21, 0x92, 0x44, 0x2F, 0x51, 0xC2, 0x81,
    0x35, 0xF9, 0x1C, 0xB8, 0x56, 0x3A, 0xD9, 0x4E, 0xA6, 0x55, 0x74, 0x49, 0xA5, 0xAB, 0xCB, 0xD5,
    0xC2, 0x62, 0x41, 0xB7, 0x29, 0xFC, 0xD4, 0x32, 0x6A, 0xBC, 0xA9, 0x07, 0x2C, 0x47, 0x8B, 0xC9,
    0xC8, 0x8C, 0x32, 0x3A, 0x0B, 0xCC, 0x0A, 0xE6, 0x23, 0x42, 0xFB, 0xD4, 0xED, 0xF7, 0x9F, 0x14,
    0xF0, 0x08, 0x04, 0xF0, 0x10, 0x23, 0x46, 0x1B, 0x83, 0xDD, 0x6E, 0x77, 0x09, 0x53, 0xD8, 0xD3,
    0x5F, 0x00, 0x74, 0x00, 0x8D, 0x17, 0x07, 0x8A, 0x0D, 0xE5, 0x05, 0x2B, 0x4F, 0x1B, 0x90, 0xB8,
    0x87, 0xDE, 0xA1, 0x14, 0x34, 0xBA, 0xE0, 0x65, 0xF6, 0x31, 0x48, 0x30, 0xD9, 0xB4, 0xCA, 0x02,
    0xA5, 0x48, 0x40, 0x09, 0x9B, 0xDE, 0xCA, 0x33, 0xC1, 0x91, 0x4D, 0xF9, 0x62, 0xEC, 0x80, 0x71,
    0xBB, 0x88, 0x63, 0x60, 0xE6, 0x82, 0xEA, 0xDF, 0x55, 0x4D, 0x36, 0xA7, 0xAA, 0x12, 0x04, 0x3B,
    0x23, 0xB3, 0xED, 0xD5, 0x73, 0xD0, 0xCA, 0xF6, 0xB4, 0xBF, 0xA4, 0x06, 0x30, 0x70, 0x3A, 0x41,
    0xD0, 0x97, 0xCE, 0x64, 0xF6, 0x00, 0x58, 0x77, 0x05, 0x16, 0x11, 0xB2, 0x20, 0x46, 0x4A, 0xA0,
    0xCC, 0x42, 0x20, 0xA6, 0x2E, 0x2E, 0x88, 0x3E, 0x9E, 0xB1, 0xC2, 0x90, 0x10, 0x0A, 0x0F, 0xEC,
    0xD7, 0x97, 0x9B, 0x5E, 0x7C, 0x03, 0x04, 0xB7, 0xCA, 0x68, 0xA5, 0xBF, 0x8B, 0x37, 0x90, 0x80,
    0xDB, 0x04, 0xD4, 0x81, 0x94, 0xE4, 0xFE, 0x87, 0xAC, 0x70, 0x86, 0xA5, 0xCE, 0x30, 0x4F, 0x8C,
    0x58, 0xC5, 0xCB, 0x4F, 0x5D, 0x1B, 0xB6, 0x5C, 0x18, 0x45, 0x4B, 0x8D, 0xA4, 0x2E, 0x13, 0x64,
    0xC3, 0x7B, 0x98, 0x7F, 0xDE, 0xC8, 0xF4, 0xED, 0x78, 0x2E, 0x92, 0x80, 0x6E, 0xE8, 0x0B, 0xD9,
    0x95, 0x16, 0x57, 0xD4, 0x6F, 0xB2, 0x69, 0x5F, 0x81, 0x05, 0x95, 0x5F, 0xA9, 0x64, 0x5E, 0x71,
    0x10, 0x2F, 0xAC, 0x24, 0xE5, 0x25, 0x74, 0x7F, 0x4C, 0x3F, 0x05, 0x37, 0xE3, 0xC9, 0x68, 0x32,
    0xD0, 0x5C, 0xCC, 0xA6, 0x16, 0x53, 0x23, 0xBE, 0x48, 0x64, 0x2B, 0x9D, 0x64, 0x7D, 0x93, 0x23,
    0xC0, 0x67, 0x58, 0x34, 0x09, 0xE0, 0x04, 0x63, 0xE6, 0x1E, 0x78, 0xC1, 0x08, 0xBD, 0x8F, 0x92,
    0x91, 0xCE, 0x45, 0x12, 0x84, 0x23, 0x3B, 0xE8, 0x93, 0x6B, 0x4E, 0x41, 0xE5, 0x8D, 0x10, 0x69,
    0xA3, 0x34, 0x50, 0x94, 0xB2, 0x71, 0x5D, 0x5F, 0x4A, 0x35, 0xCD, 0x89, 0x5B, 0x25, 0xEB, 0xAE,
    0xB6, 0xC5, 0xA1, 0x6D, 0x7B, 0xBB, 0xED, 0x72, 0x70, 0xCF, 0x10, 0x20, 0x78, 0x58, 0x83, 0x60,
    0x09, 0xCB, 0x53, 0x25, 0xEE, 0x2B, 0xD7, 0x89, 0xF6, 0xDB, 0x5E, 0x98, 0x8C, 0x60, 0x55, 0x16,
    0x47, 0x40, 0x36, 0x08, 0x97, 0xF2, 0x5E, 0x6C, 0x42, 0xED, 0xC5, 0x90, 0xE1, 0xD5, 0xAA, 0x85,
    0x4D, 0x2A, 0x53, 0xED, 0xC5, 0x41, 0xE7, 0x23, 0x25, 0x47, 0xC6, 0x4E, 0x3C, 0xE0, 0xBF, 0xF2,
    0x62, 0xCA, 0x96, 0xF7, 0x6B, 0x8A, 0x50, 0x7F, 0x84, 0x20, 0x61, 0x74, 0x41, 0x33, 0xF2, 0x0F,
    0x88, 0xD0, 0x34, 0x02, 0x5C, 0x18, 0x68, 0x54, 0x99, 0x93, 0x85, 0x17, 0x57, 0xE5, 0x7A, 0x59,
    0x98, 0x62, 0x90, 0x79, 0x67, 0xA3, 0x74, 0x4C, 0xA7, 0x15, 0x64, 0xA3, 0xCC, 0x4F, 0x96, 0x42,
    0x2C, 0xCE, 0x50, 0x2C, 0xB1, 0xEB, 0xB3, 0x55, 0x15, 0xDB, 0x80, 0x63, 0xE4, 0x2F, 0xEE, 0x98,
    0x76, 0x76, 0x7B, 0xBD, 0x29, 0x11, 0xB0, 0xCD, 0xB7, 0x3D, 0xC9, 0xF1, 0xE7, 0xF4, 0x6D, 0xF8,
    0x30, 0x1D, 0xF2, 0x49, 0xBE, 0x63, 0xDA, 0x33, 0x62, 0xBA, 0xF1, 0x81, 0x07, 0xCB, 0xE1, 0xC1,
    0xE6, 0x68, 0x0E, 0xE6, 0x50, 0xC2, 0x34, 0xF5, 0x60, 0xEB, 0xE7, 0x77, 0xA0, 0xAA, 0x8B, 0xD1,
    0x20, 0xC4, 0x20, 0xB6, 0xA3, 0x59, 0xB5, 0x42, 0x4B, 0x08, 0xAB, 0x9F, 0x33, 0x10, 0x58, 0xB6,
    0xF5, 0xA4, 0xE5, 0xC2, 0xB3, 0xD0, 0xFB, 0x84, 0xCD, 0x10, 0xD7, 0x6A, 0x62, 0x56, 0x7C, 0xC4,
    0xBC, 0x7E, 0xA8, 0xBF, 0x07, 0xB0, 0x97, 0xCF, 0xA3, 0x1B, 0x84, 0xF2, 0xD9, 0x8D, 0x76, 0x87,
    0xB7, 0x24, 0xB8, 0xA8, 0x56, 0xF3, 0xE8, 0xC7, 0x1A, 0x0C, 0x83, 0x03, 0x88, 0x4F, 0xB7, 0x52,
    0x94, 0x93, 0xCF, 0xCE, 0xFF, 0xE2, 0x33, 0xBC, 0x0D, 0x74, 0xA1, 0x07, 0xDF, 0x97, 0x58, 0x88,
    0xEF, 0xC0, 0x0A, 0x13, 0x7C, 0x6A, 0x6E, 0x1A, 0xF6, 0xCC, 0x3D, 0x17, 0x6B, 0x24, 0x21, 0xA6,
    0xE4, 0x47, 0x08, 0x0F, 0x2B, 0xCF, 0x86, 0x0D, 0x80, 0x15, 0x34, 0xD4, 0x18, 0x2D, 0x46, 0x7C,
    0x4A, 0x69, 0x8A, 0x17, 0x2C, 0x39, 0x06, 0x21, 0x08, 0x3F, 0x39, 0x99, 0x6B, 0xF0, 0x68, 0xF5,
    0xEE, 0x29, 0x75, 0x66, 0x59, 0x7F, 0xA9, 0xC7, 0xBF, 0xD4, 0x56, 0x7F, 0xA6, 0xB1, 0x2F, 0xEC,
    0x34, 0x1D, 0x5D, 0xEC, 0xB5, 0x53, 0xCC, 0xE1, 0xDF, 0x3F, 0x00, 0x73, 0xE8, 0x38, 0x60, 0xB9,
    0x69, 0x41, 0x02, 0x66, 0x4D, 0x3E, 0x41, 0xA8, 0x4B, 0xF3, 0x3D, 0xF9, 0xB7, 0x09, 0xE0, 0x42,
    0xB3, 0x2E, 0x6D, 0x22, 0x64, 0x4D, 0x8F, 0xBB, 0xB4, 0x4D, 0x7A, 0xD8, 0x81, 0x36, 0xC1, 0x4F,
    0xF7, 0x43, 0xD7, 0xC6, 0x5D, 0xD6, 0x88, 0x44, 0xBA, 0x26, 0xEE, 0x72, 0x91, 0x2C, 0x51, 0xEC,
    0xB8, 0x2B, 0xA0, 0xB7, 0x75, 0x93, 0xC8, 0x0F, 0x09, 0x4D, 0xEA, 0x2A, 0x69, 0x2D, 0x14, 0x5E,
    0xFC, 0x5C, 0xF3, 0x21, 0xC2, 0x14, 0xE1, 0x0B, 0x7F, 0x88, 0xB0, 0xE6, 0xE5, 0x87, 0xE8, 0x22,
    0xC6, 0x5A, 0xE2, 0x5A, 0xDB, 0x0A, 0x17, 0x66, 0xA4, 0x15, 0x2F, 0x9C, 0xFB, 0x3B, 0xB1, 0x3E,
    0x42, 0xFB, 0x0C, 0x2F, 0x53, 0x94, 0x12, 0x3B, 0xD7, 0xD2, 0x33, 0xAF, 0x02, 0x7A, 0x77, 0x93,
    0xF9, 0x54, 0x53, 0x2D, 0x2E, 0xE3, 0x91, 0x69, 0xE5, 0x0E, 0x16, 0xE8, 0xF7, 0x8D, 0x7A, 0xC7,
    0x73, 0xCA, 0x12, 0x54, 0x8A, 0x3F, 0x42, 0x0D, 0x00, 0xE4, 0x73, 0xCF, 0x5D, 0xDF, 0x90, 0xA0,
    0xE0, 0x3E, 0x6F, 0xB1, 0x46, 0xFB, 0xA9, 0xF3, 0xB7, 0x52, 0x79, 0xC8, 0xF1, 0x0A, 0xBD, 0x69,
    0x3A, 0x61, 0xDC, 0x63, 0x8E, 0xED, 0x7E, 0x3C, 0x10, 0x33, 0xF5, 0x32, 0x5A, 0xBC, 0x17, 0x24,
    0x9A, 0x64, 0x52, 0x5F, 0x3A, 0x86, 0x3E, 0xC7, 0x00, 0xFF, 0x65, 0xDD, 0x19, 0x4D, 0x77, 0x08,
    0xD8, 0x99, 0x8B, 0xF6, 0x2A, 0xE1, 0x14, 0x1C, 0x2C, 0x16, 0x6C, 0x8B, 0x63, 0x58, 0x84, 0xA5,
    0x01, 0x42, 0x44, 0x33, 0x7A, 0xCB, 0x28, 0xB4, 0x95, 0x0A, 0x4F, 0xE3, 0xED, 0xA3, 0xC4, 0x8F,
    0x1A, 0x60, 0x89, 0xD8, 0x58, 0x4E, 0xD1, 0x12, 0x91, 0x25, 0x1E, 0xB1, 0xE8, 0x76, 0x06, 0x14,
    0xCB, 0x27, 0x30, 0x26, 0x8C, 0xF4, 0x37, 0x9F, 0x0B, 0x6A, 0xFB, 0xF4, 0x81, 0xC4, 0x3A, 0x96,
    0x06, 0xC7, 0x92, 0x24, 0xCB, 0x64, 0xD2, 0xBE, 0xD8, 0x8B, 0xD5, 0x47, 0x4B, 0x57, 0x09, 0x0C,
    0x34, 0x16, 0xBB, 0x05, 0x45, 0x84, 0xED, 0xD3, 0xDD, 0x95, 0x2B, 0x99, 0x48, 0xAF, 0xE3, 0xAE,
    0x78, 0x16, 0xD5, 0x8E, 0x92, 0x34, 0x5E, 0xAB, 0x24, 0x56, 0xCC, 0x56, 0x07, 0xCE, 0x7F, 0x12,
    0xED, 0x7A, 0xBF, 0x16, 0x5E, 0x09, 0x89, 0x3D, 0x18, 0x1F, 0x34, 0x14, 0x67, 0x64, 0x4B, 0x46,
    0x03, 0xFD, 0x53, 0x8F, 0x6C, 0xBB, 0x03, 0x3C, 0xF1, 0xD4, 0x1A, 0x87, 0x6A, 0x4C, 0x3A, 0x6F,
    0xEB, 0xD7, 0x44, 0xC2, 0x91, 0xB8, 0x93, 0xC5, 0x47, 0xB4, 0xC2, 0x11, 0xFD, 0xE8, 0x4A, 0x89,
    0x3A, 0x35, 0x7A, 0x92, 0x8B, 0xDD, 0x7D, 0xCF, 0x49, 0x73, 0xC4, 0xC9, 0x99, 0x50, 0x66, 0x87,
    0x39, 0x62, 0xBE, 0x12, 0x28, 0x32, 0x02, 0x1D, 0x00, 0xE9, 0x47, 0x85, 0x89, 0x84, 0x33, 0x60,
    0x42, 0x18, 0x2F, 0x77, 0x43, 0x7D, 0xAB, 0xED, 0x33, 0xC2, 0x82, 0x18, 0xEA, 0x9E, 0x7C, 0xEE,
    0xEC, 0xB3, 0x7D, 0x2D, 0xA3, 0xDC, 0xE0, 0x64, 0x0B, 0x78, 0x0D, 0x0A, 0x25, 0x14, 0x21, 0x69,
    0x37, 0x41, 0xBB, 0x46, 0x8B, 0x77, 0x82, 0x67, 0xFB, 0x4F, 0x89, 0xE7, 0x14, 0x2C, 0xE6, 0x7F,
    0xE9, 0xF6, 0x54, 0xC2, 0x44, 0x2E, 0xE4, 0x0D, 0xB0, 0x91, 0x71, 0xF3, 0x05, 0x7A, 0x94, 0xAF,
    0xC6, 0xD7, 0x29, 0x7B, 0x55, 0x52, 0x8E, 0x41, 0xF7, 0x8D, 0x64, 0xBC, 0x0A, 0x88, 0xAC, 0x30,
    0xC5, 0x90, 0xF0, 0x88, 0x26, 0x73, 0xAD, 0x7A, 0xB0, 0x96, 0xC2, 0xDA, 0x8E, 0xC8, 0xEC, 0x0C,
    0xEB, 0x0A, 0xE9, 0x0A, 0x27, 0xC3, 0x22, 0xCA, 0x5F, 0x7A, 0xE9, 0xF0, 0xA2, 0xE2, 0xE5, 0xC6,
    0x0B, 0xD1, 0x7A, 0x13, 0x8A, 0x12, 0xCC, 0x07, 0x89, 0xBB, 0x1B, 0x8A, 0xD3, 0xDB, 0x60, 0xCE,
    0x76, 0xB6, 0xCF, 0x35, 0x48, 0x4E, 0xD5, 0xBF, 0x25, 0x9A, 0xF8, 0x46, 0x4C, 0x70, 0x1A, 0xD1,
    0xE5, 0xF2, 0xCA, 0xA9, 0x3E, 0x2E, 0x4A, 0xD2, 0xA8, 0x06, 0xA8, 0xA5, 0x41, 0xB9, 0xDE, 0x82,
    0x97, 0x0B, 0x56, 0x61, 0x28, 0x49, 0xFD, 0x5B, 0x42, 0xE1, 0xB9, 0x25, 0xFB, 0xDD, 0x5D, 0xB0,
    0xFB, 0x16, 0x98, 0x09, 0x2F, 0x54, 0x08, 0xFA, 0xE3, 0xCB, 0x7C, 0x8B, 0xBC, 0x68, 0xBD, 0x2E,
    0x24, 0xFC, 0xBE, 0x85, 0x17, 0x91, 0x65, 0x49, 0x53, 0xD8, 0xDE, 0x01, 0x7D, 0x38, 0xE8, 0xF3,
    0xD1, 0x77, 0x08, 0xE3, 0x12, 0x66, 0x39, 0x6D, 0x25, 0x7D, 0x30, 0xC5, 0x75, 0xE6, 0x0D, 0x14,
    0x2C, 0x08, 0x44, 0x89, 0x71, 0xB4, 0x8F, 0x57, 0x4C, 0x70, 0xB9, 0xAE, 0xDA, 0xFD, 0xCD, 0x0A,
    0x88, 0x33, 0x85, 0x85, 0x75, 0x10, 0xFD, 0x9C, 0x56, 0x55, 0x4C, 0x8D, 0x6D, 0xE1, 0x63, 0x6D,
    0x0B, 0xA1, 0x13, 0xE7, 0x36, 0x43, 0x68, 0x91, 0x2F, 0xD9, 0x5F, 0x60, 0x26, 0xF6, 0x97, 0x0C,
    0x25, 0xBC, 0x05, 0xE2, 0x13, 0xCE, 0xDF, 0xA2, 0xA8, 0x64, 0xEC, 0x04, 0xB1, 0xB2, 0x7D, 0xCC,
    0xBE, 0xA0, 0xCA, 0x32, 0x7D, 0x10, 0x28, 0x01, 0x85, 0xC0, 0x4C, 0x6D, 0x3A, 0xAD, 0x73, 0xE4,
    0x6D, 0x31, 0x8D, 0x80, 0xA5, 0x35, 0xC9, 0x67, 0xD6, 0x8F, 0xDE, 0x5C, 0xA5, 0xDE, 0x16, 0x3C,
    0xDB, 0xEF, 0x1F, 0xDE, 0x65, 0x97, 0x7C, 0x19, 0x8B, 0x0A, 0x5E, 0xF4, 0x4C, 0xEE, 0x44, 0x56,
    0x27, 0x66, 0xA9, 0xE2, 0x97, 0x68, 0x4B, 0x19, 0xFC, 0xF4, 0xE0, 0x6E, 0x8A, 0x5B, 0x8B, 0x64,
    0xCF, 0x42, 0xC6, 0xE4, 0xF6, 0x5C, 0xC2, 0xA7, 0xE7, 0xBD, 0xFD, 0xB9, 0x78, 0x89, 0xC7, 0xBD,
    0xFD, 0x7C, 0x89, 0x9C, 0x88, 0xE5, 0x2F, 0xDC, 0x9F, 0x4E, 0x90, 0x4E, 0xF7, 0x64, 0xC4, 0x4D,
    0xDA, 0x0A, 0x6A, 0xC9, 0x99, 0x5A, 0xDC, 0x52, 0xF8, 0x47, 0x70, 0x1D, 0xE3, 0xA1, 0x10, 0x8C,
    0x5B, 0x30, 0xF2, 0xA6, 0x44, 0xBC, 0xF6, 0xED, 0x82, 0x81, 0x01, 0x6D, 0xF7, 0x0C, 0xD2, 0x05,
    0xB2, 0x9A, 0x65, 0x17, 0x42, 0xC4, 0xBB, 0x02, 0x1B, 0xC2, 0x9E, 0x70, 0x04, 0x7C, 0x32, 0x03,
    0xFE, 0xCC, 0x01, 0x7E, 0x26, 0xB1, 0xD1, 0x6C, 0x1B, 0x49, 0x18, 0x05, 0xDA, 0x41, 0x60, 0x9B,
    0x4F, 0x80, 0xA9, 0x03, 0x8C, 0xDC, 0x4F, 0x04, 0x06, 0xEE, 0x4B, 0x78, 0x85, 0xFA, 0x3F, 0x01,
    0x25, 0xEA, 0x81, 0x57, 0x26, 0x8C, 0x08, 0x03, 0x42, 0x53, 0x13, 0x16, 0xF3, 0xC1, 0xD3, 0x20,
    0x69, 0x3A, 0xDF, 0x33, 0x46, 0xA9, 0x19, 0xBF, 0x26, 0xAA, 0x25, 0x85, 0x9A, 0x1B, 0x47, 0xE3,
    0x13, 0x8A, 0xB1, 0x11, 0x52, 0x63, 0xD0, 0x89, 0x34, 0x07, 0x11, 0x44, 0xC7, 0x94, 0xBD, 0xEE,
    0xE9, 0x62, 0x35, 0x7B, 0xD6, 0xC4, 0xC7, 0x68, 0xFA, 0x47, 0x07, 0xD5, 0x1D, 0xDF, 0x8E, 0xDF,
    0x49, 0x72, 0x38, 0xB0, 0xC3, 0x6A, 0x01, 0x67, 0x2E, 0x27, 0xE4, 0x3C, 0x84, 0x05, 0x84, 0xE9,
    0x14, 0x0B, 0xB8, 0xEC, 0x50, 0xB9, 0xAE, 0xD5, 0x1A, 0x67, 0x5A, 0x82, 0x89, 0x7C, 0x14, 0x7A,
    0xA5, 0x3E, 0x57, 0x2D, 0x20, 0xBC, 0xAE, 0x5D, 0x23, 0x16, 0x3A, 0x84, 0x76, 0x75, 0x26, 0x35,
    0x3C, 0x24, 0xDD, 0x24, 0x67, 0x9C, 0x6C, 0x80, 0xFF, 0xF2, 0x85, 0x9D, 0xEC, 0x5A, 0xC4, 0xA7,
    0xC8, 0x55, 0x96, 0x2E, 0xFB, 0xE9, 0xAE, 0x7C, 0x53, 0x67, 0xF2, 0x7F, 0xC7, 0xCA, 0x40, 0x6F,
    0x49, 0x45, 0x56, 0x8A, 0x48, 0x80, 0x95, 0x48, 0xCB, 0x85, 0x95, 0xC5, 0x44, 0x56, 0x8A, 0xE5,
    0x01, 0x2B, 0x25, 0x46, 0x01, 0x2B, 0x7F, 0xE8, 0x4E, 0x59, 0x39, 0x29, 0x2B, 0x17, 0xB2, 0xF2,
    0xA5, 0x56, 0x1C, 0x43, 0x8D, 0x4F, 0x99, 0x55, 0x80, 0x96, 0xD2, 0x9C, 0x64, 0x52, 0x87, 0x30,
    0xD1, 0x1C, 0x42, 0x0A, 0x59, 0x93, 0x2D, 0x4C, 0xBC, 0xD2, 0xA0, 0xD0, 0x9B, 0x94, 0x92, 0x66,
    0xAD, 0xA4, 0xF8, 0x1D, 0x7E, 0x47, 0x7C, 0x2B, 0xB6, 0xE9, 0x10, 0x9A, 0x0C, 0x47, 0xD8, 0x10,
    0x32, 0xFC, 0x08, 0x50, 0x48, 0xAF, 0x0C, 0x04, 0x5B, 0x0D, 0x57, 0xC7, 0x30, 0x74, 0xA0, 0xF9,
    0xE2, 0x58, 0xE9, 0x89, 0xF9, 0xAA, 0x88, 0xBF, 0xD9, 0xCA, 0x86, 0x9F, 0xDC, 0xBD, 0xA3, 0xF2,
    0x42, 0xE4, 0x09, 0x35, 0xBD, 0x85, 0xE1, 0xF0, 0xC8, 0xB2, 0xC7, 0x9F, 0xFB, 0x42, 0xC0, 0x1A,
    0xF0, 0x55, 0xCC, 0x75, 0x10, 0x0D, 0xBC, 0x7A, 0x47, 0x25, 0xE0, 0x8E, 0x8A, 0x06, 0x03, 0x28,
    0x58, 0x47, 0x70, 0x38, 0x55, 0xDA, 0x30, 0xB4, 0x1E, 0x38, 0xD3, 0x45, 0x92, 0x37, 0x1F, 0x48,
    0xC4, 0xC7, 0x3B, 0x2A, 0xF7, 0x34, 0x9C, 0x85, 0x55, 0xBB, 0x60, 0x0D, 0x84, 0x51, 0x46, 0x79,
    0x1B, 0xA2, 0x48, 0xBC, 0x5B, 0xEB, 0xB2, 0xFF, 0x4F, 0x90, 0x4E, 0xAA, 0x04, 0x5F, 0x8B, 0xFE,
    0xBB, 0x86, 0xF0, 0xCB, 0x45, 0x67, 0xB5, 0x0C, 0x07, 0x76, 0xB5, 0xC5, 0xA2, 0x4A, 0xF2, 0x94,
    0x1A, 0x03, 0xB1, 0x0B, 0x54, 0x97, 0xD4, 0xDB, 0x9D, 0xBB, 0x79, 0x93, 0x4C, 0x7A, 0xD4, 0x4B,
    0x1A, 0x15, 0xAB, 0x8A, 0xE4, 0x5A, 0xAA, 0x95, 0x63, 0x2A, 0x20, 0x4B, 0x84, 0x9C, 0x3C, 0x72,
    0xBA, 0xBB, 0xE1, 0xB8, 0xC9, 0x20, 0xB9, 0x51, 0xC0, 0x2A, 0x0A, 0x05, 0x1E, 0x59, 0xA1, 0xDD,
    0xA2, 0x12, 0x6E, 0x64, 0x8C, 0x8C, 0x15, 0xB2, 0x89, 0xF9, 0x96, 0xA0, 0x61, 0xB1, 0x61, 0x09,
    0xB5, 0x3A, 0xC5, 0xCC, 0x2C, 0x74, 0x7F, 0xC2, 0xDC, 0xD7, 0xFD, 0x8C, 0x22, 0x24, 0xDE, 0x44,
    0xF3, 0x3B, 0xCD, 0x26, 0xF4, 0x96, 0xAB, 0x36, 0x65, 0x2A, 0x9D, 0x2A, 0x5F, 0x5A, 0x21, 0xF0,
    0x55, 0x99, 0x0B, 0x5F, 0x37, 0xD9, 0xAD, 0x91, 0x23, 0x36, 0xE4, 0x86, 0xF5, 0xBD, 0xE6, 0x30,
    0x6B, 0x06, 0xA7, 0xF5, 0x3A, 0xFC, 0xAA, 0x49, 0x39, 0x52, 0x6F, 0xC7, 0x0C, 0x2C, 0x76, 0xAC,
    0x79, 0x6A, 0xE9, 0x1A, 0x31, 0xA4, 0x96, 0xB2, 0x23, 0x37, 0xB2, 0x00, 0x89, 0xAA, 0xD6, 0xE4,
    0xB7, 0x40, 0xC4, 0x33, 0x70, 0x66, 0x75, 0x9B, 0xFD, 0xF7, 0xE2, 0x93, 0xC9, 0xFC, 0xD7, 0xCE,
    0x67, 0x97, 0xC5, 0x17, 0xEE, 0x0F, 0xB9, 0x1B, 0xD7, 0xD7, 0x8D, 0xFB, 0xCC, 0xB1, 0xB6, 0x28,
    0xFA, 0xF5, 0x19, 0xAB, 0x04, 0xA3, 0xF8, 0xC4, 0x5F, 0xB1, 0x68, 0x30, 0x0B, 0x69, 0x2F, 0x27,
    0x5F, 0x9D, 0xE7, 0xCE, 0x9F, 0x8C, 0x3A, 0xC9, 0x2F, 0xDD, 0xB1, 0x1B, 0xE1, 0x90, 0x39, 0x97,
    0xDE, 0x57, 0x61, 0x41, 0x5D, 0xE8, 0x33, 0xDF, 0xD6, 0xEF, 0x1F, 0x30, 0x7C, 0xD2, 0x10, 0xCA,
    0x56, 0x7A, 0x71, 0x29, 0x77, 0xDC, 0x86, 0x8B, 0x50, 0xC0, 0x64, 0x2A, 0x8D, 0xF2, 0xB4, 0xAC,
    0x03, 0xA2, 0x21, 0x70, 0x06, 0x25, 0x76, 0xAC, 0xD3, 0xC4, 0x9A, 0x76, 0x36, 0x47, 0x5A, 0x8F,
    0x61, 0x1C, 0x1D, 0xB9, 0x27, 0xBA, 0x16, 0x24, 0x44, 0xB4, 0xAB, 0x3B, 0xCA, 0xBC, 0xB7, 0x74,
    0x5C, 0x77, 0x32, 0xF5, 0xA1, 0xF3, 0xA5, 0x62, 0x3A, 0x94, 0xD8, 0xE5, 0x5A, 0x18, 0x61, 0x02,
    0x5F, 0x8C, 0x11, 0x6D, 0x48, 0x1F, 0x30, 0x80, 0x64, 0x00, 0x85, 0x27, 0xC5, 0xC4, 0x52, 0x53,
    0xB6, 0x70, 0x27, 0x49, 0xCC, 0x00, 0x36, 0xAF, 0x24, 0x88, 0xBA, 0xD0, 0x8D, 0x1B, 0x4B, 0x3F,
    0x55, 0xE6, 0x2C, 0xC7, 0xB0, 0x14, 0x90, 0x4D, 0x2C, 0xBD, 0x17, 0x03, 0x45, 0xAE, 0xEE, 0x75,
    0x0E, 0xCD, 0x36, 0x42, 0x36, 0x53, 0x22, 0x12, 0x5F, 0x05, 0x70, 0x8F, 0x47, 0xB3, 0x96, 0xA9,
    0x31, 0x07, 0x5F, 0x3D, 0xA8, 0x8E, 0x2A, 0x0B, 0xC9, 0xFC, 0xAE, 0x6F, 0x67, 0x34, 0x47, 0x2C,
    0x76, 0x57, 0xB7, 0xA0, 0x98, 0xA3, 0xDD, 0x15, 0x2D, 0x57, 0x41, 0xF6, 0xD6, 0xBA, 0xA4, 0x2D,
    0xA9, 0xAD, 0x36, 0xB2, 0x34, 0x21, 0xB2, 0x64, 0x3D, 0x39, 0xCF, 0xE2, 0x94, 0xD6, 0xE5, 0xC8,
    0x2B, 0xDD, 0xE7, 0xD3, 0x1D, 0x06, 0x6F, 0xB1, 0x63, 0xAE, 0x46, 0xAA, 0xC8, 0x97, 0xFD, 0x7E,
    0xAF, 0x06, 0x90, 0xD5, 0xE0, 0x53, 0x28, 0x69, 0x04, 0x6B, 0x73, 0xFC, 0xDB, 0x3F, 0x92, 0x7E,
    0xEF, 0xEC, 0xEF, 0xD9, 0xA3, 0x0D, 0xF3, 0xAA, 0x92, 0xDC, 0x89, 0x62, 0xC9, 0x99, 0xB5, 0x79,
    0x16, 0x66, 0xB8, 0x6B, 0x45, 0x0B, 0xA0, 0x5B, 0x5F, 0x9C, 0x80, 0x8F, 0xF5, 0xB6, 0xA2, 0xFC,
    0xB6, 0x8F, 0x11, 0xBD, 0x61, 0xC3, 0xCD, 0xF8, 0x72, 0x47, 0x8E, 0xC5, 0x19, 0xEE, 0xD3, 0xB1,
    0x3A, 0x1F, 0x4F, 0xDB, 0xCE, 0x9C, 0x78, 0x0E, 0x61, 0xC4, 0xA0, 0x7F, 0x1F, 0x3C, 0x1E, 0x40,
    0xE0, 0x3B, 0xFA, 0xDB, 0x3F, 0x1E, 0x36, 0xCC, 0xC6, 0x6C, 0xD6, 0xA9, 0xEE, 0xB6, 0x45, 0x8B,
    0xBC, 0x9E, 0xD0, 0x0A, 0x70, 0x2B, 0x3C, 0xFF, 0x9A, 0xF6, 0xA2, 0x73, 0x54, 0xE6, 0x02, 0xD5,
    0x4E, 0x6C, 0xA4, 0xA9, 0xC9, 0x4A, 0x10, 0xCA, 0xE2, 0xC7, 0xBA, 0x3F, 0x57, 0x01, 0xE3, 0xCE,
    0xDB, 0x3C, 0xCA, 0xD6, 0x74, 0x0C, 0xE9, 0x14, 0x51, 0x44, 0x49, 0x71, 0x20, 0x00, 0x59, 0x50,
    0xBE, 0xB0, 0x72, 0x9F, 0x1B, 0xF3, 0x1B, 0xAB, 0xBD, 0x97, 0x54, 0x59, 0x9E, 0xD4, 0x42, 0x25,
    0x76, 0x55, 0x16, 0x57, 0x72, 0x43, 0x46, 0x3C, 0xAE, 0xC4, 0x7E, 0xD0, 0xC5, 0x84, 0xBB, 0x80,
    0x5B, 0x08, 0x52, 0xC3, 0x31, 0x03, 0x9A, 0x53, 0xA8, 0xA1, 0x89, 0xB6, 0xD4, 0x5E, 0xA2, 0xD1,
    0x39, 0xB0, 0xBD, 0x74, 0x2B, 0x66, 0x31, 0x0F, 0x98, 0x5E, 0xE6, 0xFE, 0x1A, 0x93, 0x04, 0x61,
    0x45, 0x73, 0xD8, 0x05, 0x7D, 0x3D, 0x58, 0xC3, 0xB7, 0xFC, 0x2B, 0xF7, 0x93, 0x9F, 0x1F, 0x57,
    0xD7, 0x60, 0x21, 0x24, 0x1F, 0x40, 0x5D, 0x8D, 0xEC, 0xB2, 0x9D, 0x0F, 0x95, 0x40, 0x1B, 0x28,
    0xAC, 0x3C, 0xD4, 0x27, 0xFA, 0x16, 0x56, 0x14, 0x05, 0x64, 0x84, 0x59, 0x0B, 0x73, 0x45, 0xA1,
    0x76, 0x5C, 0xAB, 0x65, 0xBF, 0x64, 0x05, 0xEE, 0x9F, 0xD5, 0x35, 0x9E, 0x6D, 0x15, 0xF9, 0x18,
    0x7B, 0x65, 0xD2, 0xA4, 0x64, 0x16, 0x0C, 0x67, 0xDA, 0x8B, 0x2D, 0xBC, 0xEA, 0xC4, 0xBB, 0xC4,
    0x0D, 0xC3, 0x49, 0x0D, 0x63, 0x9B, 0x35, 0xA5, 0x25, 0xB0, 0xA7, 0x42, 0x2B, 0x8D, 0xA3, 0x4A,
    0xF4, 0x34, 0x6B, 0xC1, 0xA0, 0x5E, 0x8B, 0xA1, 0x35, 0x0E, 0x4E, 0x24, 0x94, 0x89, 0x0B, 0x5F,
    0x6D, 0x2F, 0xDF, 0x00, 0x26, 0xEE, 0x21, 0x57, 0x72, 0x74, 0x65, 0xA8, 0x07, 0x5E, 0x08, 0x53,
    0xAE, 0x43, 0x7E, 0xBC, 0x92, 0x3A, 0xFB, 0xDB, 0x6B, 0x78, 0xBA, 0x92, 0xEA, 0x3B, 0x63, 0xAE,
    0x64, 0x06, 0x6C, 0xCF, 0x74, 0x25, 0x1D, 0x47, 0x99, 0xB8, 0x92, 0xED, 0xBA, 0x92, 0x27, 0xBC,
    0xD1, 0xE8, 0xA2, 0x51, 0xDE, 0x60, 0xBF, 0x31, 0x1F, 0x74, 0x17, 0x27, 0x9E, 0x64, 0x8C, 0x68,
    0x66, 0x21, 0xA6, 0x3E, 0x80, 0x5B, 0xBC, 0x31, 0xE2, 0xAD, 0xCA, 0xB8, 0xE5, 0xA6, 0x68, 0xB8,
    0xD6, 0x4F, 0x5B, 0xBF, 0x7B, 0x0D, 0xA1, 0x47, 0x81, 0x3F, 0x83, 0x0B, 0x13, 0xB6, 0x71, 0x17,
    0xF3, 0xAB, 0x26, 0x38, 0x3A, 0xAF, 0xF0, 0xDB, 0x8E, 0xC1, 0x60, 0xB5, 0x5E, 0x7F, 0xE1, 0x9E,
    0x95, 0xA1, 0x7F, 0xF7, 0x36, 0xD7, 0xA6, 0x2B, 0xAD, 0xF8, 0x55, 0xEB, 0xA6, 0x9A, 0x5B, 0x70,
    0x3A, 0x43, 0x04, 0x01, 0x65, 0xEE, 0x9A, 0x1C, 0x81, 0x03, 0x05, 0xC0, 0x35, 0x1A, 0x1C, 0xE8,
    0xCE, 0xB8, 0xFA, 0x65, 0x85, 0xB6, 0x59, 0x77, 0xCC, 0xD7, 0x96, 0x10, 0x04, 0x66, 0x2F, 0x12,
    0xD4, 0x70, 0xBD, 0x3C, 0x66, 0x1D, 0x05, 0x23, 0xFA, 0xED, 0xFE, 0xC3, 0xC1, 0x02, 0x68, 0x30,
    0xB2, 0x3A, 0xF9, 0xF1, 0x71, 0x3D, 0x33, 0xF5, 0x18, 0xD7, 0x72, 0x9B, 0xD6, 0xDE, 0x82, 0x0F,
    0x1E, 0x7A, 0xDD, 0x7A, 0xAD, 0x7C, 0x4B, 0x74, 0x0A, 0x2A, 0x55, 0x42, 0xA3, 0x1A, 0x4D, 0xDD,
    0xB0, 0x2F, 0x69, 0x71, 0x54, 0x46, 0x66, 0x92, 0xA1, 0xA8, 0xF2, 0xED, 0x40, 0x60, 0xF2, 0xCE,
    0x0E, 0xD8, 0xE9, 0xCA, 0xB6, 0x33, 0x09, 0x79, 0x57, 0xF4, 0xAF, 0xF3, 0x15, 0x85, 0x82, 0xB5,
    0x43, 0x6A, 0x36, 0x00, 0x66, 0x27, 0xA7, 0x1A, 0x70, 0xDE, 0x45, 0x83, 0xCC, 0xB7, 0xFC, 0x43,
    0xED, 0x3F, 0xC4, 0x1E, 0x6F, 0x23, 0x49, 0x86, 0x78, 0x87, 0xB3, 0xF2, 0x0D, 0x38, 0x27, 0x4E,
    0x9A, 0xE5, 0x25, 0x56, 0x97, 0x58, 0xE6, 0x40, 0x45, 0x01, 0x2C, 0xED, 0x51, 0x59, 0x6A, 0x60,
    0x44, 0x0C, 0xCF, 0x1E, 0xAD, 0xC0, 0xF9, 0x32, 0x93, 0x1D, 0x91, 0xA5, 0x75, 0x4C, 0xC3, 0xB2,
    0xC9, 0xF8, 0xBE, 0x5A, 0x3C, 0x62, 0xED, 0xA8, 0x20, 0xE7, 0xE6, 0x42, 0xD0, 0xBE, 0xCD, 0x77,
    0x65, 0x8F, 0x6D, 0x60, 0xF6, 0x25, 0x53, 0xFE, 0xDC, 0x49, 0xB8, 0x2D, 0xF6, 0x4F, 0xD6, 0xF8,
    0x23, 0x9F, 0xD3, 0x3F, 0x47, 0x5A, 0xBF, 0xA0, 0x3A, 0xCA, 0xC5, 0x16, 0xF3, 0x99, 0x0F, 0xDC,
    0x1A, 0x15, 0x3E, 0x80, 0x82, 0x5E, 0xEF, 0xF9, 0x77, 0x79, 0x57, 0xD7, 0xD5, 0x40, 0x04, 0x3F,
    0xFF, 0x4E, 0x45, 0x70, 0xDD, 0x73, 0xA5, 0x79, 0xE5, 0xB1, 0x13, 0xCD, 0x22, 0x35, 0xA3, 0x84,
    0x0A, 0xCF, 0x86, 0x2A, 0x6C, 0xD4, 0xF4, 0x51, 0x85, 0xD5, 0x5D, 0xDC, 0x52, 0x61, 0xAF, 0xE0,
    0x95, 0xB6, 0xCC, 0xE9, 0x40, 0xA0, 0xC2, 0x48, 0xB2, 0x5E, 0xBA, 0x89, 0x39, 0x72, 0xBF, 0xD6,
    0x13, 0x13, 0xAD, 0x2F, 0x5F, 0x6C, 0x12, 0x5B, 0x34, 0xF6, 0x55, 0x4E, 0xCC, 0xBE, 0xD2, 0x89,
    0x55, 0xB7, 0x9C, 0x58, 0x75, 0x87, 0x13, 0x73, 0xEA, 0xC4, 0xDC, 0x4D, 0x27, 0xF6, 0x45, 0xCD,
    0x82, 0x27, 0x9C, 0xD8, 0xEB, 0x3B, 0xDB, 0x8B, 0xE3, 0x4D, 0x68, 0x84, 0x09, 0x08, 0x9F, 0xAF,
    0x6F, 0x39, 0x17, 0x4B, 0x0E, 0xA4, 0xA7, 0x61, 0x82, 0xBD, 0x15, 0x26, 0xE8, 0x13, 0x7D, 0x2B,
    0x4A, 0x17, 0xD1, 0xB9, 0xDC, 0x0E, 0x13, 0xD4, 0xB9, 0x5C, 0xD3, 0xB9, 0x7C, 0x41, 0xE7, 0xA2,
    0x41, 0xDF, 0xEB, 0x43, 0x7F, 0x8C, 0x45, 0xB8, 0xDC, 0xDA, 0x2F, 0x65, 0xA5, 0x9E, 0x50, 0xA0,
    0x50, 0x88, 0x2A, 0x51, 0xE3, 0x44, 0x40, 0x8D, 0xCC, 0x98, 0xE5, 0xD9, 0x37, 0xB8, 0x54, 0x9B,
    0x16, 0xD0, 0xD8, 0xA3, 0x10, 0x9D, 0x5F, 0x5F, 0x89, 0x47, 0x0B, 0x07, 0x09, 0x6D, 0xBF, 0xC7,
    0x33, 0x7D, 0xB3, 0x9E, 0x7D, 0x40, 0xA9, 0x24, 0x40, 0xC4, 0x77, 0x0F, 0x0A, 0x8F, 0x38, 0x3F,
    0x72, 0x01, 0xF6, 0x24, 0xCB, 0x68, 0xB1, 0xD7, 0xF7, 0xE0, 0xFB, 0x46, 0x9C, 0x81, 0x83, 0xDA,
    0xF1, 0xAC, 0x4D, 0xD1, 0xDE, 0xBA, 0x0A, 0x1C, 0x0D, 0x91, 0x71, 0xD6, 0xEB, 0x07, 0xF5, 0xB3,
    0x87, 0x77, 0xB5, 0x7B, 0xDD, 0x4B, 0x78, 0x9F, 0x0E, 0x6F, 0x0B, 0x5A, 0x00, 0xA8, 0x20, 0xAC,
    0xE5, 0x20, 0xB1, 0x5D, 0x3D, 0xE4, 0xEE, 0xA7, 0x3C, 0xBE, 0xF3, 0x7C, 0x10, 0xED, 0xF9, 0x68,
    0x30, 0xF5, 0x2C, 0x01, 0xEF, 0x59, 0xA9, 0x71, 0x76, 0xED, 0xCF, 0x7F, 0x65, 0x38, 0x5F, 0xE9,
    0xA3, 0xD5, 0x98, 0x91, 0x6B, 0xC4, 0x5A, 0x11, 0x1E, 0x0E, 0xFE, 0x80, 0x98, 0xDF, 0x37, 0x95,
    0x95, 0x42, 0xFE, 0xD6, 0xD5, 0x15, 0x4C, 0x3D, 0xF7, 0x69, 0xFF, 0xCB, 0x6D, 0xA7, 0xD5, 0x62,
    0x9F, 0x11, 0x0F, 0xDB, 0x59, 0x24, 0xCD, 0x87, 0x7C, 0xB6, 0x8B, 0xBD, 0x7F, 0x3D, 0xE9, 0x56,
    0xB4, 0xEB, 0xA9, 0x3A, 0x3D, 0xBD, 0x54, 0x37, 0x32, 0x50, 0x56, 0xC9, 0x50, 0x32, 0x6C, 0x8E,
    0x00, 0x21, 0xC1, 0x21, 0x50, 0x21, 0x20, 0x82, 0x71, 0x11, 0x72, 0xE4, 0xCF, 0x8D, 0x31, 0x8E,
    0x7D, 0x06, 0x6E, 0x42, 0x56, 0xE2, 0xFE, 0x68, 0x99, 0x61, 0x94, 0xDC, 0xDF, 0x7C, 0xED, 0x40,
    0x65, 0xFD, 0xF3, 0xDE, 0x5D, 0x21, 0x3F, 0x7E, 0xDE, 0x59, 0x3D, 0xAF, 0x86, 0xCA, 0x36, 0x77,
    0xA1, 0x73, 0x3D, 0xD4, 0x55, 0xB2, 0x0C, 0x21, 0xDA, 0x9F, 0xF8, 0x63, 0x21, 0xCC, 0x3E, 0xA3,
    0x49, 0xF3, 0x0B, 0xB9, 0x07, 0x93, 0x86, 0x7B, 0x3C, 0x62, 0x97, 0x2C, 0x3C, 0x6B, 0x07, 0xA6,
    0x28, 0x9B, 0x3A, 0x54, 0x0F, 0xEC, 0x00, 0x1C, 0xB9, 0x3F, 0x0C, 0x3B, 0x6F, 0x99, 0x41, 0xE0,
    0x8E, 0xCF, 0x5F, 0x8D, 0xDB, 0xDB, 0xFC, 0x25, 0x4F, 0x21, 0xFF, 0xDA, 0xD1, 0x16, 0x09, 0x5D,
    0x6B, 0xA8, 0x06, 0xCC, 0x19, 0x13, 0xEA, 0x62, 0x60, 0x29, 0x0F, 0xCC, 0xED, 0xFC, 0x79, 0x2C,
    0x30, 0xBD, 0x91, 0xB7, 0x01, 0x0B, 0x39, 0xA2, 0x80, 0xF1, 0xE2, 0xCB, 0x38, 0x31, 0xD2, 0x82,
    0x8A, 0xD5, 0x9B, 0x06, 0xB3, 0xAF, 0x5B, 0x1C, 0xF2, 0xA4, 0xF3, 0x55, 0x3F, 0x84, 0xA3, 0x31,
    0x98, 0xED, 0xA4, 0x87, 0x44, 0xB4, 0x6C, 0xA3, 0x55, 0x1B, 0x46, 0xC7, 0x4E, 0x13, 0xD9, 0xF1,
    0x68, 0xFF, 0xB7, 0xBB, 0x75, 0x60, 0xB1, 0x3A, 0x1C, 0x58, 0x5C, 0x0E, 0xA7, 0x1C, 0xB5, 0x14,
    0xF3, 0xDE, 0x27, 0x3E, 0x83, 0xB9, 0x09, 0x7C, 0x31, 0x91, 0xA5, 0x9B, 0xED, 0x7C, 0x8D, 0x16,
    0x29, 0xE6, 0x93, 0xC3, 0x37, 0xDB, 0xA9, 0xA4, 0xC3, 0xC9, 0x9C, 0x0D, 0x4B, 0x79, 0x00, 0xAA,
    0xC7, 0xF7, 0x1A, 0x6E, 0x5E, 0x69, 0x75, 0xBC, 0xA4, 0x1B, 0x42, 0x76, 0xC8, 0xAB, 0xF3, 0x57,
    0x7F, 0xB8, 0x72, 0x3D, 0xB3, 0xCB, 0x02, 0xAA, 0xF3, 0x26, 0x64, 0x41, 0x94, 0x59, 0x69, 0x60,
    0x9F, 0xDF, 0x68, 0x7F, 0x13, 0x47, 0xEA, 0xCF, 0xE3, 0x46, 0xBE, 0xF4, 0x21, 0xC2, 0x88, 0x53,
    0xD1, 0x62, 0xA2, 0xDE, 0xC1, 0x57, 0x67, 0x94, 0x55, 0xCA, 0xA4, 0x62, 0xF1, 0xB5, 0xD4, 0x95,
    0xB6, 0xE2, 0x55, 0x57, 0xAB, 0x74, 0xA7, 0x3C, 0x05, 0xD0, 0xB3, 0x0C, 0x81, 0xEA, 0x52, 0xBA,
    0x5C, 0xEA, 0x39, 0xE5, 0xF6, 0xD5, 0x7D, 0xD5, 0x0B, 0x69, 0x19, 0xC6, 0x69, 0x19, 0x02, 0x51,
    0xD9, 0x96, 0x53, 0xC6, 0x4B, 0x99, 0xB6, 0x99, 0xD8, 0x39, 0x1E, 0x9D, 0x6B, 0xE0, 0xE4, 0xAA,
    0x1A, 0x85, 0xDE, 0x7F, 0x32, 0xE7, 0xA3, 0xF9, 0x1F, 0xDD, 0x5B, 0xBB, 0x8F, 0xE6, 0x56, 0x15,
    0x3F, 0xB6, 0x99, 0x31, 0xAC, 0x25, 0xBC, 0x05, 0x8B, 0xD0, 0xAE, 0x84, 0x29, 0x28, 0x50, 0x10,
    0xF8, 0x1F, 0x20, 0x6B, 0x47, 0x14, 0x14, 0x14, 0x6C, 0xB1, 0x93, 0x96, 0x86, 0x82, 0xA7, 0x96,
    0x82, 0x82, 0x82, 0x8D, 0x8D, 0x52, 0x50, 0x50, 0xB0, 0x42, 0x40, 0x41, 0x0A, 0x52, 0x6C, 0xB3,
    0x43, 0x31, 0x2D, 0x48, 0x49, 0xEC, 0x28, 0x05, 0x12, 0x14, 0x78, 0x15, 0x45, 0x14, 0x14, 0x18,
    0x69, 0x23, 0x24, 0x28, 0xD6, 0x08, 0x2F, 0x78, 0x12, 0xDB, 0x97, 0xDF, 0xEF, 0x1C, 0x7F, 0xAF,
    0x99, 0xD9, 0x10, 0x12, 0xD8, 0xD7, 0xE7, 0xF9, 0xCE, 0xF5, 0x67, 0x5F, 0x5F, 0x9F, 0xD7, 0x3D,
    0xAF, 0x7B, 0xC7, 0x93, 0xB8, 0xCB, 0xFA, 0x6C, 0xC8, 0x86, 0xB4, 0xDB, 0x2F, 0x45, 0x3F, 0xFB,
    0x65, 0x5C, 0xC7, 0x0D, 0x8E, 0x36, 0xE1, 0xD1, 0x25, 0x5D, 0x7A, 0xE2, 0xB8, 0xF8, 0xA2, 0xC8,
    0x05, 0x76, 0xAD, 0xD6, 0xC0, 0xE5, 0x22, 0x91, 0x9B, 0xF0, 0xCB, 0xB9, 0xD2, 0x77, 0xCE, 0x75,
    0x21, 0x40, 0x1F, 0xCF, 0x45, 0xD2, 0xA6, 0x43, 0xE6, 0xD7, 0x59, 0x97, 0x89, 0x64, 0x0D, 0x40,
    0x51, 0xEF, 0x02, 0x5E, 0xCB, 0x5A, 0x02, 0x74, 0xC9, 0x93, 0x31, 0x0B, 0xEB, 0xD8, 0x55, 0xD7,
    0xBA, 0x80, 0x03, 0x78, 0x00, 0xAD, 0x64, 0x0E, 0xE3, 0xEF, 0xBB, 0x3B, 0x3B, 0xAF, 0x54, 0x70,
    0xF1, 0x26, 0x00, 0xDE, 0x57, 0x8B, 0x24, 0xE8, 0x2E, 0xEC, 0x3A, 0x02, 0x9D, 0xE3, 0xA3, 0x4E,
    0x3C, 0x57, 0x07, 0x25, 0x6E, 0x8A, 0x76, 0x21, 0x0C, 0xE6, 0x0D, 0xF4, 0xE7, 0xCD, 0xF5, 0x02,
    0x6F, 0xD9, 0x85, 0x40, 0x8B, 0x37, 0x32, 0x85, 0x69, 0xAB, 0xB0, 0x23, 0x4C, 0xEC, 0xDC, 0xAE,
    0xE3, 0xAD, 0xE2, 0x55, 0x44, 0x2B, 0x75, 0xEE, 0xC6, 0x35, 0x71, 0xFC, 0xD4, 0x19, 0x61, 0xF3,
    0xD9, 0xFC, 0x12, 0xB1, 0x16, 0xF9, 0xC6, 0x8B, 0xC6, 0x57, 0x1F, 0x1C, 0x92, 0xB8, 0xBE, 0x9A,
    0xD4, 0xD9, 0xDB, 0xE0, 0x0F, 0x7B, 0xB5, 0x31, 0x40, 0x19, 0xB8, 0x17, 0x9C, 0x84, 0xA3, 0x00,
    0x0C, 0x52, 0xE5, 0x11, 0x40, 0x49, 0x90, 0xF3, 0x5A, 0x1E, 0xB8, 0x2F, 0x38, 0xB0, 0x16, 0xFD,
    0x52, 0x3E, 0x61, 0x8F, 0xFD, 0xF9, 0x56, 0x52, 0x82, 0xB6, 0x7D, 0x1B, 0xF9, 0x02, 0x5F, 0x73,
    0x20, 0x05, 0xC8, 0x0F, 0x5C, 0x9E, 0x8E, 0x14, 0x85, 0xC4, 0xA0, 0x22, 0x19, 0x79, 0x41, 0xB2,
    0x9E, 0xBC, 0x90, 0x0A, 0x04, 0xB8, 0x4E, 0xC8, 0xAB, 0x6C, 0x08, 0x1C, 0xC4, 0x9D, 0x4C, 0x21,
    0x69, 0x8D, 0x5C, 0x3C, 0x92, 0x2F, 0xEE, 0x68, 0x20, 0x41, 0x40, 0x4E, 0xF9, 0xCB, 0x8E, 0x64,
    0xA8, 0xEA, 0x45, 0xAC, 0x8C, 0x4A, 0x9C, 0xB2, 0x3A, 0xDD, 0x69, 0x24, 0x52, 0x56, 0x4A, 0x34,
    0xBD, 0x63, 0x97, 0x7C, 0xDD, 0x65, 0xA7, 0xC9, 0xEA, 0x77, 0x3A, 0x64, 0xFD, 0xB9, 0x90, 0xBF,
    0x53, 0xBF, 0xA7, 0x4A, 0xF1, 0x0E, 0x6F, 0xF0, 0x7D, 0x18, 0xD3, 0x98, 0x0A, 0x19, 0x84, 0xEE,
    0x19, 0xB0, 0x72, 0x94, 0x0F, 0x4B, 0x44, 0x02, 0x15, 0x84, 0xB3, 0x92, 0x7A, 0x47, 0x09, 0xBD,
    0x41, 0xDD, 0x99, 0x84, 0x62, 0xA8, 0xD3, 0xE3, 0x0A, 0x52, 0x69, 0xF7, 0x5D, 0x0F, 0xD9, 0xA7,
    0x03, 0x40, 0x3C, 0x80, 0x73, 0x71, 0x0F, 0x0E, 0xA4, 0x5D, 0xE2, 0x66, 0xD7, 0x52, 0xA7, 0x4B,
    0x30, 0x06, 0x43, 0xEC, 0xAB, 0x70, 0x2F, 0x29, 0x71, 0x0A, 0x8A, 0x3A, 0xCA, 0x01, 0xA0, 0x1F,
    0xD4, 0x80, 0x23, 0x57, 0x92, 0x11, 0x1C, 0x7E, 0x24, 0x56, 0x37, 0x8C, 0x08, 0x0F, 0x47, 0xDA,
    0xA4, 0x4D, 0xD1, 0xAD, 0x8E, 0xAC, 0xE3, 0x6F, 0xBB, 0xBB, 0x77, 0x98, 0x1B, 0xE3, 0x27, 0x15,
    0x8A, 0x72, 0x2E, 0x3B, 0xF6, 0x28, 0x57, 0xBC, 0x0C, 0x0A, 0x1B, 0x90, 0x80, 0x22, 0x8F, 0x3A,
    0xAF, 0x2A, 0x93, 0x3A, 0xAE, 0x13, 0x37, 0x44, 0x6D, 0x9A, 0x17, 0x6E, 0x0C, 0x30, 0x77, 0xDC,
    0xDB, 0x83, 0x37, 0x3C, 0x17, 0x38, 0xF9, 0xB6, 0x8C, 0x2F, 0x6B, 0xD7, 0x97, 0x5E, 0x0A, 0x29,
    0xD1, 0x97, 0xC6, 0x08, 0x43, 0xC8, 0x75, 0x6B, 0x5E, 0x5E, 0x2E, 0x5A, 0x97, 0x11, 0x0F, 0xE4,
    0xDF, 0x91, 0x11, 0x8F, 0xBB, 0xC1, 0x1F, 0xD2, 0x52, 0x07, 0x8B, 0x9B, 0x88, 0x43, 0x87, 0x9D,
    0x7C, 0x3D, 0x4F, 0x6B, 0x7F, 0xB2, 0xE9, 0x56, 0x95, 0x12, 0xE2, 0x34, 0x9D, 0x9F, 0xA5, 0x2A,
    0x19, 0x33, 0x44, 0xAE, 0xB9, 0x41, 0xB1, 0x3F, 0x58, 0x04, 0xE5, 0xCD, 0x59, 0x19, 0x93, 0x9F,
    0x9C, 0x0A, 0x4D, 0x55, 0x17, 0x65, 0x56, 0x17, 0xF9, 0xF2, 0x2D, 0x29, 0xAC, 0xA2, 0x4E, 0xFF,
    0xE9, 0x6A, 0xF6, 0x09, 0x67, 0x88, 0xF8, 0x0A, 0x1E, 0xFA, 0x10, 0x75, 0x39, 0x85, 0xE5, 0xA1,
    0x51, 0x68, 0x40, 0x6E, 0x55, 0x06, 0xB3, 0x07, 0xC5, 0x1F, 0x83, 0x49, 0x92, 0x2E, 0x1E, 0x60,
    0x22, 0x30, 0x01, 0x61, 0x2C, 0x60, 0x0D, 0xBA, 0x04, 0x62, 0x19, 0x20, 0xCD, 0x60, 0xC2, 0x5C,
    0x46, 0x2F, 0x70, 0xA7, 0xC2, 0xC8, 0xD0, 0x25, 0xB0, 0x3F, 0x96, 0x28, 0x37, 0x8D, 0x39, 0xC0,
    0xE7, 0x8A, 0xCE, 0xC6, 0xFE, 0x34, 0x54, 0xA5, 0x7E, 0x57, 0xD0, 0x41, 0xF4, 0xAB, 0x3F, 0x8C,
    0x28, 0xFB, 0x73, 0xCE, 0x69, 0xC1, 0x49, 0xF5, 0xF3, 0x59, 0xC2, 0x9E, 0x78, 0xFF, 0xF6, 0x30,
    0x6A, 0xD2, 0xC8, 0xBD, 0xD6, 0x5D, 0x8E, 0xFE, 0x70, 0xBB, 0x7B, 0x3A, 0x7A, 0xBE, 0xE9, 0x3F,
    0x17, 0xB9, 0x7A, 0x00, 0x90, 0xFE, 0xE9, 0xE8, 0x47, 0x79, 0x7F, 0x39, 0xFA, 0xE1, 0xAB, 0x5D,
    0xF2, 0xC5, 0x1F, 0xBC, 0xDE, 0xC6, 0xD0, 0xAC, 0x3A, 0x18, 0x20, 0x48, 0xA1, 0xF2, 0x41, 0x3B,
    0x60, 0x53, 0xBC, 0x5B, 0xC6, 0x3D, 0x98, 0x9F, 0xF5, 0x57, 0x3F, 0x17, 0x21, 0x79, 0x70, 0x38,
    0x82, 0xD2, 0x25, 0x6F, 0xBA, 0x3C, 0x2B, 0x71, 0xE4, 0xB0, 0x21, 0x82, 0x2F, 0x64, 0x03, 0x5D,
    0x22, 0xB7, 0xA1, 0xD1, 0x90, 0x66, 0xD5, 0x2E, 0xA6, 0xE6, 0xD6, 0xCA, 0xCC, 0x9D, 0x01, 0x94,
    0xFA, 0x13, 0xE0, 0xBE, 0x9D, 0x37, 0x9F, 0x6A, 0xD5, 0x79, 0xD8, 0x00, 0xBB, 0x73, 0x08, 0xE4,
    0x9A, 0x14, 0x73, 0xE7, 0x85, 0xFE, 0xE3, 0x41, 0x2F, 0x50, 0x9A, 0x18, 0x42, 0xAA, 0xCD, 0x9E,
    0x25, 0xB4, 0xDE, 0x60, 0xF9, 0x90, 0xBA, 0x61, 0xEF, 0x20, 0x8F, 0x5D, 0x83, 0xBF, 0x73, 0x47,
    0x8D, 0x14, 0xE2, 0x8F, 0x78, 0xB0, 0x0C, 0x5D, 0xEB, 0x45, 0x9D, 0xE0, 0xC1, 0xA0, 0xFF, 0xF0,
    0x35, 0x98, 0xC5, 0x26, 0x81, 0x38, 0xAF, 0xEA, 0xC8, 0xDF, 0x83, 0x32, 0xA1, 0x4F, 0x9E, 0x4E,
    0x52, 0x35, 0x72, 0x59, 0xE4, 0xBC, 0x9A, 0xE4, 0xA4, 0x7B, 0x5F, 0x80, 0x1A, 0x94, 0x41, 0x97,
    0xBA, 0x6C, 0xF0, 0x68, 0x87, 0x8F, 0xD4, 0x18, 0xDF, 0x25, 0xF8, 0x45, 0x97, 0xDD, 0x9D, 0xD0,
    0xE5, 0x76, 0xBE, 0xD8, 0xFE, 0xB3, 0x80, 0x6A, 0xD6, 0x15, 0x35, 0x6D, 0x23, 0xFD, 0x93, 0x1B,
    0x43, 0x85, 0x10, 0xC3, 0x5F, 0x8F, 0x46, 0xAA, 0x7D, 0x3C, 0x66, 0x5B, 0xB0, 0x38, 0x75, 0xC5,
    0xA0, 0xF5, 0x8C, 0x15, 0x06, 0x0A, 0xC5, 0xE0, 0xBE, 0x42, 0x79, 0xEF, 0x70, 0x3F, 0x4F, 0x41,
    0x61, 0xD1, 0xC3, 0xB8, 0xB4, 0x7B, 0xE2, 0xB7, 0x12, 0xD6, 0x12, 0x97, 0x30, 0x6A, 0x98, 0xBB,
    0x36, 0x93, 0x31, 0x7B, 0xA5, 0x18, 0x25, 0x5B, 0xEC, 0x92, 0x3F, 0xA6, 0x63, 0x31, 0x66, 0xE3,
    0xDE, 0xE8, 0x9D, 0x38, 0x70, 0xF3, 0x29, 0xD3, 0xC0, 0x98, 0x1A, 0xF8, 0x67, 0x47, 0x33, 0x4C,
    0x1D, 0x04, 0x4C, 0x79, 0x56, 0xA7, 0x98, 0xD5, 0xF1, 0x5B, 0x10, 0x36, 0x74, 0xD9, 0xA3, 0xEB,
    0xD8, 0x83, 0x75, 0xA4, 0xB7, 0xA3, 0x9A, 0x42, 0x0F, 0xE0, 0x3D, 0x31, 0x81, 0x39, 0x63, 0x43,
    0xCE, 0x58, 0x78, 0x5C, 0xCE, 0xD8, 0x92, 0x66, 0xB2, 0xE5, 0x6C, 0x6F, 0x39, 0xDB, 0x6B, 0xCE,
    0x76, 0x38, 0x3C, 0xCC, 0xF6, 0xB8, 0x83, 0xF3, 0xCB, 0x9A, 0x04, 0x12, 0xC2, 0x1B, 0x36, 0xD3,
    0x79, 0xF5, 0xF1, 0x89, 0xD3, 0x05, 0xFA, 0x36, 0x10, 0x2B, 0xD9, 0xA8, 0x8A, 0xCA, 0x5F, 0x18,
    0xFE, 0x83, 0x68, 0x62, 0xA0, 0x30, 0x32, 0xA4, 0xD0, 0xA6, 0xA8, 0xB5, 0xE1, 0x64, 0x1A, 0x4D,
    0xA3, 0x47, 0x76, 0x64, 0xC3, 0x8E, 0x68, 0x54, 0xA6, 0xA3, 0x76, 0xD4, 0x11, 0x19, 0x07, 0xD1,
    0xE8, 0x34, 0x3A, 0x22, 0xE3, 0x00, 0x74, 0x74, 0x0D, 0x85, 0x1F, 0xB0, 0x81, 0xA1, 0x67, 0xE3,
    0x24, 0xFD, 0x7D, 0xC3, 0x8E, 0x05, 0xE6, 0x33, 0x3D, 0xF5, 0xD1, 0xB1, 0x76, 0x04, 0x97, 0x30,
    0x22, 0x7D, 0x04, 0x47, 0xC4, 0x3D, 0xBE, 0x3A, 0x6E, 0x82, 0x49, 0x1B, 0xB9, 0x3F, 0x29, 0x39,
    0x49, 0xF1, 0x77, 0x49, 0xE9, 0x15, 0xF9, 0x74, 0x97, 0x94, 0x9C, 0x8D, 0x7F, 0x16, 0x29, 0x1A,
    0xA8, 0x6C, 0x91, 0x02, 0xAF, 0x88, 0x8E, 0x1E, 0x8D, 0x5D, 0x08, 0x25, 0x55, 0xE6, 0xC4, 0xF7,
    0x68, 0x72, 0xDA, 0xA0, 0x9C, 0x6D, 0xC4, 0x49, 0x99, 0x13, 0xD8, 0x88, 0x18, 0x87, 0x23, 0x62,
    0xF2, 0x72, 0x44, 0xA7, 0xAF, 0x86, 0xA5, 0x62, 0x47, 0x8A, 0xDF, 0xA9, 0x5B, 0x62, 0x47, 0x34,
    0x98, 0xCD, 0x30, 0x5B, 0x57, 0xE0, 0xF0, 0x19, 0x7C, 0x75, 0x68, 0x1B, 0x7D, 0xF2, 0x5C, 0x55,
    0xAB, 0xAB, 0xC0, 0x0C, 0xA7, 0xA4, 0xC5, 0x1F, 0x74, 0x78, 0xCE, 0x75, 0x81, 0x64, 0xA1, 0x27,
    0x54, 0x08, 0xDC, 0xC3, 0xAC, 0x57, 0x07, 0x8F, 0xA9, 0xCF, 0xEE, 0x68, 0xD9, 0x5D, 0x60, 0x04,
    0xD4, 0x33, 0xC1, 0x12, 0xB0, 0x3B, 0xC6, 0xCD, 0x93, 0xCE, 0x43, 0x9C, 0x77, 0x05, 0xDD, 0x03,
    0xB5, 0x39, 0x55, 0x19, 0x5B, 0xA4, 0x82, 0x40, 0x46, 0x74, 0xF4, 0x8A, 0x6D, 0x34, 0x78, 0xB3,
    0x3E, 0xD1, 0x05, 0xF7, 0x06, 0x0D, 0x2D, 0xE2, 0xDB, 0x83, 0x76, 0x4F, 0xFF, 0x36, 0x97, 0xEC,
    0x9E, 0xD0, 0xA7, 0xA2, 0x3B, 0x27, 0x9D, 0x70, 0x0C, 0x4A, 0x80, 0xC8, 0x10, 0x49, 0x22, 0xE3,
    0x0F, 0x5B, 0xE2, 0xF9, 0xC8, 0x2A, 0xB2, 0xF5, 0x49, 0xE2, 0x06, 0xE8, 0x35, 0xF9, 0xD4, 0xAE,
    0x2C, 0xBF, 0xB6, 0x89, 0x85, 0x19, 0x65, 0x38, 0xF5, 0x11, 0x39, 0x83, 0x8C, 0x1C, 0xBF, 0xA8,
    0x45, 0x94, 0x58, 0xAA, 0x78, 0x75, 0x5B, 0x20, 0x26, 0x80, 0x1D, 0x87, 0x06, 0x21, 0xC8, 0xB8,
    0xEB, 0x6A, 0x3A, 0xFE, 0xDC, 0xE2, 0x86, 0x62, 0xE3, 0x19, 0x3E, 0x68, 0x6F, 0x49, 0x6C, 0x2E,
    0x64, 0xBD, 0x39, 0x0B, 0xB3, 0xD0, 0x97, 0x9C, 0xE9, 0xD5, 0x22, 0x77, 0x7F, 0x7B, 0xBE, 0x78,
    0x66, 0x49, 0x43, 0xEB, 0x69, 0x51, 0x1C, 0x1A, 0xED, 0x92, 0xAE, 0x22, 0xBC, 0xDA, 0x3C, 0x8F,
    0x7A, 0x0F, 0x77, 0xA4, 0xD1, 0x9F, 0xFB, 0x72, 0xAF, 0xE1, 0xB1, 0x45, 0x86, 0xB3, 0x85, 0x4E,
    0x93, 0x0E, 0x03, 0x9F, 0xAC, 0x3A, 0x3D, 0xF8, 0x1C, 0x06, 0x5E, 0x99, 0x61, 0x40, 0x66, 0x81,
    0x65, 0xD1, 0xAA, 0x13, 0xA2, 0xB3, 0xE8, 0x16, 0x57, 0x23, 0x9E, 0xF9, 0x8A, 0x40, 0x8D, 0xA4,
    0x62, 0x82, 0xC0, 0x8F, 0x03, 0x62, 0x98, 0xD8, 0x1A, 0x38, 0x74, 0x74, 0x2B, 0x95, 0x27, 0x6A,
    0x17, 0x84, 0x06, 0x1F, 0xD7, 0x8C, 0x94, 0xC8, 0x08, 0xD3, 0x4B, 0x60, 0x66, 0x67, 0xC8, 0x6B,
    0x5C, 0x9A, 0xDC, 0xD1, 0x5B, 0x1F, 0xDA, 0x91, 0xC5, 0x63, 0x4D, 0xF4, 0xA2, 0x82, 0x0B, 0xD6,
    0x85, 0xCA, 0xD6, 0xB3, 0xD0, 0x3C, 0x18, 0xD4, 0x62, 0x48, 0x29, 0x9F, 0x78, 0x52, 0xA8, 0xDD,
    0xB3, 0x4C, 0xD2, 0xDD, 0x79, 0x45, 0xC3, 0x72, 0x0D, 0x7D, 0x43, 0x55, 0x7E, 0x89, 0xDA, 0x6B,
    0x9D, 0x9C, 0xFA, 0x3C, 0xCE, 0xD4, 0x7A, 0x37, 0xBD, 0x5F, 0xE9, 0x6B, 0xD5, 0x11, 0xC5, 0x2E,
    0xD2, 0xD7, 0xCE, 0xDA, 0x2C, 0x17, 0xBD, 0x17, 0xE5, 0xE6, 0x13, 0xA7, 0xC9, 0xF9, 0x16, 0x9E,
    0x97, 0x23, 0x9D, 0xC5, 0xD7, 0x83, 0x66, 0xEB, 0xD7, 0x42, 0x4A, 0xE4, 0x1E, 0x67, 0x63, 0x25,
    0x1E, 0xB2, 0x83, 0xAB, 0x86, 0xB2, 0x69, 0x30, 0xAB, 0x11, 0x76, 0x52, 0x2D, 0x27, 0x16, 0x2F,
    0xAA, 0xAA, 0x8F, 0x26, 0xE1, 0x68, 0x75, 0x92, 0xAC, 0x4E, 0xB2, 0xBF, 0x2D, 0x27, 0xEE, 0x77,
    0x76, 0xE2, 0xBB, 0x2F, 0xDA, 0x09, 0x48, 0x9B, 0x0E, 0xE8, 0x76, 0xE3, 0x91, 0x5E, 0x02, 0x2F,
    0x4D, 0xFB, 0xE5, 0xA4, 0x68, 0x97, 0x13, 0x38, 0x90, 0xF9, 0xF0, 0x90, 0x89, 0x6D, 0xAE, 0x7C,
    0xC0, 0x6C, 0x3A, 0x3C, 0x1A, 0xCF, 0xC6, 0xAA, 0x58, 0x9D, 0xB8, 0x37, 0x0E, 0xBE, 0x6C, 0x58,
    0x2D, 0x59, 0x32, 0x53, 0x73, 0x0E, 0x38, 0x26, 0xE3, 0x72, 0x42, 0x72, 0xF5, 0x84, 0xB4, 0x46,
    0xF6, 0xA0, 0x77, 0x2B, 0xD7, 0x51, 0x8E, 0x57, 0xD9, 0x60, 0xAA, 0x3C, 0xAC, 0x2C, 0x32, 0x9E,
    0x9F, 0xA9, 0x46, 0x46, 0x4C, 0x51, 0x47, 0x49, 0x7A, 0x75, 0xAC, 0x59, 0xBF, 0x7A, 0xC0, 0xC5,
    0x81, 0x29, 0x0B, 0x17, 0x58, 0xB4, 0x1B, 0xB8, 0x7D, 0xDD, 0x7A, 0xA6, 0x46, 0xC1, 0xB4, 0x56,
    0x88, 0x3A, 0x80, 0x06, 0x84, 0x2D, 0xFC, 0xE4, 0x4F, 0xAB, 0xE5, 0x8D, 0xCB, 0xDB, 0x97, 0xBC,
    0xB4, 0xD0, 0xF4, 0xC4, 0xBF, 0xA7, 0x7C, 0xD3, 0x51, 0xAD, 0x4C, 0x11, 0x99, 0xDF, 0xB0, 0xD2,
    0x82, 0x55, 0x70, 0x54, 0xA5, 0x12, 0xB7, 0xE5, 0x4E, 0x34, 0x1B, 0xD7, 0x77, 0x95, 0x6B, 0xA7,
    0x6D, 0x25, 0x2E, 0x8E, 0x74, 0x4D, 0x4D, 0xF2, 0x52, 0x2E, 0x63, 0x96, 0x99, 0x93, 0x91, 0xED,
    0x49, 0xD0, 0xAC, 0xCA, 0x48, 0x67, 0x82, 0xBF, 0x1E, 0xDE, 0xB2, 0x5A, 0xD3, 0x0E, 0x98, 0xE5,
    0x3F, 0x3C, 0xF6, 0x26, 0x52, 0x0F, 0x76, 0xEE, 0x4E, 0x00, 0xF5, 0x0A, 0x40, 0x50, 0x3B, 0x75,
    0x94, 0x64, 0x4F, 0x9A, 0x6E, 0x2C, 0x69, 0xEC, 0xDE, 0xBA, 0x8C, 0xF2, 0x88, 0xA0, 0xEB, 0x4D,
    0x2B, 0x59, 0x68, 0xFA, 0xEB, 0xEE, 0x8E, 0xB8, 0xC4, 0x8B, 0x57, 0x2C, 0xEC, 0x7A, 0x74, 0x30,
    0xFD, 0x15, 0x8E, 0xC0, 0x05, 0x4C, 0x70, 0x02, 0xA4, 0x28, 0x04, 0xC1, 0xCC, 0x89, 0x72, 0x53,
    0xBE, 0xF2, 0x68, 0x61, 0xCA, 0x42, 0x0A, 0x63, 0x5A, 0x70, 0x55, 0xC5, 0x5F, 0xB1, 0x4E, 0x45,
    0x3E, 0x7F, 0x6C, 0x9D, 0xB5, 0x16, 0xD6, 0x79, 0xFD, 0xD5, 0x49, 0xF6, 0x3E, 0xBF, 0x17, 0x8A,
    0x7B, 0xA7, 0xC7, 0xD5, 0x80, 0xF5, 0x65, 0xDA, 0x05, 0x9D, 0x3A, 0x1E, 0x6D, 0x04, 0x67, 0xD0,
    0x15, 0x79, 0xF0, 0xB8, 0x30, 0x95, 0x43, 0x82, 0xE0, 0x83, 0xB5, 0xF1, 0xEC, 0xEA, 0xA4, 0x49,
    0x9A, 0xBD, 0x25, 0xB4, 0x7C, 0x90, 0x78, 0x44, 0x65, 0x54, 0xB2, 0xF2, 0x50, 0x74, 0x59, 0xCF,
    0x6F, 0xD6, 0x66, 0xDD, 0xB9, 0x7C, 0xFF, 0x81, 0xE3, 0xE1, 0xA9, 0x0B, 0x51, 0x3B, 0xD9, 0x5A,
    0x33, 0x5B, 0x03, 0x5B, 0x1D, 0x9A, 0x17, 0x0C, 0xE7, 0x83, 0x67, 0xE9, 0xFE, 0xB4, 0x3A, 0xA5,
    0x4D, 0x04, 0xD5, 0x9F, 0x54, 0xB7, 0xD8, 0xC0, 0xCB, 0x58, 0xD3, 0x68, 0x53, 0x35, 0x05, 0x03,
    0xB7, 0xA2, 0x3D, 0xB3, 0x59, 0xBA, 0x6C, 0x3D, 0xE7, 0x59, 0x13, 0xD8, 0x60, 0x91, 0xBD, 0x01,
    0xC9, 0x4C, 0x38, 0x1F, 0xFE, 0x92, 0xAF, 0x75, 0xAA, 0xCE, 0xDA, 0xD4, 0xDA, 0x4C, 0x86, 0xA0,
    0x56, 0x2B, 0xAE, 0xB2, 0x38, 0x14, 0xB8, 0x1F, 0x0F, 0xEA, 0xD1, 0x7A, 0xAD, 0x31, 0x83, 0xD8,
    0xF4, 0xFB, 0x55, 0xBD, 0x13, 0x28, 0x5E, 0xD0, 0xF0, 0x89, 0x53, 0x26, 0x9C, 0x68, 0x11, 0x01,
    0x47, 0x85, 0xB3, 0x42, 0xA6, 0x65, 0x80, 0xB5, 0xC2, 0x4E, 0xE1, 0x40, 0xF8, 0xA7, 0x89, 0xF0,
    0x77, 0xC4, 0xA9, 0x78, 0x8D, 0x78, 0x16, 0xB5, 0x6B, 0x09, 0x8B, 0x1E, 0xB0, 0x49, 0x47, 0xC2,
    0xD8, 0x11, 0x06, 0xEE, 0x79, 0x40, 0xCF, 0xBD, 0x0E, 0x28, 0xD5, 0x3F, 0x08, 0x53, 0x47, 0x18,
    0x2B, 0x0C, 0x14, 0x7A, 0x0A, 0xA5, 0x52, 0x98, 0x29, 0x8C, 0x27, 0xC3, 0x4A, 0xD7, 0x04, 0x64,
    0x65, 0xB5, 0x45, 0xE3, 0x8B, 0x4D, 0x66, 0xB3, 0xE4, 0x39, 0xCB, 0xEA, 0xC3, 0xDA, 0xDF, 0xD8,
    0x1A, 0xCD, 0xC9, 0x4A, 0x71, 0x63, 0x5E, 0x7D, 0xB0, 0x30, 0x66, 0x86, 0x9C, 0x8E, 0x61, 0x4B,
    0x60, 0xAD, 0xC8, 0xBF, 0x5A, 0xFD, 0xAF, 0x6B, 0xB5, 0xCE, 0x50, 0x75, 0xE6, 0xCE, 0x7A, 0x75,
    0xAF, 0xE9, 0xA0, 0x4D, 0x3C, 0x2E, 0x8D, 0xFA, 0xDF, 0x75, 0xB3, 0x7D, 0x2F, 0x19, 0xD4, 0x13,
    0xA7, 0x83, 0xBA, 0xE2, 0xAC, 0x53, 0x5F, 0x0C, 0xA5, 0x66, 0x65, 0xDA, 0x35, 0xF4, 0xC6, 0x91,
    0xAB, 0xE1, 0xF4, 0x0F, 0x2A, 0x67, 0xE1, 0xCE, 0x64, 0x6B, 0x01, 0xBA, 0x28, 0x71, 0x76, 0xA5,
    0xD8, 0x92, 0xBB, 0xD0, 0xE8, 0xB3, 0xE5, 0x15, 0xDF, 0xBA, 0xC4, 0x96, 0xD1, 0x46, 0xC3, 0xE9,
    0x84, 0xF6, 0xC9, 0xA0, 0xFD, 0x15, 0x23, 0xDD, 0x82, 0xD9, 0x64, 0x59, 0x70, 0xB9, 0xAB, 0xE1,
    0xCD, 0x6C, 0x37, 0xCF, 0xAF, 0x52, 0xFE, 0x27, 0x86, 0xE8, 0xBD, 0x5C, 0xA3, 0x90, 0x62, 0xC8,
    0x48, 0x8B, 0x2D, 0xB3, 0xF9, 0x6A, 0x7C, 0x24, 0xE8, 0x93, 0xE1, 0x74, 0xAA, 0xF7, 0x24, 0x10,
    0xFD, 0x6B, 0x2D, 0x0C, 0xF9, 0xCE, 0xA3, 0xF3, 0x83, 0xC1, 0x60, 0x97, 0xC0, 0x7D, 0x9E, 0xCD,
    0x72, 0x51, 0xBE, 0x8A, 0xE3, 0x09, 0x53, 0xEF, 0xF3, 0x12, 0x8B, 0x7C, 0x17, 0x41, 0xB6, 0x87,
    0x68, 0xA6, 0x43, 0x0C, 0x90, 0x30, 0x91, 0x08, 0x5D, 0xC5, 0x55, 0x59, 0x4D, 0x57, 0x34, 0x1B,
    0x9B, 0xC4, 0xCE, 0x3C, 0x73, 0x3D, 0x08, 0xE4, 0x93, 0x29, 0x99, 0x40, 0x00, 0x9E, 0xC8, 0x1A,
    0x3C, 0x1B, 0xE7, 0x18, 0xC5, 0xDB, 0xD4, 0x4B, 0x8D, 0x3F, 0x61, 0xA3, 0xFC, 0x49, 0x5A, 0xE5,
    0x0F, 0xF8, 0xA0, 0x2B, 0x3A, 0x67, 0xF0, 0x27, 0x31, 0xFE, 0x64, 0xC6, 0x1F, 0xA7, 0xFC, 0x09,
    0x46, 0xE5, 0x4F, 0xD4, 0x2B, 0x7F, 0x12, 0xDC, 0xE1, 0x5A, 0x40, 0xA9, 0x8C, 0x71, 0xCA, 0x1F,
    0xD6, 0x07, 0x71, 0x31, 0xEA, 0xB5, 0x49, 0x1B, 0xE5, 0x4F, 0x81, 0xE4, 0xA6, 0x4F, 0x47, 0xA7,
    0xFC, 0xD1, 0x25, 0x66, 0xF0, 0xA7, 0x5B, 0xF1, 0x27, 0x5E, 0xF3, 0x47, 0x13, 0xBC, 0xC9, 0xF2,
    0xC7, 0x4E, 0xE2, 0x7F, 0x29, 0x7F, 0xE2, 0x46, 0xF9, 0x13, 0xE4, 0x6B, 0xD3, 0x27, 0xB2, 0x04,
    0xEC, 0xE2, 0x69, 0x7E, 0x13, 0xA8, 0x26, 0x58, 0x7A, 0xE1, 0x55, 0x96, 0xB7, 0x99, 0x37, 0xF8,
    0xE4, 0x66, 0x01, 0x94, 0x53, 0x48, 0xD7, 0x04, 0xBB, 0xFF, 0x37, 0x64, 0x8E, 0x97, 0xB5, 0xF4,
    0x9A, 0x55, 0x9B, 0x0D, 0x20, 0xAA, 0xC9, 0x66, 0xD3, 0xB6, 0x37, 0x95, 0xB5, 0xE4, 0xB3, 0x67,
    0x4A, 0x59, 0xA8, 0x3C, 0xF7, 0xDD, 0x74, 0xB2, 0x70, 0x2A, 0xE3, 0x66, 0xA9, 0xB7, 0x70, 0x6B,
    0xDB, 0xEE, 0x59, 0x72, 0x7F, 0x43, 0x1E, 0x3F, 0xBA, 0x52, 0x15, 0x98, 0x1A, 0xEB, 0x50, 0xAF,
    0x27, 0x6F, 0x69, 0x35, 0x81, 0xCB, 0x14, 0xB0, 0xD6, 0xFE, 0x63, 0x47, 0xD1, 0xC5, 0xFC, 0x52,
    0xA9, 0xD1, 0x1B, 0x33, 0xB0, 0x56, 0xF7, 0x07, 0x28, 0x2C, 0x1A, 0x2E, 0x8A, 0x5C, 0x94, 0x73,
    0xF9, 0xE3, 0xA7, 0x7B, 0xFE, 0x76, 0xA1, 0xDC, 0x5B, 0xD5, 0x95, 0x6C, 0x37, 0xC7, 0x9C, 0x6F,
    0x36, 0x75, 0x2C, 0x49, 0xD1, 0x83, 0xDE, 0x41, 0x71, 0xD6, 0x16, 0x88, 0xF7, 0xD9, 0x28, 0xF2,
    0x67, 0x66, 0x8A, 0x6F, 0x1D, 0xDE, 0x58, 0x32, 0x4A, 0x9A, 0xC9, 0x75, 0xA6, 0xC8, 0x0D, 0x0E,
    0xD9, 0xC8, 0x38, 0x95, 0x81, 0x68, 0xB4, 0x0B, 0xF4, 0x5A, 0x3A, 0x22, 0x39, 0x75, 0xC3, 0xFA,
    0x89, 0x7A, 0x95, 0x9C, 0xDE, 0xB9, 0x7F, 0x5E, 0x0A, 0x41, 0xFC, 0xC4, 0x88, 0x2F, 0xD5, 0x71,
    0x59, 0x64, 0xCE, 0x55, 0x8C, 0x99, 0x89, 0x28, 0x0D, 0x25, 0x60, 0xE9, 0xE9, 0xFA, 0x9F, 0xFD,
    0xF9, 0xB3, 0x7C, 0x43, 0xB7, 0xBE, 0xC0, 0x70, 0xA6, 0xAC, 0xE2, 0x90, 0xB5, 0x84, 0xBD, 0x7C,
    0x14, 0x90, 0xB6, 0x9C, 0xD1, 0xB0, 0xCF, 0x7D, 0x14, 0x0D, 0xB7, 0xEA, 0x14, 0x1D, 0x61, 0xAA,
    0x30, 0xEE, 0x15, 0x0E, 0xA7, 0x20, 0xAE, 0x7B, 0xDA, 0x27, 0x78, 0xB3, 0x6A, 0x7D, 0xC7, 0xB5,
    0x1E, 0x85, 0x18, 0x64, 0x09, 0x2F, 0x2F, 0x6C, 0x24, 0xAF, 0x82, 0x0A, 0xCC, 0x54, 0xA9, 0x0D,
    0xF6, 0xAD, 0xB2, 0x98, 0xAA, 0x59, 0xF6, 0xBB, 0xAD, 0x40, 0x75, 0xF3, 0x89, 0x5C, 0xC9, 0x2D,
    0x07, 0xAE, 0xE7, 0xF6, 0x1C, 0x37, 0xBB, 0x5C, 0xFD, 0x50, 0x9E, 0xB8, 0x1C, 0x1A, 0x9A, 0x71,
    0xB1, 0x3E, 0x87, 0x53, 0x81, 0xE2, 0x80, 0x31, 0x3E, 0x57, 0x37, 0x41, 0x2C, 0xA1, 0xEC, 0x42,
    0xCD, 0x0E, 0x96, 0x9E, 0xF6, 0x54, 0x32, 0x83, 0x5E, 0x8C, 0xF6, 0xB6, 0x5B, 0x8D, 0x0C, 0xA7,
    0x76, 0x0F, 0x30, 0x71, 0xDF, 0x27, 0x76, 0x57, 0xB7, 0x02, 0x67, 0xCF, 0x8A, 0x5A, 0x56, 0x48,
    0xB3, 0x2A, 0x5E, 0xBF, 0xF6, 0x24, 0xE6, 0x55, 0x4E, 0x21, 0xFE, 0xB0, 0x31, 0xBF, 0xA8, 0x33,
    0x81, 0xD3, 0x08, 0xA3, 0x8F, 0x16, 0xE0, 0x10, 0xFD, 0x96, 0xC3, 0xA6, 0x12, 0x95, 0x72, 0xC6,
    0xE7, 0x61, 0x73, 0x5B, 0x9D, 0xF1, 0xC0, 0x1C, 0x2D, 0x71, 0x5F, 0xAA, 0x35, 0x1A, 0x23, 0xD4,
    0x32, 0xE4, 0x67, 0xFD, 0x49, 0x1E, 0x55, 0x9C, 0x6D, 0xFF, 0x54, 0xD5, 0xB2, 0xC6, 0xED, 0xBA,
    0xAA, 0x5B, 0x9D, 0xEF, 0xEE, 0xAB, 0x7A, 0x24, 0x35, 0xC4, 0x6D, 0x34, 0x24, 0x68, 0x5F, 0x22,
    0x6C, 0xAE, 0x13, 0x76, 0x56, 0x43, 0xB7, 0x45, 0xE0, 0x56, 0xB6, 0x0B, 0x9B, 0x8F, 0x12, 0xE7,
    0x69, 0xF9, 0x9A, 0x7D, 0x18, 0x12, 0x2E, 0xE3, 0x66, 0x2C, 0x3B, 0xE9, 0xCE, 0x40, 0x57, 0x66,
    0xD6, 0xB6, 0x49, 0xCF, 0x62, 0x14, 0x22, 0xE3, 0x52, 0xAA, 0x5E, 0x17, 0xA2, 0x59, 0xF9, 0xD6,
    0xCA, 0x7B, 0xA6, 0x0B, 0xD4, 0x9F, 0xD6, 0x7E, 0x53, 0x60, 0xFD, 0xA7, 0x64, 0x69, 0xB3, 0xE3,
    0x83, 0xE2, 0x8D, 0x83, 0x03, 0x56, 0x35, 0xD4, 0x8B, 0x01, 0x57, 0x8D, 0xE0, 0xD1, 0xB2, 0xB8,
    0x51, 0x56, 0xB0, 0x74, 0xF0, 0x91, 0x6D, 0x71, 0x7C, 0x6D, 0xB5, 0xD5, 0xE9, 0xEF, 0x74, 0x95,
    0x78, 0x7F, 0x09, 0xEB, 0xDD, 0x32, 0x36, 0x0E, 0x99, 0x71, 0xED, 0xE5, 0x8B, 0xDF, 0xB0, 0x34,
    0xF4, 0x8E, 0xFA, 0xD2, 0xDC, 0xB3, 0x4D, 0x73, 0x30, 0xFA, 0x50, 0xEE, 0x6B, 0x2D, 0xA2, 0xE5,
    0xB0, 0xC6, 0xF8, 0xDE, 0x62, 0xE5, 0x6B, 0x7B, 0xD3, 0x02, 0xF4, 0xA7, 0xDE, 0x58, 0xD2, 0x0D,
    0x09, 0xCA, 0x78, 0x96, 0xA4, 0x21, 0x8B, 0x3A, 0x5F, 0xAB, 0x4B, 0x15, 0x57, 0xBF, 0x23, 0x95,
    0xD7, 0xCB, 0x62, 0xD5, 0x49, 0x33, 0x50, 0xBE, 0x7A, 0x64, 0xDD, 0xB6, 0xA0, 0x80, 0x11, 0x88,
    0x56, 0x83, 0xC3, 0xE3, 0xDD, 0x1D, 0x12, 0x8D, 0x4E, 0x3E, 0x59, 0x96, 0xCF, 0x2D, 0x61, 0x66,
    0x6C, 0xB0, 0xAC, 0x09, 0xEF, 0x18, 0xB8, 0x85, 0x0E, 0x0B, 0x0F, 0x6A, 0xA3, 0x03, 0x5C, 0xEE,
    0x53, 0x8D, 0xE4, 0x5B, 0x38, 0x1A, 0xE0, 0x1C, 0x4C, 0xF4, 0x65, 0x73, 0xB5, 0x01, 0xA7, 0xE8,
    0x90, 0x12, 0xE4, 0x87, 0x0D, 0x15, 0x47, 0xE9, 0x18, 0x2C, 0xD0, 0xD0, 0xFD, 0xAD, 0x1B, 0xAE,
    0x49, 0x50, 0xAF, 0xF6, 0x83, 0x32, 0x6E, 0x50, 0x8A, 0x6C, 0x73, 0x61, 0x7B, 0x7A, 0x56, 0x3D,
    0x38, 0xD4, 0x9E, 0xE2, 0xAE, 0x0C, 0xC5, 0xC5, 0x56, 0x00, 0x58, 0x59, 0xBB, 0x0D, 0x96, 0x5F,
    0x5F, 0xED, 0x1D, 0x78, 0x18, 0x58, 0x7D, 0x00, 0x87, 0x54, 0x65, 0xC5, 0x5D, 0x3F, 0x4C, 0x95,
    0x5E, 0xC5, 0x5D, 0x9E, 0x49, 0x91, 0x17, 0xF9, 0x99, 0x66, 0xE8, 0x41, 0xA1, 0x86, 0xE4, 0x12,
    0x93, 0x10, 0x3A, 0x98, 0x8D, 0x1A, 0x00, 0x30, 0x6B, 0x2C, 0xD7, 0x29, 0xE7, 0x76, 0xB0, 0xF2,
    0xDF, 0xFE, 0x91, 0xE4, 0xCF, 0x70, 0x37, 0x48, 0xE0, 0x6A, 0xD8, 0x0E, 0xE0, 0x9C, 0xE6, 0xBC,
    0xB6, 0xD0, 0x37, 0xBE, 0xF7, 0x3F, 0x95, 0x31, 0x66, 0x57, 0xB0, 0xEC, 0xCA, 0x82, 0xFB, 0x2C,
    0x2F, 0x13, 0xED, 0xED, 0x0F, 0xA7, 0xE7, 0xFF, 0xF0, 0xCB, 0x9D, 0xAB, 0xDC, 0x0B, 0x6E, 0xBB,
    0xC5, 0x71, 0xF4, 0x59, 0x1F, 0xB7, 0xF1, 0x69, 0x55, 0xE7, 0x6E, 0x9A, 0xFF, 0xE5, 0x57, 0x8B,
    0x7F, 0x5A, 0x08, 0x84, 0x20, 0xB9, 0xDB, 0xC8, 0xD6, 0x6A, 0x3B, 0xB9, 0xE4, 0xAC, 0x1A, 0x91,
    0xCB, 0x73, 0xCC, 0x4C, 0xBC, 0x5B, 0xE4, 0x30, 0x6F, 0xD0, 0xF0, 0x05, 0x66, 0xF5, 0x7E, 0xE6,
    0xC6, 0x64, 0x80, 0x68, 0xB9, 0xCF, 0x66, 0x84, 0xC5, 0x64, 0x1D, 0x17, 0x5A, 0x53, 0xED, 0x02,
    0x5C, 0x0B, 0xA9, 0x53, 0xF1, 0x08, 0xED, 0x4A, 0x7B, 0xE8, 0x59, 0xD5, 0x69, 0xE5, 0x85, 0x0A,
    0x93, 0x5B, 0x29, 0xC6, 0x52, 0xF3, 0xF3, 0x6B, 0x2F, 0xD3, 0xC7, 0x25, 0xF2, 0x09, 0x64, 0x84,
    0xB4, 0x9B, 0xF2, 0x0A, 0x04, 0x2C, 0xDF, 0x0C, 0x4E, 0xD5, 0xB0, 0xB2, 0xBA, 0x82, 0xC2, 0xFD,
    0x06, 0x5D, 0x8A, 0xBB, 0x4B, 0x14, 0xDD, 0x16, 0x13, 0x86, 0x87, 0xC5, 0xC8, 0x3A, 0x18, 0xBD,
    0x84, 0xB1, 0xF8, 0xFB, 0x03, 0x3B, 0xE1, 0x60, 0x38, 0x6C, 0x52, 0x8D, 0x60, 0x59, 0x2A, 0xD7,
    0x18, 0x36, 0x6C, 0xCE, 0x0C, 0x08, 0xF7, 0x9D, 0xAD, 0x6D, 0xBA, 0x52, 0x6C, 0xAB, 0x7D, 0xA8,
    0x73, 0x24, 0xD6, 0x3D, 0x97, 0x29, 0x4B, 0x36, 0x9C, 0x49, 0xF0, 0x93, 0x9A, 0x22, 0x96, 0x85,
    0x2E, 0x30, 0xEB, 0x06, 0xAF, 0x05, 0x52, 0x3D, 0x40, 0x98, 0xDE, 0xB5, 0x9E, 0xF4, 0x1A, 0x9A,
    0x3C, 0x25, 0x4C, 0xDB, 0xDE, 0x86, 0x13, 0xF7, 0x6D, 0x81, 0xB2, 0x58, 0x32, 0x83, 0xE3, 0x13,
    0x21, 0xB8, 0x19, 0x52, 0xF3, 0x03, 0x52, 0x58, 0x02, 0xD5, 0xAE, 0xB7, 0x01, 0xDC, 0x27, 0x04,
    0x7F, 0xD8, 0x98, 0x3F, 0xA5, 0x08, 0xA9, 0x17, 0x0B, 0x9C, 0x69, 0x27, 0xD1, 0x85, 0xA9, 0x45,
    0xCF, 0xCB, 0x67, 0xD8, 0xDA, 0x47, 0x85, 0xDB, 0xD1, 0x10, 0xEB, 0xBE, 0xFC, 0xA4, 0x5E, 0x30,
    0x91, 0xE7, 0x74, 0xE9, 0xFB, 0x5B, 0xFE, 0x20, 0x8F, 0x1E, 0xCE, 0xEA, 0x38, 0xA4, 0x28, 0x75,
    0x90, 0x46, 0xF7, 0x37, 0x34, 0xBA, 0x5E, 0xAC, 0xE7, 0xB8, 0x5E, 0xDE, 0x3F, 0x92, 0x7D, 0xC8,
    0xDC, 0xFE, 0xC8, 0x6A, 0x2F, 0xA0, 0x6F, 0x35, 0xDF, 0x9A, 0x7A, 0x4D, 0xB5, 0xB8, 0xBE, 0x63,
    0x21, 0x34, 0xAC, 0xA3, 0xEF, 0xDA, 0x00, 0x39, 0xB5, 0x07, 0xF1, 0x8C, 0x51, 0x5E, 0x59, 0x55,
    0x5A, 0x49, 0xE7, 0xD3, 0x36, 0x90, 0xD2, 0x39, 0x29, 0x9D, 0xDC, 0xE3, 0x98, 0x67, 0x4A, 0x67,
    0xA1, 0x74, 0xD2, 0x06, 0xB5, 0xC1, 0x44, 0x3A, 0xE3, 0x8E, 0x74, 0x72, 0x6F, 0x3E, 0x0E, 0xC4,
    0xBB, 0xC5, 0xAB, 0x33, 0xE9, 0xFC, 0xCB, 0x40, 0x3A, 0xE9, 0x26, 0xF3, 0x94, 0x2E, 0x97, 0x23,
    0xAC, 0xE9, 0x54, 0x07, 0xAA, 0x55, 0x5F, 0xD8, 0xBD, 0x1F, 0x92, 0xCE, 0x78, 0x5B, 0xAB, 0xD4,
    0x61, 0xEA, 0x46, 0x5D, 0x0D, 0x88, 0x34, 0x1F, 0x55, 0xB5, 0x5A, 0x36, 0x57, 0xE4, 0xAB, 0x3E,
    0x5B, 0xEE, 0x29, 0xEE, 0xDF, 0x2B, 0x68, 0x08, 0x68, 0x3C, 0x41, 0x17, 0x1D, 0x12, 0x82, 0xE8,
    0xD4, 0xFD, 0xD2, 0xF5, 0x08, 0x73, 0xEF, 0xF6, 0xA0, 0xFE, 0x47, 0xBD, 0x54, 0x53, 0xDC, 0x6B,
    0x94, 0xBB, 0x7C, 0xE2, 0xD5, 0xA6, 0x0F, 0xB5, 0x2D, 0x1A, 0x6A, 0xEA, 0x92, 0x83, 0x6E, 0xF0,
    0xF0, 0xE4, 0x21, 0xA1, 0x76, 0x6B, 0x15, 0x0F, 0x27, 0x56, 0x14, 0x67, 0xB9, 0xEB, 0x0B, 0x33,
    0xE3, 0xE4, 0xEB, 0x27, 0xB5, 0xF9, 0xC1, 0x61, 0x75, 0x1E, 0x87, 0x37, 0x7B, 0xB3, 0xAE, 0x53,
    0xE4, 0x0B, 0x00, 0x96, 0xDE, 0xE4, 0xCD, 0x67, 0x4E, 0xB4, 0x07, 0x2D, 0xCB, 0x9D, 0xD2, 0x47,
    0xFA, 0x2E, 0x4B, 0x1F, 0x9C, 0xC6, 0x45, 0x9B, 0x59, 0x59, 0x91, 0xFF, 0x51, 0x53, 0x27, 0x23,
    0xB5, 0x33, 0x66, 0xB1, 0x3E, 0x0F, 0x49, 0x2D, 0xFF, 0x42, 0x16, 0x9D, 0xCA, 0x65, 0x23, 0xFD,
    0xC0, 0xE2, 0x28, 0x2B, 0x41, 0xFA, 0x0F, 0x03, 0x40, 0x8F, 0x36, 0x22, 0x19, 0x68, 0x1D, 0xE2,
    0x51, 0xB3, 0x15, 0x2D, 0x5F, 0x04, 0xCB, 0x52, 0x96, 0x96, 0x02, 0x96, 0xFD, 0x5E, 0xC3, 0xD6,
    0x0E, 0xA6, 0x76, 0x53, 0x75, 0xB4, 0x35, 0x6A, 0x2D, 0x08, 0x6E, 0xFF, 0x4B, 0x5A, 0x38, 0x6D,
    0xD6, 0x7F, 0xCF, 0xDD, 0x5C, 0xF7, 0x2E, 0xFE, 0x0B, 0x48, 0xC7, 0x59, 0xFC, 0x81, 0xD3, 0x53,
    0xA3, 0x0C, 0x85, 0x0C, 0x76, 0x73, 0xC4, 0x1B, 0xC8, 0x0D, 0x23, 0xA6, 0x9B, 0x24, 0x10, 0x7C,
    0xF0, 0x34, 0xBD, 0xA5, 0xC9, 0xAB, 0xB7, 0xA0, 0x5D, 0xB1, 0xBB, 0x34, 0x76, 0x74, 0xC5, 0xFC,
    0x2F, 0x01, 0xC7, 0x75, 0x9A, 0xD5, 0x68, 0x34, 0x02, 0xC5, 0x1F, 0x59, 0x00, 0x29, 0x6E, 0x57,
    0x4C, 0x2D, 0x1A, 0xCA, 0xE5, 0xDD, 0xE3, 0xB9, 0x64, 0x4F, 0x9E, 0x4E, 0xB9, 0x4C, 0xCB, 0xCC,
    0xFC, 0x2F, 0x28, 0xD6, 0x84, 0xB4, 0xF0, 0xAC, 0xE7, 0x69, 0x9D, 0xDE, 0xBF, 0x40, 0xF1, 0x78,
    0xC9, 0xF1, 0xDF, 0xDD, 0x5C, 0x3D, 0x8C, 0xE5, 0xD6, 0x75, 0xBE, 0x24, 0x77, 0x96, 0x92, 0x1E,
    0x90, 0xA7, 0x62, 0x07, 0x88, 0x77, 0x81, 0x50, 0x85, 0x9A, 0x6C, 0x82, 0xB0, 0x0F, 0x02, 0x91,
    0xB2, 0x0B, 0x17, 0x6E, 0xA6, 0xD0, 0x4B, 0x93, 0xC2, 0x2A, 0x52, 0x38, 0x0B, 0xC4, 0x93, 0x22,
    0x45, 0x8A, 0xD8, 0xA4, 0x9D, 0xC2, 0x65, 0xC6, 0x85, 0x7A, 0x15, 0x2A, 0xAC, 0x31, 0x12, 0xA9,
    0x94, 0x00, 0x6B, 0x49, 0x47, 0x85, 0x8B, 0x14, 0xE1, 0x46, 0x08, 0x52, 0xA4, 0x10, 0x15, 0x48,
    0x48, 0xB0, 0x2A, 0x96, 0x70, 0x28, 0x98, 0xB3, 0xFB, 0xC8, 0x9B, 0xF3, 0x7D, 0xE7, 0x92, 0x7C,
    0xF3, 0xB3, 0xAB, 0xDD, 0xD5, 0xEC, 0xFC, 0xEC, 0xCC, 0xBC, 0x73, 0xDF, 0xBC, 0x47, 0xDE, 0x7B,
    0xEE, 0x39, 0xE7, 0x9E, 0x7B, 0xFE, 0x2E, 0x8D, 0xBF, 0xBF, 0xFF, 0xAE, 0x31, 0x26, 0xB4, 0xB6,
    0x9F, 0x1B, 0x6F, 0xB5, 0x7A, 0xC3, 0x1C, 0xFB, 0xF1, 0xF4, 0xB3, 0x70, 0x60, 0xB3, 0xB4, 0xAE,
    0x49, 0xD1, 0xC4, 0xB6, 0x44, 0x93, 0x68, 0x93, 0xD9, 0x1A, 0x8D, 0x7D, 0xAF, 0x61, 0xF3, 0xFD,
    0x56, 0xA0, 0x6F, 0x97, 0x6B, 0x69, 0x82, 0x61, 0x81, 0x26, 0xEC, 0xD9, 0xCD, 0x62, 0x1D, 0xA0,
    0x9B, 0x65, 0xE7, 0xA3, 0x9B, 0xB8, 0x31, 0x36, 0x97, 0x4E, 0xA4, 0x91, 0x6E, 0xB2, 0xDA, 0x14,
    0xD2, 0x4D, 0x61, 0xAD, 0x95, 0x6E, 0x04, 0xDA, 0xD6, 0x78, 0x68, 0x3A, 0x13, 0xA0, 0x59, 0x13,
    0x93, 0x45, 0x6F, 0xD0, 0xA1, 0x74, 0xB3, 0xD4, 0x26, 0x92, 0xC1, 0x3C, 0x9B, 0x27, 0x18, 0xDA,
    0x96, 0x09, 0x10, 0x29, 0x2A, 0x37, 0x83, 0xD8, 0xA2, 0xFF, 0x4D, 0xF8, 0xB0, 0x9F, 0x85, 0xCD,
    0x05, 0xA3, 0xC2, 0xB6, 0x36, 0x95, 0xC1, 0x06, 0x9B, 0x2E, 0x30, 0x64, 0x1A, 0xD9, 0x34, 0xB3,
    0x69, 0xD2, 0xC9, 0xF7, 0xA9, 0x8C, 0x10, 0xC8, 0xBF, 0x95, 0xCC, 0x2C, 0x2D, 0x4A, 0x19, 0x13,
    0xD0, 0x1C, 0x86, 0xF2, 0xAD, 0x37, 0x5E, 0xA9, 0x77, 0x45, 0x83, 0x8C, 0x2C, 0xBD, 0x3D, 0xB0,
    0x63, 0xCF, 0x32, 0xB5, 0xAF, 0x04, 0x46, 0xF6, 0x27, 0xA0, 0x01, 0x69, 0xEC, 0xBF, 0x6F, 0x3A,
    0xD0, 0x6A, 0xED, 0x83, 0x56, 0x9E, 0x7D, 0x0F, 0xFF, 0x09, 0x36, 0x8D, 0x4E, 0x82, 0x78, 0xFB,
    0xEF, 0x3E, 0x2F, 0xBC, 0xD9, 0x92, 0x5F, 0xE9, 0x39, 0x5D, 0x0A, 0x9B, 0x92, 0x32, 0x91, 0xEE,
    0xA3, 0xFB, 0x18, 0x4B, 0x48, 0x4E, 0xDC, 0x80, 0x93, 0xD9, 0xDD, 0xBB, 0x50, 0x1C, 0xBA, 0xBC,
    0x04, 0xB7, 0x5C, 0x0C, 0x41, 0xAF, 0x08, 0x13, 0x27, 0x13, 0xE9, 0x02, 0x89, 0x4A, 0x6D, 0x1E,
    0x94, 0x3A, 0x19, 0xE2, 0x1D, 0xEA, 0x2C, 0xCC, 0x5F, 0x9D, 0x27, 0xE1, 0x7F, 0x4A, 0xC2, 0x2F,
    0x5B, 0x92, 0x55, 0xA9, 0x4A, 0x5C, 0x8A, 0x2B, 0x84, 0xF7, 0x94, 0xDC, 0x58, 0x17, 0x11, 0x19,
    0xE2, 0xBF, 0xC3, 0xAF, 0xC9, 0x8D, 0x50, 0x57, 0x4D, 0xCB, 0x95, 0xB4, 0xE6, 0xC4, 0x30, 0xDD,
    0x05, 0xD7, 0x94, 0x9F, 0x6E, 0xAC, 0xA1, 0x77, 0x53, 0xB2, 0xEB, 0x80, 0x7A, 0x50, 0x7A, 0x8B,
    0x49, 0x66, 0xD0, 0x7C, 0xED, 0xD9, 0xE1, 0xF5, 0x42, 0xF8, 0x53, 0x99, 0x45, 0x03, 0x66, 0x7B,
    0xE5, 0x92, 0x14, 0x8C, 0xD9, 0x4B, 0xA2, 0x88, 0x35, 0x33, 0xCC, 0xEA, 0x19, 0x6E, 0x7E, 0xAE,
    0x57, 0xC6, 0x14, 0x69, 0xED, 0x81, 0x32, 0x53, 0x06, 0x42, 0xEC, 0xB0, 0xF6, 0xAD, 0x7D, 0xAB,
    0x70, 0x23, 0xBA, 0xD1, 0x15, 0x13, 0xC1, 0x8A, 0x03, 0xAD, 0x26, 0x64, 0x43, 0x4C, 0x36, 0xC6,
    0x44, 0x8A, 0x06, 0xAC, 0xAE, 0x5C, 0x7F, 0x21, 0x3E, 0xF2, 0x0E, 0x2F, 0x95, 0xD0, 0x7E, 0x8E,
    0x1E, 0x6C, 0x0A, 0x89, 0xA9, 0xD0, 0xA3, 0xCC, 0x21, 0xDD, 0xAD, 0x05, 0xF9, 0xB0, 0x14, 0xBC,
    0x3C, 0x93, 0xE1, 0xAE, 0x0C, 0x84, 0x2D, 0x26, 0xC0, 0x7F, 0xF9, 0x05, 0x51, 0x97, 0x8B, 0x83,
    0x7C, 0x39, 0x88, 0xAC, 0x80, 0x43, 0x8D, 0xA0, 0x2A, 0x28, 0x0B, 0xA6, 0xA9, 0xB0, 0x0E, 0xB8,
    0x6D, 0x73, 0xA8, 0xDB, 0x14, 0x2E, 0x8A, 0x4C, 0x64, 0x31, 0xD7, 0xE2, 0x4B, 0x60, 0x35, 0x98,
    0x42, 0xE0, 0x2B, 0xE6, 0x85, 0x4B, 0x47, 0xEC, 0x5B, 0x5C, 0xAD, 0x25, 0xC4, 0xBE, 0xC1, 0xCA,
    0x96, 0xCE, 0x8A, 0x9F, 0x0A, 0x4E, 0x1F, 0x99, 0xF8, 0xD8, 0xA6, 0x71, 0x86, 0x74, 0xFE, 0x90,
    0xC2, 0x4B, 0x75, 0xA3, 0xD4, 0x0E, 0x28, 0xFD, 0xFA, 0x89, 0xF9, 0xC1, 0x25, 0x15, 0x6A, 0xDC,
    0x45, 0x62, 0xCF, 0x80, 0x82, 0x73, 0xD2, 0xCF, 0xD9, 0x11, 0xFB, 0x4D, 0xF3, 0xFB, 0x10, 0xE1,
    0xD7, 0x2D, 0xF7, 0xE0, 0x9E, 0xA2, 0xDD, 0x4C, 0x84, 0x37, 0xFB, 0x97, 0x8E, 0xD8, 0x2F, 0x1B,
    0x51, 0x9B, 0x3F, 0x86, 0x0A, 0xCD, 0x3E, 0x19, 0x30, 0x9B, 0x0E, 0xF8, 0xD6, 0xDC, 0x2A, 0x26,
    0x09, 0x3B, 0x73, 0x3A, 0xBF, 0x48, 0x65, 0x9C, 0x54, 0x50, 0x6A, 0x11, 0x51, 0x0E, 0x48, 0x6C,
    0x43, 0x3D, 0x62, 0x6E, 0x4E, 0xD6, 0xDA, 0x36, 0x8D, 0x53, 0x41, 0x69, 0x20, 0x94, 0x9E, 0x00,
    0x7B, 0x42, 0xD9, 0x57, 0xBE, 0x58, 0xED, 0xDA, 0x92, 0x7B, 0x4F, 0x03, 0x04, 0x8A, 0x16, 0x30,
    0xEE, 0x00, 0x97, 0x6B, 0xC2, 0x1E, 0x70, 0x41, 0x18, 0x0E, 0x27, 0x43, 0xFD, 0x56, 0xAF, 0x8F,
    0x08, 0x13, 0xF6, 0x50, 0xA0, 0x4F, 0xA1, 0x55, 0x76, 0x77, 0xBF, 0x90, 0x51, 0x30, 0x22, 0xC7,
    0x5D, 0x13, 0x56, 0x80, 0x07, 0x4E, 0x96, 0x5F, 0xFF, 0x40, 0xDB, 0xEF, 0xA8, 0x6D, 0x60, 0xBF,
    0xAB, 0x6B, 0xD3, 0x7E, 0x5B, 0xED, 0x37, 0xC1, 0x54, 0xFF, 0x4F, 0x0B, 0x77, 0xDD, 0xDA, 0xB5,
    0x35, 0x94, 0xCD, 0x1E, 0xAF, 0x2E, 0x6C, 0xA7, 0x6B, 0x02, 0x33, 0xA3, 0x45, 0xC4, 0x76, 0xC9,
    0x9D, 0x92, 0x64, 0x5D, 0xA0, 0xD5, 0x5D, 0x94, 0xD2, 0xE2, 0xB1, 0x2D, 0x75, 0x2D, 0x15, 0x47,
    0xDA, 0xF1, 0x73, 0xDD, 0x7B, 0x79, 0x1F, 0x35, 0x46, 0x02, 0x29, 0x49, 0xB9, 0x79, 0x46, 0x3A,
    0xCE, 0x5D, 0x8E, 0x13, 0xB8, 0xF1, 0x04, 0x8F, 0x35, 0xDB, 0xC8, 0x56, 0x3A, 0x0B, 0x67, 0x04,
    0xAD, 0x56, 0xA9, 0x7A, 0x0D, 0x90, 0x1E, 0x34, 0x83, 0x36, 0xB6, 0xD2, 0x46, 0xFA, 0x1D, 0x56,
    0x7F, 0x0E, 0xEB, 0xA4, 0x87, 0xF2, 0x64, 0x23, 0x18, 0xA3, 0xF1, 0x6D, 0x8E, 0x46, 0xCC, 0x12,
    0x6D, 0x2A, 0x36, 0x45, 0x95, 0x81, 0xE9, 0x59, 0x7D, 0x62, 0xE3, 0x2E, 0xD9, 0xB8, 0xCF, 0xD3,
    0x26, 0xD0, 0xCE, 0x16, 0x3A, 0x42, 0x36, 0xC8, 0xB0, 0xFB, 0xBF, 0xC4, 0xB0, 0x96, 0x06, 0x13,
    0x9B, 0x92, 0x4D, 0xAF, 0x08, 0xEE, 0xCD, 0x0A, 0xC7, 0xC1, 0x7D, 0xFB, 0xBF, 0x78, 0x4B, 0x0B,
    0x61, 0x13, 0x9A, 0x91, 0x5D, 0x8E, 0x29, 0x64, 0x89, 0x32, 0x44, 0xD9, 0xA1, 0xCC, 0x88, 0x37,
    0x0D, 0x1F, 0xB2, 0x21, 0x3B, 0x6E, 0xF2, 0x1C, 0x36, 0x7C, 0x84, 0xF4, 0x4A, 0x78, 0x25, 0xBB,
    0x12, 0xDD, 0x91, 0x5C, 0x09, 0xEE, 0xC8, 0x0D, 0x62, 0x8B, 0x9F, 0xB6, 0x4F, 0x7E, 0x28, 0x10,
    0xCA, 0xAF, 0x36, 0x16, 0xE9, 0xB6, 0xFC, 0x9B, 0x72, 0x2D, 0x1C, 0x05, 0xD5, 0xB8, 0x0E, 0x4F,
    0x04, 0x77, 0xC5, 0xF9, 0xCB, 0x46, 0x19, 0x9E, 0xC0, 0x60, 0xBE, 0xE6, 0xB6, 0x2F, 0x56, 0xAB,
    0x1D, 0x5C, 0xDC, 0x1C, 0x01, 0x8A, 0x4C, 0x02, 0xBB, 0x7D, 0x06, 0x8F, 0x50, 0xDE, 0x03, 0x6D,
    0xD8, 0x52, 0x95, 0x8A, 0x8C, 0xDA, 0x8A, 0x95, 0xB6, 0x5C, 0x8B, 0x99, 0x1A, 0xAE, 0x85, 0x56,
    0x41, 0x8F, 0x4E, 0x87, 0x62, 0x06, 0xC7, 0x94, 0x8A, 0xC9, 0x45, 0x17, 0x85, 0x15, 0x18, 0x41,
    0xA5, 0xD2, 0x01, 0x7D, 0xD1, 0xB0, 0x54, 0x1C, 0xDB, 0xA9, 0xF1, 0x3E, 0x90, 0x9D, 0xD2, 0xEF,
    0x3D, 0xF9, 0xD7, 0xDE, 0x5B, 0x63, 0xC8, 0x96, 0x42, 0x2C, 0x82, 0xF3, 0xE1, 0x05, 0x23, 0xDD,
    0x15, 0x28, 0xE5, 0xC2, 0x24, 0xB9, 0xC9, 0xA0, 0x19, 0x92, 0xBB, 0x16, 0x98, 0x52, 0x5C, 0x69,
    0x47, 0xE5, 0xE7, 0x41, 0x3F, 0x63, 0x3E, 0xE0, 0x46, 0xC7, 0x21, 0x53, 0x07, 0xF8, 0xAF, 0xF9,
    0xCB, 0x8B, 0x28, 0x7A, 0x4A, 0x26, 0xF2, 0x97, 0x46, 0x3E, 0x77, 0xE8, 0x2C, 0x3D, 0x5F, 0x21,
    0xBC, 0x30, 0x14, 0xA2, 0xDE, 0x8C, 0xEA, 0xD1, 0x87, 0x4A, 0x7E, 0x0D, 0x70, 0x2F, 0x77, 0x2B,
    0x82, 0x3B, 0x89, 0xF7, 0xCE, 0x59, 0x11, 0x07, 0x7E, 0xDA, 0x0D, 0x48, 0x36, 0xDC, 0x7E, 0x13,
    0xE3, 0xC6, 0x18, 0x08, 0xC5, 0x0F, 0x2A, 0xE7, 0x7B, 0x86, 0xD4, 0xBC, 0x22, 0x67, 0x7B, 0x62,
    0x80, 0xF9, 0x83, 0x3F, 0xB8, 0x45, 0x1C, 0x5B, 0xEE, 0x90, 0x39, 0xEC, 0xAD, 0x8B, 0xB8, 0x88,
    0x13, 0xF9, 0x35, 0xC9, 0x7F, 0x5B, 0x4C, 0x83, 0x6E, 0x78, 0x33, 0x4A, 0xE2, 0xB6, 0x39, 0x9F,
    0x45, 0xAC, 0x6E, 0x99, 0x7A, 0x89, 0xC0, 0x8A, 0x06, 0x55, 0xF6, 0x60, 0xD0, 0xAF, 0x68, 0x7F,
    0xBC, 0x62, 0xAE, 0x6C, 0x86, 0x93, 0x6E, 0xED, 0x30, 0xE8, 0x62, 0x07, 0x67, 0x05, 0xD4, 0xB4,
    0xC9, 0xD0, 0x63, 0x41, 0x9B, 0xC7, 0x93, 0xB7, 0xB1, 0x65, 0x8F, 0xFE, 0x5A, 0x45, 0xE7, 0x6F,
    0x9C, 0x39, 0xEA, 0x6C, 0x53, 0x67, 0xA8, 0x3A, 0xAB, 0x75, 0x6C, 0x64, 0x6B, 0x5C, 0x80, 0x5A,
    0x0D, 0x9A, 0x36, 0x39, 0xDC, 0xB4, 0x66, 0x6B, 0x95, 0x35, 0xBC, 0x3D, 0x01, 0x29, 0xD0, 0x90,
    0xCF, 0xB6, 0x02, 0x11, 0xC5, 0xDE, 0x16, 0x4A, 0xA5, 0xBB, 0x32, 0x58, 0xA6, 0xA6, 0x46, 0xC4,
    0xD9, 0xD2, 0x3C, 0xA2, 0x10, 0x39, 0xDB, 0x4B, 0x77, 0xC6, 0xEB, 0xD4, 0x98, 0x59, 0x33, 0xC5,
    0x90, 0x34, 0x9E, 0x14, 0xD3, 0x1E, 0x8C, 0xD2, 0x45, 0x79, 0x72, 0xDC, 0xAF, 0xCA, 0x44, 0x03,
    0xDB, 0x75, 0x51, 0x72, 0x8F, 0x2F, 0xD5, 0x74, 0x10, 0x02, 0xC7, 0xB6, 0x8C, 0x61, 0x50, 0xD0,
    0xE6, 0x15, 0xD3, 0xAF, 0x06, 0x4F, 0x69, 0x12, 0x96, 0x60, 0xC9, 0x08, 0x33, 0x85, 0x15, 0xE3,
    0x2D, 0xBC, 0x12, 0xB6, 0x2F, 0x7A, 0x10, 0x6C, 0x4B, 0x5A, 0x0C, 0xAE, 0x67, 0x1D, 0x05, 0x23,
    0x92, 0xA5, 0x2A, 0x21, 0x66, 0x72, 0xE3, 0x40, 0x28, 0x79, 0xF3, 0x56, 0xD1, 0x93, 0x01, 0xDD,
    0xC8, 0x06, 0xE5, 0x89, 0x77, 0x8B, 0x16, 0xCC, 0x3F, 0x99, 0xD7, 0x78, 0x93, 0xF2, 0x30, 0xFB,
    0x72, 0xD0, 0xF0, 0xD3, 0x5A, 0xA7, 0xA2, 0x24, 0xFF, 0xE7, 0xF4, 0xF9, 0x62, 0xAC, 0xA7, 0xE1,
    0xC2, 0x1C, 0x7A, 0x23, 0xAE, 0xA0, 0x38, 0x96, 0x0C, 0x17, 0x86, 0x9B, 0xE1, 0xC2, 0x78, 0xEF,
    0x72, 0x33, 0xD6, 0xFC, 0x50, 0xD9, 0xA5, 0xF7, 0xFA, 0x87, 0x1A, 0x67, 0x91, 0x9A, 0x3F, 0x34,
    0xCF, 0xD9, 0x8A, 0x75, 0x41, 0xFA, 0x6A, 0x5A, 0xB7, 0x8C, 0x6D, 0x8D, 0xEF, 0xE3, 0xCA, 0x3C,
    0x2A, 0x5E, 0x7F, 0xA9, 0xD8, 0xFB, 0x5C, 0x70, 0x6B, 0x47, 0x37, 0x95, 0xC1, 0x6D, 0x66, 0xA9,
    0x99, 0xC2, 0x50, 0x32, 0x0B, 0x55, 0x3A, 0x1A, 0xA5, 0xF5, 0x14, 0xEF, 0x50, 0x11, 0x1E, 0x43,
    0xAE, 0x3B, 0x73, 0x70, 0x56, 0xE3, 0xCF, 0x6A, 0xA7, 0xE9, 0x9D, 0x76, 0x83, 0xFD, 0x3A, 0xB5,
    0xAD, 0xF4, 0x72, 0xB3, 0x3C, 0x22, 0x2C, 0x5A, 0x12, 0x09, 0x34, 0x5B, 0x0E, 0xE8, 0x26, 0xAE,
    0x30, 0xF9, 0x2D, 0xE3, 0x8D, 0xD3, 0xC3, 0x86, 0xBD, 0xB5, 0xC3, 0x98, 0x45, 0xF3, 0x94, 0x50,
    0xCC, 0x93, 0x8C, 0x06, 0x89, 0x3D, 0x09, 0xD6, 0xDF, 0xA0, 0x67, 0x42, 0xE3, 0x1D, 0x18, 0x67,
    0x2E, 0x26, 0x98, 0x26, 0x8C, 0x32, 0x8F, 0x3E, 0xD6, 0x8E, 0xB9, 0xB6, 0xC1, 0xA0, 0xA4, 0x7C,
    0xA4, 0x11, 0xB5, 0x01, 0x0A, 0x31, 0x59, 0xFE, 0x13, 0xB1, 0x9B, 0x7B, 0x56, 0x83, 0x2A, 0x75,
    0xD6, 0x23, 0xD4, 0xD2, 0x0A, 0xEF, 0x05, 0xDF, 0x08, 0x5B, 0xF6, 0x37, 0x03, 0x94, 0x59, 0x90,
    0x16, 0x34, 0x4F, 0xEA, 0x87, 0xB6, 0x89, 0xBD, 0xBB, 0x8F, 0xC8, 0x4E, 0x62, 0xF9, 0x73, 0xAC,
    0xDD, 0xE6, 0x75, 0x5F, 0xA5, 0xF3, 0x7D, 0xFF, 0x21, 0xC4, 0xAE, 0x35, 0x25, 0x63, 0x1F, 0xD5,
    0x6A, 0x12, 0xE7, 0xEB, 0xC6, 0x7F, 0xD2, 0x36, 0xA0, 0x2E, 0xA0, 0x61, 0x0F, 0x21, 0x9D, 0x22,
    0x94, 0x9B, 0x50, 0xBF, 0x1D, 0x21, 0x16, 0x7C, 0xD8, 0x67, 0x0C, 0xCD, 0x58, 0x17, 0x22, 0x19,
    0x04, 0x56, 0x08, 0x9E, 0x20, 0xFE, 0x80, 0x4C, 0x92, 0xC7, 0x18, 0xCD, 0x29, 0x42, 0xB3, 0xE3,
    0xED, 0x2C, 0xEC, 0x77, 0x9B, 0x58, 0x24, 0x50, 0x68, 0x59, 0x25, 0x2E, 0x52, 0xED, 0x8C, 0x77,
    0x58, 0xD3, 0xCD, 0xE6, 0x8B, 0x8B, 0xFE, 0x1B, 0xBE, 0xB6, 0xB3, 0xAF, 0x8E, 0xF7, 0xCB, 0xCC,
    0xCF, 0xB2, 0x8C, 0x6D, 0x04, 0x9E, 0xE6, 0x99, 0x2C, 0xF6, 0xBF, 0xF6, 0xBB, 0xC3, 0x9A, 0x05,
    0x8A, 0xE1, 0x14, 0x5F, 0x37, 0xF7, 0xF7, 0xDF, 0x4E, 0x74, 0xDE, 0x0D, 0xE6, 0x7A, 0x4E, 0xF3,
    0x46, 0x46, 0x8D, 0x7F, 0x87, 0xCC, 0x06, 0xFB, 0xF4, 0x7F, 0x37, 0xF2, 0xC5, 0x1E, 0xD4, 0x17,
    0x14, 0x59, 0xC8, 0x00, 0xB1, 0x88, 0xD8, 0x8D, 0xBD, 0x33, 0x9F, 0x1B, 0xF2, 0xC7, 0x99, 0x11,
    0x7E, 0x96, 0x49, 0x1E, 0xDF, 0xB7, 0xE9, 0x52, 0xA6, 0x18, 0x60, 0xDF, 0xDA, 0xCC, 0x19, 0x9F,
    0x32, 0x4F, 0xCF, 0x94, 0x77, 0xC8, 0xE2, 0xCA, 0x56, 0x47, 0x23, 0xDF, 0x8A, 0x9B, 0x66, 0x6F,
    0x63, 0xB1, 0xA7, 0x26, 0x16, 0x7A, 0x5F, 0x7D, 0xDB, 0xB1, 0x51, 0x76, 0x5E, 0xFD, 0x33, 0x83,
    0x39, 0x15, 0x0E, 0xFB, 0xD6, 0x2C, 0x3B, 0x28, 0xF1, 0x8C, 0x79, 0xD6, 0xEC, 0x1E, 0x32, 0xAC,
    0xD1, 0xC0, 0x10, 0xC1, 0x42, 0x33, 0xD3, 0xE2, 0xAC, 0xEA, 0x0B, 0xEF, 0xAF, 0xA6, 0x67, 0xCE,
    0xF9, 0xAC, 0x7C, 0xBC, 0x5F, 0x5D, 0x75, 0x5B, 0xAB, 0xD5, 0x1B, 0xBA, 0x16, 0xC4, 0xAE, 0x59,
    0x3F, 0xFA, 0x9D, 0x33, 0x3A, 0x16, 0xFD, 0x68, 0x7E, 0x20, 0xAF, 0x7E, 0x31, 0xDE, 0xFD, 0x2D,
    0x93, 0xFB, 0x30, 0x58, 0x7A, 0x98, 0x82, 0xA0, 0x4B, 0x60, 0x7F, 0x2E, 0xFA, 0x1C, 0xD8, 0x07,
    0x0C, 0x43, 0x70, 0x1E, 0xCE, 0x70, 0x01, 0xF5, 0xAD, 0x9A, 0x74, 0x08, 0x84, 0x4F, 0xAA, 0x6E,
    0x5B, 0xF3, 0xC4, 0x57, 0x4C, 0x5C, 0xC3, 0x0A, 0x6A, 0xC5, 0x08, 0xCC, 0x5A, 0x4F, 0x34, 0x33,
    0x0A, 0x0E, 0xC4, 0x26, 0x39, 0x39, 0x6A, 0x86, 0x8B, 0x73, 0x5E, 0xF2, 0xEC, 0xC0, 0x68, 0x60,
    0xC1, 0xBE, 0xF2, 0xB5, 0x10, 0x04, 0x1B, 0x37, 0xD3, 0x6F, 0xB4, 0x5D, 0xEB, 0x29, 0x94, 0x12,
    0xA7, 0x94, 0xF0, 0x9A, 0xF6, 0x08, 0xBF, 0x7B, 0x40, 0xB3, 0x24, 0xC5, 0x72, 0xB9, 0xB6, 0x91,
    0x07, 0x47, 0x7C, 0x88, 0x71, 0x96, 0xEA, 0x04, 0x38, 0x56, 0x08, 0xA9, 0x71, 0x77, 0x8A, 0x30,
    0xA4, 0x9D, 0xB0, 0xAC, 0xE0, 0xB8, 0x25, 0x07, 0x91, 0x4B, 0x08, 0x22, 0x02, 0x63, 0x99, 0xB4,
    0x60, 0x20, 0x26, 0xA3, 0x1D, 0xE9, 0x71, 0x5B, 0x78, 0x69, 0x8F, 0xEB, 0x09, 0x9A, 0x14, 0x1A,
    0x15, 0xC6, 0x4B, 0x94, 0x86, 0xD5, 0x51, 0x16, 0x9C, 0xC6, 0x7A, 0x3A, 0xFC, 0x42, 0x6D, 0x49,
    0x4D, 0x07, 0x33, 0x21, 0x96, 0x28, 0x43, 0x51, 0x9B, 0x9B, 0xF6, 0xE8, 0x1B, 0x53, 0x26, 0xCD,
    0x17, 0x31, 0x41, 0x6C, 0x09, 0x69, 0x0C, 0xD1, 0x3F, 0x02, 0xC5, 0xA4, 0xCD, 0x64, 0x86, 0x22,
    0x31, 0x15, 0x18, 0x95, 0x55, 0x50, 0x4B, 0x62, 0xD3, 0x41, 0x35, 0xFC, 0x3B, 0xA8, 0x9B, 0xFD,
    0x17, 0x73, 0x4E, 0x2E, 0x0B, 0xC9, 0x4F, 0xB8, 0xCE, 0x32, 0x9B, 0x21, 0x24, 0xBF, 0x86, 0x27,
    0x92, 0x35, 0x21, 0xEF, 0x05, 0x06, 0xD2, 0x27, 0x64, 0xB8, 0x32, 0x49, 0x07, 0x18, 0x71, 0x14,
    0xB1, 0x4E, 0x04, 0x06, 0x6A, 0xC7, 0x6B, 0x5C, 0x2F, 0x63, 0x46, 0x2E, 0xEE, 0x47, 0xC2, 0x6C,
    0x99, 0x99, 0xF8, 0xAE, 0xE6, 0x46, 0xBD, 0x0B, 0xC2, 0xA5, 0xFA, 0x18, 0x74, 0x4F, 0x54, 0x43,
    0xBE, 0xF9, 0x44, 0x36, 0xAA, 0xAC, 0x35, 0x4E, 0x96, 0x73, 0xC5, 0x54, 0x31, 0xD3, 0x35, 0x26,
    0xDA, 0x60, 0x9E, 0x25, 0xA6, 0xE9, 0x6C, 0x30, 0x07, 0xAC, 0x9B, 0x74, 0xD6, 0x81, 0x38, 0x75,
    0x06, 0x3A, 0x45, 0x6B, 0xE3, 0xEE, 0xD5, 0xA9, 0x70, 0x26, 0x49, 0xAB, 0xD3, 0x9C, 0xFD, 0x22,
    0x1A, 0x6B, 0x2C, 0x2A, 0x5A, 0x58, 0xD5, 0xE1, 0x0E, 0x6B, 0xDA, 0x7B, 0x0B, 0x4C, 0xCE, 0x57,
    0xEC, 0xE3, 0x56, 0x76, 0x23, 0xE9, 0x45, 0x3C, 0x95, 0x3C, 0x2B, 0x17, 0x83, 0x6C, 0x4E, 0xE2,
    0xC5, 0x64, 0xA5, 0x70, 0x33, 0xFB, 0x35, 0x06, 0xFF, 0x0D, 0xA8, 0xFB, 0xE9, 0x8C, 0x95, 0x26,
    0x4D, 0x85, 0xD6, 0x9D, 0x50, 0x2A, 0x6B, 0x84, 0xFB, 0x59, 0x19, 0xE1, 0x0E, 0xDE, 0x1B, 0x30,
    0x4B, 0x65, 0xE1, 0x1B, 0x89, 0xFD, 0x5D, 0x82, 0x05, 0x33, 0x6D, 0x93, 0xB1, 0xC2, 0x20, 0xC2,
    0xFA, 0x2C, 0xFA, 0x91, 0x9E, 0xAF, 0x4E, 0xB2, 0xB9, 0x05, 0xE4, 0xB1, 0x5D, 0x9D, 0x0D, 0xB8,
    0xBF, 0xBF, 0xFF, 0x0E, 0x7D, 0xD4, 0x23, 0x00, 0xE8, 0x26, 0x40, 0x55, 0x10, 0x2D, 0x06, 0x20,
    0x39, 0xA1, 0xB8, 0x6C, 0x71, 0xEF, 0xE9, 0xFE, 0x31, 0xC6, 0xFA, 0x78, 0x42, 0x74, 0x1A, 0x40,
    0x3C, 0x94, 0xBD, 0x93, 0x62, 0xDD, 0x6E, 0xBF, 0x4F, 0x75, 0x96, 0xC8, 0x5B, 0x03, 0xF4, 0x63,
    0xB5, 0x17, 0x6B, 0x09, 0x17, 0xED, 0x58, 0xE7, 0xF5, 0x22, 0x2F, 0x8B, 0x9E, 0xEA, 0x17, 0xA3,
    0x44, 0x6D, 0xBC, 0x8E, 0xD7, 0xE1, 0x3A, 0xE8, 0x96, 0x4D, 0x9C, 0xBF, 0x30, 0x12, 0x21, 0xAC,
    0x47, 0x29, 0xE7, 0xBA, 0x5D, 0x00, 0x78, 0xF8, 0x37, 0xC0, 0x62, 0x8E, 0xB0, 0xAE, 0x97, 0xE9,
    0x33, 0x24, 0x42, 0x52, 0xFD, 0x50, 0xAE, 0xC0, 0xDA, 0xC2, 0xD2, 0x2A, 0xE4, 0x15, 0xC9, 0x6A,
    0x8D, 0xF1, 0xBF, 0x7C, 0x4E, 0x85, 0x72, 0xAA, 0xAF, 0x27, 0xE5, 0xFD, 0xB7, 0xA8, 0xDE, 0x72,
    0x21, 0x0A, 0x70, 0xF4, 0x01, 0x3C, 0xD5, 0x04, 0xD0, 0xA8, 0xD7, 0x9E, 0x7E, 0xDA, 0x8F, 0x8B,
    0x32, 0x10, 0x90, 0xF1, 0xEF, 0xC8, 0xA0, 0xE3, 0xAB, 0x2A, 0x64, 0xEC, 0x6B, 0x4F, 0x34, 0x6D,
    0x97, 0x57, 0xD8, 0x2C, 0x52, 0x79, 0x2C, 0xF8, 0x19, 0xF5, 0x2D, 0xF7, 0x5C, 0xAD, 0x8B, 0x64,
    0x51, 0x6B, 0x48, 0xA7, 0x84, 0xC1, 0x04, 0xCD, 0xEE, 0xB8, 0xE2, 0xC3, 0x2B, 0x5F, 0xD3, 0x9B,
    0xAC, 0xFF, 0xBD, 0x8D, 0x12, 0x90, 0xC3, 0x10, 0xA9, 0x40, 0xE8, 0xA9, 0xAF, 0x7D, 0xC9, 0xBA,
    0xC0, 0x76, 0x2C, 0xFA, 0x1A, 0x59, 0xA9, 0x44, 0x90, 0x83, 0x7E, 0x5B, 0xCA, 0xEB, 0xCA, 0x63,
    0xDD, 0x5F, 0x8E, 0x01, 0x21, 0xDD, 0x80, 0x92, 0xB9, 0x34, 0x2B, 0x52, 0x3B, 0xA6, 0x9F, 0x77,
    0x9E, 0x59, 0x55, 0xD2, 0xFE, 0xE2, 0xBE, 0x2A, 0xDE, 0x38, 0x93, 0x73, 0xD8, 0x0D, 0x05, 0x0E,
    0x84, 0x72, 0x3F, 0x60, 0x49, 0xD8, 0x10, 0x76, 0x80, 0x9F, 0xF6, 0x80, 0xFF, 0x8A, 0x42, 0x87,
    0xEC, 0x63, 0x14, 0x3F, 0x64, 0xA5, 0xAD, 0x01, 0xB3, 0x56, 0xA0, 0xEC, 0x48, 0x80, 0x4B, 0x0B,
    0x18, 0xD8, 0x7F, 0xE8, 0x21, 0x5D, 0x9F, 0xA0, 0x96, 0xA5, 0xF8, 0x3F, 0xC0, 0xD8, 0x02, 0x2E,
    0x09, 0x03, 0x42, 0x8F, 0x50, 0x94, 0x39, 0x6B, 0x5C, 0xFA, 0xB9, 0x3E, 0x26, 0x1C, 0xF7, 0xA3,
    0xA0, 0x1C, 0xB3, 0x86, 0xB0, 0xF4, 0x7D, 0x66, 0xE6, 0xB8, 0x15, 0xD5, 0xC7, 0xAC, 0xC3, 0xA4,
    0x44, 0x24, 0xE7, 0x37, 0xCF, 0x34, 0x92, 0x73, 0x69, 0xE8, 0xE6, 0x42, 0x7A, 0x6A, 0x7D, 0x24,
    0xEB, 0x39, 0x72, 0x1B, 0x12, 0x06, 0xDD, 0x5C, 0x80, 0x9B, 0x50, 0x36, 0x5E, 0x38, 0x4B, 0x32,
    0x6E, 0x18, 0x1B, 0x8C, 0xE0, 0xBA, 0xCC, 0x7E, 0x3A, 0x46, 0x60, 0xE1, 0x6B, 0xFA, 0xFD, 0x18,
    0xA1, 0x65, 0xCC, 0x56, 0x2C, 0x8E, 0x9C, 0x7B, 0x06, 0x57, 0xAC, 0x26, 0xD9, 0x79, 0x83, 0x4E,
    0xEE, 0xA5, 0xB7, 0x2F, 0x91, 0x68, 0x8F, 0x89, 0xDA, 0xF4, 0x31, 0x12, 0xB5, 0x67, 0xC1, 0x8E,
    0xAD, 0x9D, 0x43, 0xC1, 0x7C, 0x5D, 0x5A, 0x49, 0x35, 0xC7, 0x51, 0xA7, 0xC6, 0xF9, 0x65, 0x99,
    0x3F, 0x5C, 0x85, 0x59, 0x19, 0x0C, 0xB1, 0x50, 0xEF, 0x76, 0xC0, 0x28, 0xDE, 0x0F, 0x58, 0x3D,
    0xC4, 0x99, 0x80, 0x9F, 0x81, 0xCD, 0x51, 0xD1, 0x87, 0x7A, 0x0D, 0x99, 0xD5, 0xB3, 0x6B, 0xCE,
    0x98, 0xDF, 0xD9, 0x93, 0xF2, 0x7B, 0xB1, 0x11, 0x00, 0xD5, 0xF7, 0x34, 0x8D, 0xBC, 0x42, 0xB3,
    0xC2, 0x1A, 0x92, 0xAF, 0xE7, 0xF2, 0xD9, 0x9D, 0x91, 0xEF, 0xD9, 0x59, 0x2C, 0x43, 0x02, 0x96,
    0xA7, 0x83, 0xFB, 0x9E, 0x46, 0x20, 0x2A, 0x57, 0xD6, 0x49, 0xA4, 0xA1, 0x48, 0x3C, 0xD4, 0x7F,
    0x69, 0x2A, 0x66, 0x6E, 0x8E, 0x54, 0x81, 0xB9, 0x9F, 0xAB, 0xFB, 0x9A, 0x48, 0xE1, 0xBE, 0xB3,
    0x50, 0x0F, 0x37, 0xD1, 0x4C, 0x8E, 0xA5, 0x98, 0xF8, 0xF6, 0x00, 0xF1, 0xA3, 0x90, 0x25, 0x71,
    0x25, 0x8B, 0x51, 0x6D, 0x4D, 0x92, 0x14, 0x0D, 0xCB, 0x51, 0x93, 0xD6, 0xD5, 0x16, 0xB0, 0x59,
    0xAE, 0x5D, 0xC3, 0x5D, 0x77, 0x6A, 0x36, 0xBF, 0x8B, 0x3A, 0x66, 0xA3, 0xE2, 0x6E, 0x4C, 0x2E,
    0xB1, 0x42, 0xAF, 0x81, 0x3F, 0xE8, 0x23, 0xB9, 0x84, 0x0C, 0x49, 0xE9, 0xD9, 0x61, 0x55, 0x58,
    0xCD, 0x70, 0xF5, 0x9A, 0x5C, 0x6A, 0x35, 0xFB, 0x95, 0x33, 0x17, 0xD6, 0x1D, 0x4D, 0x05, 0x32,
    0x6E, 0x71, 0x08, 0x3E, 0xEC, 0xE7, 0x2A, 0x6F, 0x46, 0x40, 0x97, 0x2E, 0x7D, 0xCD, 0xA8, 0x76,
    0x07, 0x12, 0xC6, 0x0C, 0x92, 0x84, 0xD6, 0xD5, 0x3A, 0x32, 0x04, 0x9F, 0x6B, 0xCE, 0xE7, 0x68,
    0x2E, 0xC8, 0x65, 0x8A, 0x72, 0xBD, 0x12, 0xF5, 0xAD, 0x16, 0x3E, 0x58, 0x84, 0xE8, 0xF8, 0x03,
    0x51, 0x10, 0xBE, 0x75, 0x6E, 0xAB, 0xC6, 0x24, 0x0E, 0xCC, 0xA4, 0x28, 0x7E, 0x65, 0xFE, 0x54,
    0x1D, 0x34, 0xFA, 0x69, 0x5A, 0xF2, 0x2E, 0xD8, 0x74, 0x1B, 0xC7, 0x28, 0xBC, 0xFD, 0xE7, 0x8C,
    0x45, 0x5B, 0x2C, 0x18, 0xC9, 0x58, 0xB9, 0x93, 0xE4, 0xB0, 0x6E, 0xE2, 0xFB, 0x3C, 0xBE, 0xC2,
    0x39, 0x05, 0x7A, 0xE9, 0x6E, 0x7E, 0xB1, 0x18, 0x35, 0xFE, 0xBC, 0x6F, 0xB8, 0xAB, 0xAD, 0xB9,
    0x09, 0x2F, 0x06, 0xE6, 0x42, 0x85, 0x94, 0x1D, 0x43, 0x41, 0xDC, 0x01, 0x7E, 0xAC, 0x35, 0x33,
    0xAF, 0x9A, 0x57, 0x9E, 0xB3, 0x95, 0x95, 0x7A, 0xB4, 0xE9, 0x42, 0xD4, 0x4D, 0x34, 0x30, 0xEB,
    0x92, 0x0E, 0x76, 0x9D, 0xBD, 0x23, 0x93, 0x09, 0x06, 0x56, 0xE6, 0xB6, 0x34, 0xED, 0x52, 0x93,
    0x5E, 0x30, 0xE6, 0x6D, 0x89, 0xBA, 0x43, 0xED, 0xF7, 0xAE, 0xB5, 0x2E, 0x69, 0xE5, 0xDE, 0xC4,
    0xE3, 0x9B, 0xC2, 0xBD, 0xF1, 0x85, 0x20, 0xDF, 0xD7, 0x03, 0x8D, 0x15, 0x03, 0xA7, 0x0C, 0xA6,
    0xF0, 0x0D, 0xB8, 0xC1, 0x37, 0xE0, 0xC7, 0x62, 0xED, 0xD4, 0xEE, 0xFC, 0x66, 0x10, 0x9F, 0x82,
    0x6F, 0xA8, 0xEE, 0xEB, 0xA3, 0x6F, 0xF4, 0xAB, 0xF1, 0x9A, 0x43, 0xB7, 0x4F, 0x1D, 0x4E, 0x43,
    0x4C, 0x83, 0x4E, 0x68, 0x08, 0x62, 0xFB, 0xEF, 0xF5, 0x50, 0xDB, 0xF6, 0x18, 0xF2, 0xD3, 0x74,
    0xA6, 0x09, 0x6E, 0x50, 0xBE, 0xD5, 0x0A, 0x7D, 0xA8, 0xC1, 0xC4, 0x95, 0x8C, 0x7D, 0x36, 0x26,
    0xBD, 0x1F, 0x00, 0x31, 0xE6, 0xBD, 0x59, 0x3E, 0xB6, 0x66, 0xC9, 0x28, 0xE5, 0x07, 0xD6, 0x7A,
    0xB8, 0x76, 0x79, 0xC7, 0x80, 0x9B, 0xA1, 0x1D, 0x8B, 0xC8, 0x8A, 0x43, 0x6F, 0xB2, 0xD1, 0x8B,
    0xE1, 0xC5, 0xAE, 0xBC, 0xCC, 0xB7, 0xAE, 0xC4, 0x8C, 0x71, 0xE3, 0x9C, 0x89, 0x71, 0xD9, 0xAE,
    0xAB, 0x90, 0x43, 0xBA, 0x72, 0xB3, 0xDF, 0x52, 0xDA, 0xC0, 0x2F, 0x57, 0x76, 0xD6, 0x8D, 0xA5,
    0x67, 0xA3, 0x9B, 0xA8, 0x86, 0xB0, 0x16, 0x5C, 0x31, 0xD2, 0x1A, 0x6A, 0xBF, 0x7A, 0x60, 0xEB,
    0x73, 0xE3, 0xA2, 0x11, 0x73, 0x5A, 0xEC, 0x50, 0x79, 0x3F, 0x8B, 0xEA, 0x75, 0x04, 0x94, 0xD9,
    0x57, 0x66, 0x97, 0xF5, 0x79, 0xA1, 0x0B, 0x08, 0xBA, 0x63, 0x66, 0x5A, 0x55, 0x3D, 0xBD, 0x0F,
    0xF8, 0x2D, 0xCA, 0xE9, 0xA6, 0xE2, 0xFC, 0x76, 0xA3, 0x37, 0xD4, 0xF0, 0xFD, 0x05, 0x60, 0x85,
    0x84, 0x09, 0x5D, 0x70, 0xFA, 0xE5, 0x08, 0x5E, 0x18, 0x06, 0xEA, 0x60, 0xD4, 0xA2, 0x87, 0x43,
    0xC1, 0xC7, 0x9C, 0xFD, 0x6F, 0x16, 0x8E, 0x79, 0x30, 0x77, 0x3A, 0x8D, 0x42, 0xCA, 0x08, 0x34,
    0x20, 0xBA, 0xF1, 0xE4, 0xD9, 0x64, 0x46, 0x54, 0xD9, 0x27, 0x22, 0xF6, 0x9F, 0xD2, 0x86, 0x00,
    0x95, 0xD2, 0xAC, 0x77, 0xB9, 0x93, 0xE6, 0x29, 0x22, 0x0E, 0x97, 0x86, 0x3E, 0xD7, 0x34, 0xFF,
    0x94, 0x4E, 0xA5, 0x4B, 0xEE, 0xBB, 0xAC, 0x9C, 0x9D, 0x1E, 0x16, 0xAE, 0xB9, 0x04, 0xEC, 0x98,
    0xAE, 0x13, 0xBD, 0xD4, 0x46, 0xAD, 0x6D, 0xA2, 0xDF, 0xC9, 0x4B, 0x44, 0x5B, 0x5E, 0x15, 0xCE,
    0x25, 0x20, 0x96, 0x85, 0xB5, 0x05, 0x8B, 0xE9, 0x49, 0x5E, 0xA3, 0x33, 0x06, 0xC7, 0x05, 0xBE,
    0x0A, 0x54, 0x29, 0x9C, 0x30, 0x68, 0x7F, 0x7E, 0x96, 0x3B, 0xE7, 0x6B, 0x0F, 0xFE, 0x79, 0xD0,
    0x5F, 0x5D, 0xD3, 0xB5, 0x51, 0x65, 0x57, 0x4D, 0xC7, 0x3B, 0xFD, 0x5F, 0x5C, 0x3A, 0x19, 0xF5,
    0xE4, 0x37, 0xCA, 0xA3, 0x72, 0xD9, 0x15, 0x79, 0x80, 0x2E, 0xAD, 0x4B, 0x22, 0x6D, 0x54, 0xD3,
    0x9C, 0xB6, 0x7C, 0x4E, 0x9E, 0xEC, 0x47, 0x5A, 0x17, 0xA4, 0xB6, 0x10, 0x4C, 0x58, 0x55, 0xE6,
    0xC3, 0xA6, 0x8D, 0xCD, 0x9F, 0x5B, 0xEF, 0xE8, 0x76, 0x9A, 0x53, 0x17, 0xB5, 0xDC, 0x02, 0x90,
    0x00, 0xB9, 0x2F, 0x7B, 0xDA, 0x02, 0x67, 0x39, 0x98, 0xF1, 0xEA, 0x98, 0x92, 0x78, 0x93, 0xEF,
    0xE7, 0xA3, 0x4F, 0x39, 0xC7, 0x18, 0xF4, 0x90, 0x8C, 0xD6, 0x3C, 0x58, 0x3D, 0x40, 0xD4, 0xC1,
    0xC2, 0xA7, 0x12, 0xF5, 0x0A, 0x6B, 0xC6, 0x8A, 0x15, 0x64, 0x94, 0x02, 0xA4, 0x82, 0xF2, 0x65,
    0xC9, 0xA3, 0xB1, 0x5C, 0xB4, 0xD9, 0x90, 0x46, 0xD6, 0x55, 0x60, 0xE9, 0xA6, 0xA6, 0x1B, 0x9C,
    0xB9, 0xA1, 0x5A, 0x78, 0x7B, 0x22, 0xD7, 0xDF, 0xA9, 0x5B, 0x0C, 0x89, 0x48, 0x7A, 0xD5, 0x94,
    0x3F, 0xE2, 0x91, 0xAA, 0x8D, 0x54, 0xF3, 0x80, 0x53, 0x1C, 0x0D, 0x92, 0x3C, 0xF1, 0xC1, 0xEE,
    0x3A, 0xA9, 0xFD, 0x56, 0x3C, 0xB9, 0x97, 0xE1, 0xD4, 0x25, 0xBD, 0x9E, 0x8B, 0xC4, 0x64, 0x3D,
    0x4C, 0xF5, 0x06, 0x18, 0x22, 0xC2, 0x22, 0x8C, 0xF3, 0x70, 0x2A, 0x38, 0x0D, 0x86, 0xEC, 0xE0,
    0x06, 0x6A, 0x7E, 0x11, 0xC9, 0xAE, 0xE9, 0x60, 0x6B, 0x50, 0xFD, 0xE4, 0xF2, 0xA1, 0xE8, 0x68,
    0xF9, 0xD0, 0xA5, 0xA1, 0x26, 0x12, 0xD7, 0x58, 0x88, 0x05, 0x32, 0xCD, 0x62, 0x2B, 0x75, 0x71,
    0xB3, 0x28, 0xFD, 0xE6, 0x70, 0x21, 0xC6, 0xB3, 0xA0, 0xE4, 0xC5, 0xA7, 0x0F, 0xB3, 0x9A, 0x1A,
    0x47, 0x74, 0x91, 0x4E, 0x7A, 0xAA, 0x1A, 0x8F, 0x71, 0x30, 0x5A, 0xCF, 0x09, 0xAE, 0x23, 0x9E,
    0xD1, 0x69, 0x53, 0x6D, 0x01, 0x67, 0x34, 0x57, 0xFB, 0x26, 0x1E, 0x58, 0x6E, 0x4C, 0xBD, 0x8D,
    0xA5, 0xCD, 0x0C, 0x9E, 0xD3, 0xDB, 0x2F, 0x1A, 0x0F, 0x57, 0xD5, 0x48, 0x50, 0xAA, 0x74, 0xFA,
    0x3A, 0x9F, 0x82, 0xEA, 0xFD, 0xFA, 0xDE, 0x65, 0x5B, 0xF1, 0x62, 0x29, 0xA7, 0x8B, 0x3A, 0x44,
    0x4C, 0x02, 0x94, 0xC8, 0x71, 0xB0, 0x4C, 0x0C, 0xF2, 0x31, 0x59, 0xFB, 0xCC, 0x64, 0x14, 0xA7,
    0x19, 0x56, 0x6A, 0xCB, 0xA6, 0xC7, 0xE1, 0xF6, 0xCA, 0xBE, 0xB5, 0x9A, 0xCF, 0xA5, 0x9D, 0x13,
    0xFC, 0x7B, 0x4E, 0x5E, 0xCF, 0xD0, 0xBB, 0x42, 0xC8, 0x7A, 0x0E, 0x68, 0x2E, 0xE6, 0xBA, 0x5D,
    0x7D, 0x7E, 0x40, 0x78, 0xB0, 0x61, 0x10, 0x55, 0xC7, 0x5E, 0x09, 0x2C, 0x6B, 0x57, 0x22, 0x85,
    0xD7, 0xCD, 0xE2, 0xEE, 0xDE, 0x49, 0xD7, 0x3D, 0xF6, 0x2B, 0x92, 0x71, 0x50, 0x1A, 0xCF, 0x87,
    0x26, 0x74, 0x9A, 0x37, 0x45, 0x02, 0x4C, 0x96, 0x0D, 0x22, 0x2C, 0xDE, 0xE0, 0x96, 0xCC, 0xAB,
    0xB4, 0x3C, 0x8B, 0xB4, 0x60, 0x88, 0x81, 0x7A, 0x95, 0xFB, 0xBE, 0xAF, 0x47, 0x25, 0x6E, 0x6D,
    0x16, 0xA9, 0x5D, 0x78, 0x9E, 0xD0, 0x65, 0xF5, 0xB4, 0x6C, 0x62, 0xAA, 0xA2, 0x10, 0xFF, 0x3C,
    0xA9, 0xC4, 0xC2, 0x49, 0xEE, 0xC8, 0xEC, 0x92, 0x3B, 0xAD, 0x0B, 0x2B, 0x26, 0xEA, 0xBA, 0xA2,
    0xE2, 0x51, 0x2B, 0x44, 0x1C, 0x20, 0xE5, 0xE7, 0x4B, 0xBE, 0x31, 0x38, 0x05, 0xBA, 0xE9, 0xA9,
    0x64, 0x3D, 0x4B, 0xB8, 0x09, 0x6F, 0xDA, 0xBB, 0xA7, 0x42, 0xB7, 0xA7, 0x90, 0xC7, 0x97, 0x8A,
    0xFB, 0xA9, 0xAC, 0xF8, 0x7C, 0x7C, 0x51, 0x4D, 0x3F, 0x4A, 0x1E, 0x51, 0xFF, 0x08, 0xAD, 0xF8,
    0x3D, 0xF5, 0xE1, 0xB4, 0x06, 0x42, 0xD8, 0x73, 0xFB, 0xEA, 0x91, 0x13, 0x92, 0x2C, 0xB7, 0x48,
    0x59, 0xDD, 0xD9, 0x3C, 0x6B, 0x08, 0x5F, 0x2C, 0xA9, 0xB1, 0x4A, 0x8B, 0x3A, 0x81, 0x02, 0xAC,
    0x92, 0x41, 0xE3, 0x16, 0x5F, 0x30, 0x88, 0x61, 0x9D, 0xA3, 0xD9, 0x8D, 0x75, 0x1B, 0x57, 0x6D,
    0x7F, 0xA4, 0x1C, 0xA8, 0x7A, 0x0D, 0xEB, 0xAB, 0xC0, 0x65, 0xBD, 0x98, 0xF1, 0xB2, 0x1D, 0x78,
    0xEF, 0x2F, 0x8E, 0x25, 0x86, 0xC4, 0xE0, 0x5F, 0xB6, 0x4F, 0x0B, 0x2A, 0x00, 0x04, 0x5B, 0xC5,
    0x6E, 0x4D, 0x5A, 0xC1, 0xB3, 0x68, 0x63, 0xFB, 0x4B, 0xDB, 0x0A, 0xDD, 0xEF, 0xB5, 0x82, 0xE4,
    0x3F, 0xB6, 0xA6, 0xE8, 0x97, 0xAD, 0x9A, 0xB4, 0xB7, 0x90, 0x11, 0x9C, 0xAB, 0x4C, 0x54, 0x00,
    0xD3, 0x4B, 0x4C, 0x61, 0xAB, 0xA9, 0xC9, 0x11, 0x9C, 0xF0, 0x73, 0x76, 0xC4, 0xFD, 0x23, 0xF3,
    0x7B, 0xF9, 0xC9, 0x8F, 0xE8, 0xE1, 0x3E, 0x70, 0x73, 0xEF, 0xD2, 0x91, 0xF8, 0x65, 0xF9, 0x95,
    0x6D, 0x41, 0xE4, 0x77, 0xF0, 0x70, 0xBC, 0xF0, 0x4B, 0xB8, 0x47, 0xF3, 0x19, 0xE1, 0xDB, 0xE7,
    0x43, 0x67, 0x13, 0xE7, 0x93, 0x71, 0x17, 0xB0, 0xAC, 0x2D, 0xAC, 0x3F, 0xE2, 0xB3, 0x5D, 0x7E,
    0xC4, 0xBC, 0xEB, 0xAF, 0xC6, 0xCF, 0xB7, 0x53, 0xDB, 0x80, 0xCE, 0xD7, 0xD3, 0x8B, 0x2E, 0xCA,
    0x1F, 0x1A, 0x77, 0x9E, 0x73, 0x79, 0x0F, 0x35, 0x5B, 0x01, 0x9E, 0xA5, 0x02, 0x63, 0x3F, 0xFA,
    0x19, 0x8C, 0x45, 0x8C, 0xA0, 0xB9, 0xC7, 0x37, 0xCE, 0x89, 0xE2, 0xFA, 0xF3, 0xC7, 0xF2, 0x0B,
    0xD3, 0xB6, 0x80, 0x4C, 0xFF, 0x8B, 0xA0, 0xBB, 0x18, 0xC4, 0x1A, 0x35, 0x31, 0x8E, 0x64, 0x8A,
    0x09, 0x1C, 0xE5, 0x70, 0xB5, 0x5E, 0xBC, 0x84, 0x8A, 0xE4, 0x8A, 0xA0, 0x6F, 0xFE, 0x80, 0xBE,
    0x7E, 0x6E, 0xEC, 0x67, 0x08, 0x1C, 0x7F, 0x0F, 0xE5, 0xBD, 0x91, 0x18, 0xA7, 0x95, 0xD8, 0xF6,
    0xDE, 0x39, 0xA9, 0x94, 0x0B, 0x4E, 0x42, 0x7A, 0x02, 0x2C, 0x99, 0x32, 0xCB, 0x7A, 0x7E, 0x42,
    0x56, 0xAC, 0x90, 0x8F, 0xC9, 0xD2, 0xF4, 0x8E, 0x1E, 0x55, 0x36, 0xEF, 0x9E, 0x05, 0xE9, 0x22,
    0x90, 0x8E, 0x8F, 0x47, 0x59, 0x8F, 0x87, 0xAA, 0x14, 0x0C, 0xCD, 0xA8, 0x2E, 0xA8, 0x39, 0xAE,
    0xA7, 0xB3, 0x2F, 0x39, 0x55, 0xC9, 0x9A, 0xA9, 0x52, 0xD6, 0x4C, 0xD5, 0xB2, 0x9A, 0x55, 0xCE,
    0xF2, 0x31, 0x68, 0xB7, 0x75, 0xDC, 0x22, 0xD1, 0xF4, 0x81, 0xCB, 0x4E, 0xEB, 0x73, 0x2B, 0xF4,
    0xB4, 0x97, 0x7B, 0x7C, 0xCD, 0xF8, 0xC8, 0x31, 0x4D, 0xB0, 0xE2, 0x5D, 0x51, 0xA2, 0x59, 0x68,
    0x88, 0x64, 0xC9, 0xDC, 0x00, 0x0C, 0xEF, 0x08, 0x87, 0xA3, 0x98, 0x69, 0x8F, 0x19, 0xFF, 0x47,
    0x9E, 0x88, 0x67, 0xAF, 0x72, 0x60, 0xA5, 0x81, 0x6A, 0x64, 0x90, 0xC0, 0xAC, 0xA2, 0x8A, 0x7E,
    0x37, 0xB8, 0x83, 0x33, 0xF1, 0x6F, 0xAD, 0x7B, 0x1C, 0x5A, 0x72, 0xC7, 0x7E, 0x5B, 0x9F, 0x5D,
    0x52, 0x94, 0xF6, 0x63, 0xCB, 0x04, 0xAA, 0xCD, 0xB3, 0x8F, 0x69, 0xBB, 0x77, 0xD6, 0x24, 0xFF,
    0xC3, 0xDA, 0xC9, 0x5E, 0x50, 0x7B, 0xA0, 0xF9, 0xDD, 0x5E, 0xD3, 0xFB, 0xA4, 0xCD, 0xD2, 0x65,
    0x7B, 0x3B, 0x17, 0x83, 0xF6, 0x79, 0xEE, 0xAD, 0x31, 0x9A, 0x78, 0x75, 0x3E, 0x8C, 0xAD, 0xC6,
    0x8A, 0x1E, 0x4D, 0x5B, 0x8C, 0xE5, 0x3B, 0x8E, 0x44, 0xD7, 0x1D, 0xA5, 0x8A, 0x91, 0x1C, 0x6E,
    0xE2, 0xEE, 0x61, 0x17, 0x71, 0xA3, 0x77, 0xC4, 0x0F, 0x39, 0x62, 0x6C, 0x36, 0x72, 0xFB, 0x49,
    0xE5, 0x1E, 0xF6, 0x53, 0xC5, 0x7A, 0xE0, 0xAD, 0x44, 0x7D, 0xA2, 0x2C, 0xD1, 0x5C, 0x48, 0x16,
    0x97, 0x9E, 0x4D, 0x17, 0x6B, 0x11, 0x5A, 0xDF, 0xA2, 0x84, 0xAF, 0x68, 0x82, 0x01, 0xC5, 0x1A,
    0xB6, 0x0B, 0xC5, 0xD6, 0xB2, 0x9E, 0x5D, 0x23, 0xA5, 0x60, 0xBF, 0x33, 0xF4, 0x70, 0x93, 0xED,
    0xCF, 0xBE, 0xB2, 0x28, 0xFB, 0x2B, 0xFE, 0xAD, 0xB1, 0xBB, 0x08, 0x6A, 0xDE, 0xAB, 0x33, 0xCD,
    0x18, 0x54, 0x0C, 0x62, 0xE2, 0x50, 0x1C, 0x26, 0xB5, 0xC4, 0x01, 0x89, 0x9C, 0x11, 0x2C, 0xD6,
    0x96, 0x86, 0x83, 0xC6, 0xE8, 0x44, 0x9A, 0x02, 0x57, 0x61, 0xEA, 0xAD, 0x37, 0x8E, 0xEB, 0xE9,
    0x03, 0xD5, 0xC4, 0x82, 0xCF, 0x49, 0x38, 0x4E, 0x3A, 0x6C, 0xF9, 0xA5, 0x97, 0x6E, 0x84, 0xF1,
    0x28, 0x26, 0x2B, 0x46, 0x0D, 0x45, 0x95, 0x23, 0xB2, 0xB3, 0x60, 0x62, 0x07, 0x2E, 0x17, 0x74,
    0x7B, 0xD2, 0xF2, 0x34, 0x2B, 0xEE, 0xB7, 0x5A, 0xE5, 0x9D, 0x74, 0x3C, 0x2D, 0x18, 0xF5, 0xA1,
    0x16, 0xBA, 0xEA, 0x23, 0xF1, 0xF4, 0x61, 0x87, 0x9E, 0x3B, 0xAB, 0x53, 0x8C, 0x8F, 0xD2, 0xCB,
    0x37, 0x1E, 0xB3, 0xA7, 0x39, 0xFC, 0xD3, 0x6D, 0x94, 0xA9, 0xC5, 0xB1, 0xD3, 0xE2, 0x35, 0x98,
    0xF9, 0x10, 0x56, 0x42, 0x5C, 0x33, 0x66, 0x84, 0x44, 0xA3, 0x20, 0x87, 0x56, 0xD2, 0xBD, 0xC4,
    0x83, 0x9D, 0x64, 0xC6, 0xE1, 0xA0, 0xA2, 0x0E, 0x0A, 0xFB, 0x64, 0x28, 0x64, 0xBB, 0x83, 0x5C,
    0xC7, 0x3C, 0x32, 0xC1, 0xC2, 0x6B, 0x3D, 0x8D, 0x8E, 0x5A, 0x5C, 0x59, 0x25, 0xF3, 0x31, 0xE6,
    0xC0, 0x19, 0x56, 0xFA, 0x00, 0xA4, 0xF5, 0x1C, 0x45, 0x71, 0x0F, 0x81, 0xAA, 0x67, 0x19, 0x2A,
    0x36, 0x0F, 0x23, 0xCE, 0x27, 0x32, 0xB5, 0xDC, 0x41, 0x17, 0xE5, 0x4B, 0x7C, 0xAA, 0x83, 0x5F,
    0xFB, 0x9F, 0xF3, 0xA3, 0xA5, 0x26, 0xA9, 0x18, 0x50, 0x71, 0xCD, 0x92, 0xB2, 0x64, 0xBC, 0x3D,
    0xEF, 0xED, 0xE7, 0x85, 0xA3, 0x9A, 0xB9, 0xF5, 0xDA, 0x39, 0x5A, 0x56, 0x68, 0x66, 0xFA, 0xF3,
    0xE9, 0xF9, 0x87, 0xDE, 0x9C, 0x9E, 0x66, 0x6E, 0x91, 0xC9, 0x5C, 0x9B, 0x1F, 0x83, 0xE2, 0xA7,
    0xAE, 0x76, 0x87, 0xB9, 0x8E, 0xAB, 0x50, 0x85, 0x51, 0x4D, 0x07, 0x5E, 0x75, 0x1A, 0x5A, 0xDE,
    0x95, 0xB5, 0x53, 0x01, 0xBA, 0x3E, 0x21, 0x8C, 0xCB, 0xCC, 0xD5, 0x77, 0x6B, 0x3D, 0xB5, 0x53,
    0x3D, 0xE5, 0x74, 0x6E, 0x76, 0xA9, 0x9D, 0x0F, 0xFB, 0xFB, 0xFB, 0xEA, 0x19, 0x97, 0xF6, 0x18,
    0x74, 0x88, 0xFE, 0x19, 0x86, 0x9E, 0x2A, 0xB6, 0x58, 0xFD, 0xCE, 0x18, 0xE1, 0x6B, 0x27, 0xE8,
    0x18, 0x64, 0x11, 0x8E, 0x00, 0x17, 0x47, 0xA3, 0xDA, 0xE6, 0x7D, 0x93, 0xED, 0x45, 0xB2, 0x45,
    0xDD, 0x28, 0x63, 0x1A, 0xBF, 0x4B, 0x5D, 0xB1, 0x1F, 0x39, 0x39, 0xF5, 0x92, 0xCE, 0xC0, 0x98,
    0x3F, 0x31, 0xD3, 0x91, 0x58, 0x25, 0x89, 0x42, 0xA7, 0x41, 0xBF, 0x75, 0xE9, 0x28, 0xCC, 0x07,
    0x43, 0xEA, 0xDA, 0xE8, 0xC7, 0x99, 0x87, 0xED, 0x43, 0xB4, 0xF8, 0x59, 0x50, 0xF8, 0x55, 0x73,
    0x95, 0x4F, 0xB6, 0x41, 0x41, 0xAB, 0xEC, 0xD8, 0x9C, 0x6F, 0x37, 0x47, 0xDC, 0xE6, 0x18, 0xD5,
    0x25, 0xA0, 0x30, 0x8A, 0x0A, 0x82, 0x46, 0xCC, 0xFF, 0x60, 0x88, 0xF9, 0x20, 0x53, 0x68, 0x0D,
    0x3B, 0x4E, 0x7F, 0x33, 0xAE, 0x7A, 0x36, 0xC4, 0xFD, 0x7F, 0xED, 0x5A, 0xBD, 0xAF, 0xE5, 0x46,
    0x15, 0x1F, 0xDB, 0xFB, 0xF6, 0x26, 0xB1, 0x84, 0x53, 0x64, 0xA5, 0x68, 0x83, 0x70, 0x93, 0x02,
    0x02, 0xC2, 0xFF, 0x00, 0xC4, 0x16, 0x94, 0x14, 0x6C, 0x91, 0x0B, 0x05, 0xC5, 0xA6, 0x41, 0x42,
    0x69, 0x5E, 0xFE, 0x81, 0xC4, 0x17, 0x51, 0xA6, 0xE0, 0x35, 0x11, 0x05, 0x4D, 0x8A, 0x2D, 0xE0,
    0x51, 0xA4, 0xA1, 0x0C, 0xB1, 0x03, 0x05, 0x45, 0x1A, 0x4B, 0x51, 0xEA, 0x18, 0x91, 0x08, 0x69,
    0x53, 0xC4, 0x11, 0x8E, 0xB8, 0x6F, 0x63, 0x7B, 0x38, 0xBF, 0xDF, 0x99, 0xB1, 0xFD, 0x3E, 0xF2,
    0xB5, 0x49, 0xF6, 0x0B, 0xEE, 0xDB, 0x3B, 0x73, 0xBC, 0xD7, 0x1E, 0x9F, 0x39, 0x73, 0x3E, 0x7E,
    0xE7, 0xCC, 0x18, 0x23, 0x9F, 0x47, 0x5E, 0x41, 0x6B, 0x92, 0x6E, 0xDD, 0xA5, 0xD2, 0x5D, 0x3E,
    0x2E, 0xCA, 0xC6, 0x98, 0xCA, 0x5A, 0x5B, 0x9B, 0x58, 0x5A, 0x6B, 0x4C, 0x2E, 0xED, 0xDE, 0x18,
    0x5C, 0x4C, 0x26, 0xB4, 0x27, 0xA6, 0xB4, 0xC5, 0x46, 0x7E, 0x96, 0x6F, 0x22, 0x3F, 0x07, 0xB6,
    0x4D, 0x07, 0x79, 0xBC, 0xEA, 0x32, 0xB9, 0xCB, 0xE4, 0x7D, 0x8E, 0xE1, 0xB2, 0x3D, 0xBB, 0x64,
    0x70, 0x5D, 0xD9, 0xAE, 0xBB, 0xF5, 0x6F, 0xE9, 0x3E, 0xEF, 0xF9, 0x40, 0x86, 0x51, 0xF2, 0x2E,
    0x19, 0xA5, 0xB3, 0x5D, 0x6C, 0x0B, 0x79, 0x59, 0x13, 0xD9, 0x56, 0xF8, 0xA8, 0x03, 0x3B, 0x6D,
    0x2B, 0xAB, 0x8C, 0xC9, 0xEF, 0xA9, 0x74, 0xF2, 0x50, 0x24, 0xDD, 0x4E, 0xEE, 0x3E, 0x04, 0x7F,
    0xF2, 0xD9, 0x9A, 0xF5, 0x27, 0xAD, 0xD1, 0x66, 0x6C, 0x73, 0xB6, 0xE5, 0xCE, 0x5C, 0xB6, 0x1F,
    0xEB, 0x94, 0x06, 0x61, 0xDC, 0xDA, 0x4E, 0x66, 0x81, 0xD9, 0x25, 0xB6, 0xC8, 0x46, 0x23, 0x1C,
    0x6C, 0xAC, 0xB0, 0x20, 0x2F, 0x2E, 0xC0, 0xA9, 0xDD, 0x41, 0x18, 0xB6, 0xAE, 0xE4, 0xE9, 0xCA,
    0xB5, 0x65, 0x8D, 0xFF, 0xD1, 0x5F, 0xF5, 0x4E, 0x99, 0xB6, 0x3C, 0x25, 0xA2, 0x48, 0x27, 0x21,
    0x3E, 0x96, 0x91, 0x43, 0x8E, 0x2C, 0x72, 0x02, 0x77, 0xB1, 0x48, 0x4C, 0x3E, 0x57, 0x3C, 0x5B,
    0x17, 0xCA, 0x3E, 0x6B, 0xAF, 0x14, 0xC6, 0x1C, 0x54, 0xB5, 0xC8, 0x55, 0xB8, 0x2B, 0xD8, 0x4D,
    0x86, 0x5D, 0x77, 0x07, 0xBA, 0x4A, 0xE6, 0x99, 0xB7, 0xA6, 0x14, 0x6E, 0xAA, 0xD6, 0xE4, 0x7B,
    0x11, 0x4E, 0x03, 0x06, 0xB0, 0xCE, 0x89, 0x7D, 0x4F, 0x56, 0x9C, 0x82, 0x9A, 0x0C, 0xA5, 0x06,
    0x69, 0xCB, 0xE4, 0xE4, 0x19, 0x91, 0xE7, 0x68, 0x2E, 0xF8, 0x24, 0xED, 0xD2, 0xA6, 0x0D, 0x65,
    0x0F, 0xC9, 0x89, 0x98, 0xD1, 0x8E, 0x06, 0x6D, 0x7F, 0xBB, 0x6D, 0xC3, 0xB6, 0x35, 0x69, 0x0F,
    0xD6, 0x45, 0x7B, 0x84, 0xDF, 0xAA, 0x37, 0x99, 0xFD, 0x93, 0x28, 0x45, 0x62, 0xED, 0x07, 0x3D,
    0x98, 0xFD, 0xAD, 0x28, 0x48, 0x35, 0xCA, 0x9D, 0xE6, 0xA0, 0x58, 0x18, 0x0B, 0x0B, 0x73, 0x34,
    0x33, 0xD9, 0xC7, 0xBD, 0xA7, 0xE5, 0x81, 0x76, 0xBE, 0xC9, 0xDA, 0xE5, 0x89, 0x7C, 0x35, 0x3F,
    0xB7, 0x74, 0xF3, 0xE7, 0xCA, 0xF6, 0x19, 0x69, 0x83, 0xAD, 0x7C, 0xAE, 0x95, 0x94, 0x0E, 0x34,
    0xD2, 0x76, 0x42, 0xCB, 0x68, 0x0B, 0x3D, 0xAE, 0x68, 0x5B, 0x38, 0xFA, 0xBD, 0xED, 0xA1, 0xE8,
    0xF5, 0x76, 0xFB, 0x73, 0xD1, 0xA6, 0x46, 0x54, 0xA6, 0x23, 0x17, 0x6A, 0x7E, 0x60, 0x2B, 0x99,
    0x30, 0x53, 0x43, 0xA3, 0x12, 0xC5, 0x04, 0x9D, 0xC0, 0x42, 0x64, 0x8D, 0x48, 0x8F, 0x86, 0x8B,
    0x04, 0x3A, 0x1E, 0xF1, 0xE6, 0x1D, 0xE9, 0xCD, 0x04, 0x95, 0x33, 0x33, 0x9D, 0x8E, 0x0B, 0x2D,
    0x72, 0x9A, 0x69, 0x2A, 0xA8, 0x3E, 0x1B, 0x42, 0x09, 0xDC, 0xF8, 0x1B, 0x4C, 0x1D, 0xB4, 0xD8,
    0xB4, 0x70, 0xA0, 0xB4, 0x3C, 0x97, 0x0F, 0x8E, 0xAE, 0x3A, 0xFC, 0x23, 0xBD, 0xB1, 0x6D, 0x40,
    0x25, 0x28, 0x6F, 0x1E, 0x57, 0xB6, 0x8E, 0xEC, 0xCD, 0xE3, 0xE3, 0x1B, 0x9C, 0x23, 0x56, 0x41,
    0xD4, 0x04, 0xF4, 0xB0, 0xA2, 0x9B, 0x85, 0x16, 0x9B, 0x50, 0xDA, 0x89, 0xF2, 0x92, 0x09, 0x66,
    0x89, 0x17, 0x59, 0xA1, 0x92, 0x35, 0xD9, 0x87, 0x22, 0x10, 0x0A, 0x56, 0xE6, 0x34, 0x1A, 0x95,
    0xAB, 0xF0, 0xDB, 0x1B, 0x15, 0xAB, 0x81, 0xE2, 0xAA, 0x54, 0x69, 0x61, 0x2A, 0x54, 0x8E, 0x32,
    0xCB, 0xD4, 0xB1, 0xDD, 0xC3, 0x28, 0x7B, 0x95, 0x68, 0xE4, 0xC9, 0x64, 0x58, 0xC8, 0x71, 0x26,
    0x63, 0x0E, 0xDC, 0x7A, 0x49, 0x05, 0x5C, 0x20, 0x92, 0x91, 0x9D, 0xE5, 0x07, 0x25, 0x76, 0xA4,
    0x2C, 0x91, 0x7F, 0xCC, 0x2F, 0xCE, 0x00, 0x27, 0xE1, 0xE5, 0x18, 0x09, 0x77, 0x4E, 0x8C, 0xF1,
    0x34, 0x4B, 0x11, 0x4E, 0x53, 0x85, 0x08, 0x2D, 0x76, 0x32, 0x34, 0x90, 0xA7, 0x8A, 0x30, 0x5C,
    0x24, 0x18, 0x2D, 0x02, 0x8C, 0x16, 0xF9, 0x45, 0x2B, 0xF1, 0x15, 0x46, 0x35, 0x56, 0xB4, 0xAB,
    0x8B, 0x7A, 0x4F, 0x4E, 0x59, 0xE7, 0x48, 0x63, 0x9D, 0x58, 0x84, 0xCC, 0xAD, 0xF1, 0x24, 0x15,
    0x4A, 0xC9, 0xE0, 0xDA, 0x4C, 0xCE, 0x66, 0xE0, 0xC8, 0xD8, 0x1E, 0xD9, 0x22, 0x67, 0x2C, 0xA8,
    0xEC, 0xDE, 0x91, 0x21, 0xA5, 0x4E, 0x32, 0x5E, 0x48, 0x51, 0x99, 0x0C, 0x8F, 0x89, 0x74, 0x44,
    0x2A, 0xF0, 0xE1, 0xE8, 0x65, 0x7E, 0x11, 0xF5, 0xAA, 0x83, 0xD9, 0x06, 0x20, 0x21, 0x9D, 0x9A,
    0xAF, 0xC0, 0x2F, 0x95, 0x92, 0x90, 0x8E, 0x23, 0x29, 0x1D, 0x25, 0x73, 0xD5, 0x54, 0x3C, 0x06,
    0xE9, 0xA8, 0xD3, 0x0D, 0xE1, 0x5A, 0x73, 0x18, 0xBA, 0xC4, 0x22, 0x38, 0x99, 0x49, 0x82, 0x42,
    0xC1, 0xF9, 0xC4, 0xF6, 0xA6, 0x67, 0x27, 0x9A, 0x39, 0x93, 0x77, 0xD8, 0xC1, 0x93, 0xA9, 0x6D,
    0x3C, 0x69, 0x9E, 0x99, 0x8D, 0xB9, 0x70, 0x36, 0xBD, 0xA5, 0x0D, 0xD2, 0x0D, 0x88, 0x99, 0x7E,
    0x4E, 0x12, 0x6C, 0xDD, 0xE3, 0x64, 0x58, 0x43, 0xFA, 0x24, 0xE3, 0x0E, 0xA2, 0x14, 0x95, 0x3B,
    0x3E, 0x4A, 0x47, 0xF8, 0x78, 0x5A, 0x56, 0xC2, 0x70, 0x4A, 0x72, 0xC3, 0xD5, 0x26, 0x19, 0x50,
    0xCB, 0xD4, 0xF4, 0x32, 0xDB, 0xCC, 0xDA, 0x31, 0x0B, 0xCE, 0x38, 0xCD, 0x89, 0x46, 0xAF, 0x2E,
    0x2A, 0xCB, 0xC4, 0xBA, 0x97, 0xB9, 0x3E, 0x1C, 0x66, 0x96, 0x3E, 0xB5, 0x8F, 0xC6, 0x3B, 0xDF,
    0x43, 0x12, 0x91, 0x73, 0x30, 0x9F, 0xD2, 0x6B, 0xA8, 0xF0, 0xF3, 0x74, 0xBD, 0x37, 0xA2, 0x72,
    0x70, 0x91, 0x44, 0xED, 0x2F, 0x72, 0x01, 0x25, 0xF0, 0x66, 0x74, 0x34, 0x0B, 0x4B, 0x46, 0xCA,
    0x1B, 0x8A, 0x85, 0x32, 0x22, 0xE5, 0xA5, 0x73, 0xAE, 0x21, 0x9B, 0x5F, 0x6B, 0xE3, 0xA6, 0xC4,
    0xF9, 0x68, 0x88, 0x19, 0xDC, 0x34, 0x38, 0x07, 0x9D, 0xC0, 0x91, 0x42, 0x98, 0x00, 0xCB, 0xBE,
    0x75, 0x36, 0xB2, 0x19, 0x15, 0x0F, 0xD4, 0xC0, 0x0D, 0xCB, 0xC5, 0xB0, 0xBE, 0x98, 0xD6, 0x17,
    0x80, 0x11, 0x94, 0x1A, 0xDD, 0x76, 0xED, 0x2F, 0xA0, 0x7F, 0xDD, 0xFA, 0x62, 0xBF, 0xBA, 0x78,
    0x67, 0x5C, 0x5D, 0xBC, 0x69, 0x57, 0x17, 0x7F, 0xB3, 0xF5, 0x72, 0x51, 0x8B, 0xD2, 0x2E, 0x17,
    0x65, 0xBF, 0x5C, 0x34, 0xD9, 0xB0, 0xBA, 0x48, 0xEC, 0xEA, 0x22, 0xB2, 0xBF, 0x59, 0x2E, 0x02,
    0xFB, 0xD6, 0x72, 0x61, 0xAA, 0x7F, 0xAF, 0x2E, 0x32, 0x45, 0x39, 0xEA, 0xD2, 0x13, 0xB9, 0xD8,
    0x14, 0xEE, 0x22, 0x92, 0x8B, 0xB4, 0x09, 0xF5, 0x22, 0x90, 0x8B, 0xFC, 0x24, 0x75, 0xEE, 0xBE,
    0x1A, 0x8D, 0x3A, 0x4D, 0xFA, 0xFE, 0x11, 0xF1, 0x6E, 0x30, 0x3E, 0x76, 0x47, 0xD6, 0x07, 0x60,
    0xB0, 0x53, 0x12, 0xC6, 0xBA, 0x8F, 0xF7, 0xC4, 0xCE, 0xB1, 0x3B, 0x65, 0xF3, 0x9E, 0x3E, 0x1D,
    0xDD, 0x32, 0xA4, 0xA3, 0x7B, 0x5A, 0x50, 0xB5, 0x8A, 0x7F, 0xD3, 0x7B, 0xD1, 0x1B, 0x2F, 0x76,
    0x33, 0x8B, 0x7C, 0x16, 0xB7, 0x13, 0x75, 0xBC, 0x77, 0x62, 0x4E, 0xF6, 0x4E, 0xC4, 0x42, 0xA8,
    0x78, 0x85, 0x50, 0xD1, 0x0A, 0xA1, 0x62, 0x05, 0x41, 0x91, 0x0A, 0xA1, 0xE2, 0x04, 0x41, 0x51,
    0x82, 0xA0, 0x18, 0x41, 0x50, 0x84, 0x20, 0x28, 0x3E, 0x12, 0x10, 0x1D, 0x89, 0xC4, 0x13, 0x91,
    0x27, 0x02, 0x4F, 0x40, 0x54, 0x4A, 0xE4, 0x9E, 0x48, 0x3C, 0xC1, 0x57, 0x78, 0xC0, 0x76, 0x8E,
    0xC8, 0x3C, 0x51, 0x75, 0xEE, 0x17, 0x0F, 0xE3, 0x62, 0x17, 0xF0, 0x4C, 0x34, 0x9D, 0x95, 0xEB,
    0x25, 0xFF, 0xCC, 0xCE, 0x19, 0xA8, 0xDE, 0x19, 0x3A, 0xE7, 0xE6, 0xAF, 0x4D, 0x55, 0x98, 0xCF,
    0xF8, 0xE4, 0x75, 0xB5, 0xC7, 0x7D, 0xE5, 0xDF, 0x11, 0x4B, 0x24, 0x5D, 0xF8, 0x00, 0x71, 0x56,
    0x7A, 0x7A, 0x4B, 0xE9, 0x47, 0x30, 0x26, 0x3D, 0x91, 0xAA, 0xF4, 0x04, 0xAD, 0x4C, 0x2B, 0xEE,
    0x48, 0xEF, 0xE2, 0xB8, 0x9F, 0xE7, 0xCE, 0xCD, 0xB3, 0xF0, 0x7E, 0x5A, 0x7F, 0x76, 0x02, 0xAA,
    0x9C, 0x1F, 0xCB, 0x9D, 0x04, 0xAF, 0xA8, 0xD3, 0x7A, 0x92, 0x0E, 0xEB, 0xF2, 0xC0, 0x11, 0x14,
    0x70, 0xE4, 0x2A, 0xA9, 0x44, 0x07, 0x08, 0xFF, 0xB0, 0x16, 0x49, 0xA0, 0x71, 0x61, 0x33, 0x99,
    0xD5, 0x2D, 0x89, 0xBE, 0x32, 0x53, 0xC9, 0xE6, 0xDA, 0x95, 0xBA, 0x54, 0xF6, 0x55, 0x2E, 0x9D,
    0xBD, 0xDE, 0x93, 0x37, 0x3A, 0xA0, 0x68, 0x8A, 0x07, 0xBA, 0x25, 0x0E, 0x13, 0x0B, 0x4A, 0xE3,
    0xA2, 0x93, 0xF3, 0xAC, 0xE3, 0x84, 0x5C, 0xEE, 0x22, 0x12, 0x95, 0x84, 0x85, 0x79, 0x61, 0xA7,
    0x39, 0x6A, 0x4F, 0x5F, 0x23, 0x8C, 0x32, 0xF8, 0x0F, 0x0A, 0x88, 0x45, 0xDF, 0x07, 0xC2, 0xB7,
    0x44, 0x3B, 0x91, 0x0E, 0xE4, 0xC1, 0x04, 0xD4, 0xD6, 0x9C, 0xB1, 0xB8, 0x24, 0x05, 0xA1, 0xD9,
    0x2E, 0x95, 0xF1, 0xD3, 0x8F, 0xF0, 0x96, 0x0D, 0x85, 0x13, 0xE8, 0xB4, 0x99, 0xBC, 0x9E, 0xCA,
    0x26, 0x9C, 0x1C, 0x77, 0x84, 0x17, 0x3D, 0xA1, 0xFD, 0x64, 0x0B, 0xC5, 0x43, 0x29, 0xA0, 0x6B,
    0x91, 0x13, 0x05, 0x29, 0x00, 0x22, 0x24, 0x2D, 0xC4, 0xA3, 0x04, 0x6C, 0xCD, 0xE9, 0x56, 0x21,
    0x8E, 0xDE, 0xA9, 0x4F, 0xA5, 0x04, 0x53, 0xB1, 0xA4, 0x94, 0x7E, 0x64, 0x99, 0xE0, 0x47, 0xC4,
    0x2F, 0xBF, 0xF6, 0xD0, 0xE5, 0x61, 0x13, 0xEC, 0xB2, 0x36, 0x6B, 0x93, 0xC9, 0xD6, 0x21, 0x98,
    0x85, 0x42, 0x5E, 0x3D, 0xF2, 0x50, 0x06, 0x69, 0x49, 0xB7, 0xFE, 0x12, 0x4D, 0x7D, 0xC9, 0xEF,
    0x95, 0xF2, 0xA3, 0x73, 0xE3, 0x42, 0x74, 0x00, 0xEE, 0x40, 0xEC, 0x80, 0xEA, 0xC0, 0xE8, 0xCC,
    0x2A, 0xAF, 0xAC, 0x24, 0x05, 0x40, 0xF7, 0x55, 0x7E, 0xCD, 0xB3, 0xE6, 0x71, 0x8C, 0x3B, 0x05,
    0x54, 0xB3, 0x4A, 0xBD, 0x74, 0xAA, 0xB0, 0x7F, 0xE3, 0xCC, 0xF8, 0x78, 0xBD, 0x56, 0x97, 0x8F,
    0x8B, 0xE5, 0xCE, 0x98, 0x88, 0xFA, 0x7E, 0xAB, 0x6F, 0x5C, 0x32, 0x07, 0x2E, 0x49, 0x92, 0x41,
    0xFF, 0x61, 0x39, 0x8F, 0x81, 0xA6, 0xD3, 0xB9, 0x80, 0x65, 0x4E, 0x4B, 0x5D, 0x27, 0xCE, 0x21,
    0x72, 0x8C, 0x17, 0xD0, 0x39, 0xDD, 0xD1, 0xBA, 0xC7, 0x43, 0x26, 0xC4, 0xDB, 0x1B, 0x0C, 0x92,
    0x12, 0x76, 0x6F, 0x5C, 0x44, 0x25, 0xCF, 0x4F, 0xED, 0xD6, 0x20, 0xFC, 0x40, 0xAB, 0x1F, 0xDD,
    0xD7, 0xDD, 0x6A, 0xCD, 0x43, 0x4B, 0x1E, 0x5A, 0xF1, 0xD0, 0x82, 0x87, 0xD6, 0x3B, 0xB4, 0xDC,
    0xE1, 0xAA, 0x1D, 0x5A, 0xEC, 0x58, 0xD7, 0x3A, 0x1E, 0x95, 0x3F, 0x33, 0x9A, 0xBF, 0xC8, 0x14,
    0x5E, 0x1A, 0x20, 0xD8, 0x0E, 0x5E, 0xAE, 0xA6, 0x73, 0x39, 0x05, 0x8E, 0x55, 0xED, 0x93, 0xFE,
    0x76, 0x1B, 0x14, 0x3B, 0x18, 0x36, 0x58, 0xEA, 0x60, 0xA5, 0x83, 0x85, 0x0E, 0xD6, 0x39, 0xB4,
    0xCC, 0xC1, 0x2A, 0x87, 0xBA, 0xA5, 0x27, 0xC5, 0x21, 0x30, 0x73, 0x63, 0xEC, 0x2A, 0xD5, 0xB5,
    0x27, 0x8A, 0x48, 0x23, 0x17, 0xDF, 0x4E, 0x19, 0x44, 0xF0, 0x1C, 0xA3, 0xE2, 0xA1, 0x9D, 0x0A,
    0xD5, 0xB7, 0x56, 0xB5, 0x6F, 0x54, 0x5D, 0xB4, 0x0C, 0xD2, 0x99, 0xE5, 0xC3, 0x02, 0x51, 0x99,
    0xD1, 0x3D, 0xCF, 0xE2, 0x83, 0x96, 0x25, 0xE8, 0xCF, 0x7B, 0x9F, 0x67, 0xAC, 0xBA, 0x12, 0x7A,
    0x2D, 0xBE, 0xA1, 0x43, 0x07, 0xE6, 0xD7, 0x9D, 0xB0, 0xBB, 0x2D, 0x3B, 0x6F, 0x10, 0x13, 0xBB,
    0x18, 0x4A, 0x03, 0x83, 0x80, 0x07, 0x14, 0x83, 0xB0, 0xC5, 0x21, 0x80, 0x94, 0x56, 0x9D, 0x52,
    0x5D, 0x87, 0x50, 0x2D, 0x56, 0x18, 0x3A, 0x59, 0x0C, 0xE2, 0x80, 0x5E, 0x3B, 0xDD, 0xA1, 0xDE,
    0x97, 0xF4, 0x08, 0xEA, 0x91, 0xCE, 0xDB, 0x05, 0xAB, 0x4F, 0xF2, 0xDA, 0x4D, 0x89, 0x64, 0x67,
    0xA8, 0x6A, 0xA6, 0xB2, 0xF5, 0x86, 0x2D, 0x0C, 0xC2, 0xD6, 0x34, 0x88, 0x5A, 0xB8, 0x0D, 0x9C,
    0xCA, 0xB3, 0x02, 0x50, 0x9D, 0x33, 0x88, 0xAA, 0x56, 0x43, 0xD1, 0x3B, 0x33, 0xC4, 0x1C, 0xF8,
    0x8C, 0xD4, 0xD6, 0x8C, 0x01, 0x6E, 0x64, 0x7D, 0x0B, 0xDE, 0xA8, 0xC6, 0xA9, 0x8E, 0x89, 0x96,
    0x8D, 0x88, 0x06, 0x41, 0x09, 0xF1, 0x72, 0x35, 0xBA, 0x94, 0xDE, 0x2D, 0x83, 0xAE, 0x49, 0xF0,
    0xDC, 0xD1, 0xFD, 0xEC, 0xB8, 0x54, 0x51, 0xAE, 0xBB, 0x2A, 0xA7, 0x7A, 0xE4, 0x7C, 0x77, 0xAA,
    0xFB, 0x60, 0xB7, 0xC2, 0x06, 0x0E, 0x29, 0x04, 0x37, 0xEE, 0xAA, 0xE7, 0x1A, 0x7D, 0x3D, 0xFC,
    0x4C, 0x15, 0xF9, 0x0D, 0x85, 0x2F, 0x3B, 0x46, 0x19, 0xCD, 0x6D, 0x0B, 0xC7, 0xED, 0xFF, 0x6B,
    0x81, 0x5F, 0xBE, 0x16, 0xE8, 0xAA, 0x7E, 0x0A, 0x0E, 0x3D, 0x2C, 0xF5, 0x55, 0x3F, 0x4F, 0x8E,
    0x0B, 0xE9, 0x80, 0xEC, 0xFF, 0x64, 0xD5, 0x2F, 0x70, 0x20, 0x5E, 0xE7, 0x5D, 0x35, 0x0A, 0x79,
    0x3A, 0x35, 0x25, 0x5A, 0x54, 0xFA, 0x2E, 0x7F, 0x7A, 0xD8, 0x15, 0xBE, 0xF7, 0x6B, 0x24, 0xEE,
    0x20, 0xF8, 0xD3, 0x31, 0x9F, 0x7B, 0x21, 0x6A, 0x56, 0x57, 0xCE, 0x12, 0x5D, 0x7A, 0x70, 0x5F,
    0x02, 0x79, 0x97, 0x37, 0x07, 0xE4, 0x4B, 0x8B, 0xFC, 0x54, 0x5A, 0xC3, 0x48, 0x18, 0xA9, 0xD1,
    0xF6, 0xAB, 0x04, 0xFB, 0xEA, 0x6E, 0x46, 0x23, 0x21, 0xD1, 0x54, 0xD4, 0xBE, 0x86, 0xB6, 0x79,
    0x01, 0x6D, 0x37, 0x2C, 0x49, 0x40, 0xA5, 0xE1, 0xC4, 0xDC, 0x4B, 0x49, 0x80, 0x0B, 0xE5, 0x73,
    0xAD, 0xA0, 0xF6, 0x09, 0x6E, 0xEB, 0x37, 0x37, 0x5C, 0x76, 0x9C, 0xF9, 0x94, 0xD0, 0xE9, 0xC6,
    0xAC, 0x1D, 0x2B, 0x40, 0x20, 0x0E, 0xEC, 0x19, 0x5D, 0x6A, 0xD6, 0x2B, 0x34, 0xCC, 0x0C, 0x1A,
    0x7C, 0x94, 0x08, 0xAC, 0x23, 0x22, 0x3B, 0xF8, 0xD9, 0x3B, 0x22, 0xF5, 0x44, 0xFE, 0xBE, 0x2F,
    0x2D, 0xBF, 0x39, 0xB8, 0xAC, 0xF3, 0x27, 0x83, 0xCB, 0xC7, 0xE3, 0x71, 0xBB, 0x45, 0x8D, 0x78,
    0x70, 0x71, 0x2C, 0xEB, 0x1D, 0x51, 0xB6, 0x8E, 0x90, 0xF8, 0x39, 0x1D, 0x1F, 0x1F, 0x41, 0x52,
    0xD4, 0x1F, 0x99, 0xC1, 0xF1, 0xAB, 0xC3, 0xC5, 0x5C, 0x95, 0x9E, 0xB0, 0x6F, 0x6F, 0xAF, 0x2B,
    0x57, 0x86, 0x4A, 0x42, 0xD3, 0xC4, 0x80, 0x03, 0x8C, 0x8E, 0x04, 0xD4, 0x84, 0x04, 0x74, 0x24,
    0xF6, 0x0F, 0x3E, 0xEA, 0xA6, 0xFE, 0x67, 0x67, 0x29, 0x83, 0x59, 0xAB, 0xBC, 0x29, 0x5D, 0x8D,
    0xC1, 0xD7, 0x3E, 0x5F, 0x98, 0x21, 0xE0, 0x45, 0x9F, 0xCC, 0x36, 0x97, 0xC5, 0x1E, 0x42, 0xBC,
    0x4D, 0x5C, 0x18, 0x1D, 0x9B, 0x44, 0x95, 0x5C, 0xFB, 0x36, 0xED, 0x91, 0xA5, 0x95, 0xDD, 0x66,
    0x07, 0xCF, 0xCE, 0x3A, 0x06, 0x90, 0xD2, 0xA0, 0x7B, 0x94, 0xD1, 0x60, 0xBE, 0xCB, 0xFB, 0xE8,
    0x96, 0xD0, 0xA7, 0xAE, 0xCF, 0x4F, 0xB6, 0xE5, 0xDB, 0xB2, 0x32, 0xA2, 0x20, 0x79, 0xA3, 0x30,
    0x9F, 0x3A, 0x8F, 0xFA, 0x94, 0x3C, 0xBC, 0x23, 0x8A, 0x29, 0x36, 0x6D, 0x79, 0x72, 0x48, 0xDB,
    0x91, 0xF7, 0x7D, 0x08, 0xE3, 0x91, 0xF7, 0xA3, 0x1A, 0xD1, 0x02, 0x1E, 0x30, 0x99, 0x05, 0x10,
    0x72, 0xA5, 0x6E, 0xD5, 0x85, 0x4D, 0xBB, 0x82, 0x6D, 0xA1, 0x2A, 0x79, 0x62, 0x8F, 0x74, 0x83,
    0x4C, 0x23, 0xF0, 0xB2, 0x7B, 0xA6, 0x48, 0x64, 0xC3, 0x2D, 0xE2, 0x31, 0x6D, 0xB5, 0xF4, 0x5F,
    0x73, 0x31, 0xEC, 0x05, 0x48, 0x24, 0x55, 0x24, 0x92, 0x2B, 0x12, 0xB1, 0x44, 0x22, 0xD1, 0x40,
    0x24, 0x12, 0xF7, 0x44, 0x22, 0xA9, 0xFC, 0x82, 0x02, 0xF5, 0x8E, 0x10, 0xC4, 0x12, 0x89, 0x88,
    0x14, 0x00, 0x41, 0xC4, 0x6E, 0xD1, 0x65, 0x0D, 0x91, 0x88, 0x80, 0xB5, 0xAC, 0xCF, 0x06, 0x4B,
    0x24, 0x82, 0x75, 0x03, 0x12, 0xE9, 0x3C, 0x12, 0x49, 0x66, 0x24, 0x42, 0xE5, 0xF4, 0x41, 0xD6,
    0x24, 0xFF, 0x21, 0x12, 0x49, 0x1A, 0xA6, 0x50, 0x51, 0x71, 0x66, 0x8B, 0x58, 0x15, 0xB2, 0x5E,
    0x36, 0x62, 0xB9, 0xD6, 0x01, 0xFD, 0x99, 0x3A, 0xBE, 0xB0, 0x3B, 0x55, 0x86, 0x9B, 0x57, 0x5E,
    0x50, 0xC9, 0x0F, 0x55, 0x09, 0xF9, 0xC6, 0x91, 0xA8, 0x04, 0xF1, 0xAD, 0xC8, 0x89, 0x4A, 0x4A,
    0xA2, 0x12, 0x0B, 0x54, 0x12, 0x8D, 0x40, 0x25, 0x49, 0x07, 0x54, 0x92, 0x37, 0x40, 0x25, 0x95,
    0x58, 0x7B, 0xF9, 0x06, 0xB6, 0x77, 0xCB, 0x7F, 0xED, 0x81, 0x4A, 0x6C, 0x17, 0x12, 0x77, 0x12,
    0x95, 0x14, 0x33, 0x2A, 0x89, 0x39, 0x87, 0x94, 0x53, 0xC8, 0x5F, 0x62, 0x9C, 0x3C, 0x9F, 0xD9,
    0x99, 0xEF, 0x99, 0x1F, 0xD0, 0x3A, 0xE5, 0x0F, 0xBC, 0xFF, 0x95, 0x36, 0x5E, 0x75, 0x34, 0xFE,
    0x74, 0x48, 0xF7, 0x54, 0x69, 0x75, 0xFF, 0xCF, 0x4B, 0xC6, 0xFC, 0x40, 0x94, 0x6A, 0x02, 0x62,
    0xFE, 0x78, 0x97, 0xC8, 0x5B, 0xD2, 0x36, 0x63, 0x98, 0x2D, 0xE5, 0xC6, 0x78, 0x52, 0x2C, 0x44,
    0xD7, 0x98, 0x9A, 0x1C, 0xB3, 0x9C, 0xEB, 0x7D, 0xF7, 0x88, 0xAF, 0x76, 0xFB, 0x07, 0x4E, 0xB4,
    0xD6, 0x05, 0x9D, 0xEB, 0x58, 0xA0, 0x68, 0x4F, 0xE7, 0x13, 0xBC, 0x62, 0x6E, 0x3C, 0x20, 0x25,
    0x35, 0x73, 0x78, 0x34, 0xC7, 0xD4, 0xD8, 0x72, 0xA7, 0xEE, 0x16, 0xDF, 0x55, 0xE3, 0x48, 0x46,
    0x5E, 0x24, 0x0D, 0x82, 0xE9, 0xC1, 0x3D, 0x17, 0x4D, 0x37, 0xC5, 0xA6, 0x10, 0xB7, 0x21, 0xE8,
    0x9F, 0xDE, 0x2A, 0x1D, 0x53, 0x24, 0x09, 0x3F, 0x02, 0x98, 0x2E, 0x4A, 0x84, 0xCD, 0x87, 0xF4,
    0xBE, 0x03, 0xE0, 0x7D, 0x66, 0xA7, 0x67, 0x1B, 0xC8, 0xFE, 0x93, 0x9B, 0x5B, 0xC7, 0xC7, 0x05,
    0xEE, 0xAB, 0x4F, 0x37, 0xBB, 0xCF, 0x78, 0xEC, 0x44, 0x42, 0x40, 0xCA, 0x90, 0x76, 0xBA, 0x61,
    0x51, 0x3B, 0x31, 0xDF, 0x82, 0x60, 0xC5, 0x53, 0x56, 0x9D, 0x28, 0x42, 0x3A, 0x88, 0xB7, 0x0D,
    0x2D, 0xEA, 0xDF, 0x4F, 0x23, 0x68, 0x5D, 0x3A, 0x6D, 0x08, 0x1B, 0xFB, 0xAE, 0x56, 0x08, 0x02,
    0x9F, 0xFD, 0x22, 0x13, 0x2F, 0xFB, 0x8C, 0x6E, 0x57, 0xD2, 0xAC, 0x41, 0x12, 0xA7, 0x68, 0x64,
    0x02, 0x5E, 0x2D, 0x4D, 0xED, 0x77, 0xA6, 0x5C, 0x36, 0x29, 0x61, 0x44, 0x54, 0x71, 0xD3, 0xD0,
    0x57, 0x11, 0xBD, 0x6A, 0xB5, 0x44, 0x93, 0x28, 0x44, 0x9A, 0x70, 0xD2, 0xB0, 0x08, 0x95, 0x92,
    0x49, 0xD8, 0xDF, 0x8B, 0x24, 0x87, 0x60, 0x42, 0xD6, 0xF4, 0x4B, 0x7F, 0x8E, 0x02, 0x1B, 0x4A,
    0x08, 0x8F, 0x67, 0x9B, 0x0B, 0x77, 0xC4, 0xE6, 0xE6, 0xE6, 0xF1, 0x1F, 0x19, 0xFE, 0x4F, 0x37,
    0x93, 0xF9, 0x8C, 0xC7, 0xDE, 0xD3, 0x14, 0x4D, 0x73, 0xB0, 0x55, 0xA3, 0x3B, 0x02, 0xDC, 0xF8,
    0x4A, 0xC1, 0x7D, 0x7E, 0x53, 0x97, 0x5B, 0x34, 0xD1, 0x64, 0xBB, 0xBB, 0x26, 0xBF, 0x2F, 0xA2,
    0x8E, 0xDC, 0x9A, 0x23, 0x43, 0x67, 0x1A, 0x57, 0x75, 0xF8, 0x8A, 0x9B, 0xAD, 0x7D, 0xFB, 0xC2,
    0xB7, 0xF1, 0x2C, 0x47, 0x5C, 0x24, 0x32, 0xC1, 0x46, 0xEC, 0xBC, 0xEC, 0x25, 0xF3, 0x49, 0xA6,
    0x14, 0x67, 0xAE, 0xC0, 0x73, 0x66, 0x5E, 0x3C, 0xA7, 0x8E, 0x5A, 0xD0, 0xFD, 0x7A, 0x9B, 0x0C,
    0xB8, 0x8C, 0xA1, 0xBA, 0x48, 0x4E, 0xAA, 0x3A, 0xAB, 0x93, 0xF6, 0x6A, 0x71, 0xF9, 0xDA, 0x9D,
    0xAE, 0x95, 0xC3, 0x27, 0x46, 0x2C, 0x61, 0x88, 0x37, 0xBA, 0x25, 0xAE, 0xA9, 0xCE, 0x77, 0xA5,
    0x49, 0xEB, 0x53, 0x7E, 0xF0, 0x2B, 0xAF, 0x95, 0xEB, 0xE7, 0x1B, 0xF2, 0xC7, 0xDA, 0x0B, 0xAB,
    0x2F, 0x55, 0xCB, 0x80, 0x91, 0x69, 0xA5, 0x67, 0x33, 0x69, 0x68, 0x9A, 0x0C, 0xBB, 0x6F, 0x9A,
    0x6F, 0x3F, 0x50, 0x95, 0x73, 0x05, 0x02, 0x09, 0xB4, 0x52, 0xD5, 0x52, 0xF5, 0x52, 0x8D, 0xC9,
    0x69, 0xA6, 0xAA, 0xE6, 0x39, 0xDD, 0xBC, 0xDB, 0xF5, 0x73, 0xF1, 0xA1, 0x85, 0x06, 0xFD, 0x4E,
    0xA3, 0xBD, 0x26, 0x3C, 0xBF, 0x73, 0xCB, 0x45, 0x44, 0xF0, 0x2B, 0xF3, 0x9D, 0x07, 0x6B, 0xA3,
    0xC3, 0x1C, 0xEE, 0x98, 0xCD, 0xED, 0x39, 0x71, 0x0C, 0x26, 0xC6, 0x42, 0xDD, 0x95, 0x08, 0x67,
    0x4A, 0xD6, 0xE4, 0x0E, 0xEE, 0xB5, 0x85, 0xA2, 0xE3, 0x33, 0x54, 0xB1, 0x1A, 0x0C, 0x96, 0xC4,
    0xE1, 0x19, 0x42, 0xB1, 0x4C, 0x85, 0xD8, 0xAB, 0x32, 0xAF, 0xD3, 0xBA, 0x1E, 0xF7, 0xF7, 0x1F,
    0x30, 0x1D, 0x56, 0x98, 0xAF, 0x02, 0xD1, 0x0A, 0x3C, 0x73, 0x3F, 0x04, 0xFE, 0x27, 0x88, 0x0B,
    0x02, 0x81, 0x08, 0x88, 0x9F, 0x4D, 0xCA, 0xAD, 0x35, 0xB4, 0xE5, 0x8A, 0xE6, 0xAF, 0x91, 0xDC,
    0xA9, 0x4F, 0xCD, 0x23, 0xE8, 0x68, 0x92, 0x8B, 0x9D, 0xFC, 0x0C, 0x6D, 0x6F, 0x2C, 0x37, 0xA1,
    0xCB, 0x8E, 0xE7, 0x27, 0xF7, 0x68, 0xD3, 0x11, 0x6D, 0xC2, 0x77, 0x09, 0x54, 0x92, 0x36, 0x74,
    0xEF, 0x6A, 0x39, 0x7E, 0xE7, 0xF7, 0xCD, 0x09, 0x32, 0xBE, 0x7F, 0x01, 0xC8, 0xC0, 0xC4, 0x5E,
    0x34, 0xAF, 0x99, 0xB3, 0xCB, 0x61, 0x05, 0x7F, 0x05, 0xF6, 0xA7, 0x48, 0x92, 0x4A, 0x66, 0x4A,
    0x0C, 0x97, 0xA3, 0x34, 0xBD, 0x96, 0x2C, 0x75, 0xB7, 0x9D, 0x47, 0x4C, 0x6E, 0xB3, 0x71, 0x78,
    0x5A, 0x11, 0x30, 0x97, 0x45, 0xC0, 0x34, 0x20, 0xE9, 0x00, 0x2C, 0xBD, 0x86, 0xD2, 0xE2, 0xE3,
    0xE7, 0xCA, 0xA2, 0xD6, 0xD5, 0x4A, 0xCA, 0x47, 0x2B, 0x08, 0xA2, 0x09, 0x87, 0x93, 0xD6, 0xE6,
    0xF4, 0x60, 0x87, 0x03, 0x97, 0x0A, 0x22, 0x67, 0x5A, 0x8B, 0x81, 0x88, 0xF4, 0xFA, 0xD4, 0x3C,
    0x82, 0x8E, 0x06, 0x78, 0xF1, 0x0B, 0x96, 0x5C, 0xB5, 0x08, 0x1B, 0x68, 0x41, 0xD0, 0xF2, 0xE0,
    0x55, 0xC9, 0xC3, 0xAB, 0x39, 0xDF, 0xA5, 0x95, 0xC4, 0xD8, 0xBD, 0x6B, 0xC7, 0xF1, 0xBD, 0x9B,
    0xCE, 0x8E, 0xB8, 0xED, 0xB2, 0x41, 0xF1, 0xF4, 0x96, 0xAD, 0xB3, 0x26, 0x93, 0x08, 0x91, 0xB4,
    0xC1, 0x2A, 0x3E, 0xC8, 0x0A, 0x34, 0xE5, 0x5B, 0xA2, 0xA7, 0xEF, 0xE0, 0x58, 0x0D, 0x73, 0xFC,
    0xA2, 0x44, 0x29, 0xB2, 0x67, 0x39, 0x92, 0x10, 0xE3, 0x8B, 0x7C, 0x5D, 0x7E, 0x5F, 0x47, 0x50,
    0xE8, 0x0E, 0x07, 0x77, 0xB9, 0xB2, 0xC2, 0x60, 0xCC, 0x62, 0xE8, 0x1B, 0xD0, 0x74, 0x51, 0x69,
    0x00, 0xA4, 0xA5, 0x20, 0x70, 0xDF, 0x6C, 0xD7, 0xA9, 0xE6, 0xA6, 0xD8, 0x83, 0xF4, 0x78, 0xC4,
    0x61, 0x28, 0xE4, 0x41, 0x17, 0xC0, 0xE3, 0x54, 0x92, 0x86, 0xF1, 0x76, 0x9B, 0x1E, 0x0D, 0x0E,
    0xD7, 0x48, 0x6A, 0x94, 0x8C, 0x38, 0x13, 0x39, 0xE2, 0x50, 0x22, 0x8A, 0x3A, 0x1F, 0x8F, 0xC2,
    0xE3, 0x3F, 0xB1, 0xA5, 0xF6, 0xE3, 0xD1, 0x9D, 0x48, 0xD1, 0x43, 0x68, 0x74, 0xE9, 0x09, 0x33,
    0xA4, 0x8C, 0x47, 0x0F, 0xF2, 0x1D, 0xFC, 0xC7, 0x55, 0xF3, 0x48, 0x71, 0xBF, 0x09, 0x3B, 0x78,
    0xDD, 0xEF, 0x8F, 0xE4, 0x04, 0xFC, 0xEF, 0x0B, 0xEE, 0x9B, 0x04, 0xF0, 0x8B, 0x3D, 0x56, 0x6E,
    0xE7, 0xF4, 0x6E, 0xEC, 0x8D, 0x3E, 0x77, 0x43, 0x43, 0xE1, 0x8E, 0xD1, 0xA7, 0xA7, 0x13, 0x87,
    0x91, 0xDD, 0x92, 0x78, 0x24, 0x4A, 0x2E, 0x2E, 0x0C, 0x99, 0xEC, 0x9E, 0x45, 0xB9, 0x67, 0xDD,
    0xA9, 0x3E, 0xDD, 0xE8, 0x4C, 0x18, 0x9C, 0x36, 0xDC, 0x8F, 0x0B, 0xDD, 0xB9, 0x63, 0xCE, 0x3A,
    0xA5, 0x04, 0x82, 0x4A, 0x4F, 0x89, 0x54, 0xD6, 0xCC, 0x5B, 0x42, 0xA1, 0xDD, 0x45, 0x05, 0xF2,
    0xE1, 0xA4, 0x66, 0x56, 0xDC, 0xD3, 0x7D, 0x4C, 0x92, 0xF3, 0x39, 0xD7, 0xAC, 0x61, 0x49, 0x43,
    0x94, 0x38, 0xF8, 0x69, 0x39, 0x82, 0x7A, 0xB0, 0x3A, 0x85, 0x53, 0x6A, 0xED, 0x7A, 0xBF, 0x1C,
    0x01, 0xDB, 0x74, 0xAB, 0x33, 0xF5, 0xBC, 0xFF, 0xB1, 0x59, 0x96, 0x13, 0x72, 0xDA, 0x4E, 0x66,
    0x3F, 0x66, 0x27, 0x87, 0x92, 0x83, 0x84, 0x7D, 0xDE, 0x98, 0x47, 0x31, 0x52, 0xCE, 0x58, 0xDB,
    0x73, 0xFA, 0x01, 0x26, 0xFF, 0x04, 0xF4, 0xED, 0x90, 0x9B, 0x1B, 0x01, 0x4A, 0x04, 0x45, 0x34,
    0x95, 0x27, 0x4F, 0x20, 0x5B, 0x41, 0xFA, 0x8A, 0x43, 0x9F, 0x85, 0x39, 0xB8, 0xA6, 0x45, 0x65,
    0x08, 0x04, 0xC8, 0x00, 0xC2, 0x08, 0x47, 0x2D, 0x90, 0xA2, 0xA8, 0x8E, 0xAD, 0xB1, 0x87, 0x35,
    0x7B, 0xDB, 0xEA, 0x6E, 0x71, 0x71, 0xBE, 0xBD, 0xB2, 0xB5, 0x2F, 0x6F, 0xE7, 0x43, 0x48, 0x77,
    0xAB, 0xD5, 0xCF, 0x63, 0xCB, 0xB1, 0x66, 0x3D, 0xE4, 0xA5, 0x5B, 0x56, 0x5A, 0x51, 0x75, 0x7B,
    0x7C, 0xDC, 0x38, 0x0F, 0x86, 0xE5, 0xC4, 0x26, 0x7E, 0x3C, 0xF3, 0x15, 0x74, 0xD1, 0xCA, 0xB7,
    0xF3, 0xDF, 0xA7, 0xAA, 0x9B, 0x47, 0x17, 0xDD, 0xF7, 0xB9, 0xBF, 0x7E, 0xD9, 0x41, 0xD3, 0x7B,
    0xF7, 0x5A, 0x7C, 0x8D, 0x3B, 0x65, 0xAB, 0xE4, 0xD6, 0xBE, 0xF9, 0x2F, 0x3D, 0x92, 0x31, 0x52,
    0xC3, 0x30, 0x10, 0x45, 0x7F, 0x12, 0x07, 0x17, 0x2E, 0x9C, 0x22, 0xA9, 0xDD, 0xD0, 0xEB, 0x06,
    0xAC, 0x86, 0x96, 0x26, 0x4D, 0x2E, 0x41, 0xC1, 0x09, 0x00, 0xF9, 0x08, 0x39, 0x02, 0x27, 0xA0,
    0xA6, 0x00, 0xE4, 0x23, 0x98, 0x1B, 0x78, 0x68, 0x69, 0x54, 0xB8, 0xC8, 0x0C, 0x8E, 0x97, 0xBF,
    0x21, 0xCE, 0xCA, 0x9E, 0xB1, 0x76, 0xA5, 0xAF, 0x7D, 0x5F, 0x06, 0x50, 0x02, 0xD2, 0x20, 0xF6,
    0x70, 0x23, 0xE6, 0xEA, 0xE1, 0x80, 0x0C, 0x16, 0x8F, 0x98, 0x8D, 0x28, 0xD4, 0xBB, 0x23, 0x62,
    0x8B, 0x1B, 0x60, 0xC5, 0xE4, 0x3D, 0x30, 0xD3, 0x06, 0xB9, 0x72, 0xBD, 0xB2, 0xF0, 0xA5, 0xFE,
    0xC9, 0xB6, 0x9C, 0xA3, 0xEC, 0xAB, 0x5A, 0x46, 0x57, 0x47, 0x55, 0x1C, 0x29, 0xF8, 0x9E, 0xF7,
    0x97, 0x5A, 0x60, 0x6E, 0x7A, 0x2D, 0x32, 0xAC, 0x31, 0x42, 0xEA, 0xE8, 0xA3, 0x97, 0x1F, 0x45,
    0xA5, 0xC3, 0x49, 0x17, 0x9F, 0x9E, 0x55, 0xD7, 0x85, 0x14, 0xFB, 0x90, 0x5C, 0xCB, 0x13, 0x39,
    0x5C, 0xEB, 0xDA, 0x90, 0xA6, 0x21, 0xC9, 0xE6, 0xA6, 0xE2, 0x0E, 0x14, 0x84, 0xA8, 0x5F, 0x89,
    0x47, 0xC4, 0x62, 0xC0, 0xA2, 0xC3, 0x7C, 0x8F, 0xAB, 0x0E, 0x6C, 0x3C, 0x44, 0x0C, 0x65, 0x7D,
    0x28, 0xEB, 0x8F, 0xCA, 0x0B, 0x8F, 0x18, 0x30, 0xDB, 0x1A, 0xC8, 0xCA, 0xF0, 0xDE, 0x08, 0x38,
    0x3F, 0xF2, 0xCC, 0x3B, 0xAB, 0x98, 0x50, 0x4B, 0x50, 0x31, 0xD4, 0xCC, 0x56, 0x64, 0x1C, 0xCF,
    0x08, 0x90, 0x6F, 0x45, 0xC9, 0xE6, 0x16, 0x9A, 0x00, 0xC2, 0x63, 0x63, 0x2D, 0x31, 0x0A, 0x4F,
    0xF3, 0x5C, 0x4B, 0xFB, 0x42, 0x1F, 0x13, 0xCA, 0xD1, 0xF4, 0xF5, 0x96, 0x78, 0x8E, 0x1B, 0x4F,
    0x88, 0x06, 0x63, 0x50, 0x06, 0x67, 0x90, 0x06, 0x6B, 0xD0, 0xA6, 0x8D, 0x6D, 0x9E, 0xAA, 0x56,
    0x98, 0x89, 0x29, 0x12, 0x69, 0xE9, 0x69, 0x6F, 0x04, 0x7B, 0xAA, 0x06, 0x49, 0x52, 0xAF, 0xB1,
    0xF4, 0x72, 0xB6, 0xA1, 0x6A, 0x96, 0xDE, 0x66, 0x36, 0x9F, 0x2C, 0x10, 0x66, 0x99, 0x87, 0xE5,
    0xA4, 0x2F, 0xFA, 0x82, 0xA6, 0x04, 0x5C, 0x63, 0xDE, 0x21, 0x6F, 0x50, 0xD6, 0xE6, 0x0D, 0xEF,
    0x80, 0x92, 0x7C, 0x72, 0x1A, 0xCF, 0x16, 0xF6, 0x27, 0xEB, 0xD7, 0x20, 0x77, 0xD5, 0xB3, 0x0F,
    0x2B, 0x6A, 0x06, 0x7D, 0xA5, 0x8B, 0xDE, 0xFE, 0x80, 0x17, 0x16, 0xFF, 0xEF, 0x25, 0xF8, 0x08,
    0xF9, 0x9D, 0xEE, 0x85, 0xE8, 0x0F, 0x1E, 0x9B, 0xDD, 0x4E, 0x54, 0xA7, 0x67, 0xBC, 0x7C, 0xFC,
    0x01, 0xE5, 0x5C, 0x3F, 0x73, 0xDC, 0xC6, 0x15, 0x7F, 0x00, 0x44, 0xC2, 0x12, 0x26, 0x81, 0x0A,
    0x31, 0x13, 0x45, 0x33, 0x81, 0x0A, 0x37, 0x71, 0x21, 0xA4, 0x4E, 0x61, 0xC0, 0x75, 0x8A, 0xB0,
    0x10, 0x27, 0x45, 0x8A, 0xB8, 0x50, 0x9B, 0x61, 0xCA, 0x64, 0x26, 0x0E, 0xE0, 0x4F, 0x10, 0x7E,
    0x04, 0x15, 0x2A, 0x24, 0xA7, 0x90, 0x8B, 0x94, 0x1A, 0x02, 0x1F, 0xE1, 0xFC, 0x0D, 0xCE, 0x19,
    0xBB, 0x49, 0x23, 0x14, 0xD0, 0x0C, 0x64, 0x03, 0xD8, 0xBC, 0xF7, 0x7E, 0x8B, 0x3F, 0x47, 0x32,
    0x16, 0xA5, 0x24, 0x14, 0xEE, 0x78, 0x12, 0x77, 0x79, 0x77, 0xC0, 0xE2, 0xED, 0xFB, 0xBD, 0xBF,
    0xBB, 0x6F, 0x49, 0xE4, 0x3C, 0x24, 0x79, 0xF9, 0xBD, 0x76, 0xA1, 0xB1, 0x5D, 0x2A, 0x5D, 0x6C,
    0x4A, 0xE9, 0x12, 0x74, 0x99, 0x59, 0x4B, 0x67, 0x9E, 0x57, 0xDA, 0xFD, 0xBE, 0xE6, 0xD6, 0x35,
    0x61, 0xCB, 0x9D, 0xD7, 0x07, 0xD2, 0xF9, 0x9D, 0x0E, 0x13, 0xB4, 0x9E, 0x0C, 0x13, 0x36, 0xAE,
    0x0C, 0x13, 0x57, 0x64, 0x72, 0x1E, 0x84, 0x3B, 0x1E, 0x26, 0x5B, 0x53, 0xC1, 0xC3, 0x14, 0xC6,
    0x18, 0x1E, 0x86, 0x5B, 0x53, 0x93, 0x23, 0x5D, 0x43, 0x9E, 0x74, 0xAD, 0x52, 0x12, 0x74, 0x24,
    0x03, 0xF2, 0x30, 0x21, 0xBA, 0x88, 0x1F, 0xE6, 0x98, 0x3C, 0x91, 0x47, 0x9B, 0x32, 0x11, 0x42,
    0x8A, 0x15, 0x9D, 0x7D, 0x1D, 0x62, 0x2A, 0xDD, 0xE6, 0x54, 0xB4, 0x0B, 0xD0, 0xB9, 0xCD, 0x74,
    0x75, 0x60, 0x72, 0xA6, 0xAF, 0x30, 0xB5, 0x49, 0xF9, 0xD1, 0xBD, 0x49, 0x03, 0x21, 0x20, 0x8D,
    0x4C, 0x9A, 0x99, 0x34, 0x69, 0xF8, 0xFB, 0x94, 0x9F, 0xE7, 0xF1, 0xDB, 0x15, 0xCF, 0x33, 0x2D,
    0x4A, 0xA6, 0x40, 0x5A, 0xDA, 0x6C, 0xF9, 0x5B, 0x67, 0xB8, 0x12, 0x77, 0x45, 0x3D, 0x73, 0x8E,
    0x47, 0xFB, 0xDE, 0x0C, 0x23, 0xF3, 0x44, 0x5F, 0x71, 0x1B, 0x99, 0xCF, 0x85, 0x23, 0x0F, 0x67,
    0x24, 0xEF, 0x69, 0x9B, 0xE9, 0x5C, 0x4C, 0x35, 0xB5, 0x85, 0xF2, 0x3A, 0xCE, 0x67, 0x97, 0xDE,
    0x03, 0x44, 0x89, 0xD1, 0x0F, 0x23, 0x80, 0x42, 0x11, 0xBA, 0x0C, 0x57, 0x62, 0xEA, 0x4E, 0x8D,
    0x3B, 0x4E, 0xE6, 0xCC, 0xD9, 0x6A, 0xA0, 0x15, 0x6C, 0xCF, 0x34, 0x4A, 0x89, 0x50, 0x40, 0x9F,
    0x68, 0xEB, 0x29, 0x9E, 0xA1, 0xD2, 0x1B, 0xE9, 0x54, 0x7E, 0x7C, 0x56, 0x28, 0xDE, 0x3F, 0xCC,
    0x29, 0x3A, 0x80, 0xE2, 0x81, 0xFF, 0x7E, 0x0B, 0xFE, 0xE3, 0xC3, 0x48, 0xA6, 0xE7, 0x3C, 0x09,
    0xD3, 0x49, 0x52, 0x13, 0xA3, 0x9F, 0x09, 0xDB, 0xF8, 0xA6, 0x6E, 0x5F, 0xAF, 0xCF, 0xE9, 0xFE,
    0xAE, 0x20, 0x3A, 0xBC, 0x6E, 0x81, 0x6A, 0xFD, 0x24, 0x56, 0xF2, 0x32, 0x25, 0x19, 0xB3, 0x11,
    0xD2, 0xF6, 0xD2, 0x5F, 0x92, 0x3E, 0x5D, 0x68, 0x6E, 0x94, 0x43, 0x42, 0x6A, 0x5C, 0x0B, 0x30,
    0x71, 0x1A, 0xE5, 0x74, 0xC1, 0xEB, 0xBD, 0xA3, 0x7E, 0x1B, 0xDD, 0x0B, 0x80, 0x0E, 0xBD, 0x74,
    0x31, 0x29, 0x2A, 0x40, 0x72, 0x5C, 0x2A, 0xEA, 0xC1, 0x06, 0xEA, 0xE5, 0x75, 0x40, 0xDD, 0xA7,
    0xC9, 0xBA, 0x01, 0x6E, 0x40, 0x1F, 0xA8, 0x3A, 0xB8, 0x8A, 0x3A, 0x3D, 0xBE, 0x10, 0xF5, 0x57,
    0x66, 0xC9, 0xA8, 0x17, 0x27, 0x34, 0x12, 0xCC, 0x63, 0x40, 0xC9, 0x61, 0xAA, 0xAC, 0xAD, 0x82,
    0xA8, 0x8F, 0xBA, 0x7E, 0xE3, 0x1A, 0xA1, 0x0E, 0xAA, 0xE1, 0xB8, 0xC2, 0xE7, 0xAB, 0x49, 0xEF,
    0x93, 0x72, 0xF0, 0x5D, 0x7B, 0x69, 0xF3, 0x43, 0xBA, 0x1E, 0x2E, 0x11, 0xF5, 0x38, 0xFD, 0x93,
    0xA2, 0xF7, 0x5D, 0xA7, 0x3E, 0x4A, 0x41, 0xF7, 0x5E, 0x15, 0xC2, 0x77, 0xE7, 0x70, 0x7F, 0xEE,
    0x83, 0x9D, 0x27, 0xF3, 0x58, 0xE4, 0x5A, 0xA0, 0xEE, 0x37, 0x41, 0x2E, 0x98, 0x3F, 0x2F, 0x85,
    0x54, 0x79, 0x48, 0xA2, 0xD3, 0xDF, 0xA3, 0x47, 0xE7, 0x82, 0xA0, 0xAD, 0xD2, 0x75, 0x1B, 0x49,
    0x5A, 0x4C, 0x32, 0xEB, 0xAD, 0x9F, 0x37, 0xAA, 0xE8, 0xEE, 0xAE, 0x7A, 0xEB, 0xB7, 0x0D, 0xB4,
    0x7F, 0xA6, 0xD0, 0x15, 0xD5, 0x18, 0xB7, 0x31, 0x48, 0x32, 0xD1, 0xB5, 0xEA, 0x33, 0x05, 0xCB,
    0xB4, 0xE2, 0x6F, 0x19, 0x98, 0x53, 0x48, 0x53, 0x14, 0x27, 0x93, 0x9B, 0x3B, 0x79, 0xC0, 0xED,
    0xC0, 0x21, 0x7C, 0x7A, 0x5F, 0xA4, 0xDE, 0xAB, 0x1D, 0x61, 0x85, 0xDB, 0xFF, 0x4E, 0xC5, 0xC4,
    0x60, 0x60, 0x04, 0x7C, 0xB4, 0xDF, 0xED, 0x4C, 0xD0, 0x6E, 0x03, 0x5F, 0x25, 0xC8, 0xED, 0x26,
    0x89, 0x41, 0xD0, 0x0B, 0x6E, 0x21, 0x68, 0x77, 0xA4, 0xF9, 0x09, 0xDD, 0xE4, 0x37, 0x49, 0x2E,
    0x19, 0x4D, 0xFC, 0x4A, 0x30, 0x0C, 0x55, 0x58, 0x3C, 0xA3, 0x77, 0x1D, 0xAF, 0x96, 0x28, 0x26,
    0x14, 0x60, 0x92, 0x70, 0x61, 0x94, 0x80, 0xC8, 0xB0, 0x9A, 0x7B, 0xFC, 0x01, 0xFC, 0xC3, 0xEB,
    0x04, 0x3E, 0xE2, 0xDF, 0x7F, 0x28, 0x1B, 0xDA, 0x59, 0xE2, 0x63, 0x66, 0xEC, 0x82, 0x3B, 0x57,
    0xF0, 0x63, 0x7D, 0x93, 0xE4, 0x31, 0xC0, 0xCF, 0x27, 0xF0, 0xDB, 0x25, 0x82, 0x6F, 0x3D, 0x79,
    0x6C, 0x68, 0x06, 0xC6, 0xDD, 0xE3, 0x72, 0x8A, 0xEB, 0x47, 0xCD, 0xAF, 0x01, 0xFE, 0x09, 0xC0,
    0xA7, 0xEB, 0xA1, 0xF9, 0x08, 0x7F, 0xCF, 0x25, 0xED, 0x2A, 0xFA, 0xE4, 0xD7, 0x53, 0xE8, 0x17,
    0x4D, 0xC6, 0x76, 0xCB, 0x44, 0x20, 0xCE, 0xFF, 0xAC, 0xFC, 0x7E, 0xFD, 0xC6, 0xB0, 0x0F, 0xAA,
    0xC0, 0xD8, 0x77, 0x8A, 0xFD, 0x6F, 0x2D, 0xF6, 0xF5, 0x1C, 0xFB, 0x7E, 0x67, 0xB0, 0xD7, 0xD8,
    0x20, 0xE8, 0x04, 0xDE, 0x18, 0x01, 0x9F, 0xD1, 0x67, 0x0D, 0xC9, 0xEF, 0x99, 0xD7, 0x26, 0xEA,
    0x66, 0xE1, 0xA8, 0xBB, 0x5F, 0x92, 0x46, 0x78, 0xAD, 0x46, 0x78, 0x36, 0xDE, 0x63, 0x6A, 0x2A,
    0x40, 0xA3, 0xF6, 0xCC, 0x7D, 0x46, 0xD7, 0x3C, 0xEC, 0xDB, 0x53, 0x85, 0x4E, 0x52, 0x91, 0x81,
    0xA4, 0x14, 0x5B, 0x1F, 0x7D, 0x27, 0x34, 0x22, 0xF8, 0xB3, 0xB6, 0xE0, 0xF8, 0x64, 0x3B, 0xC3,
    0xBE, 0x83, 0xA3, 0xA3, 0x23, 0xA6, 0xC8, 0x98, 0xF5, 0xD9, 0x66, 0x35, 0xDC, 0x79, 0x61, 0xF3,
    0xAF, 0x2F, 0x9E, 0x91, 0x5C, 0xB7, 0xD9, 0xF4, 0xF4, 0x86, 0xDB, 0xBE, 0x3D, 0x3A, 0x3A, 0x94,
    0x8B, 0xAB, 0x33, 0xCD, 0x5C, 0xC4, 0x0E, 0x55, 0x28, 0x04, 0x8C, 0x7E, 0x6C, 0x3A, 0x98, 0x9C,
    0x21, 0x0D, 0x33, 0xDF, 0x88, 0x80, 0xF5, 0x2A, 0x0B, 0xA5, 0x2F, 0x03, 0xF0, 0x65, 0x59, 0x1D,
    0xD7, 0x2C, 0x01, 0x0C, 0xB7, 0xDF, 0x66, 0x25, 0xE7, 0xA0, 0x32, 0x72, 0x5F, 0x4C, 0x4D, 0x39,
    0x90, 0xA1, 0x82, 0x11, 0x33, 0xB8, 0x39, 0x8B, 0xAE, 0xBF, 0x12, 0x64, 0x2A, 0x57, 0xA5, 0x8A,
    0x6F, 0x59, 0x31, 0x93, 0xE5, 0x71, 0x07, 0xE9, 0x06, 0x17, 0xF5, 0x46, 0x25, 0x54, 0x1B, 0xE5,
    0xE0, 0x18, 0x37, 0x07, 0xFD, 0xB0, 0x14, 0x10, 0x8A, 0x05, 0xBC, 0xA1, 0xDE, 0x40, 0x1D, 0xA7,
    0x2A, 0x8A, 0x8A, 0xD1, 0xA7, 0xF6, 0xDA, 0xA5, 0x70, 0xDC, 0x11, 0x19, 0xF6, 0x65, 0x32, 0x9E,
    0x18, 0x6F, 0x47, 0xD9, 0x1B, 0x54, 0x03, 0xE1, 0x89, 0xD0, 0xFA, 0x8B, 0x0D, 0x91, 0xBE, 0x32,
    0xB6, 0xEF, 0xD1, 0x01, 0x73, 0xB8, 0xCE, 0x48, 0xBE, 0x15, 0x4D, 0xEF, 0xC8, 0xAF, 0xE2, 0x7A,
    0x46, 0xCA, 0xA2, 0xC4, 0x36, 0xA8, 0xD9, 0xE8, 0x27, 0x3D, 0x4B, 0x03, 0x7F, 0x98, 0xD2, 0x29,
    0x6B, 0x28, 0xBD, 0xF0, 0x9A, 0x73, 0x06, 0xE7, 0x2A, 0xC5, 0x16, 0x5E, 0xDA, 0x2E, 0xDC, 0x4D,
    0x01, 0x6B, 0x30, 0xED, 0x30, 0x3C, 0x0D, 0x14, 0xFF, 0x54, 0x2D, 0xF7, 0x5A, 0x7D, 0x38, 0x7F,
    0xE9, 0x74, 0x9A, 0xDB, 0x1C, 0xD2, 0x9D, 0x0D, 0x56, 0x2B, 0xAB, 0xD6, 0x17, 0xB5, 0xAB, 0xC9,
    0xC2, 0xFC, 0xC7, 0x56, 0xB8, 0x0E, 0x66, 0x9F, 0x6D, 0x7B, 0xBA, 0xDC, 0x08, 0x02, 0x00, 0x81,
    0xE5, 0xE7, 0xDB, 0xE9, 0xF5, 0xA3, 0xF9, 0x4A, 0x2C, 0xAC, 0x9E, 0xFC, 0xEE, 0xF4, 0x63, 0xFE,
    0x72, 0xA0, 0x0B, 0xB1, 0xEA, 0xA2, 0x3C, 0xBD, 0x35, 0x52, 0xAE, 0x65, 0xFF, 0x14, 0x46, 0x7C,
    0xCC, 0xFE, 0xFB, 0xA2, 0x97, 0x02, 0xA7, 0xC8, 0x01, 0x3A, 0x52, 0xEC, 0x48, 0xC1, 0x23, 0x45,
    0x8F, 0x14, 0x3E, 0x52, 0xFC, 0x94, 0xAA, 0x5E, 0x9D, 0xD6, 0xD8, 0x96, 0x13, 0x45, 0x09, 0xBC,
    0xAB, 0xC0, 0x48, 0x8A, 0x23, 0x29, 0x90, 0x04, 0x24, 0x01, 0xA5, 0xC5, 0x72, 0x00, 0xF3, 0x03,
    0x69, 0xFE, 0x32, 0x2E, 0xB9, 0x2B, 0x66, 0x9A, 0x73, 0x88, 0x9D, 0x79, 0xEA, 0x95, 0x80, 0x51,
    0x51, 0x34, 0x2F, 0x1B, 0x8B, 0xE1, 0x08, 0xE1, 0xC2, 0x4C, 0xBC, 0x6E, 0x91, 0x24, 0x23, 0x36,
    0x98, 0x87, 0x7C, 0xEB, 0x55, 0x02, 0xCF, 0x0A, 0xE8, 0x28, 0x38, 0x91, 0xF8, 0x56, 0x85, 0xE6,
    0x22, 0x64, 0xAE, 0x50, 0x9D, 0x8E, 0xD7, 0xC3, 0xFA, 0xB7, 0x7E, 0x98, 0x76, 0xC3, 0xBA, 0x7E,
    0xC0, 0x5F, 0x3C, 0x65, 0xED, 0xF7, 0xCD, 0x27, 0x5B, 0x03, 0x00, 0xC5, 0x1D, 0xE2, 0x34, 0x99,
    0xDA, 0x03, 0x88, 0x26, 0x54, 0xA6, 0x48, 0x87, 0xFC, 0xFE, 0xC0, 0x41, 0xEC, 0x94, 0x4E, 0x6A,
    0xD2, 0x2E, 0x5C, 0x4D, 0xE2, 0xFC, 0x57, 0x4C, 0x71, 0xAF, 0xE2, 0xD0, 0x91, 0xF7, 0xBA, 0x68,
    0x39, 0x4F, 0x9D, 0x32, 0x97, 0xA7, 0x44, 0x5B, 0xA4, 0x26, 0xE1, 0x37, 0xE2, 0x52, 0x0C, 0xA7,
    0x8D, 0x85, 0xB8, 0x94, 0x5E, 0x5C, 0xCA, 0x9D, 0x69, 0x91, 0xF9, 0x80, 0x68, 0x79, 0x6A, 0xE2,
    0x74, 0x08, 0x7B, 0x47, 0x16, 0x33, 0x00, 0x9D, 0xB3, 0x64, 0x45, 0x78, 0x63, 0xB0, 0xF9, 0x51,
    0x6A, 0x13, 0x7F, 0x5F, 0x42, 0x24, 0x75, 0x15, 0xD9, 0x57, 0xCC, 0xE7, 0xCF, 0xEC, 0x4A, 0xDF,
    0xFB, 0xF2, 0xEE, 0x97, 0x09, 0x4A, 0xF9, 0x8D, 0x9A, 0x2C, 0xB9, 0x4F, 0x0C, 0x96, 0xD8, 0x2B,
    0x71, 0xFC, 0x92, 0xA0, 0xEE, 0x8F, 0x78, 0x08, 0x83, 0xAA, 0xF9, 0x8F, 0xD2, 0xF1, 0x5F, 0xFE,
    0x1C, 0x64, 0xAF, 0xCE, 0x8D, 0x7B, 0xEF, 0xB5, 0x58, 0x9C, 0xC4, 0xE4, 0x77, 0x38, 0xBC, 0xCC,
    0x52, 0x96, 0x0B, 0x97, 0x63, 0xD0, 0x41, 0x3D, 0xD9, 0x28, 0xBC, 0xF3, 0xFF, 0xAB, 0x9C, 0xC5,
    0x94, 0x59, 0xA5, 0xB8, 0x8E, 0x2D, 0x9B, 0xFE, 0xC8, 0xEF, 0x11, 0xE7, 0x6A, 0x14, 0xAF, 0xB3,
    0x3A, 0xAB, 0x93, 0x2A, 0x1A, 0x13, 0xCE, 0x78, 0x9D, 0x54, 0x97, 0xF9, 0x87, 0x61, 0x93, 0x6A,
    0xBA, 0x7F, 0xFF, 0x8B, 0x14, 0x09, 0x39, 0x34, 0x4B, 0x4D, 0x5E, 0x02, 0xFB, 0x67, 0xD4, 0x60,
    0xBA, 0xE6, 0x35, 0x4B, 0x47, 0xEA, 0xAB, 0xAD, 0x2D, 0x25, 0x79, 0x75, 0xCC, 0x3A, 0x6A, 0x75,
    0x93, 0x42, 0x44, 0x89, 0x92, 0xDA, 0x8A, 0x95, 0x76, 0x2C, 0x87, 0xE8, 0x74, 0x73, 0x6A, 0xEC,
    0xE6, 0xDF, 0x45, 0x4D, 0x52, 0xEB, 0x0D, 0x71, 0xAB, 0x32, 0xA9, 0xCA, 0x60, 0x2A, 0xCE, 0x3B,
    0xF9, 0x61, 0x2B, 0x8F, 0x15, 0x3B, 0x30, 0xA5, 0x63, 0xFA, 0xA3, 0xC2, 0x20, 0x2F, 0xEF, 0x44,
    0x2F, 0x74, 0xF9, 0x47, 0x32, 0x72, 0x91, 0xBD, 0x63, 0xEC, 0x17, 0xD3, 0xD1, 0x86, 0x7A, 0xDC,
    0xA1, 0x29, 0x16, 0xE5, 0x4B, 0x73, 0x74, 0xE5, 0xEC, 0x1D, 0x9D, 0x4E, 0x57, 0xEF, 0xEB, 0x18,
    0xBA, 0xD6, 0xE2, 0x68, 0x9C, 0xE9, 0xEB, 0xB4, 0x59, 0x33, 0xD8, 0x79, 0x31, 0x69, 0xBE, 0x11,
    0x8E, 0x73, 0xDE, 0x2C, 0x53, 0x30, 0x79, 0xA6, 0x51, 0x83, 0xE8, 0x52, 0x61, 0x5B, 0xD9, 0x87,
    0x37, 0x25, 0xBE, 0xC5, 0x95, 0xCC, 0x0F, 0xBE, 0x8B, 0x79, 0xC4, 0xB6, 0xD4, 0xE7, 0xEC, 0xB9,
    0x55, 0x57, 0x52, 0xA9, 0x2B, 0xD1, 0x6C, 0xFE, 0xF5, 0x68, 0x59, 0xE7, 0x56, 0xD6, 0x3A, 0x25,
    0xBB, 0x9A, 0x81, 0x16, 0x0E, 0x2A, 0xDD, 0x50, 0xFE, 0x14, 0xCB, 0x07, 0x2B, 0xE4, 0xFE, 0x10,
    0x94, 0xA0, 0x9A, 0xEF, 0xA4, 0x64, 0xE9, 0xAC, 0x86, 0x82, 0x3E, 0x9C, 0x33, 0x67, 0x07, 0x80,
    0x76, 0x74, 0x87, 0x08, 0xC1, 0x02, 0x56, 0x49, 0x1D, 0x2C, 0x9F, 0xF8, 0xB3, 0xFD, 0x11, 0x78,
    0xA7, 0xBB, 0x67, 0x4D, 0xE7, 0xFB, 0x47, 0xDB, 0x6E, 0x6D, 0x7E, 0x86, 0x0E, 0x60, 0xDA, 0x25,
    0x3E, 0xAC, 0xF7, 0x5B, 0x2C, 0x9F, 0x79, 0xE5, 0x24, 0xB0, 0x91, 0x5D, 0x4C, 0x41, 0x10, 0xD2,
    0x23, 0xCB, 0xB8, 0x4F, 0x3F, 0xDD, 0x2D, 0x60, 0xCF, 0x24, 0x57, 0xD8, 0xBE, 0xC6, 0xAE, 0x20,
    0x36, 0x05, 0xFB, 0xB1, 0xCA, 0xE5, 0x80, 0xFE, 0x48, 0x63, 0x75, 0x5B, 0xAD, 0xFA, 0x20, 0x0F,
    0x4F, 0xBE, 0x46, 0xD4, 0x78, 0xDE, 0x67, 0x2E, 0x02, 0xFC, 0x0F, 0xD0, 0x7D, 0x3C, 0x37, 0x50,
    0x63, 0x51, 0xD3, 0x6A, 0x0E, 0xBE, 0xBB, 0xBA, 0xAE, 0xE0, 0x07, 0x34, 0x99, 0x3C, 0x18, 0x44,
    0xEC, 0x0D, 0x62, 0x6B, 0x50, 0x83, 0x25, 0x4D, 0xDD, 0x2E, 0x04, 0x3F, 0x5F, 0x30, 0xF8, 0xC7,
    0xD8, 0xDE, 0x06, 0x8A, 0x54, 0x00, 0xFD, 0xC3, 0x02, 0xB2, 0x80, 0x0F, 0x61, 0xC0, 0x9E, 0xF9,
    0xD0, 0xFC, 0xCF, 0xAF, 0x1F, 0xF8, 0x51, 0x3F, 0xED, 0x07, 0xFC, 0x1C, 0xE8, 0xA3, 0x4E, 0x17,
    0x1E, 0x4D, 0xE3, 0x52, 0xDD, 0x17, 0x37, 0xAB, 0x74, 0x8B, 0x34, 0x3F, 0x3A, 0x79, 0xA0, 0x08,
    0xF5, 0x05, 0x76, 0xB0, 0x7A, 0x85, 0x3C, 0x53, 0x73, 0xFF, 0xC8, 0x79, 0x3C, 0xA7, 0xF4, 0xD9,
    0x3C, 0x6A, 0xB9, 0x4E, 0xE0, 0xEB, 0xD2, 0xA6, 0x24, 0xA2, 0x25, 0x61, 0x71, 0x93, 0x4E, 0xEF,
    0x89, 0x8E, 0xDC, 0x98, 0x17, 0x3C, 0x81, 0x9D, 0x66, 0xBB, 0xCC, 0xFE, 0xA9, 0x8D, 0xDB, 0xCA,
    0x39, 0xA4, 0x2F, 0x01, 0x29, 0xBE, 0xBC, 0x3D, 0x78, 0x86, 0x9D, 0xF3, 0xE4, 0x97, 0x8E, 0xC5,
    0x3F, 0x4A, 0x67, 0xC8, 0x36, 0x8A, 0xAC, 0x48, 0x3B, 0xE7, 0xC0, 0x4B, 0xB6, 0xE9, 0x97, 0x8F,
    0xDD, 0xD1, 0xF9, 0xF0, 0x01, 0x28, 0xDA, 0xB5, 0xD5, 0xAE, 0x1C, 0xC9, 0xDF, 0x7A, 0xAC, 0xEB,
    0xE5, 0xE2, 0xE2, 0xDC, 0x74, 0x28, 0x82, 0x89, 0x2A, 0x15, 0x05, 0x21, 0xBA, 0xD0, 0x35, 0x2E,
    0xDD, 0xD6, 0xDB, 0x56, 0x51, 0xF0, 0xCA, 0xC9, 0x89, 0x67, 0x1A, 0xB3, 0x2B, 0x97, 0xB0, 0xBD,
    0xCB, 0xF9, 0xB9, 0x98, 0xF9, 0xD4, 0x56, 0x80, 0xA0, 0xC8, 0x25, 0xCB, 0x19, 0xDF, 0xEF, 0x31,
    0xE1, 0x56, 0xF1, 0xAD, 0xAE, 0x18, 0x5F, 0xD7, 0x5A, 0x26, 0x5B, 0x9B, 0xD4, 0xD2, 0x6C, 0xB3,
    0xDA, 0x37, 0x95, 0xA0, 0xC6, 0x29, 0xB7, 0xCE, 0xC9, 0xC9, 0x77, 0x0C, 0x35, 0x94, 0x97, 0xAD,
    0x51, 0x8A, 0x3A, 0xED, 0x57, 0x5B, 0xDD, 0xCD, 0x74, 0xB2, 0xFE, 0x4A, 0x9D, 0x73, 0xBA, 0x2C,
    0xD4, 0xDE, 0x2A, 0x4F, 0x56, 0x0C, 0x5F, 0x40, 0x2E, 0x3F, 0xDC, 0x31, 0xCD, 0xBB, 0x64, 0x9E,
    0x2C, 0x18, 0xDE, 0x5D, 0x98, 0xE6, 0xED, 0xA5, 0x58, 0x74, 0x6C, 0xD4, 0x7C, 0x1A, 0x5B, 0xFE,
    0x60, 0x7A, 0x86, 0xCB, 0xAB, 0xA3, 0xC6, 0xE2, 0xB4, 0x8B, 0x86, 0x32, 0x68, 0x42, 0x29, 0xE8,
    0x31, 0xD1, 0x58, 0x00, 0xF4, 0xD7, 0x48, 0x66, 0xFF, 0x07, 0xB7, 0x41, 0x24, 0xBC, 0x38, 0x65,
    0xBB, 0xF5, 0x78, 0x0E, 0xC6, 0x4E, 0x3A, 0xAF, 0xB7, 0x5D, 0x53, 0x1C, 0xD3, 0x96, 0x25, 0x5A,
    0xC6, 0x37, 0xC7, 0x2B, 0x5A, 0x18, 0x91, 0x6A, 0x09, 0x5A, 0xF5, 0xFF, 0x6E, 0x25, 0x8B, 0x4F,
    0xD6, 0xE2, 0x4F, 0x8A, 0x75, 0xD2, 0xC8, 0x16, 0x48, 0xD2, 0x43, 0x1A, 0xBE, 0x55, 0xD1, 0x30,
    0x76, 0x9B, 0x63, 0xDC, 0x88, 0xDB, 0x37, 0xDD, 0xD9, 0x30, 0xF0, 0xCD, 0xB5, 0x47, 0xCC, 0xB7,
    0xB0, 0x7E, 0xD7, 0x66, 0x25, 0xCD, 0x9A, 0x22, 0x11, 0x46, 0x96, 0xC8, 0x86, 0x8A, 0x3A, 0x36,
    0x7F, 0x37, 0x75, 0x68, 0xCC, 0xCB, 0x9A, 0x29, 0xFC, 0x5B, 0x4D, 0x45, 0x17, 0xD6, 0xBA, 0x50,
    0x6F, 0x5F, 0x0F, 0x87, 0x45, 0x3D, 0x4F, 0xBC, 0x90, 0x2F, 0x48, 0xE8, 0x6F, 0xCE, 0x44, 0xBB,
    0xA3, 0xD4, 0x59, 0xBB, 0xBC, 0x51, 0xE5, 0xD9, 0xCC, 0xAA, 0x3C, 0x75, 0xC8, 0x9B, 0x13, 0x76,
    0xDB, 0x82, 0x8C, 0xD6, 0x65, 0x86, 0x28, 0x53, 0x5A, 0x4B, 0x99, 0xD2, 0x7A, 0xD0, 0x06, 0xDD,
    0xF9, 0x45, 0xE6, 0x3B, 0xC7, 0xF0, 0x2A, 0x11, 0xB2, 0x7B, 0x84, 0x76, 0xB5, 0xB5, 0xB3, 0x07,
    0x51, 0x86, 0x90, 0x9C, 0xED, 0x99, 0x24, 0xDA, 0x62, 0xC8, 0x4E, 0x46, 0x7B, 0x16, 0xAF, 0x95,
    0xF5, 0x45, 0x89, 0xC2, 0x4C, 0x40, 0xD0, 0x13, 0x38, 0x75, 0x05, 0x1D, 0xC0, 0x20, 0xA0, 0x41,
    0x80, 0x83, 0x80, 0x07, 0x01, 0x10, 0x02, 0x22, 0x03, 0x24, 0x16, 0x93, 0x8B, 0xD4, 0x65, 0x38,
    0x77, 0x91, 0x94, 0x63, 0x18, 0xAE, 0x7B, 0xA9, 0x6C, 0x3D, 0x6D, 0x71, 0x39, 0xA3, 0xE5, 0x8C,
    0xA7, 0x83, 0x51, 0x16, 0x23, 0xA6, 0x87, 0xED, 0x94, 0xB4, 0x1D, 0xC0, 0x7A, 0xD7, 0x76, 0xA5,
    0xAD, 0xA0, 0x45, 0x0A, 0x17, 0x29, 0x5E, 0xA4, 0x80, 0x91, 0x22, 0x46, 0x80, 0x0C, 0x98, 0x0D,
    0xA0, 0xE5, 0xF3, 0x13, 0xDA, 0x1E, 0x82, 0xBB, 0x00, 0x96, 0xCB, 0x29, 0x5A, 0xF5, 0x42, 0x7E,
    0x7B, 0x26, 0x90, 0xDB, 0x11, 0xD4, 0x9C, 0xD9, 0x81, 0x89, 0x48, 0x67, 0x9C, 0xB4, 0x58, 0x4B,
    0x80, 0x53, 0xC2, 0xC2, 0x42, 0x2A, 0x78, 0x39, 0x0B, 0x43, 0x6D, 0x6E, 0xEB, 0xAC, 0xB1, 0x1B,
    0x8F, 0x77, 0xC2, 0xDC, 0x59, 0x7B, 0x27, 0x06, 0x4F, 0x30, 0x8C, 0x90, 0xFF, 0xDE, 0xDC, 0x35,
    0xCD, 0x43, 0xA1, 0x7A, 0x88, 0x33, 0x9C, 0x2A, 0xB6, 0xB0, 0x89, 0x36, 0x44, 0x50, 0xAB, 0xC8,
    0x16, 0x49, 0x3E, 0x7B, 0xB4, 0x30, 0x0C, 0x0F, 0xB5, 0x74, 0x21, 0xEC, 0x7F, 0xBD, 0xC6, 0x62,
    0xCB, 0x0A, 0x73, 0x2C, 0x19, 0xAE, 0xD3, 0x7D, 0x73, 0x26, 0xF0, 0xDB, 0x29, 0x43, 0x19, 0xAF,
    0x64, 0xAB, 0xA6, 0x68, 0x0A, 0x42, 0xA9, 0x0F, 0xB9, 0x8D, 0x2C, 0xDA, 0x3A, 0x5F, 0x06, 0x6B,
    0x40, 0xB4, 0x38, 0x65, 0xBB, 0x30, 0x18, 0xDF, 0x2D, 0xE7, 0x65, 0xC3, 0x3D, 0x1B, 0xEF, 0xD9,
    0x50, 0x6F, 0xE8, 0x8A, 0x35, 0x9D, 0x3F, 0x66, 0x48, 0x0B, 0x05, 0x8B, 0x86, 0xC3, 0x11, 0x66,
    0xF2, 0x69, 0x1A, 0x2B, 0xDA, 0xDF, 0x6D, 0xB4, 0x68, 0xC3, 0x95, 0x84, 0xA6, 0xD3, 0xBE, 0xE3,
    0x36, 0x92, 0x5D, 0x8D, 0x72, 0x60, 0x3F, 0x86, 0x6A, 0x9B, 0xB1, 0x52, 0xED, 0x48, 0x2B, 0x46,
    0x78, 0x34, 0xC9, 0x87, 0x02, 0xCD, 0x13, 0x88, 0x13, 0x2C, 0x19, 0x3E, 0xA9, 0xD5, 0x73, 0xC8,
    0x11, 0x53, 0x63, 0x91, 0x6A, 0x34, 0x95, 0x89, 0x3A, 0xDF, 0xA8, 0x6F, 0xC5, 0x09, 0x0A, 0x1C,
    0xD5, 0x70, 0xCC, 0xB0, 0x15, 0x51, 0xCE, 0xFE, 0x96, 0xCA, 0x70, 0x86, 0xA1, 0xFB, 0xDF, 0x77,
    0x34, 0x1D, 0x81, 0xC4, 0x1F, 0x81, 0xC0, 0x7A, 0x8E, 0x0B, 0x8F, 0x8F, 0x0A, 0x6D, 0xB7, 0xBA,
    0x68, 0x51, 0x58, 0x18, 0x94, 0xAD, 0x13, 0xC4, 0xAD, 0xB5, 0xE4, 0x4B, 0x91, 0xA4, 0x5B, 0x25,
    0xE3, 0xCC, 0xF3, 0xF6, 0x7B, 0x39, 0xB6, 0xC1, 0xFF, 0x7D, 0xC9, 0x3F, 0x73, 0x99, 0x23, 0x7F,
    0xD5, 0xC8, 0x76, 0x62, 0xAC, 0xC5, 0x35, 0x5A, 0x92, 0x23, 0x21, 0x25, 0x87, 0x43, 0x7A, 0x96,
    0xB2, 0x45, 0xF5, 0x3A, 0xA2, 0x79, 0x2C, 0x44, 0x28, 0x41, 0xF0, 0x62, 0x45, 0x33, 0x95, 0x10,
    0x62, 0xAB, 0x1A, 0xDB, 0x95, 0x36, 0xBF, 0xCA, 0x27, 0x78, 0xFB, 0xD9, 0x41, 0x4E, 0xBD, 0xF5,
    0xD6, 0x93, 0x5D, 0x81, 0x69, 0xA3, 0xC6, 0xCD, 0x56, 0xB9, 0x09, 0x85, 0xB3, 0x3D, 0xBD, 0x61,
    0xF9, 0x54, 0xD7, 0x9E, 0x96, 0x02, 0xD1, 0x1D, 0x85, 0x88, 0x6F, 0x76, 0x8D, 0xCB, 0x1C, 0xF3,
    0x7A, 0x49, 0xE9, 0xFD, 0x4E, 0x7E, 0xE7, 0xA7, 0x9E, 0x5A, 0x88, 0x26, 0x77, 0xD0, 0xCE, 0x52,
    0x05, 0x5B, 0xD5, 0x4A, 0xB7, 0xED, 0x0A, 0x3F, 0x36, 0x72, 0x5D, 0xFB, 0x27, 0x2B, 0x20, 0x99,
    0x4E, 0xBE, 0x33, 0xFA, 0xA8, 0xBB, 0xED, 0xEE, 0x3C, 0x5B, 0x4D, 0xDB, 0xA9, 0x66, 0xE5, 0x87,
    0xFE, 0x90, 0xD0, 0x76, 0xE9, 0xA3, 0x98, 0xDB, 0x87, 0x38, 0x84, 0xA9, 0x27, 0xC7, 0x70, 0x3E,
    0x31, 0xC4, 0xA9, 0xC3, 0xB0, 0xB4, 0xFE, 0x85, 0x76, 0xCB, 0xCE, 0xFA, 0xAD, 0xBF, 0x92, 0xA7,
    0xFC, 0x66, 0x3A, 0x7B, 0x28, 0x4B, 0x66, 0xF4, 0xC0, 0xE9, 0xB6, 0xDF, 0xC2, 0xFE, 0x1B, 0xA5,
    0x52, 0x3B, 0x6E, 0xDC, 0x30, 0x10, 0x1D, 0x49, 0x58, 0x2F, 0xBC, 0x84, 0xC1, 0x14, 0x71, 0xCD,
    0x36, 0x70, 0xA3, 0x23, 0x90, 0xC8, 0x09, 0xDC, 0xEC, 0x25, 0x72, 0x88, 0x90, 0xC8, 0x09, 0x7C,
    0x84, 0x1C, 0xC4, 0x80, 0xD4, 0xA5, 0xD5, 0x11, 0x54, 0xA7, 0x62, 0x21, 0x18, 0x82, 0x23, 0x6A,
    0xF2, 0x86, 0xD4, 0x2E, 0x36, 0xEB, 0x18, 0x08, 0x10, 0x72, 0x47, 0x1A, 0x71, 0x87, 0xEF, 0xBD,
    0xF9, 0x58, 0xE6, 0x60, 0x2F, 0xEC, 0xFE, 0x78, 0x74, 0x78, 0x73, 0x7F, 0xF5, 0xC0, 0xF9, 0xD1,
    0xC1, 0xE1, 0xEB, 0x07, 0xCE, 0x8F, 0xC4, 0x65, 0x0D, 0xEF, 0xBD, 0x8F, 0x65, 0x65, 0x64, 0xAC,
    0xE9, 0xBD, 0xF7, 0x7D, 0x89, 0x7B, 0x24, 0xA2, 0xE7, 0x26, 0xE9, 0xD8, 0xF6, 0xD6, 0xF9, 0xE0,
    0x47, 0x3F, 0xDB, 0xC5, 0xCC, 0xF5, 0x13, 0x91, 0x9A, 0xCC, 0x62, 0x56, 0xC5, 0x35, 0x13, 0x53,
    0x6A, 0x16, 0x83, 0x98, 0x5B, 0xAA, 0x83, 0x96, 0xF3, 0xA4, 0xD6, 0x7A, 0xAD, 0x52, 0xB5, 0x34,
    0xB3, 0x19, 0x6D, 0xB8, 0xA3, 0xBC, 0x9E, 0x05, 0x4B, 0xD0, 0x04, 0x4F, 0x10, 0x33, 0xA6, 0xA0,
    0x02, 0x57, 0x90, 0x05, 0x5B, 0xD0, 0x05, 0x5F, 0x18, 0x32, 0x07, 0x58, 0x84, 0x47, 0x98, 0x32,
    0x17, 0xD8, 0x84, 0x4F, 0x18, 0x4D, 0xC6, 0xB9, 0x25, 0xE1, 0xAD, 0x9E, 0x48, 0x4F, 0x6A, 0x21,
    0xB3, 0xE8, 0x95, 0x4C, 0xD2, 0x4C, 0x6A, 0xDD, 0x33, 0x41, 0x06, 0x53, 0x95, 0x70, 0xAB, 0x5A,
    0x70, 0xB1, 0x99, 0x6B, 0x84, 0x8C, 0x2A, 0x92, 0x0D, 0xED, 0x40, 0x77, 0x74, 0x28, 0xD2, 0xC8,
    0x0E, 0x6F, 0xEC, 0xA1, 0x7B, 0xFD, 0xEE, 0x99, 0xE3, 0xC9, 0xC8, 0x8E, 0x7F, 0x8D, 0x7B, 0x63,
    0xA7, 0xE5, 0xFB, 0x3F, 0xEC, 0x81, 0x7F, 0x06, 0xE0, 0xF4, 0x27, 0x3B, 0x9D, 0xC3, 0xBF, 0x3C,
    0x0F, 0xD7, 0xF7, 0xCE, 0xF6, 0x81, 0xF6, 0xEC, 0x0C, 0x0F, 0x56, 0xF4, 0x4C, 0x1D, 0xCF, 0xF8,
    0x79, 0xE9, 0x59, 0xD4, 0xDC, 0x23, 0xC7, 0x1B, 0x77, 0x70, 0x07, 0x6A, 0xA3, 0x1D, 0xFC, 0x60,
    0xA3, 0x8F, 0xDD, 0xE8, 0xA7, 0x2E, 0x72, 0x2C, 0x7E, 0x3B, 0xDA, 0xC1, 0xF6, 0x3B, 0x92, 0x4D,
    0x5F, 0x1C, 0xD1, 0x4E, 0xBA, 0x4B, 0x0D, 0x12, 0xC3, 0x1D, 0x71, 0x35, 0x2F, 0xA7, 0x04, 0xDA,
    0x5F, 0x2B, 0x11, 0xA4, 0x48, 0x65, 0x7A, 0xD4, 0x8E, 0x4B, 0x42, 0xCE, 0xBB, 0x26, 0x15, 0x17,
    0x05, 0xD4, 0xF3, 0xD9, 0x35, 0xF1, 0xEC, 0x6E, 0x15, 0x90, 0xD8, 0x02, 0x00, 0x84, 0x6E, 0x03,
    0xA0, 0xF6, 0x65, 0xDD, 0x00, 0x84, 0x6D, 0x03, 0x10, 0x0D, 0x68, 0xE6, 0x4C, 0x35, 0x3B, 0x28,
    0xB3, 0x43, 0xC7, 0xF8, 0x17, 0xC5, 0x26, 0xFE, 0x96, 0xC7, 0x1E, 0x61, 0x15, 0x37, 0xA9, 0x1D,
    0xFD, 0x0F, 0x28, 0x6C, 0xD2, 0x7E, 0xD2, 0x91, 0x09, 0x0A, 0xF5, 0xAC, 0xA2, 0x8A, 0x2B, 0xBA,
    0x4B, 0x06, 0x53, 0xB5, 0x87, 0xDB, 0x49, 0x0A, 0x70, 0xA7, 0x24, 0x6E, 0x17, 0x54, 0x3E, 0xCD,
    0x29, 0xA8, 0x58, 0xAE, 0x35, 0x32, 0x07, 0x66, 0xEC, 0x3E, 0x27, 0x52, 0x42, 0x2A, 0x14, 0x98,
    0x0A, 0xA4, 0xC0, 0x52, 0x5F, 0x34, 0x1A, 0xC5, 0x6E, 0x11, 0xB4, 0xE9, 0xAF, 0x50, 0xAC, 0x8F,
    0x28, 0xD7, 0xEE, 0xB1, 0x8D, 0xA8, 0xAE, 0xEC, 0xC1, 0x8E, 0xB6, 0xDF, 0x76, 0xC0, 0x26, 0x8B,
    0xDC, 0x3D, 0x7D, 0xC5, 0xFE, 0x84, 0x8D, 0x89, 0xA4, 0x36, 0x37, 0x92, 0x5D, 0xB3, 0x92, 0xCA,
    0xE8, 0x18, 0x1F, 0x3F, 0x90, 0x8D, 0x50, 0x2D, 0x12, 0xA4, 0x24, 0x5D, 0x10, 0x2E, 0x2D, 0x24,
    0x37, 0xD0, 0xED, 0xE4, 0xCB, 0x5C, 0x06, 0x94, 0x29, 0xC9, 0x20, 0xFB, 0x85, 0x74, 0x94, 0xF6,
    0xF8, 0x50, 0x6E, 0xE4, 0x55, 0x9A, 0x58, 0xFA, 0x27, 0xB2, 0x71, 0x05, 0x6A, 0x91, 0x54, 0xAE,
    0xEB, 0x92, 0x0B, 0x3D, 0xFD, 0x6B, 0xC8, 0x78, 0x1D, 0xB2, 0xFE, 0x67, 0xC8, 0x6F, 0xED, 0x91,
    0xA1, 0x4E, 0xC4, 0x40, 0x10, 0x86, 0xFF, 0xB6, 0x5C, 0x9A, 0x70, 0x09, 0x35, 0x68, 0x56, 0xA3,
    0xFA, 0x08, 0xD3, 0x70, 0x12, 0x83, 0x38, 0x5E, 0xE2, 0x0C, 0x8F, 0xB0, 0x45, 0x9D, 0xC5, 0x21,
    0x30, 0x58, 0x30, 0xF7, 0x06, 0x6C, 0x1F, 0xA1, 0x86, 0x60, 0xAB, 0x21, 0x21, 0x2B, 0x56, 0x6C,
    0x60, 0xEF, 0x86, 0xBF, 0x3D, 0x41, 0x42, 0x82, 0x41, 0xB3, 0x33, 0xD3, 0x6C, 0x76, 0x3B, 0x33,
    0xDF, 0x3F, 0x8B, 0x15, 0x50, 0xEA, 0x00, 0xA3, 0x11, 0xF2, 0x96, 0x60, 0x9B, 0x1D, 0x1C, 0x6D,
    0x07, 0x3B, 0x85, 0x9B, 0x4C, 0x21, 0xD7, 0x5B, 0xD4, 0x9A, 0x50, 0x69, 0x40, 0xAE, 0x1D, 0x70,
    0x0C, 0x20, 0xBF, 0x01, 0x2A, 0x0F, 0x08, 0xC3, 0x79, 0x64, 0xEA, 0x51, 0x7C, 0x7A, 0x54, 0x2F,
    0x1E, 0xB2, 0xF6, 0xB0, 0x9B, 0x0F, 0x58, 0x65, 0x2E, 0x03, 0x73, 0xFF, 0x1D, 0xFB, 0x55, 0xA9,
    0xA7, 0x9B, 0xD7, 0x7B, 0xD3, 0xA2, 0x7E, 0x6F, 0x44, 0x07, 0xA3, 0xFE, 0xA0, 0x88, 0xC8, 0x23,
    0xBF, 0x66, 0xE3, 0xA7, 0x93, 0x06, 0x17, 0xC0, 0x6A, 0x64, 0xE4, 0xCF, 0xF5, 0x73, 0x27, 0x0D,
    0xEC, 0x29, 0x9C, 0xF6, 0x4E, 0xBD, 0x5B, 0x44, 0x97, 0x47, 0x9B, 0x47, 0xB9, 0x0B, 0x46, 0x87,
    0x52, 0xDB, 0x09, 0x8B, 0x0D, 0x07, 0x51, 0xA6, 0x13, 0x85, 0xCA, 0x3A, 0x48, 0x4B, 0x25, 0x94,
    0x93, 0x6D, 0x91, 0x27, 0x14, 0x61, 0x84, 0xA8, 0x7A, 0xE0, 0x01, 0x73, 0xED, 0xD9, 0x54, 0xCE,
    0xA2, 0x64, 0xB1, 0x5E, 0x87, 0x4A, 0x07, 0x9E, 0xC8, 0x6D, 0xB0, 0x59, 0xA2, 0xCB, 0x3A, 0xD5,
    0xEA, 0x4B, 0xCA, 0x5D, 0x22, 0x7B, 0x20, 0x70, 0xCB, 0xCA, 0xB6, 0xF4, 0x4F, 0x45, 0x78, 0x2A,
    0xA2, 0x3B, 0x8F, 0xA2, 0xB1, 0xE2, 0xE0, 0x16, 0x63, 0x45, 0xE3, 0xD8, 0xB4, 0x33, 0x3B, 0xEC,
    0x81, 0xFF, 0x3E, 0x55, 0x32, 0xD6, 0xC9, 0x26, 0x49, 0xB3, 0x94, 0xFD, 0x30, 0x5E, 0x3E, 0x8E,
    0xCC, 0xA4, 0xA2, 0xE4, 0x13, 0x2A, 0x29, 0x27, 0x8D, 0xD2, 0xB1, 0x58, 0x19, 0x61, 0xB8, 0xD5,
    0x40, 0xAA, 0x5A, 0xE3, 0xEC, 0xB2, 0xA9, 0xB4, 0xA7, 0x1F, 0x6E, 0x7A, 0xB6, 0xA4, 0xF0, 0xB9,
    0xB6, 0x84, 0xCA, 0x28, 0x9E, 0x89, 0x45, 0x38, 0xBA, 0xE2, 0x88, 0xFA, 0x71, 0xC2, 0xCB, 0xFF,
    0xA7, 0xFC, 0xF5, 0x29, 0xBF, 0x00, 0xA5, 0x56, 0x3D, 0x8F, 0xDD, 0x44, 0x14, 0xBD, 0xF6, 0x03,
    0x56, 0xC2, 0x85, 0x1B, 0x36, 0x12, 0x69, 0xDC, 0x50, 0x51, 0xC4, 0x2D, 0x9D, 0x4D, 0x1A, 0x0A,
    0x0A, 0xB6, 0x58, 0xEF, 0x96, 0xF4, 0x6C, 0xB1, 0xFC, 0x00, 0x84, 0x2D, 0xDA, 0x14, 0x50, 0x00,
    0x35, 0x05, 0x45, 0xB4, 0x29, 0xF6, 0x17, 0x04, 0x5B, 0x4A, 0x49, 0xE3, 0x20, 0x45, 0x14, 0x29,
    0xF2, 0x10, 0x12, 0xA0, 0x50, 0x30, 0x24, 0x5E, 0xF1, 0x76, 0x19, 0xFB, 0x72, 0xCF, 0xBD, 0xF3,
    0x3E, 0xB3, 0x48, 0x28, 0x58, 0x7A, 0xE7, 0xF8, 0x79, 0xEE, 0xCC, 0xDC, 0xEF, 0x19, 0x22, 0xA2,
    0xB7, 0x08, 0xCF, 0xA7, 0xEF, 0x00, 0xFD, 0x7D, 0xA2, 0xE8, 0x6C, 0xE1, 0x89, 0x6A, 0x9E, 0x16,
    0xB4, 0xC7, 0xCC, 0x8E, 0x72, 0xC1, 0x81, 0x5A, 0x41, 0x1F, 0xF1, 0x54, 0xB7, 0x7E, 0xC6, 0x7D,
    0x51, 0xB8, 0x94, 0xE9, 0x7E, 0xDD, 0xA5, 0x23, 0xF9, 0x91, 0xF2, 0x45, 0x7C, 0xE9, 0xA9, 0x18,
    0x66, 0xCF, 0x07, 0x2A, 0x5C, 0xF2, 0xB3, 0x13, 0x4C, 0xBF, 0xEF, 0xA9, 0x9E, 0x67, 0x9F, 0x77,
    0x82, 0x45, 0xDE, 0xC8, 0x97, 0xBA, 0x20, 0xC1, 0xF1, 0x3B, 0xC1, 0x0B, 0x2F, 0x7B, 0xE4, 0x7C,
    0xB1, 0x20, 0x4A, 0xF9, 0xB9, 0x03, 0xFE, 0xE8, 0xA8, 0x9B, 0xF1, 0x1F, 0xFD, 0xDE, 0x3C, 0x66,
    0x7E, 0xD4, 0x86, 0x1D, 0x15, 0x07, 0x12, 0xE0, 0x26, 0xBE, 0x64, 0x5E, 0xD0, 0xEC, 0xD9, 0xA2,
    0x22, 0xDA, 0xC3, 0x24, 0x4A, 0x1E, 0xCF, 0xA1, 0xF6, 0x9D, 0x4E, 0x6D, 0x28, 0xE5, 0x17, 0x55,
    0x55, 0x75, 0x08, 0xBD, 0x79, 0x17, 0x26, 0x0C, 0x8C, 0x22, 0x72, 0x2D, 0x4C, 0x00, 0x6C, 0xB5,
    0x0B, 0xD3, 0x96, 0x5C, 0x2B, 0x1A, 0xED, 0xC2, 0x75, 0xEB, 0x11, 0xDD, 0xFC, 0x56, 0x40, 0x2C,
    0x69, 0x88, 0x32, 0x58, 0x40, 0x05, 0xAC, 0x21, 0xBE, 0x3C, 0x77, 0x14, 0x71, 0x37, 0x6B, 0x64,
    0x10, 0x72, 0x33, 0xC3, 0x69, 0x8D, 0xB1, 0xE2, 0x0D, 0xAE, 0x2A, 0x84, 0x81, 0xB9, 0x0C, 0xF8,
    0x36, 0x3F, 0x3D, 0x13, 0x13, 0x0B, 0x18, 0xBB, 0xF9, 0xDD, 0x90, 0x72, 0x75, 0x45, 0xDE, 0x03,
    0x55, 0x26, 0x6A, 0xF1, 0x45, 0xA2, 0xF7, 0x45, 0xA6, 0xFE, 0xE3, 0x06, 0x92, 0xDC, 0xDF, 0x2A,
    0x33, 0x9D, 0x40, 0x27, 0xDF, 0x10, 0xC9, 0x1E, 0xF4, 0xEA, 0x81, 0xE8, 0x25, 0x33, 0x52, 0x89,
    0x06, 0xCF, 0x03, 0x0F, 0x81, 0x7D, 0x60, 0x5E, 0x72, 0x13, 0xB8, 0x0F, 0xEC, 0x8C, 0x6B, 0x6F,
    0xFC, 0xC1, 0x64, 0xFC, 0x1E, 0x97, 0xC2, 0x2D, 0xFF, 0xCE, 0x4F, 0xCF, 0xD9, 0xB5, 0xAA, 0xC0,
    0x9A, 0xF7, 0xB9, 0xC9, 0x7C, 0x3A, 0x1E, 0x10, 0x37, 0x09, 0xAB, 0x7C, 0x33, 0xE3, 0x3B, 0xCA,
    0xC4, 0x8F, 0x8D, 0x6B, 0x36, 0xCE, 0x03, 0xA7, 0x81, 0x67, 0x81, 0xA3, 0xC0, 0xD4, 0x06, 0x2E,
    0x02, 0x63, 0xBD, 0xAA, 0x3A, 0x50, 0xE7, 0x32, 0x0C, 0x9A, 0x69, 0x26, 0x29, 0x71, 0xA0, 0x4E,
    0xA8, 0x3A, 0x16, 0x23, 0xE0, 0xFF, 0xD6, 0xD1, 0xB1, 0xB8, 0xBB, 0xBD, 0x28, 0x4D, 0xBD, 0x26,
    0x90, 0x69, 0x5B, 0x06, 0x11, 0xA1, 0x58, 0x27, 0x84, 0xE9, 0xAB, 0xC5, 0xC6, 0x8D, 0x8D, 0x10,
    0xB4, 0x10, 0xD3, 0x97, 0xA6, 0xFD, 0x52, 0x49, 0x62, 0x53, 0x38, 0x7D, 0x89, 0xB9, 0x2C, 0x86,
    0xA5, 0x44, 0xB6, 0x58, 0xBE, 0xA5, 0x5E, 0xDF, 0x24, 0x45, 0xF1, 0xD6, 0x76, 0xA0, 0x44, 0x94,
    0x41, 0x68, 0x3C, 0x04, 0x22, 0x09, 0x8E, 0x88, 0xAB, 0xE2, 0x52, 0xC7, 0x03, 0x16, 0x82, 0xF7,
    0x0A, 0xA4, 0xA0, 0x38, 0xDE, 0x4B, 0x69, 0xD2, 0x4D, 0xEE, 0x52, 0x31, 0xA1, 0xBD, 0xD2, 0x42,
    0xD7, 0x67, 0xEB, 0xED, 0xA2, 0xFD, 0x85, 0xBF, 0x86, 0xA9, 0xB9, 0xAB, 0x3B, 0x7E, 0x00, 0x15,
    0xB3, 0x85, 0xE4, 0x92, 0xBE, 0xA5, 0x9E, 0xA9, 0xF8, 0x15, 0x19, 0x9F, 0x8E, 0x22, 0xFC, 0xB7,
    0xD7, 0x32, 0x1A, 0x25, 0x56, 0x5E, 0x75, 0xF4, 0x16, 0x35, 0x8D, 0xD9, 0x1E, 0x3B, 0xB5, 0x05,
    0x9E, 0x54, 0xBB, 0x04, 0x63, 0xD6, 0xAC, 0x15, 0x8D, 0xF5, 0xA7, 0x56, 0xE8, 0x4F, 0x52, 0x1C,
    0x11, 0x6D, 0x28, 0xE4, 0x27, 0xA5, 0x43, 0x80, 0xE8, 0xC3, 0xCB, 0x12, 0xFE, 0xEE, 0x36, 0x40,
    0x07, 0x3E, 0x12, 0x90, 0x06, 0x32, 0xC8, 0x96, 0x92, 0xBD, 0xF9, 0x24, 0x50, 0xCC, 0xC5, 0x68,
    0x69, 0x52, 0x80, 0x64, 0x05, 0x29, 0x9A, 0x94, 0x38, 0x34, 0x87, 0x9C, 0x0A, 0xC7, 0xFC, 0x44,
    0x16, 0x78, 0x93, 0x36, 0x1F, 0x29, 0x96, 0x69, 0x03, 0x96, 0xCF, 0x8D, 0x50, 0xD7, 0xBD, 0x96,
    0x96, 0x56, 0x80, 0x5A, 0xC4, 0x52, 0x6D, 0x29, 0x37, 0x51, 0x47, 0xB9, 0x36, 0x00, 0x0B, 0x5D,
    0xAB, 0x46, 0xF1, 0xF5, 0x25, 0x6B, 0x0D, 0xC0, 0xF0, 0xC5, 0xD1, 0x7D, 0x7E, 0x84, 0x5C, 0xD2,
    0x22, 0x26, 0x0B, 0xBF, 0xAD, 0x9C, 0x72, 0xFF, 0x5A, 0xB7, 0xCC, 0x38, 0xDD, 0x3D, 0x68, 0x12,
    0x49, 0xA9, 0xA3, 0xEE, 0x0F, 0xAC, 0xAC, 0xF7, 0x0F, 0x22, 0xDD, 0xA4, 0x07, 0x25, 0x5C, 0x82,
    0x64, 0x05, 0x90, 0x74, 0x57, 0x21, 0x64, 0xB3, 0x90, 0x0C, 0x81, 0xB0, 0xB8, 0x50, 0x0B, 0x17,
    0xF3, 0x6D, 0xD8, 0x17, 0xF1, 0xFB, 0xE8, 0x13, 0x27, 0x7C, 0xCA, 0x67, 0x77, 0xAD, 0x85, 0xF8,
    0x25, 0xDD, 0x13, 0xBC, 0xBA, 0x2B, 0x22, 0x1E, 0xFB, 0x4B, 0xA2, 0x15, 0xAA, 0x40, 0x97, 0xD9,
    0x2A, 0x09, 0x2B, 0xCD, 0xC4, 0x72, 0xEC, 0x27, 0x9A, 0x82, 0x6A, 0xDD, 0x76, 0xA9, 0x44, 0xCA,
    0x4A, 0x22, 0x13, 0xA9, 0x06, 0x73, 0x10, 0x54, 0xB3, 0xDA, 0x8D, 0xCD, 0xC0, 0xD8, 0x0A, 0x2C,
    0xE6, 0xE0, 0x32, 0x2D, 0xBE, 0x98, 0xAB, 0x23, 0x19, 0x3C, 0x46, 0x61, 0xEE, 0x16, 0xED, 0x36,
    0x9D, 0x88, 0x48, 0x7D, 0x25, 0xA6, 0x96, 0x48, 0xB5, 0xD5, 0xF4, 0xD5, 0x62, 0xE3, 0xC6, 0x46,
    0x5F, 0x55, 0x56, 0x6B, 0xF4, 0x3F, 0x48, 0xCC, 0xB6, 0xFA, 0x8C, 0xFD, 0x16, 0x4D, 0x30, 0x89,
    0x4E, 0x79, 0x2A, 0x57, 0xCD, 0x22, 0xB3, 0xED, 0xB5, 0xC9, 0x20, 0x76, 0x3E, 0x67, 0x19, 0xFA,
    0xC1, 0xCB, 0x94, 0x84, 0x6F, 0x7B, 0xFA, 0x58, 0x6A, 0x4A, 0xA7, 0xE7, 0x5E, 0xA9, 0x18, 0x8C,
    0xDC, 0x26, 0xD5, 0x38, 0x2D, 0xD9, 0xD5, 0x0E, 0x34, 0x14, 0xDB, 0x34, 0xC4, 0x63, 0x55, 0x3B,
    0x9D, 0x2E, 0xE7, 0xF1, 0xA4, 0x94, 0xF0, 0x67, 0x12, 0xC4, 0x7E, 0xC6, 0xCF, 0xBC, 0x7A, 0x9E,
    0xFD, 0x69, 0x48, 0xB9, 0xC9, 0x54, 0x5A, 0x98, 0x47, 0x7A, 0x3D, 0x3B, 0x34, 0xE1, 0xE2, 0xF1,
    0x3A, 0x8B, 0xB6, 0x68, 0xF9, 0x1C, 0xAE, 0x0F, 0xB0, 0x38, 0x1C, 0x69, 0xA5, 0x66, 0xF7, 0xA5,
    0x1D, 0xAF, 0xCD, 0xCE, 0x6D, 0x62, 0xC4, 0x6D, 0xE2, 0xA1, 0x4F, 0xE4, 0x36, 0x11, 0xF9, 0x48,
    0x6E, 0x13, 0x11, 0xEE, 0x05, 0x0B, 0x60, 0x31, 0x28, 0xBA, 0x35, 0xD6, 0xF3, 0x35, 0x6E, 0x7E,
    0x37, 0xC9, 0xDC, 0x03, 0x6D, 0x85, 0x94, 0xDF, 0xF5, 0xB8, 0x4D, 0xFC, 0xE4, 0xF5, 0x36, 0x31,
    0xAE, 0x6E, 0x13, 0xB6, 0xBB, 0x69, 0x62, 0x07, 0xCC, 0xD6, 0xA1, 0x1B, 0x4F, 0x5B, 0xD6, 0xE8,
    0x51, 0xB5, 0x03, 0xFB, 0x47, 0xDA, 0xB2, 0x50, 0x90, 0xD1, 0xA9, 0x1C, 0x60, 0x09, 0x0A, 0x70,
    0x0D, 0xA2, 0x3C, 0xEC, 0xD5, 0x7F, 0x68, 0x08, 0x92, 0x6D, 0x7B, 0xF0, 0x6C, 0x8C, 0x03, 0x55,
    0x4F, 0x57, 0x54, 0x01, 0xB4, 0xD5, 0x4A, 0xD6, 0x76, 0x59, 0x62, 0xB8, 0xB3, 0x86, 0x68, 0xA7,
    0x18, 0x65, 0xE3, 0x72, 0x58, 0x1B, 0xA0, 0xA6, 0x56, 0xEE, 0xFE, 0x0D, 0x3F, 0x01, 0xFE, 0x35,
    0x69, 0xC4, 0x16, 0x8A, 0xFD, 0xB2, 0x5B, 0x44, 0xBA, 0x66, 0xCA, 0xEE, 0x16, 0x6E, 0x20, 0x7F,
    0xCA, 0x5E, 0xD9, 0x29, 0xF4, 0x79, 0x25, 0x67, 0xBB, 0x1D, 0xD0, 0x52, 0x23, 0x6B, 0xCF, 0x99,
    0xE0, 0x1B, 0x94, 0xC8, 0x25, 0xA5, 0xE8, 0x23, 0x59, 0x5F, 0x1A, 0x58, 0xEE, 0xA0, 0x5D, 0xEE,
    0x20, 0x9B, 0x6B, 0xCA, 0x6A, 0xE3, 0x04, 0xEA, 0xE5, 0x06, 0x93, 0xA3, 0xC3, 0x0D, 0xB7, 0x65,
    0xDD, 0x2E, 0xEA, 0xAD, 0x24, 0xD1, 0x5B, 0x47, 0x0D, 0x2F, 0x45, 0x1A, 0x0C, 0xBD, 0x97, 0x89,
    0x6E, 0xE7, 0x4F, 0xB8, 0xC9, 0xC7, 0xEC, 0x81, 0x5C, 0x2B, 0x87, 0xAC, 0xE3, 0x79, 0xE1, 0xB2,
    0xAE, 0x76, 0x75, 0x9F, 0x75, 0xC5, 0x4B, 0xE0, 0xEB, 0x0D, 0x10, 0xB9, 0xF1, 0xDF, 0xD1, 0x5A,
    0x8E, 0x35, 0x02, 0xEB, 0x0A, 0xD6, 0x22, 0xAC, 0x5F, 0x58, 0xB7, 0x41, 0x81, 0xB7, 0x0E, 0x28,
    0x75, 0x85, 0x2E, 0xB6, 0x81, 0xF6, 0x05, 0x45, 0x88, 0x36, 0x63, 0xB3, 0xEC, 0xEE, 0xC0, 0xBA,
    0x1A, 0xEB, 0xCA, 0x47, 0xDA, 0x61, 0xAC, 0x51, 0x1C, 0xF3, 0x97, 0x9A, 0x60, 0x7E, 0x85, 0xF7,
    0xF8, 0xB7, 0x55, 0x1B, 0x79, 0x11, 0xFF, 0x01, 0xDD, 0x55, 0xBD, 0x8E, 0xD4, 0x40, 0x0C, 0x76,
    0x12, 0xDD, 0x46, 0x90, 0x62, 0x28, 0xB8, 0x0A, 0x89, 0xD0, 0xD0, 0xD0, 0xE4, 0x0D, 0x98, 0x48,
    0x3C, 0x00, 0x14, 0x6C, 0x4D, 0x4D, 0x05, 0x6F, 0x30, 0xE1, 0x0D, 0xEE, 0x11, 0xAE, 0xA0, 0x21,
    0x14, 0xF7, 0x06, 0x4C, 0x24, 0x5E, 0x60, 0x1B, 0x6A, 0x52, 0x9C, 0x68, 0x6F, 0x8A, 0x20, 0x65,
    0x8F, 0x24, 0xC6, 0xFE, 0x66, 0xF7, 0x76, 0xEF, 0x74, 0x12, 0x3D, 0x23, 0xC5, 0xDE, 0x9D, 0xB1,
    0x3D, 0xF6, 0xE7, 0x9F, 0xA1, 0xA4, 0x21, 0xA2, 0x74, 0x14, 0x92, 0x71, 0x4D, 0x94, 0x73, 0x4F,
    0x94, 0xB0, 0xFE, 0x2F, 0x97, 0xFD, 0x26, 0x71, 0x47, 0xE9, 0xE2, 0x7A, 0xAA, 0x98, 0x03, 0x31,
    0xF3, 0x98, 0x09, 0x99, 0xCC, 0x52, 0xBB, 0xB9, 0x1C, 0xC9, 0x2C, 0xB6, 0xA7, 0x6C, 0xB1, 0x22,
    0xC4, 0xAE, 0x13, 0x6D, 0x2F, 0x36, 0x23, 0xC1, 0x5F, 0xA7, 0xDA, 0x2A, 0x32, 0x57, 0x03, 0x19,
    0x51, 0x23, 0x37, 0xE4, 0x62, 0xA0, 0x4F, 0x85, 0x34, 0xE4, 0x58, 0x2E, 0x2A, 0xF4, 0xDE, 0xA3,
    0xB5, 0xE2, 0xF1, 0x01, 0x91, 0x65, 0xBE, 0xA8, 0x13, 0x91, 0xE2, 0x4E, 0x15, 0x98, 0x0C, 0xD7,
    0xD5, 0x42, 0xD5, 0x24, 0x27, 0x64, 0xD5, 0x95, 0xDA, 0xF5, 0xE2, 0x4B, 0xE3, 0x36, 0x66, 0xE2,
    0xCE, 0x77, 0x36, 0x78, 0xA1, 0xFA, 0xCB, 0x7D, 0x67, 0x71, 0xDB, 0x5D, 0x4D, 0xC4, 0x8D, 0xE5,
    0x90, 0x8A, 0xA2, 0x1A, 0x11, 0x0B, 0x1A, 0x98, 0xE1, 0x3F, 0xAC, 0x46, 0x34, 0x1E, 0x07, 0x2F,
    0x9E, 0x16, 0xBC, 0xD5, 0x8B, 0x4F, 0x6F, 0xB9, 0xF1, 0x2C, 0xB2, 0x8F, 0x91, 0x8D, 0xA0, 0xC9,
    0x04, 0x96, 0x2D, 0x60, 0x62, 0x52, 0x97, 0x61, 0xC5, 0x91, 0x4A, 0x41, 0x8A, 0xD4, 0x6F, 0x44,
    0xE3, 0x7E, 0x06, 0x65, 0xFC, 0x7A, 0x50, 0x35, 0xCE, 0x55, 0x31, 0x9D, 0xB3, 0x59, 0xB5, 0xA7,
    0x44, 0x15, 0x8B, 0x81, 0x14, 0x60, 0x23, 0x5E, 0x88, 0x62, 0xD5, 0x93, 0xDD, 0x88, 0x76, 0x47,
    0xA5, 0x28, 0x0A, 0x80, 0x46, 0x14, 0x45, 0x4C, 0x14, 0x53, 0xB9, 0x4D, 0x14, 0xB3, 0x49, 0x0D,
    0x51, 0xA1, 0x9E, 0x70, 0x6D, 0x96, 0xB6, 0x6D, 0xB9, 0xAB, 0x14, 0x1A, 0xDE, 0x58, 0xB0, 0xE0,
    0xC0, 0x86, 0xD3, 0xB5, 0x2E, 0xC2, 0x1F, 0xEE, 0xEE, 0x65, 0x89, 0x5C, 0xED, 0x36, 0xF4, 0x3F,
    0x30, 0x6A, 0x89, 0x5E, 0x34, 0xB4, 0x12, 0x3C, 0x1A, 0xA3, 0xB1, 0x95, 0x4A, 0x2C, 0xC8, 0xEF,
    0xF5, 0xBA, 0x36, 0xD3, 0x3E, 0x63, 0x09, 0x12, 0xE5, 0x45, 0x85, 0x2A, 0xCD, 0xCE, 0xE1, 0x84,
    0x70, 0xA2, 0x09, 0x4C, 0xD1, 0x09, 0x9A, 0x26, 0xA3, 0x40, 0xDB, 0x70, 0xB3, 0xAF, 0x29, 0xD3,
    0xFD, 0x12, 0xFB, 0xD7, 0x72, 0x9B, 0x82, 0xDF, 0xE1, 0xCA, 0x42, 0x09, 0x8A, 0x41, 0x53, 0x30,
    0xDD, 0x21, 0x87, 0xDA, 0x42, 0xC1, 0x24, 0x33, 0x6A, 0x08, 0xDB, 0xF9, 0x80, 0x0A, 0x42, 0xAD,
    0x94, 0x1B, 0xD4, 0x0F, 0xEC, 0xB8, 0xFA, 0xDF, 0xE2, 0xFD, 0x91, 0x78, 0x73, 0x10, 0x5F, 0x8E,
    0xC4, 0xC7, 0xFB, 0xC5, 0x2D, 0xC4, 0x3D, 0x5C, 0x82, 0x78, 0x0A, 0xF1, 0x0C, 0xE2, 0x05, 0xC4,
    0x0D, 0xC4, 0xAB, 0x23, 0xF1, 0xB8, 0xD2, 0x33, 0x33, 0xDA, 0xD9, 0x2E, 0x76, 0x2E, 0xA7, 0x1C,
    0x32, 0x27, 0xEB, 0x3A, 0x96, 0x7F, 0x88, 0xE5, 0x7F, 0xCC, 0x5C, 0x64, 0xFC, 0xE3, 0xCD, 0x0D,
    0xC8, 0x11, 0x61, 0x9D, 0x2E, 0xC7, 0xAD, 0x54, 0xC4, 0xC6, 0x32, 0x91, 0x95, 0x08, 0x33, 0x26,
    0x49, 0x6C, 0xC9, 0x35, 0x92, 0x67, 0x4D, 0xB5, 0xA4, 0xC3, 0x77, 0x38, 0x50, 0x5B, 0x66, 0x48,
    0xD0, 0x41, 0x13, 0x92, 0x93, 0x4F, 0xB0, 0x95, 0xCD, 0xB1, 0xD7, 0x38, 0xDA, 0x62, 0x03, 0x5B,
    0xFC, 0x6E, 0xE7, 0x4F, 0x44, 0x81, 0x01, 0x75, 0x15, 0x73, 0xB6, 0xEB, 0x5F, 0x13, 0xFD, 0xCA,
    0x6F, 0xF9, 0xB5, 0x5B, 0xD2, 0x9D, 0x54, 0x5D, 0x8A, 0xD1, 0x05, 0x5F, 0x11, 0xF3, 0xDE, 0x48,
    0xA5, 0x05, 0xAB, 0xED, 0x17, 0xCA, 0x49, 0xA9, 0xED, 0x32, 0x1D, 0x54, 0x41, 0xD2, 0x21, 0x59,
    0x2F, 0x06, 0xC9, 0xA2, 0x78, 0x9C, 0x2B, 0xF7, 0xA3, 0x70, 0xDB, 0x24, 0x3C, 0xCB, 0xBE, 0xDD,
    0x14, 0xB3, 0x68, 0x87, 0x6A, 0xEB, 0x07, 0xB7, 0xF5, 0xBD, 0xD8, 0xDA, 0x94, 0x71, 0xD0, 0xD5,
    0xFA, 0x91, 0x0E, 0x61, 0x2F, 0x79, 0x3F, 0xA9, 0xE3, 0x77, 0x83, 0x3E, 0xFC, 0x37, 0x28, 0x29,
    0x0B, 0xEA, 0x59, 0xE3, 0xE3, 0x5F, 0x01, 0xE5, 0xFD, 0x68, 0x57, 0xA8, 0x3B, 0x74, 0x63, 0x10,
    0x18, 0x3A, 0xB1, 0xA6, 0x77, 0x38, 0x47, 0x1A, 0x01, 0x32, 0xB1, 0x46, 0x80, 0x52, 0x19, 0x0E,
    0xB0, 0xDB, 0xB0, 0xC7, 0x7E, 0x4F, 0x1D, 0x40, 0x73, 0xC0, 0xCC, 0x83, 0x46, 0xFC, 0x00, 0x1F,
    0x32, 0x71, 0x02, 0xF0, 0x24, 0x1A, 0xD4, 0xC3, 0x0C, 0x27, 0xF1, 0x9C, 0xC0, 0xED, 0xE4, 0x1B,
    0x62, 0xF8, 0x42, 0x18, 0xF9, 0xC9, 0x28, 0x11, 0xBF, 0x1A, 0xED, 0x95, 0x0C, 0x2C, 0x5B, 0x7B,
    0x0E, 0xCF, 0x65, 0xF0, 0xAB, 0xBD, 0xC7, 0x44, 0x6F, 0x91, 0x87, 0xB3, 0xE4, 0xB3, 0xE1, 0x39,
    0x1D, 0xB5, 0xCD, 0x06, 0xFB, 0x49, 0xB0, 0x7E, 0x49, 0x4F, 0x90, 0xB9, 0xF7, 0x7B, 0x3C, 0x92,
    0x79, 0x5F, 0xEB, 0xE8, 0x0C, 0xA9, 0x1B, 0xCC, 0xC1, 0x03, 0x69, 0xBF, 0x72, 0x7B, 0x2E, 0x83,
    0x77, 0x5F, 0xDD, 0x5A, 0xDC, 0xED, 0xC5, 0x75, 0x7B, 0x7E, 0x47, 0x0E, 0x5D, 0x73, 0x30, 0x14,
    0x5B, 0xE6, 0x78, 0xA5, 0xDD, 0x0E, 0x01, 0x8D, 0x65, 0x25, 0xF9, 0x4A, 0xBC, 0x84, 0x56, 0xE9,
    0xFB, 0xE5, 0xF9, 0x4C, 0xC8, 0x82, 0xF2, 0x1A, 0xD5, 0x71, 0x86, 0x98, 0x02, 0xE2, 0x35, 0xF0,
    0x15, 0x7C, 0x7E, 0x02, 0xAC, 0x62, 0x2E, 0xBD, 0x4E, 0x85, 0x3B, 0x04, 0x07, 0x0F, 0xF5, 0xDC,
    0x6C, 0x01, 0x62, 0xAF, 0x30, 0x29, 0xB6, 0x1F, 0x14, 0x49, 0x79, 0x09, 0x2F, 0xD5, 0x36, 0x1E,
    0x81, 0x49, 0x37, 0x27, 0x01, 0x83, 0x9B, 0x95, 0xEE, 0x1B, 0x7D, 0xBF, 0x50, 0xBF, 0xC5, 0xED,
    0xA7, 0xD4, 0xDD, 0x73, 0xD1, 0x5F, 0xB5, 0xCE, 0x31, 0x0D, 0x80, 0x40, 0x10, 0x44, 0xD1, 0x39,
    0x44, 0xD0, 0x22, 0x01, 0x09, 0x87, 0x09, 0x54, 0x20, 0x02, 0xEC, 0xA0, 0x62, 0x57, 0x02, 0x12,
    0xAE, 0x86, 0x06, 0x07, 0xC3, 0xCE, 0x25, 0x24, 0x20, 0xE0, 0xB6, 0x78, 0xD5, 0x6C, 0xF2, 0x01,
    0x20, 0x41, 0x97, 0x0F, 0xA4, 0x1D, 0x76, 0x63, 0xE0, 0x11, 0x66, 0x96, 0xF5, 0x06, 0xE9, 0xA3,
    0x83, 0x97, 0xC7, 0x8A, 0x93, 0xB6, 0xD4, 0xB6, 0xAB, 0xF6, 0x9C, 0xE3, 0xCB, 0xC8, 0x2D, 0x97,
    0xAF, 0x0B, 0xCF, 0x29, 0x17, 0x6D, 0xDA, 0xA8, 0xCE, 0xD5, 0x6B, 0xA7, 0xAB, 0x33, 0x8C, 0x4E,
    0xAB, 0x9D, 0xE6, 0xEA, 0x94, 0x08, 0xBB, 0xAA, 0x3A, 0xCD, 0xD5, 0xF6, 0x57, 0x9D, 0xEF, 0xA6,
    0x85, 0x0F,
};

static const EpdGlyph lexenddeca_18_regularGlyphs[] = {
    { 0, 0, 166, 0, 0, 0, 0 }, // U+000D
    { 0, 0, 176, 0, 0, 0, 0 }, // U+0020
    { 7, 28, 157, 1, 27, 49, 0 }, // !
    { 15, 11, 261, 1, 27, 42, 49 }, // "
    { 24, 27, 419, 1, 27, 162, 91 }, // #
    { 21, 34, 377, 1, 30, 179, 253 }, // $
    { 31, 28, 531, 1, 27, 217, 432 }, // %
    { 27, 28, 451, 1, 27, 189, 649 }, // &
    { 7, 11, 133, 1, 27, 20, 838 }, // '
    { 13, 34, 224, 1, 27, 111, 858 }, // (
    { 13, 34, 224, 0, 27, 111, 969 }, // )
    { 15, 14, 244, 0, 27, 53, 1080 }, // *
    { 20, 19, 356, 1, 20, 95, 1133 }, // +
    { 8, 12, 164, 1, 5, 24, 1228 }, // ,
    { 13, 5, 248, 1, 13, 17, 1252 }, // -
    { 7, 7, 143, 1, 6, 13, 1269 }, // .
    { 21, 33, 342, 0, 27, 174, 1282 }, // /
    { 22, 28, 379, 1, 27, 154, 1456 }, // 0
    { 15, 27, 313, 3, 27, 102, 1610 }, // 1
    { 19, 27, 329, 1, 27, 129, 1712 }, // 2
    { 20, 28, 331, 0, 27, 140, 1841 }, // 3
    { 23, 27, 381, 0, 27, 156, 1981 }, // 4
    { 19, 28, 347, 1, 27, 133, 2137 }, // 5
    { 19, 27, 339, 1, 27, 129, 2270 }, // 6
    { 18, 27, 328, 2, 27, 122, 2399 }, // 7
    { 20, 28, 352, 1, 27, 140, 2521 }, // 8
    { 19, 27, 336, 1, 27, 129, 2661 }, // 9
    { 7, 22, 143, 1, 21, 39, 2790 }, // :
    { 8, 28, 163, 1, 21, 56, 2829 }, // ;
    { 17, 21, 314, 1, 20, 90, 2885 }, // <
    { 18, 13, 352, 2, 17, 59, 2975 }, // =
    { 17, 21, 315, 2, 20, 90, 3034 }, // >
    { 18, 28, 312, 0, 27, 126, 3124 }, // ?
    { 34, 34, 579, 1, 27, 289, 3250 }, // @
    { 26, 27, 419, 0, 27, 176, 3539 }, // A
    { 22, 27, 413, 3, 27, 149, 3715 }, // B
    { 24, 28, 410, 1, 27, 168, 3864 }, // C
    { 24, 27, 454, 3, 27, 162, 4032 }, // D
    { 18, 27, 375, 3, 27, 122, 4194 }, // E
    { 18, 27, 365, 3, 27, 122, 4316 }, // F
    { 27, 28, 463, 1, 27, 189, 4438 }, // G
    { 23, 27, 461, 3, 27, 156, 4627 }, // H
    { 15, 27, 303, 2, 27, 102, 4783 }, // I
    { 22, 28, 390, 1, 27, 154, 4885 }, // J
    { 24, 27, 440, 3, 27, 162, 5039 }, // K
    { 18, 27, 361, 3, 27, 122, 5201 }, // L
    { 27, 27, 521, 3, 27, 183, 5323 }, // M
    { 24, 27, 479, 3, 27, 162, 5506 }, // N
    { 27, 28, 476, 1, 27, 189, 5668 }, // O
    { 20, 27, 386, 3, 27, 135, 5857 }, // P
    { 27, 32, 476, 1, 27, 216, 5992 }, // Q
    { 22, 28, 418, 3, 27, 154, 6208 }, // R
    { 21, 28, 376, 1, 27, 147, 6362 }, // S
    { 21, 27, 362, 1, 27, 142, 6509 }, // T
    { 22, 28, 449, 3, 27, 154, 6651 }, // U
    { 27, 27, 428, 0, 27, 183, 6805 }, // V
    { 37, 27, 597, 0, 27, 250, 6988 }, // W
    { 26, 27, 415, 0, 27, 176, 7238 }, // X
    { 25, 27, 402, 0, 27, 169, 7414 }, // Y
    { 21, 27, 401, 2, 27, 142, 7583 }, // Z
    { 11, 35, 245, 3, 27, 97, 7725 }, // [
    { 20, 32, 340, 1, 27, 160, 7822 }, // <backslash>
    { 11, 35, 245, 2, 27, 97, 7982 }, // ]
    { 22, 15, 350, 0, 28, 83, 8079 }, // ^
    { 23, 5, 413, 1, -2, 29, 8162 }, // _
    { 9, 8, 300, 5, 30, 18, 8191 }, // `
    { 21, 22, 385, 1, 21, 116, 8209 }, // a
    { 21, 29, 384, 2, 28, 153, 8325 }, // b
    { 19, 22, 323, 1, 21, 105, 8478 }, // c
    { 21, 29, 385, 1, 28, 153, 8583 }, // d
    { 20, 22, 352, 1, 21, 110, 8736 }, // e
    { 14, 28, 236, 1, 28, 98, 8846 }, // f
    { 21, 30, 394, 1, 21, 158, 8944 }, // g
    { 19, 28, 365, 2, 28, 133, 9102 }, // h
    { 7, 30, 176, 2, 30, 53, 9235 }, // i
    { 11, 38, 170, -2, 30, 105, 9288 }, // j
    { 20, 28, 353, 2, 28, 140, 9393 }, // k
    { 6, 28, 162, 2, 28, 42, 9533 }, // l
    { 31, 21, 562, 2, 21, 163, 9575 }, // m
    { 19, 21, 365, 2, 21, 100, 9738 }, // n
    { 21, 22, 374, 1, 21, 116, 9838 }, // o
    { 21, 30, 385, 2, 21, 158, 9954 }, // p
    { 21, 30, 384, 1, 21, 158, 10112 }, // q
    { 14, 21, 253, 2, 21, 74, 10270 }, // r
    { 16, 22, 291, 1, 21, 88, 10344 }, // s
    { 14, 25, 233, 0, 25, 88, 10432 }, // t
    { 19, 21, 371, 2, 20, 100, 10520 }, // u
    { 22, 20, 350, 0, 20, 110, 10620 }, // v
    { 30, 20, 487, 0, 20, 150, 10730 }, // w
    { 22, 20, 347, 0, 20, 110, 10880 }, // x
    { 23, 29, 357, 0, 20, 167, 10990 }, // y
    { 17, 20, 304, 1, 20, 85, 11157 }, // z
    { 14, 35, 250, 1, 27, 123, 11242 }, // {
    { 6, 36, 157, 2, 28, 54, 11365 }, // |
    { 15, 35, 250, 0, 27, 132, 11419 }, // }
    { 18, 7, 316, 1, 15, 32, 11551 }, // ~
    { 0, 0, 176, 0, 0, 0, 0 }, // U+00A0
    { 7, 28, 157, 1, 21, 49, 0 }, // U+00A1
    { 19, 27, 327, 1, 27, 129, 49 }, // U+00A2
    { 22, 28, 372, 1, 27, 154, 178 }, // U+00A3
    { 19, 19, 332, 1, 21, 91, 332 }, // U+00A4
    { 25, 27, 402, 0, 27, 169, 423 }, // U+00A5
    { 6, 36, 161, 2, 28, 54, 592 }, // U+00A6
    { 19, 33, 335, 1, 27, 157, 646 }, // U+00A7
    { 15, 7, 300, 2, 30, 27, 803 }, // U+00A8
    { 28, 28, 473, 1, 27, 196, 830 }, // U+00A9
    { 13, 14, 224, 0, 28, 46, 1026 }, // U+00AA
    { 18, 17, 308, 0, 18, 77, 1072 }, // U+00AB
    { 23, 12, 402, 1, 16, 69, 1149 }, // U+00AC
    { 12, 5, 249, 2, 13, 15, 1218 }, // U+00AD
    { 19, 18, 304, 0, 27, 86, 1233 }, // U+00AE
    { 13, 5, 254, 3, 28, 17, 1319 }, // U+00AF
    { 13, 13, 319, 3, 27, 43, 1336 }, // U+00B0
    { 19, 22, 362, 2, 21, 105, 1379 }, // U+00B1
    { 11, 14, 212, 1, 30, 39, 1484 }, // U+00B2
    { 11, 15, 208, 1, 30, 42, 1523 }, // U+00B3
    { 9, 8, 300, 5, 30, 18, 1565 }, // U+00B4
    { 19, 26, 363, 2, 20, 124, 1583 }, // U+00B5
    { 23, 27, 438, 1, 27, 156, 1707 }, // U+00B6
    { 7, 7, 143, 1, 16, 13, 1863 }, // U+00B7
    { 9, 11, 300, 5, 1, 25, 1876 }, // U+00B8
    { 7, 15, 170, 1, 30, 27, 1901 }, // U+00B9
    { 13, 13, 222, 0, 27, 43, 1928 }, // U+00BA
    { 18, 17, 310, 1, 18, 77, 1971 }, // U+00BB
    { 28, 29, 482, 1, 28, 203, 2048 }, // U+00BC
    { 28, 28, 480, 1, 28, 196, 2251 }, // U+00BD
    { 29, 28, 487, 0, 27, 203, 2447 }, // U+00BE
    { 18, 28, 312, 0, 21, 126, 2650 }, // U+00BF
    { 26, 35, 419, 0, 35, 228, 2776 }, // U+00C0
    { 26, 35, 419, 0, 35, 228, 3004 }, // U+00C1
    { 26, 34, 419, 0, 34, 221, 3232 }, // U+00C2
    { 26, 34, 419, 0, 34, 221, 3453 }, // U+00C3
    { 26, 34, 419, 0, 34, 221, 3674 }, // U+00C4
    { 26, 34, 419, 0, 34, 221, 3895 }, // U+00C5
    { 36, 27, 604, 0, 27, 243, 4116 }, // U+00C6
    { 24, 37, 410, 1, 27, 222, 4359 }, // U+00C7
    { 18, 35, 375, 3, 35, 158, 4581 }, // U+00C8
    { 18, 35, 375, 3, 35, 158, 4739 }, // U+00C9
    { 18, 34, 375, 3, 34, 153, 4897 }, // U+00CA
    { 18, 34, 375, 3, 34, 153, 5050 }, // U+00CB
    { 15, 35, 303, 2, 35, 132, 5203 }, // U+00CC
    { 15, 35, 303, 2, 35, 132, 5335 }, // U+00CD
    { 15, 34, 303, 2, 34, 128, 5467 }, // U+00CE
    { 15, 34, 303, 2, 34, 128, 5595 }, // U+00CF
    { 26, 27, 454, 1, 27, 176, 5723 }, // U+00D0
    { 24, 34, 479, 3, 34, 204, 5899 }, // U+00D1
    { 27, 36, 476, 1, 35, 243, 6103 }, // U+00D2
    { 27, 36, 476, 1, 35, 243, 6346 }, // U+00D3
    { 27, 35, 476, 1, 34, 237, 6589 }, // U+00D4
    { 27, 35, 476, 1, 34, 237, 6826 }, // U+00D5
    { 27, 35, 476, 1, 34, 237, 7063 }, // U+00D6
    { 17, 17, 301, 1, 19, 73, 7300 }, // U+00D7
    { 27, 30, 470, 1, 28, 203, 7373 }, // U+00D8
    { 22, 36, 449, 3, 35, 198, 7576 }, // U+00D9
    { 22, 36, 449, 3, 35, 198, 7774 }, // U+00DA
    { 22, 35, 449, 3, 34, 193, 7972 }, // U+00DB
    { 22, 35, 449, 3, 34, 193, 8165 }, // U+00DC
    { 25, 35, 402, 0, 35, 219, 8358 }, // U+00DD
    { 20, 27, 386, 3, 27, 135, 8577 }, // U+00DE
    { 23, 29, 399, 1, 28, 167, 8712 }, // U+00DF
    { 21, 31, 385, 1, 30, 163, 8879 }, // U+00E0
    { 21, 31, 385, 1, 30, 163, 9042 }, // U+00E1
    { 21, 30, 385, 1, 29, 158, 9205 }, // U+00E2
    { 21, 30, 385, 1, 29, 158, 9363 }, // U+00E3
    { 21, 31, 385, 1, 30, 163, 9521 }, // U+00E4
    { 21, 32, 385, 1, 31, 168, 9684 }, // U+00E5
    { 32, 22, 539, 1, 21, 176, 9852 }, // U+00E6
    { 19, 31, 323, 1, 21, 148, 10028 }, // U+00E7
    { 20, 31, 352, 1, 30, 155, 10176 }, // U+00E8
    { 20, 31, 352, 1, 30, 155, 10331 }, // U+00E9
    { 20, 30, 352, 1, 29, 150, 10486 }, // U+00EA
    { 20, 31, 352, 1, 30, 155, 10636 }, // U+00EB
    { 10, 30, 155, -1, 30, 75, 10791 }, // U+00EC
    { 10, 30, 155, 0, 30, 75, 10866 }, // U+00ED
    { 14, 29, 155, -2, 29, 102, 10941 }, // U+00EE
    { 15, 30, 155, -3, 30, 113, 11043 }, // U+00EF
    { 20, 29, 349, 1, 28, 145, 11156 }, // U+00F0
    { 19, 29, 365, 2, 29, 138, 11301 }, // U+00F1
    { 21, 31, 374, 1, 30, 163, 11439 }, // U+00F2
    { 21, 31, 374, 1, 30, 163, 11602 }, // U+00F3
    { 21, 30, 374, 1, 29, 158, 11765 }, // U+00F4
    { 21, 30, 374, 1, 29, 158, 11923 }, // U+00F5
    { 21, 31, 374, 1, 30, 163, 12081 }, // U+00F6
    { 20, 20, 358, 1, 20, 100, 12244 }, // U+00F7
    { 21, 23, 374, 1, 21, 121, 12344 }, // U+00F8
    { 19, 31, 371, 2, 30, 148, 12465 }, // U+00F9
    { 19, 31, 371, 2, 30, 148, 12613 }, // U+00FA
    { 19, 30, 371, 2, 29, 143, 12761 }, // U+00FB
    { 19, 31, 371, 2, 30, 148, 12904 }, // U+00FC
    { 23, 39, 357, 0, 30, 225, 13052 }, // U+00FD
    { 21, 37, 385, 2, 28, 195, 13277 }, // U+00FE
    { 23, 39, 357, 0, 30, 225, 13472 }, // U+00FF
    { 26, 33, 419, 0, 33, 215, 0 }, // U+0100
    { 21, 29, 385, 1, 28, 153, 215 }, // U+0101
    { 26, 34, 419, 0, 34, 221, 368 }, // U+0102
    { 21, 30, 385, 1, 29, 158, 589 }, // U+0103
    { 26, 35, 419, 0, 27, 228, 747 }, // U+0104
    { 21, 29, 385, 1, 21, 153, 975 }, // U+0105
    { 24, 36, 410, 1, 35, 216, 1128 }, // U+0106
    { 19, 31, 323, 1, 30, 148, 1344 }, // U+0107
    { 24, 35, 410, 1, 34, 210, 1492 }, // U+0108
    { 19, 30, 323, 1, 29, 143, 1702 }, // U+0109
    { 24, 35, 410, 1, 34, 210, 1845 }, // U+010A
    { 19, 31, 323, 1, 30, 148, 2055 }, // U+010B
    { 24, 35, 410, 1, 34, 210, 2203 }, // U+010C
    { 19, 30, 323, 1, 29, 143, 2413 }, // U+010D
    { 24, 34, 454, 3, 34, 204, 2556 }, // U+010E
    { 29, 29, 413, 1, 28, 211, 2760 }, // U+010F
    { 26, 27, 454, 1, 27, 176, 2971 }, // U+0110
    { 23, 29, 385, 1, 28, 167, 3147 }, // U+0111
    { 18, 33, 375, 3, 33, 149, 3314 }, // U+0112
    { 20, 29, 352, 1, 28, 145, 3463 }, // U+0113
    { 18, 34, 375, 3, 34, 153, 3608 }, // U+0114
    { 20, 30, 352, 1, 29, 150, 3761 }, // U+0115
    { 18, 34, 375, 3, 34, 153, 3911 }, // U+0116
    { 20, 31, 352, 1, 30, 155, 4064 }, // U+0117
    { 18, 35, 375, 3, 27, 158, 4219 }, // U+0118
    { 20, 29, 352, 1, 21, 145, 4377 }, // U+0119
    { 18, 34, 375, 3, 34, 153, 4522 }, // U+011A
    { 20, 30, 352, 1, 29, 150, 4675 }, // U+011B
    { 27, 35, 463, 1, 34, 237, 4825 }, // U+011C
    { 21, 38, 394, 1, 29, 200, 5062 }, // U+011D
    { 27, 35, 463, 1, 34, 237, 5262 }, // U+011E
    { 21, 38, 394, 1, 29, 200, 5499 }, // U+011F
    { 27, 35, 463, 1, 34, 237, 5699 }, // U+0120
    { 21, 39, 394, 1, 30, 205, 5936 }, // U+0121
    { 27, 37, 463, 1, 27, 250, 6141 }, // U+0122
    { 21, 40, 394, 1, 31, 210, 6391 }, // U+0123
    { 23, 34, 461, 3, 34, 196, 6601 }, // U+0124
    { 19, 36, 365, 2, 36, 171, 6797 }, // U+0125
    { 29, 27, 506, 1, 27, 196, 6968 }, // U+0126
    { 21, 28, 365, 0, 28, 147, 7164 }, // U+0127
    { 15, 34, 303, 2, 34, 128, 7311 }, // U+0128
    { 14, 29, 155, -2, 29, 102, 7439 }, // U+0129
    { 15, 33, 303, 2, 33, 124, 7541 }, // U+012A
    { 12, 28, 155, -1, 28, 84, 7665 }, // U+012B
    { 15, 34, 303, 2, 34, 128, 7749 }, // U+012C
    { 14, 29, 155, -2, 29, 102, 7877 }, // U+012D
    { 15, 35, 303, 2, 27, 132, 7979 }, // U+012E
    { 9, 38, 155, -1, 30, 86, 8111 }, // U+012F
    { 15, 34, 303, 2, 34, 128, 8197 }, // U+0130
    { 6, 20, 155, 2, 20, 30, 8325 }, // U+0131
    { 40, 28, 693, 2, 27, 280, 8355 }, // U+0132
    { 18, 38, 346, 2, 30, 171, 8635 }, // U+0133
    { 22, 35, 390, 1, 34, 193, 8806 }, // U+0134
    { 14, 37, 169, -2, 29, 130, 8999 }, // U+0135
    { 24, 37, 440, 3, 27, 222, 9129 }, // U+0136
    { 20, 38, 353, 2, 28, 190, 9351 }, // U+0137
    { 19, 21, 349, 2, 20, 100, 9541 }, // U+0138
    { 19, 35, 361, 2, 35, 167, 9641 }, // U+0139
    { 10, 37, 162, 1, 37, 93, 9808 }, // U+013A
    { 18, 37, 361, 3, 27, 167, 9901 }, // U+013B
    { 8, 38, 162, 1, 28, 76, 10068 }, // U+013C
    { 18, 27, 361, 3, 27, 122, 10144 }, // U+013D
    { 14, 28, 191, 2, 28, 98, 10266 }, // U+013E
    { 18, 27, 361, 3, 27, 122, 10364 }, // U+013F
    { 14, 28, 231, 2, 28, 98, 10486 }, // U+0140
    { 22, 27, 380, 0, 27, 149, 10584 }, // U+0141
    { 13, 28, 178, -1, 28, 91, 10733 }, // U+0142
    { 24, 35, 479, 3, 35, 210, 10824 }, // U+0143
    { 19, 30, 365, 2, 30, 143, 11034 }, // U+0144
    { 24, 37, 479, 3, 27, 222, 11177 }, // U+0145
    { 19, 31, 365, 2, 21, 148, 11399 }, // U+0146
    { 24, 34, 479, 3, 34, 204, 11547 }, // U+0147
    { 19, 29, 365, 2, 29, 138, 11751 }, // U+0148
    { 25, 27, 389, -3, 27, 169, 11889 }, // U+0149
    { 24, 35, 479, 3, 27, 210, 12058 }, // U+014A
    { 19, 29, 365, 2, 21, 138, 12268 }, // U+014B
    { 27, 34, 476, 1, 33, 230, 12406 }, // U+014C
    { 21, 29, 374, 1, 28, 153, 12636 }, // U+014D
    { 27, 35, 476, 1, 34, 237, 12789 }, // U+014E
    { 21, 30, 374, 1, 29, 158, 13026 }, // U+014F
    { 27, 37, 476, 1, 36, 250, 13184 }, // U+0150
    { 21, 31, 374, 1, 30, 163, 13434 }, // U+0151
    { 36, 27, 627, 1, 27, 243, 13597 }, // U+0152
    { 36, 22, 607, 1, 21, 198, 13840 }, // U+0153
    { 22, 36, 418, 3, 35, 198, 14038 }, // U+0154
    { 14, 30, 253, 2, 30, 105, 14236 }, // U+0155
    { 22, 37, 418, 3, 27, 204, 14341 }, // U+0156
    { 15, 31, 253, 1, 21, 117, 14545 }, // U+0157
    { 22, 35, 418, 3, 34, 193, 14662 }, // U+0158
    { 14, 29, 253, 2, 29, 102, 14855 }, // U+0159
    { 21, 36, 376, 1, 35, 189, 14957 }, // U+015A
    { 16, 31, 291, 1, 30, 124, 15146 }, // U+015B
    { 21, 35, 376, 1, 34, 184, 15270 }, // U+015C
    { 16, 30, 291, 1, 29, 120, 15454 }, // U+015D
    { 21, 37, 376, 1, 27, 195, 15574 }, // U+015E
    { 16, 31, 291, 1, 21, 124, 15769 }, // U+015F
    { 21, 35, 376, 1, 34, 184, 15893 }, // U+0160
    { 16, 30, 291, 1, 29, 120, 16077 }, // U+0161
    { 21, 37, 362, 1, 27, 195, 16197 }, // U+0162
    { 14, 35, 233, 0, 25, 123, 16392 }, // U+0163
    { 21, 34, 362, 1, 34, 179, 16515 }, // U+0164
    { 18, 30, 233, 0, 30, 135, 16694 }, // U+0165
    { 21, 27, 362, 1, 27, 142, 16829 }, // U+0166
    { 14, 25, 233, 0, 25, 88, 16971 }, // U+0167
    { 22, 35, 449, 3, 34, 193, 17059 }, // U+0168
    { 19, 30, 371, 2, 29, 143, 17252 }, // U+0169
    { 22, 34, 449, 3, 33, 187, 17395 }, // U+016A
    { 19, 29, 371, 2, 28, 138, 17582 }, // U+016B
    { 22, 35, 449, 3, 34, 193, 17720 }, // U+016C
    { 19, 30, 371, 2, 29, 143, 17913 }, // U+016D
    { 22, 35, 449, 3, 34, 193, 18056 }, // U+016E
    { 19, 32, 371, 2, 31, 152, 18249 }, // U+016F
    { 22, 37, 449, 3, 36, 204, 18401 }, // U+0170
    { 19, 31, 371, 2, 30, 148, 18605 }, // U+0171
    { 22, 35, 449, 3, 27, 193, 18753 }, // U+0172
    { 19, 28, 371, 2, 20, 133, 18946 }, // U+0173
    { 37, 34, 597, 0, 34, 315, 19079 }, // U+0174
    { 30, 29, 487, 0, 29, 218, 19394 }, // U+0175
    { 25, 34, 402, 0, 34, 213, 19612 }, // U+0176
    { 23, 38, 357, 0, 29, 219, 19825 }, // U+0177
    { 25, 34, 402, 0, 34, 213, 20044 }, // U+0178
    { 21, 35, 401, 2, 35, 184, 20257 }, // U+0179
    { 17, 30, 304, 1, 30, 128, 20441 }, // U+017A
    { 21, 34, 401, 2, 34, 179, 20569 }, // U+017B
    { 17, 30, 304, 1, 30, 128, 20748 }, // U+017C
    { 21, 34, 401, 2, 34, 179, 20876 }, // U+017D
    { 17, 29, 304, 1, 29, 124, 21055 }, // U+017E
    { 27, 32, 476, 1, 31, 216, 0 }, // U+01A0
    { 22, 26, 374, 1, 25, 143, 216 }, // U+01A1
    { 27, 32, 449, 3, 31, 216, 359 }, // U+01AF
    { 22, 26, 371, 2, 25, 143, 575 }, // U+01B0
    { 47, 34, 827, 3, 34, 400, 718 }, // U+01C4
    { 43, 29, 758, 3, 29, 312, 1118 }, // U+01C5
    { 41, 30, 689, 1, 29, 308, 1430 }, // U+01C6
    { 42, 28, 752, 3, 27, 294, 1738 }, // U+01C7
    { 29, 38, 531, 3, 30, 276, 2032 }, // U+01C8
    { 17, 38, 323, 2, 30, 162, 2308 }, // U+01C9
    { 50, 28, 869, 3, 27, 350, 2470 }, // U+01CA
    { 36, 38, 649, 3, 30, 342, 2820 }, // U+01CB
    { 30, 38, 535, 2, 30, 285, 3162 }, // U+01CC
    { 26, 34, 419, 0, 34, 221, 3447 }, // U+01CD
    { 21, 30, 385, 1, 29, 158, 3668 }, // U+01CE
    { 15, 34, 303, 2, 34, 128, 3826 }, // U+01CF
    { 13, 29, 155, -2, 29, 95, 3954 }, // U+01D0
    { 27, 35, 476, 1, 34, 237, 4049 }, // U+01D1
    { 21, 30, 374, 1, 29, 158, 4286 }, // U+01D2
    { 22, 35, 449, 3, 34, 193, 4444 }, // U+01D3
    { 19, 30, 371, 2, 29, 143, 4637 }, // U+01D4
    { 27, 35, 463, 1, 34, 237, 4780 }, // U+01E6
    { 21, 38, 394, 1, 29, 200, 5017 }, // U+01E7
    { 27, 35, 476, 1, 27, 237, 5217 }, // U+01EA
    { 21, 29, 374, 1, 21, 153, 5454 }, // U+01EB
    { 47, 27, 827, 3, 27, 318, 5607 }, // U+01F1
    { 43, 27, 758, 3, 27, 291, 5925 }, // U+01F2
    { 26, 41, 419, 0, 41, 267, 6216 }, // U+01FA
    { 21, 40, 385, 1, 39, 210, 6483 }, // U+01FB
    { 36, 35, 604, 0, 35, 315, 6693 }, // U+01FC
    { 32, 31, 539, 1, 30, 248, 7008 }, // U+01FD
    { 27, 37, 470, 1, 35, 250, 7256 }, // U+01FE
    { 21, 32, 374, 1, 30, 168, 7506 }, // U+01FF
    { 26, 36, 419, 0, 36, 234, 7674 }, // U+0200
    { 21, 31, 385, 1, 30, 163, 7908 }, // U+0201
    { 26, 34, 419, 0, 34, 221, 8071 }, // U+0202
    { 21, 30, 385, 1, 29, 158, 8292 }, // U+0203
    { 19, 36, 375, 2, 36, 171, 8450 }, // U+0204
    { 20, 31, 352, 1, 30, 155, 8621 }, // U+0205
    { 18, 34, 375, 3, 34, 153, 8776 }, // U+0206
    { 20, 30, 352, 1, 29, 150, 8929 }, // U+0207
    { 18, 36, 303, -1, 36, 162, 9079 }, // U+0208
    { 17, 30, 155, -6, 30, 128, 9241 }, // U+0209
    { 15, 34, 303, 2, 34, 128, 9369 }, // U+020A
    { 14, 29, 155, -2, 29, 102, 9497 }, // U+020B
    { 27, 37, 476, 1, 36, 250, 9599 }, // U+020C
    { 21, 31, 374, 1, 30, 163, 9849 }, // U+020D
    { 27, 35, 476, 1, 34, 237, 10012 }, // U+020E
    { 21, 30, 374, 1, 29, 158, 10249 }, // U+020F
    { 23, 37, 418, 2, 36, 213, 10407 }, // U+0210
    { 17, 30, 253, -1, 30, 128, 10620 }, // U+0211
    { 22, 35, 418, 3, 34, 193, 10748 }, // U+0212
    { 14, 29, 253, 2, 29, 102, 10941 }, // U+0213
    { 22, 37, 449, 3, 36, 204, 11043 }, // U+0214
    { 20, 31, 371, 1, 30, 155, 11247 }, // U+0215
    { 22, 35, 449, 3, 34, 193, 11402 }, // U+0216
    { 19, 30, 371, 2, 29, 143, 11595 }, // U+0217
    { 21, 37, 376, 1, 27, 195, 11738 }, // U+0218
    { 16, 31, 291, 1, 21, 124, 11933 }, // U+0219
    { 21, 37, 362, 1, 27, 195, 12057 }, // U+021A
    { 14, 35, 233, 0, 25, 123, 12252 }, // U+021B
    { 9, 8, 0, 5, 30, 18, 0 }, // U+0300
    { 9, 8, 0, 5, 30, 18, 18 }, // U+0301
    { 13, 7, 0, 3, 29, 23, 36 }, // U+0302
    { 13, 7, 0, 3, 29, 23, 59 }, // U+0303
    { 13, 5, 0, 3, 28, 17, 82 }, // U+0304
    { 13, 7, 0, 3, 29, 23, 99 }, // U+0306
    { 7, 7, 0, 6, 30, 13, 122 }, // U+0307
    { 15, 7, 0, 2, 30, 27, 135 }, // U+0308
    { 9, 8, 0, 5, 30, 18, 162 }, // U+0309
    { 9, 9, 0, 5, 31, 21, 180 }, // U+030A
    { 17, 8, 0, 1, 30, 34, 201 }, // U+030B
    { 13, 7, 0, 3, 29, 23, 235 }, // U+030C
    { 17, 8, 0, 1, 30, 34, 258 }, // U+030F
    { 13, 7, 0, 3, 29, 23, 292 }, // U+0311
    { 7, 9, 0, 6, 31, 16, 315 }, // U+0312
    { 8, 8, 0, 5, 24, 16, 331 }, // U+031B
    { 7, 6, 0, 6, -2, 11, 347 }, // U+0323
    { 15, 6, 0, 2, -2, 23, 358 }, // U+0324
    { 7, 9, 0, 6, -1, 16, 381 }, // U+0326
    { 9, 11, 0, 5, 1, 25, 397 }, // U+0327
    { 9, 10, 0, 5, 2, 23, 422 }, // U+0328
    { 13, 7, 0, 3, -2, 23, 445 }, // U+032E
    { 12, 4, 0, 3, -3, 12, 468 }, // U+0331
    { 12, 4, 0, 3, 13, 12, 480 }, // U+0335
    { 26, 35, 419, 0, 27, 228, 0 }, // U+1EA0
    { 21, 29, 385, 1, 21, 153, 228 }, // U+1EA1
    { 26, 37, 419, 0, 37, 241, 381 }, // U+1EA2
    { 21, 31, 385, 1, 30, 163, 622 }, // U+1EA3
    { 26, 40, 419, 0, 40, 260, 785 }, // U+1EA4
    { 23, 37, 385, 1, 36, 213, 1045 }, // U+1EA5
    { 26, 40, 419, 0, 40, 260, 1258 }, // U+1EA6
    { 21, 37, 385, 1, 36, 195, 1518 }, // U+1EA7
    { 26, 40, 419, 0, 40, 260, 1713 }, // U+1EA8
    { 22, 37, 385, 1, 36, 204, 1973 }, // U+1EA9
    { 26, 40, 419, 0, 40, 260, 2177 }, // U+1EAA
    { 21, 37, 385, 1, 36, 195, 2437 }, // U+1EAB
    { 26, 42, 419, 0, 34, 273, 2632 }, // U+1EAC
    { 21, 37, 385, 1, 29, 195, 2905 }, // U+1EAD
    { 26, 41, 419, 0, 41, 267, 3100 }, // U+1EAE
    { 21, 37, 385, 1, 36, 195, 3367 }, // U+1EAF
    { 26, 41, 419, 0, 41, 267, 3562 }, // U+1EB0
    { 21, 37, 385, 1, 36, 195, 3829 }, // U+1EB1
    { 26, 41, 419, 0, 41, 267, 4024 }, // U+1EB2
    { 21, 38, 385, 1, 37, 200, 4291 }, // U+1EB3
    { 26, 40, 419, 0, 40, 260, 4491 }, // U+1EB4
    { 21, 37, 385, 1, 36, 195, 4751 }, // U+1EB5
    { 26, 42, 419, 0, 34, 273, 4946 }, // U+1EB6
    { 21, 37, 385, 1, 29, 195, 5219 }, // U+1EB7
    { 18, 35, 375, 3, 27, 158, 5414 }, // U+1EB8
    { 20, 29, 352, 1, 21, 145, 5572 }, // U+1EB9
    { 18, 37, 375, 3, 37, 167, 5717 }, // U+1EBA
    { 20, 31, 352, 1, 30, 155, 5884 }, // U+1EBB
    { 18, 34, 375, 3, 34, 153, 6039 }, // U+1EBC
    { 20, 30, 352, 1, 29, 150, 6192 }, // U+1EBD
    { 21, 40, 375, 3, 40, 210, 6342 }, // U+1EBE
    { 22, 37, 352, 1, 36, 204, 6552 }, // U+1EBF
    { 18, 40, 375, 3, 40, 180, 6756 }, // U+1EC0
    { 20, 37, 352, 1, 36, 185, 6936 }, // U+1EC1
    { 20, 40, 375, 3, 40, 200, 7121 }, // U+1EC2
    { 21, 37, 352, 1, 36, 195, 7321 }, // U+1EC3
    { 18, 40, 375, 3, 40, 180, 7516 }, // U+1EC4
    { 20, 37, 352, 1, 36, 185, 7696 }, // U+1EC5
    { 18, 42, 375, 3, 34, 189, 7881 }, // U+1EC6
    { 20, 37, 352, 1, 29, 185, 8070 }, // U+1EC7
    { 15, 37, 303, 2, 37, 139, 8255 }, // U+1EC8
    { 9, 30, 155, 0, 30, 68, 8394 }, // U+1EC9
    { 15, 35, 303, 2, 27, 132, 8462 }, // U+1ECA
    { 7, 38, 176, 2, 30, 67, 8594 }, // U+1ECB
    { 27, 35, 476, 1, 27, 237, 8661 }, // U+1ECC
    { 21, 29, 374, 1, 21, 153, 8898 }, // U+1ECD
    { 27, 38, 476, 1, 37, 257, 9051 }, // U+1ECE
    { 21, 31, 374, 1, 30, 163, 9308 }, // U+1ECF
    { 27, 41, 476, 1, 40, 277, 9471 }, // U+1ED0
    { 22, 37, 374, 1, 36, 204, 9748 }, // U+1ED1
    { 27, 41, 476, 1, 40, 277, 9952 }, // U+1ED2
    { 21, 37, 374, 1, 36, 195, 10229 }, // U+1ED3
    { 27, 41, 476, 1, 40, 277, 10424 }, // U+1ED4
    { 22, 37, 374, 1, 36, 204, 10701 }, // U+1ED5
    { 27, 41, 476, 1, 40, 277, 10905 }, // U+1ED6
    { 21, 37, 374, 1, 36, 195, 11182 }, // U+1ED7
    { 27, 42, 476, 1, 34, 284, 11377 }, // U+1ED8
    { 21, 37, 374, 1, 29, 195, 11661 }, // U+1ED9
    { 27, 36, 476, 1, 35, 243, 11856 }, // U+1EDA
    { 22, 31, 374, 1, 30, 171, 12099 }, // U+1EDB
    { 27, 36, 476, 1, 35, 243, 12270 }, // U+1EDC
    { 22, 31, 374, 1, 30, 171, 12513 }, // U+1EDD
    { 27, 38, 476, 1, 37, 257, 12684 }, // U+1EDE
    { 22, 31, 374, 1, 30, 171, 12941 }, // U+1EDF
    { 27, 35, 476, 1, 34, 237, 13112 }, // U+1EE0
    { 22, 30, 374, 1, 29, 165, 13349 }, // U+1EE1
    { 27, 39, 476, 1, 31, 264, 13514 }, // U+1EE2
    { 22, 33, 374, 1, 25, 182, 13778 }, // U+1EE3
    { 22, 35, 449, 3, 27, 193, 13960 }, // U+1EE4
    { 19, 28, 371, 2, 20, 133, 14153 }, // U+1EE5
    { 22, 38, 449, 3, 37, 209, 14286 }, // U+1EE6
    { 19, 31, 371, 2, 30, 148, 14495 }, // U+1EE7
    { 27, 36, 449, 3, 35, 243, 14643 }, // U+1EE8
    { 22, 31, 371, 2, 30, 171, 14886 }, // U+1EE9
    { 27, 36, 449, 3, 35, 243, 15057 }, // U+1EEA
    { 22, 31, 371, 2, 30, 171, 15300 }, // U+1EEB
    { 27, 38, 449, 3, 37, 257, 15471 }, // U+1EEC
    { 22, 31, 371, 2, 30, 171, 15728 }, // U+1EED
    { 27, 35, 449, 3, 34, 237, 15899 }, // U+1EEE
    { 22, 30, 371, 2, 29, 165, 16136 }, // U+1EEF
    { 27, 39, 449, 3, 31, 264, 16301 }, // U+1EF0
    { 22, 33, 371, 2, 25, 182, 16565 }, // U+1EF1
    { 25, 35, 402, 0, 35, 219, 16747 }, // U+1EF2
    { 23, 39, 357, 0, 30, 225, 16966 }, // U+1EF3
    { 25, 35, 402, 0, 27, 219, 17191 }, // U+1EF4
    { 23, 29, 357, 0, 20, 167, 17410 }, // U+1EF5
    { 25, 37, 402, 0, 37, 232, 17577 }, // U+1EF6
    { 23, 39, 357, 0, 30, 225, 17809 }, // U+1EF7
    { 25, 34, 402, 0, 34, 213, 18034 }, // U+1EF8
    { 23, 38, 357, 0, 29, 219, 18247 }, // U+1EF9
    { 0, 0, 330, 0, 0, 0, 0 }, // U+2007
    { 0, 0, 156, 0, 0, 0, 0 }, // U+2008
    { 0, 0, 123, 0, 0, 0, 0 }, // U+2009
    { 0, 0, 61, 0, 0, 0, 0 }, // U+200A
    { 0, 0, 0, 0, 0, 0, 0 }, // U+200B
    { 13, 5, 248, 1, 13, 17, 0 }, // U+2010
    { 18, 5, 323, 1, 13, 23, 17 }, // U+2012
    { 17, 5, 326, 2, 13, 22, 40 }, // U+2013
    { 30, 5, 535, 2, 13, 38, 62 }, // U+2014
    { 31, 5, 532, 1, 13, 39, 100 }, // U+2015
    { 8, 12, 152, 1, 29, 24, 139 }, // U+2018
    { 8, 12, 152, 0, 29, 24, 163 }, // U+2019
    { 8, 12, 164, 1, 5, 24, 187 }, // U+201A
    { 16, 12, 281, 1, 29, 48, 211 }, // U+201C
    { 16, 12, 280, 0, 29, 48, 259 }, // U+201D
    { 17, 12, 299, 1, 5, 51, 307 }, // U+201E
    { 14, 21, 264, 1, 28, 74, 358 }, // U+2020
    { 13, 21, 247, 1, 28, 69, 432 }, // U+2021
    { 11, 11, 208, 1, 19, 31, 501 }, // U+2022
    { 22, 7, 391, 1, 6, 39, 532 }, // U+2026
    { 44, 28, 748, 1, 27, 308, 571 }, // U+2030
    { 15, 11, 265, 1, 27, 42, 879 }, // U+2033
    { 10, 17, 173, 0, 18, 43, 921 }, // U+2039
    { 10, 17, 173, 1, 18, 43, 964 }, // U+203A
    { 23, 27, 364, 0, 27, 156, 1007 }, // U+2044
    { 13, 15, 228, 1, 30, 49, 0 }, // U+2070
    { 13, 15, 238, 1, 30, 49, 49 }, // U+2074
    { 11, 15, 217, 1, 30, 42, 98 }, // U+2075
    { 11, 15, 213, 1, 30, 42, 140 }, // U+2076
    { 11, 14, 196, 1, 30, 39, 182 }, // U+2077
    { 12, 15, 218, 1, 30, 45, 221 }, // U+2078
    { 11, 15, 207, 1, 30, 42, 266 }, // U+2079
    { 13, 15, 228, 1, 7, 49, 308 }, // U+2080
    { 7, 15, 170, 1, 7, 27, 357 }, // U+2081
    { 11, 14, 212, 1, 7, 39, 384 }, // U+2082
    { 11, 15, 208, 1, 7, 42, 423 }, // U+2083
    { 13, 15, 238, 1, 7, 49, 465 }, // U+2084
    { 11, 15, 217, 1, 7, 42, 514 }, // U+2085
    { 11, 15, 213, 1, 7, 42, 556 }, // U+2086
    { 11, 14, 196, 1, 7, 39, 598 }, // U+2087
    { 12, 15, 218, 1, 7, 45, 637 }, // U+2088
    { 11, 15, 207, 1, 7, 42, 682 }, // U+2089
    { 24, 35, 410, 1, 30, 210, 0 }, // U+20A1
    { 20, 27, 365, 1, 27, 135, 210 }, // U+20A3
    { 22, 28, 371, 1, 27, 154, 345 }, // U+20A4
    { 31, 27, 490, 0, 27, 210, 499 }, // U+20A6
    { 25, 27, 473, 3, 27, 169, 709 }, // U+20A7
    { 37, 27, 600, 0, 27, 250, 878 }, // U+20A9
    { 18, 28, 306, 1, 27, 126, 1128 }, // U+20AB
    { 23, 28, 395, 0, 27, 161, 1254 }, // U+20AC
    { 27, 27, 457, 1, 27, 183, 1415 }, // U+20AD
    { 25, 27, 474, 3, 27, 169, 1598 }, // U+20B1
    { 27, 36, 463, 1, 30, 243, 1767 }, // U+20B2
    { 24, 34, 410, 1, 30, 204, 2010 }, // U+20B5
    { 18, 28, 337, 2, 27, 126, 2214 }, // U+20B9
    { 22, 28, 368, 0, 27, 154, 2340 }, // U+20BA
    { 23, 31, 459, 3, 31, 179, 2494 }, // U+20BC
    { 23, 27, 433, 3, 27, 156, 2673 }, // U+20BD
    { 20, 29, 358, 1, 28, 145, 0 }, // U+2202
    { 22, 22, 374, 1, 21, 121, 145 }, // U+2205
    { 27, 28, 427, 0, 28, 189, 266 }, // U+2206
    { 25, 35, 431, 1, 27, 219, 455 }, // U+220F
    { 18, 27, 314, 1, 26, 122, 674 }, // U+2211
    { 20, 4, 348, 1, 13, 20, 796 }, // U+2212
    { 21, 34, 334, 0, 29, 179, 816 }, // U+2215
    { 8, 7, 168, 1, 15, 14, 995 }, // U+2219
    { 26, 33, 422, 0, 27, 215, 1009 }, // U+221A
    { 31, 16, 529, 1, 17, 124, 1224 }, // U+221E
    { 24, 34, 346, -1, 29, 204, 1348 }, // U+222B
    { 19, 14, 346, 1, 17, 67, 1552 }, // U+2248
    { 19, 21, 354, 2, 21, 100, 1619 }, // U+2260
    { 20, 21, 376, 2, 21, 105, 1719 }, // U+2264
    { 20, 21, 376, 2, 21, 105, 1824 }, // U+2265
    { 23, 30, 412, 1, 30, 173, 0 }, // U+FB01
    { 22, 28, 398, 1, 28, 154, 173 }, // U+FB02
};

static const EpdUnicodeInterval lexenddeca_18_regularIntervals[] = {
    { 0xD, 0xD, 0x0 },
    { 0x20, 0x7E, 0x1 },
    { 0xA0, 0xFF, 0x60 },
    { 0x100, 0x17E, 0xC0 },
    { 0x1A0, 0x1A1, 0x13F },
    { 0x1AF, 0x1B0, 0x141 },
    { 0x1C4, 0x1D4, 0x143 },
    { 0x1E6, 0x1E7, 0x154 },
    { 0x1EA, 0x1EB, 0x156 },
    { 0x1F1, 0x1F2, 0x158 },
    { 0x1FA, 0x21B, 0x15A },
    { 0x300, 0x304, 0x17C },
    { 0x306, 0x30C, 0x181 },
    { 0x30F, 0x30F, 0x188 },
    { 0x311, 0x312, 0x189 },
    { 0x31B, 0x31B, 0x18B },
    { 0x323, 0x324, 0x18C },
    { 0x326, 0x328, 0x18E },
    { 0x32E, 0x32E, 0x191 },
    { 0x331, 0x331, 0x192 },
    { 0x335, 0x335, 0x193 },
    { 0x1EA0, 0x1EF9, 0x194 },
    { 0x2007, 0x200B, 0x1EE },
    { 0x2010, 0x2010, 0x1F3 },
    { 0x2012, 0x2015, 0x1F4 },
    { 0x2018, 0x201A, 0x1F8 },
    { 0x201C, 0x201E, 0x1FB },
    { 0x2020, 0x2022, 0x1FE },
    { 0x2026, 0x2026, 0x201 },
    { 0x2030, 0x2030, 0x202 },
    { 0x2033, 0x2033, 0x203 },
    { 0x2039, 0x203A, 0x204 },
    { 0x2044, 0x2044, 0x206 },
    { 0x2070, 0x2070, 0x207 },
    { 0x2074, 0x2079, 0x208 },
    { 0x2080, 0x2089, 0x20E },
    { 0x20A1, 0x20A1, 0x218 },
    { 0x20A3, 0x20A4, 0x219 },
    { 0x20A6, 0x20A7, 0x21B },
    { 0x20A9, 0x20A9, 0x21D },
    { 0x20AB, 0x20AD, 0x21E },
    { 0x20B1, 0x20B2, 0x221 },
    { 0x20B5, 0x20B5, 0x223 },
    { 0x20B9, 0x20BA, 0x224 },
    { 0x20BC, 0x20BD, 0x226 },
    { 0x2202, 0x2202, 0x228 },
    { 0x2205, 0x2206, 0x229 },
    { 0x220F, 0x220F, 0x22B },
    { 0x2211, 0x2212, 0x22C },
    { 0x2215, 0x2215, 0x22E },
    { 0x2219, 0x221A, 0x22F },
    { 0x221E, 0x221E, 0x231 },
    { 0x222B, 0x222B, 0x232 },
    { 0x2248, 0x2248, 0x233 },
    { 0x2260, 0x2260, 0x234 },
    { 0x2264, 0x2265, 0x235 },
    { 0xFB01, 0xFB02, 0x237 },
};

static const EpdFontGroup lexenddeca_18_regularGroups[] = {
    { 0, 4601, 12478, 96, 0 },
    { 4601, 3994, 14689, 96, 96 },
    { 8595, 4919, 22784, 127, 192 },
    { 13514, 3490, 13244, 61, 319 },
    { 17004, 357, 584, 24, 380 },
    { 17361, 2798, 19883, 90, 404 },
    { 20159, 543, 1237, 25, 494 },
    { 20702, 328, 801, 17, 519 },
    { 21030, 1218, 2986, 16, 536 },
    { 22248, 846, 2039, 15, 552 },
    { 23094, 108, 348, 2, 567 },
};

static const EpdKernClassEntry lexenddeca_18_regularKernLeftClasses[] = {
    { 0x0026, 1 }, // &
    { 0x0028, 2 }, // (
    { 0x002A, 3 }, // *
    { 0x002C, 4 }, // ,
    { 0x002E, 5 }, // .
    { 0x002F, 6 }, // /
    { 0x0030, 7 }, // 0
    { 0x0031, 8 }, // 1
    { 0x0032, 9 }, // 2
    { 0x0033, 10 }, // 3
    { 0x0034, 11 }, // 4
    { 0x0035, 12 }, // 5
    { 0x0036, 13 }, // 6
    { 0x0037, 14 }, // 7
    { 0x0038, 15 }, // 8
    { 0x0039, 16 }, // 9
    { 0x003C, 17 }, // <
    { 0x003E, 18 }, // >
    { 0x003F, 19 }, // ?
    { 0x0040, 20 }, // @
    { 0x0041, 21 }, // A
    { 0x0042, 22 }, // B
    { 0x0043, 23 }, // C
    { 0x0044, 24 }, // D
    { 0x0045, 25 }, // E
    { 0x0046, 26 }, // F
    { 0x0047, 27 }, // G
    { 0x0049, 28 }, // I
    { 0x004A, 29 }, // J
    { 0x004B, 30 }, // K
    { 0x004C, 31 }, // L
    { 0x004F, 24 }, // O
    { 0x0050, 32 }, // P
    { 0x0051, 33 }, // Q
    { 0x0052, 34 }, // R
    { 0x0053, 35 }, // S
    { 0x0054, 36 }, // T
    { 0x0055, 37 }, // U
    { 0x0056, 38 }, // V
    { 0x0057, 39 }, // W
    { 0x0058, 40 }, // X
    { 0x0059, 41 }, // Y
    { 0x005A, 42 }, // Z
    { 0x005B, 43 }, // [
    { 0x005C, 44 }, // <backslash>
    { 0x005F, 45 }, // _
    { 0x0061, 46 }, // a
    { 0x0062, 47 }, // b
    { 0x0063, 48 }, // c
    { 0x0064, 49 }, // d
    { 0x0065, 50 }, // e
    { 0x0066, 51 }, // f
    { 0x0067, 52 }, // g
    { 0x0068, 53 }, // h
    { 0x0069, 54 }, // i
    { 0x006A, 55 }, // j
    { 0x006B, 56 }, // k
    { 0x006C, 57 }, // l
    { 0x006D, 53 }, // m
    { 0x006E, 53 }, // n
    { 0x006F, 47 }, // o
    { 0x0070, 47 }, // p
    { 0x0071, 58 }, // q
    { 0x0072, 59 }, // r
    { 0x0073, 60 }, // s
    { 0x0074, 61 }, // t
    { 0x0075, 62 }, // u
    { 0x0076, 63 }, // v
    { 0x0077, 64 }, // w
    { 0x0078, 65 }, // x
    { 0x0079, 66 }, // y
    { 0x007A, 67 }, // z
    { 0x007B, 68 }, // {
    { 0x007D, 69 }, // }
    { 0x00A1, 70 }, // U+00A1
    { 0x00A3, 71 }, // U+00A3
    { 0x00B7, 72 }, // U+00B7
    { 0x00BF, 73 }, // U+00BF
    { 0x00C0, 21 }, // U+00C0
    { 0x00C1, 21 }, // U+00C1
    { 0x00C2, 21 }, // U+00C2
    { 0x00C3, 21 }, // U+00C3
    { 0x00C4, 21 }, // U+00C4
    { 0x00C5, 21 }, // U+00C5
    { 0x00C6, 25 }, // U+00C6
    { 0x00C8, 25 }, // U+00C8
    { 0x00C9, 25 }, // U+00C9
    { 0x00CA, 25 }, // U+00CA
    { 0x00CB, 25 }, // U+00CB
    { 0x00D0, 24 }, // U+00D0
    { 0x00D2, 24 }, // U+00D2
    { 0x00D3, 24 }, // U+00D3
    { 0x00D4, 24 }, // U+00D4
    { 0x00D5, 24 }, // U+00D5
    { 0x00D6, 24 }, // U+00D6
    { 0x00D8, 24 }, // U+00D8
    { 0x00D9, 37 }, // U+00D9
    { 0x00DA, 37 }, // U+00DA
    { 0x00DB, 37 }, // U+00DB
    { 0x00DC, 37 }, // U+00DC
    { 0x00DD, 41 }, // U+00DD
    { 0x00DE, 74 }, // U+00DE
    { 0x00DF, 75 }, // U+00DF
    { 0x00E0, 46 }, // U+00E0
    { 0x00E1, 46 }, // U+00E1
    { 0x00E2, 46 }, // U+00E2
    { 0x00E3, 46 }, // U+00E3
    { 0x00E4, 46 }, // U+00E4
    { 0x00E5, 46 }, // U+00E5
    { 0x00E7, 48 }, // U+00E7
    { 0x00E8, 50 }, // U+00E8
    { 0x00E9, 50 }, // U+00E9
    { 0x00EA, 50 }, // U+00EA
    { 0x00EB, 50 }, // U+00EB
    { 0x00EC, 54 }, // U+00EC
    { 0x00ED, 54 }, // U+00ED
    { 0x00EE, 54 }, // U+00EE
    { 0x00EF, 54 }, // U+00EF
    { 0x00F0, 76 }, // U+00F0
    { 0x00F1, 53 }, // U+00F1
    { 0x00F2, 47 }, // U+00F2
    { 0x00F3, 47 }, // U+00F3
    { 0x00F4, 47 }, // U+00F4
    { 0x00F5, 47 }, // U+00F5
    { 0x00F6, 47 }, // U+00F6
    { 0x00F8, 47 }, // U+00F8
    { 0x00F9, 62 }, // U+00F9
    { 0x00FA, 62 }, // U+00FA
    { 0x00FB, 62 }, // U+00FB
    { 0x00FC, 62 }, // U+00FC
    { 0x00FD, 66 }, // U+00FD
    { 0x00FE, 47 }, // U+00FE
    { 0x00FF, 66 }, // U+00FF
    { 0x0100, 21 }, // U+0100
    { 0x0101, 46 }, // U+0101
    { 0x0102, 21 }, // U+0102
    { 0x0103, 46 }, // U+0103
    { 0x0104, 21 }, // U+0104
    { 0x0105, 46 }, // U+0105
    { 0x0107, 48 }, // U+0107
    { 0x0109, 48 }, // U+0109
    { 0x010B, 48 }, // U+010B
    { 0x010D, 48 }, // U+010D
    { 0x010E, 24 }, // U+010E
    { 0x010F, 77 }, // U+010F
    { 0x0110, 24 }, // U+0110
    { 0x0111, 49 }, // U+0111
    { 0x0112, 25 }, // U+0112
    { 0x0113, 50 }, // U+0113
    { 0x0114, 25 }, // U+0114
    { 0x0115, 50 }, // U+0115
    { 0x0116, 25 }, // U+0116
    { 0x0117, 50 }, // U+0117
    { 0x0118, 25 }, // U+0118
    { 0x0119, 50 }, // U+0119
    { 0x011A, 25 }, // U+011A
    { 0x011B, 50 }, // U+011B
    { 0x011C, 27 }, // U+011C
    { 0x011D, 78 }, // U+011D
    { 0x011E, 27 }, // U+011E
    { 0x011F, 78 }, // U+011F
    { 0x0120, 27 }, // U+0120
    { 0x0121, 78 }, // U+0121
    { 0x0122, 27 }, // U+0122
    { 0x0123, 78 }, // U+0123
    { 0x0125, 53 }, // U+0125
    { 0x0127, 53 }, // U+0127
    { 0x0129, 54 }, // U+0129
    { 0x012B, 54 }, // U+012B
    { 0x012D, 54 }, // U+012D
    { 0x012F, 54 }, // U+012F
    { 0x0131, 54 }, // U+0131
    { 0x0132, 29 }, // U+0132
    { 0x0133, 55 }, // U+0133
    { 0x0134, 29 }, // U+0134
    { 0x0135, 55 }, // U+0135
    { 0x0136, 30 }, // U+0136
    { 0x0137, 56 }, // U+0137
    { 0x0138, 56 }, // U+0138
    { 0x0139, 31 }, // U+0139
    { 0x013A, 57 }, // U+013A
    { 0x013B, 31 }, // U+013B
    { 0x013C, 57 }, // U+013C
    { 0x013D, 31 }, // U+013D
    { 0x013E, 77 }, // U+013E
    { 0x013F, 31 }, // U+013F
    { 0x0140, 57 }, // U+0140
    { 0x0141, 31 }, // U+0141
    { 0x0142, 57 }, // U+0142
    { 0x0144, 53 }, // U+0144
    { 0x0146, 53 }, // U+0146
    { 0x0148, 53 }, // U+0148
    { 0x0149, 53 }, // U+0149
    { 0x014B, 53 }, // U+014B
    { 0x014C, 24 }, // U+014C
    { 0x014D, 47 }, // U+014D
    { 0x014E, 24 }, // U+014E
    { 0x014F, 47 }, // U+014F
    { 0x0150, 24 }, // U+0150
    { 0x0151, 47 }, // U+0151
    { 0x0152, 25 }, // U+0152
    { 0x0153, 50 }, // U+0153
    { 0x0154, 79 }, // U+0154
    { 0x0155, 59 }, // U+0155
    { 0x0156, 79 }, // U+0156
    { 0x0157, 59 }, // U+0157
    { 0x0158, 79 }, // U+0158
    { 0x0159, 59 }, // U+0159
    { 0x015A, 35 }, // U+015A
    { 0x015B, 60 }, // U+015B
    { 0x015C, 35 }, // U+015C
    { 0x015D, 60 }, // U+015D
    { 0x015E, 35 }, // U+015E
    { 0x015F, 60 }, // U+015F
    { 0x0160, 35 }, // U+0160
    { 0x0161, 60 }, // U+0161
    { 0x0162, 36 }, // U+0162
    { 0x0163, 61 }, // U+0163
    { 0x0164, 36 }, // U+0164
    { 0x0165, 61 }, // U+0165
    { 0x0166, 36 }, // U+0166
    { 0x0167, 61 }, // U+0167
    { 0x0168, 37 }, // U+0168
    { 0x0169, 62 }, // U+0169
    { 0x016A, 37 }, // U+016A
    { 0x016B, 62 }, // U+016B
    { 0x016C, 37 }, // U+016C
    { 0x016D, 62 }, // U+016D
    { 0x016E, 37 }, // U+016E
    { 0x016F, 62 }, // U+016F
    { 0x0170, 37 }, // U+0170
    { 0x0171, 62 }, // U+0171
    { 0x0172, 37 }, // U+0172
    { 0x0173, 62 }, // U+0173
    { 0x0174, 39 }, // U+0174
    { 0x0175, 64 }, // U+0175
    { 0x0176, 41 }, // U+0176
    { 0x0177, 66 }, // U+0177
    { 0x0178, 41 }, // U+0178
    { 0x0179, 42 }, // U+0179
    { 0x017A, 67 }, // U+017A
    { 0x017B, 42 }, // U+017B
    { 0x017C, 67 }, // U+017C
    { 0x017D, 42 }, // U+017D
    { 0x017E, 67 }, // U+017E
    { 0x01A0, 24 }, // U+01A0
    { 0x01A1, 47 }, // U+01A1
    { 0x01AF, 37 }, // U+01AF
    { 0x01B0, 62 }, // U+01B0
    { 0x01C4, 42 }, // U+01C4
    { 0x01C5, 67 }, // U+01C5
    { 0x01C6, 67 }, // U+01C6
    { 0x01C7, 29 }, // U+01C7
    { 0x01C8, 55 }, // U+01C8
    { 0x01C9, 57 }, // U+01C9
    { 0x01CA, 29 }, // U+01CA
    { 0x01CB, 55 }, // U+01CB
    { 0x01CC, 55 }, // U+01CC
    { 0x01CD, 21 }, // U+01CD
    { 0x01CE, 46 }, // U+01CE
    { 0x01D0, 54 }, // U+01D0
    { 0x01D1, 24 }, // U+01D1
    { 0x01D2, 47 }, // U+01D2
    { 0x01D3, 37 }, // U+01D3
    { 0x01D4, 62 }, // U+01D4
    { 0x01E6, 27 }, // U+01E6
    { 0x01E7, 78 }, // U+01E7
    { 0x01EA, 24 }, // U+01EA
    { 0x01EB, 47 }, // U+01EB
    { 0x01F1, 42 }, // U+01F1
    { 0x01F2, 67 }, // U+01F2
    { 0x01FA, 21 }, // U+01FA
    { 0x01FB, 46 }, // U+01FB
    { 0x01FC, 25 }, // U+01FC
    { 0x01FE, 24 }, // U+01FE
    { 0x01FF, 47 }, // U+01FF
    { 0x0200, 21 }, // U+0200
    { 0x0201, 46 }, // U+0201
    { 0x0202, 21 }, // U+0202
    { 0x0203, 46 }, // U+0203
    { 0x0204, 25 }, // U+0204
    { 0x0205, 50 }, // U+0205
    { 0x0206, 25 }, // U+0206
    { 0x0207, 50 }, // U+0207
    { 0x0209, 54 }, // U+0209
    { 0x020B, 54 }, // U+020B
    { 0x020C, 24 }, // U+020C
    { 0x020D, 47 }, // U+020D
    { 0x020E, 24 }, // U+020E
    { 0x020F, 47 }, // U+020F
    { 0x0210, 79 }, // U+0210
    { 0x0211, 59 }, // U+0211
    { 0x0212, 79 }, // U+0212
    { 0x0213, 59 }, // U+0213
    { 0x0214, 37 }, // U+0214
    { 0x0215, 62 }, // U+0215
    { 0x0216, 37 }, // U+0216
    { 0x0217, 62 }, // U+0217
    { 0x0218, 35 }, // U+0218
    { 0x0219, 60 }, // U+0219
    { 0x021A, 36 }, // U+021A
    { 0x021B, 61 }, // U+021B
    { 0x1EA0, 21 }, // U+1EA0
    { 0x1EA1, 46 }, // U+1EA1
    { 0x1EA2, 21 }, // U+1EA2
    { 0x1EA3, 46 }, // U+1EA3
    { 0x1EA4, 21 }, // U+1EA4
    { 0x1EA5, 46 }, // U+1EA5
    { 0x1EA6, 21 }, // U+1EA6
    { 0x1EA7, 46 }, // U+1EA7
    { 0x1EA8, 21 }, // U+1EA8
    { 0x1EA9, 46 }, // U+1EA9
    { 0x1EAA, 21 }, // U+1EAA
    { 0x1EAB, 46 }, // U+1EAB
    { 0x1EAC, 21 }, // U+1EAC
    { 0x1EAD, 46 }, // U+1EAD
    { 0x1EAE, 21 }, // U+1EAE
    { 0x1EAF, 46 }, // U+1EAF
    { 0x1EB0, 21 }, // U+1EB0
    { 0x1EB1, 46 }, // U+1EB1
    { 0x1EB2, 21 }, // U+1EB2
    { 0x1EB3, 46 }, // U+1EB3
    { 0x1EB4, 21 }, // U+1EB4
    { 0x1EB5, 46 }, // U+1EB5
    { 0x1EB6, 21 }, // U+1EB6
    { 0x1EB7, 46 }, // U+1EB7
    { 0x1EB8, 25 }, // U+1EB8
    { 0x1EB9, 50 }, // U+1EB9
    { 0x1EBA, 25 }, // U+1EBA
    { 0x1EBB, 50 }, // U+1EBB
    { 0x1EBC, 25 }, // U+1EBC
    { 0x1EBD, 50 }, // U+1EBD
    { 0x1EBE, 25 }, // U+1EBE
    { 0x1EBF, 50 }, // U+1EBF
    { 0x1EC0, 25 }, // U+1EC0
    { 0x1EC1, 50 }, // U+1EC1
    { 0x1EC2, 25 }, // U+1EC2
    { 0x1EC3, 50 }, // U+1EC3
    { 0x1EC4, 25 }, // U+1EC4
    { 0x1EC5, 50 }, // U+1EC5
    { 0x1EC6, 25 }, // U+1EC6
    { 0x1EC7, 50 }, // U+1EC7
    { 0x1EC9, 54 }, // U+1EC9
    { 0x1ECB, 54 }, // U+1ECB
    { 0x1ECC, 24 }, // U+1ECC
    { 0x1ECD, 47 }, // U+1ECD
    { 0x1ECE, 24 }, // U+1ECE
    { 0x1ECF, 47 }, // U+1ECF
    { 0x1ED0, 24 }, // U+1ED0
    { 0x1ED1, 47 }, // U+1ED1
    { 0x1ED2, 24 }, // U+1ED2
    { 0x1ED3, 47 }, // U+1ED3
    { 0x1ED4, 24 }, // U+1ED4
    { 0x1ED5, 47 }, // U+1ED5
    { 0x1ED6, 24 }, // U+1ED6
    { 0x1ED7, 47 }, // U+1ED7
    { 0x1ED8, 24 }, // U+1ED8
    { 0x1ED9, 47 }, // U+1ED9
    { 0x1EDA, 24 }, // U+1EDA
    { 0x1EDB, 47 }, // U+1EDB
    { 0x1EDC, 24 }, // U+1EDC
    { 0x1EDD, 47 }, // U+1EDD
    { 0x1EDE, 24 }, // U+1EDE
    { 0x1EDF, 47 }, // U+1EDF
    { 0x1EE0, 24 }, // U+1EE0
    { 0x1EE1, 47 }, // U+1EE1
    { 0x1EE2, 24 }, // U+1EE2
    { 0x1EE3, 47 }, // U+1EE3
    { 0x1EE4, 37 }, // U+1EE4
    { 0x1EE5, 62 }, // U+1EE5
    { 0x1EE6, 37 }, // U+1EE6
    { 0x1EE7, 62 }, // U+1EE7
    { 0x1EE8, 37 }, // U+1EE8
    { 0x1EE9, 62 }, // U+1EE9
    { 0x1EEA, 37 }, // U+1EEA
    { 0x1EEB, 62 }, // U+1EEB
    { 0x1EEC, 37 }, // U+1EEC
    { 0x1EED, 62 }, // U+1EED
    { 0x1EEE, 37 }, // U+1EEE
    { 0x1EEF, 62 }, // U+1EEF
    { 0x1EF0, 37 }, // U+1EF0
    { 0x1EF1, 62 }, // U+1EF1
    { 0x1EF2, 41 }, // U+1EF2
    { 0x1EF3, 66 }, // U+1EF3
    { 0x1EF4, 41 }, // U+1EF4
    { 0x1EF5, 66 }, // U+1EF5
    { 0x1EF6, 41 }, // U+1EF6
    { 0x1EF7, 66 }, // U+1EF7
    { 0x1EF8, 41 }, // U+1EF8
    { 0x1EF9, 66 }, // U+1EF9
    { 0x2018, 80 }, // U+2018
    { 0x2019, 81 }, // U+2019
    { 0x201C, 82 }, // U+201C
    { 0x201D, 83 }, // U+201D
    { 0x2022, 84 }, // U+2022
    { 0x2206, 85 }, // U+2206
    { 0x221E, 86 }, // U+221E
    { 0x222B, 87 }, // U+222B
    { 0xFB01, 54 }, // U+FB01
    { 0xFB02, 57 }, // U+FB02
};

static const EpdKernClassEntry lexenddeca_18_regularKernRightClasses[] = {
    { 0x0021, 1 }, // !
    { 0x0026, 2 }, // &
    { 0x0029, 3 }, // )
    { 0x002A, 4 }, // *
    { 0x002C, 5 }, // ,
    { 0x002D, 6 }, // -
    { 0x002E, 7 }, // .
    { 0x002F, 8 }, // /
    { 0x0030, 9 }, // 0
    { 0x0031, 10 }, // 1
    { 0x0032, 11 }, // 2
    { 0x0034, 12 }, // 4
    { 0x0036, 13 }, // 6
    { 0x0037, 14 }, // 7
    { 0x0038, 15 }, // 8
    { 0x0039, 16 }, // 9
    { 0x003C, 17 }, // <
    { 0x003F, 18 }, // ?
    { 0x0040, 19 }, // @
    { 0x0041, 20 }, // A
    { 0x0042, 21 }, // B
    { 0x0043, 22 }, // C
    { 0x0044, 21 }, // D
    { 0x0045, 21 }, // E
    { 0x0046, 21 }, // F
    { 0x0047, 22 }, // G
    { 0x0048, 21 }, // H
    { 0x0049, 23 }, // I
    { 0x004A, 24 }, // J
    { 0x004B, 21 }, // K
    { 0x004C, 21 }, // L
    { 0x004D, 21 }, // M
    { 0x004E, 21 }, // N
    { 0x004F, 22 }, // O
    { 0x0050, 21 }, // P
    { 0x0051, 22 }, // Q
    { 0x0052, 21 }, // R
    { 0x0053, 25 }, // S
    { 0x0054, 26 }, // T
    { 0x0055, 27 }, // U
    { 0x0056, 28 }, // V
    { 0x0057, 29 }, // W
    { 0x0058, 30 }, // X
    { 0x0059, 31 }, // Y
    { 0x005A, 32 }, // Z
    { 0x005B, 33 }, // [
    { 0x005C, 34 }, // <backslash>
    { 0x005D, 35 }, // ]
    { 0x005F, 36 }, // _
    { 0x0061, 37 }, // a
    { 0x0062, 38 }, // b
    { 0x0063, 37 }, // c
    { 0x0064, 37 }, // d
    { 0x0065, 37 }, // e
    { 0x0066, 39 }, // f
    { 0x0067, 40 }, // g
    { 0x0068, 38 }, // h
    { 0x006A, 41 }, // j
    { 0x006B, 38 }, // k
    { 0x006C, 38 }, // l
    { 0x006D, 42 }, // m
    { 0x006E, 42 }, // n
    { 0x006F, 37 }, // o
    { 0x0070, 43 }, // p
    { 0x0071, 37 }, // q
    { 0x0072, 42 }, // r
    { 0x0073, 44 }, // s
    { 0x0074, 45 }, // t
    { 0x0075, 46 }, // u
    { 0x0076, 47 }, // v
    { 0x0077, 48 }, // w
    { 0x0078, 49 }, // x
    { 0x0079, 50 }, // y
    { 0x007A, 51 }, // z
    { 0x007B, 33 }, // {
    { 0x007D, 52 }, // }
    { 0x00A1, 53 }, // U+00A1
    { 0x00B7, 54 }, // U+00B7
    { 0x00BF, 55 }, // U+00BF
    { 0x00C0, 56 }, // U+00C0
    { 0x00C1, 56 }, // U+00C1
    { 0x00C2, 56 }, // U+00C2
    { 0x00C3, 56 }, // U+00C3
    { 0x00C4, 56 }, // U+00C4
    { 0x00C5, 56 }, // U+00C5
    { 0x00C6, 57 }, // U+00C6
    { 0x00C7, 22 }, // U+00C7
    { 0x00C8, 21 }, // U+00C8
    { 0x00C9, 21 }, // U+00C9
    { 0x00CA, 21 }, // U+00CA
    { 0x00CB, 21 }, // U+00CB
    { 0x00D0, 21 }, // U+00D0
    { 0x00D1, 21 }, // U+00D1
    { 0x00D2, 22 }, // U+00D2
    { 0x00D3, 22 }, // U+00D3
    { 0x00D4, 22 }, // U+00D4
    { 0x00D5, 22 }, // U+00D5
    { 0x00D6, 22 }, // U+00D6
    { 0x00D8, 22 }, // U+00D8
    { 0x00D9, 27 }, // U+00D9
    { 0x00DA, 27 }, // U+00DA
    { 0x00DB, 27 }, // U+00DB
    { 0x00DC, 27 }, // U+00DC
    { 0x00DD, 58 }, // U+00DD
    { 0x00DE, 21 }, // U+00DE
    { 0x00DF, 59 }, // U+00DF
    { 0x00E0, 37 }, // U+00E0
    { 0x00E1, 37 }, // U+00E1
    { 0x00E2, 37 }, // U+00E2
    { 0x00E3, 37 }, // U+00E3
    { 0x00E4, 37 }, // U+00E4
    { 0x00E5, 37 }, // U+00E5
    { 0x00E7, 37 }, // U+00E7
    { 0x00E8, 37 }, // U+00E8
    { 0x00E9, 37 }, // U+00E9
    { 0x00EA, 37 }, // U+00EA
    { 0x00EB, 37 }, // U+00EB
    { 0x00F0, 60 }, // U+00F0
    { 0x00F1, 42 }, // U+00F1
    { 0x00F2, 37 }, // U+00F2
    { 0x00F3, 37 }, // U+00F3
    { 0x00F4, 37 }, // U+00F4
    { 0x00F5, 37 }, // U+00F5
    { 0x00F6, 37 }, // U+00F6
    { 0x00F8, 37 }, // U+00F8
    { 0x00F9, 46 }, // U+00F9
    { 0x00FA, 46 }, // U+00FA
    { 0x00FB, 46 }, // U+00FB
    { 0x00FC, 46 }, // U+00FC
    { 0x00FD, 50 }, // U+00FD
    { 0x00FE, 61 }, // U+00FE
    { 0x00FF, 50 }, // U+00FF
    { 0x0100, 56 }, // U+0100
    { 0x0101, 37 }, // U+0101
    { 0x0102, 56 }, // U+0102
    { 0x0103, 37 }, // U+0103
    { 0x0104, 56 }, // U+0104
    { 0x0105, 37 }, // U+0105
    { 0x0106, 22 }, // U+0106
    { 0x0107, 37 }, // U+0107
    { 0x0108, 22 }, // U+0108
    { 0x0109, 37 }, // U+0109
    { 0x010A, 22 }, // U+010A
    { 0x010B, 37 }, // U+010B
    { 0x010C, 22 }, // U+010C
    { 0x010D, 37 }, // U+010D
    { 0x010E, 21 }, // U+010E
    { 0x010F, 37 }, // U+010F
    { 0x0110, 21 }, // U+0110
    { 0x0111, 37 }, // U+0111
    { 0x0112, 21 }, // U+0112
    { 0x0113, 37 }, // U+0113
    { 0x0114, 21 }, // U+0114
    { 0x0115, 37 }, // U+0115
    { 0x0116, 21 }, // U+0116
    { 0x0117, 37 }, // U+0117
    { 0x0118, 21 }, // U+0118
    { 0x0119, 37 }, // U+0119
    { 0x011A, 21 }, // U+011A
    { 0x011B, 37 }, // U+011B
    { 0x011C, 22 }, // U+011C
    { 0x011D, 40 }, // U+011D
    { 0x011E, 22 }, // U+011E
    { 0x011F, 40 }, // U+011F
    { 0x0120, 22 }, // U+0120
    { 0x0121, 40 }, // U+0121
    { 0x0122, 22 }, // U+0122
    { 0x0123, 40 }, // U+0123
    { 0x0124, 21 }, // U+0124
    { 0x0125, 38 }, // U+0125
    { 0x0127, 38 }, // U+0127
    { 0x0134, 24 }, // U+0134
    { 0x0135, 41 }, // U+0135
    { 0x0136, 21 }, // U+0136
    { 0x0137, 38 }, // U+0137
    { 0x0138, 38 }, // U+0138
    { 0x0139, 21 }, // U+0139
    { 0x013A, 38 }, // U+013A
    { 0x013B, 21 }, // U+013B
    { 0x013C, 38 }, // U+013C
    { 0x013D, 21 }, // U+013D
    { 0x013E, 38 }, // U+013E
    { 0x013F, 21 }, // U+013F
    { 0x0140, 38 }, // U+0140
    { 0x0141, 21 }, // U+0141
    { 0x0142, 38 }, // U+0142
    { 0x0143, 21 }, // U+0143
    { 0x0144, 42 }, // U+0144
    { 0x0145, 21 }, // U+0145
    { 0x0146, 42 }, // U+0146
    { 0x0147, 21 }, // U+0147
    { 0x0148, 42 }, // U+0148
    { 0x014A, 21 }, // U+014A
    { 0x014B, 42 }, // U+014B
    { 0x014C, 22 }, // U+014C
    { 0x014D, 37 }, // U+014D
    { 0x014E, 22 }, // U+014E
    { 0x014F, 37 }, // U+014F
    { 0x0150, 22 }, // U+0150
    { 0x0151, 37 }, // U+0151
    { 0x0152, 22 }, // U+0152
    { 0x0153, 37 }, // U+0153
    { 0x0154, 21 }, // U+0154
    { 0x0155, 42 }, // U+0155
    { 0x0156, 21 }, // U+0156
    { 0x0157, 42 }, // U+0157
    { 0x0158, 21 }, // U+0158
    { 0x0159, 42 }, // U+0159
    { 0x015A, 25 }, // U+015A
    { 0x015B, 44 }, // U+015B
    { 0x015C, 25 }, // U+015C
    { 0x015D, 44 }, // U+015D
    { 0x015E, 25 }, // U+015E
    { 0x015F, 44 }, // U+015F
    { 0x0160, 25 }, // U+0160
    { 0x0161, 44 }, // U+0161
    { 0x0162, 62 }, // U+0162
    { 0x0163, 45 }, // U+0163
    { 0x0164, 62 }, // U+0164
    { 0x0165, 45 }, // U+0165
    { 0x0166, 62 }, // U+0166
    { 0x0167, 45 }, // U+0167
    { 0x0168, 27 }, // U+0168
    { 0x0169, 46 }, // U+0169
    { 0x016A, 27 }, // U+016A
    { 0x016B, 46 }, // U+016B
    { 0x016C, 27 }, // U+016C
    { 0x016D, 46 }, // U+016D
    { 0x016E, 27 }, // U+016E
    { 0x016F, 46 }, // U+016F
    { 0x0170, 27 }, // U+0170
    { 0x0171, 46 }, // U+0171
    { 0x0172, 27 }, // U+0172
    { 0x0173, 46 }, // U+0173
    { 0x0174, 63 }, // U+0174
    { 0x0175, 48 }, // U+0175
    { 0x0176, 58 }, // U+0176
    { 0x0177, 50 }, // U+0177
    { 0x0178, 58 }, // U+0178
    { 0x0179, 32 }, // U+0179
    { 0x017A, 51 }, // U+017A
    { 0x017B, 32 }, // U+017B
    { 0x017C, 51 }, // U+017C
    { 0x017D, 32 }, // U+017D
    { 0x017E, 51 }, // U+017E
    { 0x01A0, 22 }, // U+01A0
    { 0x01A1, 37 }, // U+01A1
    { 0x01AF, 27 }, // U+01AF
    { 0x01B0, 46 }, // U+01B0
    { 0x01C4, 21 }, // U+01C4
    { 0x01C5, 21 }, // U+01C5
    { 0x01C6, 37 }, // U+01C6
    { 0x01C7, 21 }, // U+01C7
    { 0x01C8, 21 }, // U+01C8
    { 0x01C9, 38 }, // U+01C9
    { 0x01CA, 21 }, // U+01CA
    { 0x01CB, 21 }, // U+01CB
    { 0x01CC, 42 }, // U+01CC
    { 0x01CD, 56 }, // U+01CD
    { 0x01CE, 37 }, // U+01CE
    { 0x01D1, 22 }, // U+01D1
    { 0x01D2, 37 }, // U+01D2
    { 0x01D3, 27 }, // U+01D3
    { 0x01D4, 46 }, // U+01D4
    { 0x01E6, 22 }, // U+01E6
    { 0x01E7, 40 }, // U+01E7
    { 0x01EA, 22 }, // U+01EA
    { 0x01EB, 37 }, // U+01EB
    { 0x01F1, 21 }, // U+01F1
    { 0x01F2, 21 }, // U+01F2
    { 0x01FA, 56 }, // U+01FA
    { 0x01FB, 37 }, // U+01FB
    { 0x01FC, 57 }, // U+01FC
    { 0x01FE, 22 }, // U+01FE
    { 0x01FF, 37 }, // U+01FF
    { 0x0200, 56 }, // U+0200
    { 0x0201, 37 }, // U+0201
    { 0x0202, 56 }, // U+0202
    { 0x0203, 37 }, // U+0203
    { 0x0204, 21 }, // U+0204
    { 0x0205, 37 }, // U+0205
    { 0x0206, 21 }, // U+0206
    { 0x0207, 37 }, // U+0207
    { 0x020C, 22 }, // U+020C
    { 0x020D, 37 }, // U+020D
    { 0x020E, 22 }, // U+020E
    { 0x020F, 37 }, // U+020F
    { 0x0210, 21 }, // U+0210
    { 0x0211, 42 }, // U+0211
    { 0x0212, 21 }, // U+0212
    { 0x0213, 42 }, // U+0213
    { 0x0214, 27 }, // U+0214
    { 0x0215, 46 }, // U+0215
    { 0x0216, 27 }, // U+0216
    { 0x0217, 46 }, // U+0217
    { 0x0218, 25 }, // U+0218
    { 0x0219, 44 }, // U+0219
    { 0x021A, 62 }, // U+021A
    { 0x021B, 45 }, // U+021B
    { 0x1EA0, 56 }, // U+1EA0
    { 0x1EA1, 37 }, // U+1EA1
    { 0x1EA2, 56 }, // U+1EA2
    { 0x1EA3, 37 }, // U+1EA3
    { 0x1EA4, 56 }, // U+1EA4
    { 0x1EA5, 37 }, // U+1EA5
    { 0x1EA6, 56 }, // U+1EA6
    { 0x1EA7, 37 }, // U+1EA7
    { 0x1EA8, 56 }, // U+1EA8
    { 0x1EA9, 37 }, // U+1EA9
    { 0x1EAA, 56 }, // U+1EAA
    { 0x1EAB, 37 }, // U+1EAB
    { 0x1EAC, 56 }, // U+1EAC
    { 0x1EAD, 37 }, // U+1EAD
    { 0x1EAE, 56 }, // U+1EAE
    { 0x1EAF, 37 }, // U+1EAF
    { 0x1EB0, 56 }, // U+1EB0
    { 0x1EB1, 37 }, // U+1EB1
    { 0x1EB2, 56 }, // U+1EB2
    { 0x1EB3, 37 }, // U+1EB3
    { 0x1EB4, 56 }, // U+1EB4
    { 0x1EB5, 37 }, // U+1EB5
    { 0x1EB6, 56 }, // U+1EB6
    { 0x1EB7, 37 }, // U+1EB7
    { 0x1EB8, 21 }, // U+1EB8
    { 0x1EB9, 37 }, // U+1EB9
    { 0x1EBA, 21 }, // U+1EBA
    { 0x1EBB, 37 }, // U+1EBB
    { 0x1EBC, 21 }, // U+1EBC
    { 0x1EBD, 37 }, // U+1EBD
    { 0x1EBE, 21 }, // U+1EBE
    { 0x1EBF, 37 }, // U+1EBF
    { 0x1EC0, 21 }, // U+1EC0
    { 0x1EC1, 37 }, // U+1EC1
    { 0x1EC2, 21 }, // U+1EC2
    { 0x1EC3, 37 }, // U+1EC3
    { 0x1EC4, 21 }, // U+1EC4
    { 0x1EC5, 37 }, // U+1EC5
    { 0x1EC6, 21 }, // U+1EC6
    { 0x1EC7, 37 }, // U+1EC7
    { 0x1ECC, 22 }, // U+1ECC
    { 0x1ECD, 37 }, // U+1ECD
    { 0x1ECE, 22 }, // U+1ECE
    { 0x1ECF, 37 }, // U+1ECF
    { 0x1ED0, 22 }, // U+1ED0
    { 0x1ED1, 37 }, // U+1ED1
    { 0x1ED2, 22 }, // U+1ED2
    { 0x1ED3, 37 }, // U+1ED3
    { 0x1ED4, 22 }, // U+1ED4
    { 0x1ED5, 37 }, // U+1ED5
    { 0x1ED6, 22 }, // U+1ED6
    { 0x1ED7, 37 }, // U+1ED7
    { 0x1ED8, 22 }, // U+1ED8
    { 0x1ED9, 37 }, // U+1ED9
    { 0x1EDA, 22 }, // U+1EDA
    { 0x1EDB, 37 }, // U+1EDB
    { 0x1EDC, 22 }, // U+1EDC
    { 0x1EDD, 37 }, // U+1EDD
    { 0x1EDE, 22 }, // U+1EDE
    { 0x1EDF, 37 }, // U+1EDF
    { 0x1EE0, 22 }, // U+1EE0
    { 0x1EE1, 37 }, // U+1EE1
    { 0x1EE2, 22 }, // U+1EE2
    { 0x1EE3, 37 }, // U+1EE3
    { 0x1EE4, 27 }, // U+1EE4
    { 0x1EE5, 46 }, // U+1EE5
    { 0x1EE6, 27 }, // U+1EE6
    { 0x1EE7, 46 }, // U+1EE7
    { 0x1EE8, 27 }, // U+1EE8
    { 0x1EE9, 46 }, // U+1EE9
    { 0x1EEA, 27 }, // U+1EEA
    { 0x1EEB, 46 }, // U+1EEB
    { 0x1EEC, 27 }, // U+1EEC
    { 0x1EED, 46 }, // U+1EED
    { 0x1EEE, 27 }, // U+1EEE
    { 0x1EEF, 46 }, // U+1EEF
    { 0x1EF0, 27 }, // U+1EF0
    { 0x1EF1, 46 }, // U+1EF1
    { 0x1EF2, 58 }, // U+1EF2
    { 0x1EF3, 50 }, // U+1EF3
    { 0x1EF4, 58 }, // U+1EF4
    { 0x1EF5, 50 }, // U+1EF5
    { 0x1EF6, 58 }, // U+1EF6
    { 0x1EF7, 50 }, // U+1EF7
    { 0x1EF8, 58 }, // U+1EF8
    { 0x1EF9, 50 }, // U+1EF9
    { 0x2013, 64 }, // U+2013
    { 0x2014, 65 }, // U+2014
    { 0x2018, 66 }, // U+2018
    { 0x2019, 67 }, // U+2019
    { 0x201C, 68 }, // U+201C
    { 0x201D, 69 }, // U+201D
    { 0x2022, 70 }, // U+2022
    { 0x2206, 71 }, // U+2206
    { 0x222B, 72 }, // U+222B
    { 0xFB01, 39 }, // U+FB01
    { 0xFB02, 39 }, // U+FB02
};

static const int8_t lexenddeca_18_regularKernMatrix[] = {
       0,    0,   -9,    0,    0,    0,    0,    0,    0,    0,    0,    0,    0,    0,    0,    0,    0,    0,    0,    0,    0,    0,    0,    0,    0,  -33,    0,  -36,  -24,    0,  -30,    0,    0,    0,    0,    0,    0,    0,    0,    0,    0,    0,    0,    0,    0,    0,  -18,  -18,    0,  -18,    0,    0,    0,    0,    0,    0,    0,  -30,    0,   -6,    0,  -33,  -24,    0,    0,    0,    0,    0,    0,    0,    0,    0,
       0,    0,    0,    0,    0,    0,    0,    0,    0,    0,    0,    0,    0,    0,    0,    0,    0,    0,    0,    0,    0,  -18,    0,  -24,    0,    0,    0,    0,    0,    0,    0,    0,    0,    0,    0,    0,  -15,    0,    0,  -14,   18,    0,   18,    0,    0,    0,    0,    0,    0,    0,    0,    0,    0,    0,    0,    0,    0,    0,    0,  -15,    9,    0,    0,    0,    0,    0,    0,    0,    0,    0,    0,    0,
       0,    0,    0,    0,    0,    0,    0,    0,    0,    0,    0,    0,    0,    0,    0,    0,    0,    0,    0,  -45,    0,    0,    0,    0,    0,    0,    0,    0,    0,    0,    0,    0,    0,    0,    0,    0,    0,    0,    0,    0,    0,    0,    0,    0,    0,    0,    4,    0,    0,    0,    0,    0,    0,    0,    0,  -45,    0,    0,    0,  -15,    0,    0,    0,    0,    0,    0,    0,    0,    0,    0,    0,    0,
       0,    0,    0,    0,    0,    0,    0,    0,    0,    0,    0,  -15,    0,    0,    0,    0,    0,    0,    0,    0,    0,  -12,    0,    0,    0,  -60,    0,  -72,  -48,    0,  -72,    0,    0,    0,    0,    0,    0,    0,    0,    0,    0,    0,    0,    0,    0,    0,  -48,  -24,    0,  -24,    0,    0,    0,    0,    0,    0,    0,  -72,    0,    0,    0,  -60,  -48,    0,    0,    0,    0,    0,    0,    0,    0,    0,
       0,    0,    0,    0,    0,    0,    0,    0,    0,    0,    0,  -15,    0,    0,    0,    0,    0,    0,    0,    0,    0,  -12,    0,    0,    0,  -60,    0,  -60,  -48,    0,  -72,    0,    0,    0,    0,    0,    0,    0,    0,    0,    0,    0,    0,    0,    0,    0,  -48,  -24,    0,  -24,    0,    0,    0,    0,    0,    0,    0,  -72,    0,    0,    0,  -60,  -48,    0,    0,    0,    0,    0,    0,    0,    0,    0,
       0,    0,    0,    0,    0,    0,    0,  -55,  -30,  -18,  -18,  -36,  -30,    0,    0,    0,    0,    0,    0,  -60,    0,  -24,    0,  -30,    0,    0,    0,    0,    0,    0,    0,    0,    0,    0,    0,    0,  -30,    0,    0,  -30,    0,    0,    0,  -18,    0,    0,   -1,    0,   -4,    0,    0,    0,    0,    0,    0,  -60,    0,    0,   -7,  -19,    0,    0,    0,    0,    0,    0,    0,    0,    0,    0,    0,    0,
       0,    0,    0,    0,    0,    0,    0,  -30,    0,    0,    0,    0,    0,    0,    0,    0,    0,    0,    0,    0,    0,    0,    0,    0,    0,    0,    0,    0,    0,    0,    0,    0,    0,    0,    0,    0,    0,    0,    0,    0,    0,    0,    0,    0,    0,    0,    0,    0,    0,    0,    0,    0,    0,    0,    0,    0,    0,    0,    0,    0,    0,    0,    0,    0,    0,    0,    0,    0,    0,    0,  -30,    0,
       0,    0,    0,    0,    0,    0,    0,    0,    0,    0,    0,    0,    0,    0,    0,    0,  -24,    0,    0,    0,    0,    0,    0,    0,    0,    0,    0,    0,    0,    0,    0,    0,    0,    0,    0,    0,    0,    0,    0,    0,    0,    0,    0,    0,    0,    0,    0,    0,    0,    0,    0,    0,    0,    0,    0,    0,    0,    0,    0,    0,    0,    0,    0,    0,    0,    0,    0,    0,    0,    0,    0,    0,
       0,    0,    0,    0,    0,    0,    0,    0,    0,    0,    0,  -12,    0,    0,    0,    0,    0,    0,    0,    0,    0,    0,    0,    0,    0,    0,    0,    0,    0,    0,    0,    0,    0,    0,    0,    0,    0,    0,    0,    0,    0,    0,    0,    0,    0,    0,    0,    0,    0,    0,    0,    6,    0,    0,    0,    0,    0,    0,    0,    0,    0,    0,    0,    0,    0,    0,    0,    0,    0,    0,    0,    0,
       0,    0,    0,    0,    0,    0,    0,  -15,    0,    0,    0,    0,    0,    0,    0,    0,    0,    0,    0,    0,    0,    0,    0,    0,    0,    0,    0,    0,    0,    0,    0,    0,    0,    0,    0,    0,    0,    0,    0,    0,    0,    0,    0,    0,    0,    0,    0,    0,    0,    0,    0,    0,    0,    0,    0,    0,    0,    0,    0,    0,    0,    0,    0,    0,    0,    0,    0,    0,    0,    0,  -18,    0,
       0,    0,    0,    0,    0,    0,    0,    0,    0,    0,  -12,    0,    0,  -12,    0,    0,    0,    0,    0,    0,    0,    0,    0,    0,    0,    0,    0,    0,    0,    0,    0,    0,    0,    0,    0,    0,    0,    0,    0,    0,    0,    0,    0,    0,    0,    0,    0,    0,    0,    0,    0,    0,    0,    0,    0,    0,    0,    0,    0,    0,    0,    0,    0,    0,    0,    0,    0,    0,    0,    0,    0,  -36,
       0,    0,    0,    0,    0,    0,    0,  -24,    0,    0,    0,    0,    0,    0,    0,    0,    0,    0,    0,    0,    0,    0,    0,    0,    0,    0,    0,    0,    0,    0,    0,    0,    0,    0,    0,    0,    0,    0,    0,    0,    0,    0,    0,    0,    0,    0,    0,    0,    0,    0,    0,    0,    0,    0,    0,    0,    0,    0,    0,    0,    0,    0,    0,    0,    0,    0,    0,    0,    0,    0,  -12,    0,
       0,    0,    0,    0,    0,    0,    0,    0,    0,    0,    0,    0,    0,    0,    0,    0,    0,    0,    0,    0,    0,    0,    0,    0,    0,    0,    0,    0,    0,    0,    0,    0,    0,    0,    0,    0,    0,    0,    0,    0,    0,    0,    0,    0,    0,    0,    0,    0,    0,    0,    0,    0,    0,    0,    0,    0,    0,    0,    0,    0,    0,    0,    0,    0,    0,    0,    0,    0,    0,    0,  -12,    0,
       0,    0,    0,    0,  -60,    0,  -48,  -72,    0,   -9,  -12,  -15,  -12,    0,  -12,    0,  -30,    0,    0,    0,    0,    0,    0,    0,    0,    0,    0,    0,    0,    0,    0,    0,    0,    0,    0,    0,    0,    0,    0,    0,    0,    0,    0,    0,    0,    0,    0,    0,    0,    0,    0,    0,    0,    0,    0,    0,    0,    0,    0,    0,    0,    0,    0,    0,    0,    0,    0,    0,    0,    0,  -54,    0,
       0,    0,    0,    0,    0,    0,    0,    0,    0,    0,    0,    0,    0,    0,    0,    0,    0,    0,    0,    0,    0,    0,    0,    0,    0,    0,    0,    0,    0,    0,    0,    0,    0,    0,    0,    0,    0,    0,    0,    0,    0,    0,    0,    0,    0,    0,    0,    0,    0,    0,    0,    0,    0,    0,    0,    0,    0,    0,    0,    0,    0,    0,    0,    0,    0,    0,    0,    0,    0,    0,  -18,    0,
       0,    0,    0,    0,    0,    0,    0,  -30,    0,    0,    0,    0,    0,    0,    0,    0,    0,    0,    0,    0,    0,    0,    0,    0,    0,    0,    0,    0,    0,    0,    0,    0,    0,    0,    0,    0,    0,    0,    0,    0,    0,    0,    0,    0,    0,    0,    0,    0,    0,    0,    0,    0,    0,    0,    0,    0,    0,    0,    0,    0,    0,    0,    0,    0,    0,    0,    0,    0,    0,    0,  -24,    0,
       0,    0,    0,    0,    0,    0,    0,    0,    0,  -12,    0,    0,    0,    0,    0,    0,    0,    0,    0,    0,    0,    0,    0,    0,    0,    0,    0,    0,    0,    0,    0,    0,    0,    0,    0,    0,    0,    0,    0,    0,    0,    0,    0,    0,    0,    0,    0,    0,    0,    0,    0,    0,    0,    0,    0,    0,    0,    0,    0,    0,    0,    0,    0,    0,    0,    0,    0,    0,    0,    0,    0,    0,
       0,    0,    0,    0,    0,    0,    0,    0,    0,  -36,  -18,    0,    0,  -30,    0,    0,    0,    0,    0,    0,    0,    0,    0,    0,    0,    0,    0,    0,    0,    0,    0,    0,    0,    0,    0,    0,    0,    0,    0,    0,    0,    0,    0,    0,    0,    0,    0,    0,    0,    0,    0,    0,    0,    0,    0,    0,    0,    0,    0,    0,    0,    0,    0,    0,    0,    0,    0,    0,    0,    0,    0,    0,
       0,    0,    0,    0,    0,    0,    0,    0,    0,    0,    0,    0,    0,    0,    0,    0,    0,    0,    0,  -24,    0,    0,    0,  -45,    0,    0,    0,    0,    0,    0,    0,    0,    0,    0,    0,    0,    0,    0,    0,    0,    0,    0,    0,    0,    0,    0,    0,    0,    0,    0,    0,    0,    0,    0,    0,  -24,    0,    0,    0,   -9,    0,    0,    0,    0,    0,    0,    0,    0,    0,    0,    0,    0,
       0,    0,    0,    0,    0,    0,    0,    0,    0,    0,    0,    0,    0,    0,    0,    0,    0,    0,    0,    0,    0,    0,    0,    0,    0,    0,    0,   -4,    0,    0,    0,    0,    0,    0,    0,    0,    0,    0,    0,    0,    0,    0,    0,    0,    0,    0,    0,    0,   -2,    0,    0,    0,    0,    0,    0,    0,    0,    0,    0,    0,    0,    0,    0,    0,    0,    0,    0,    0,    0,    0,    0,    0,
       0,    0,    0,  -45,    0,  -30,    0,    0,    0,    0,    0,    0,    0,    0,    0,    0,    0,    0,    0,    0,    0,  -12,    0,    0,    0,  -30,  -12,  -45,  -24,    0,  -48,    0,    0,  -60,    0,    0,  -12,    0,  -12,   -6,    0,    0,    0,    0,   -3,   -6,  -30,  -27,    0,  -15,    0,    0,    0,    0,    0,    0,    0,  -48,  -12,  -12,    0,  -30,  -24,  -30,  -30,  -78,  -81,  -42,  -45,    0,    0,    0,
       0,    0,  -12,    0,    0,    0,    0,  -24,    0,    0,    0,    0,    0,    0,    0,    0,    0,    0,    0,    0,    0,    0,    0,    0,    0,   -9,    0,   -5,   -4,   -7,  -14,    0,    0,    0,    0,    0,   -1,   -2,    0,   -3,    0,    0,    0,    0,    0,    0,    0,    0,   -2,    0,    0,    0,    0,    0,    0,    0,    0,  -14,    0,   -1,   -2,   -9,   -4,    0,    0,    0,    0,    0,    0,    0,    0,    0,
       0,    0,   12,    0,    0,    0,    0,    0,    0,    0,    0,    0,    0,    0,    0,    0,    0,    0,    0,    0,    0,    0,    0,    0,    0,    0,    0,    0,    0,    0,    0,    0,    0,    0,    0,    0,    0,    0,    0,    0,    0,    0,    0,    0,    0,    0,    0,    0,    0,    0,    0,    0,    0,    0,    0,    0,    0,    0,    0,    0,    0,    0,    0,    0,    0,    0,   24,    0,   24,    0,    0,    0,
       0,    0,  -18,    0,    0,    0,  -12,  -24,    0,    0,    0,    0,    0,    0,    0,    0,    0,    0,    0,  -12,    0,    0,   -9,   -9,    0,  -18,    0,  -18,   -3,  -21,  -21,  -27,    0,  -30,    0,    0,    0,    0,    0,    0,    0,    0,    0,    0,    0,    0,    0,    0,   -6,    0,   -1,  -15,    0,    0,    0,  -12,    0,  -21,    0,    0,    0,  -18,   -3,    0,    0,    0,    0,    0,    0,    0,    0,    0,
       0,    0,    0,    0,    0,    0,    0,    0,    0,    0,    0,    0,    0,    0,    0,    0,    0,    0,    0,    0,    0,    0,    0,   -6,    0,    0,    0,    0,    0,    0,    0,    0,    0,    0,    0,    0,   -3,    0,    0,   -6,    0,    0,    0,    0,    0,   -6,   -9,    0,    0,   -6,    0,    0,    0,    0,    0,    0,    0,    0,    0,   -3,    0,    0,    0,    0,    0,    0,    0,    0,    0,    0,    0,    0,
       0,    0,    0,    0,  -48,    0,  -48,    0,    0,    0,    0,    0,    0,    0,    0,    0,    0,    0,    0,  -36,    0,   -5,    0,  -72,   -3,    9,    0,    0,    0,   -3,    0,    0,    0,    0,    0,    0,   -9,    0,    0,   -6,    0,   -5,   -5,   -6,    0,   -9,   -3,    0,   -9,    0,   -3,    0,    0,    0,    0,  -36,  -70,    0,    0,   -9,    0,    9,    0,    0,    0,    0,    0,    0,    0,    0,    0,    0,
       0,    0,    0,    0,    0,    0,    0,  -24,    0,    0,    0,    0,    0,    0,    0,    0,    0,    0,    0,   -6,    0,    0,   -6,    0,    0,  -15,    0,   -9,   -6,    0,  -14,    0,    0,  -30,    0,    0,    0,    0,    0,    0,    0,    0,    0,    0,    0,    0,    0,    0,    0,    0,    0,    0,    0,    0,    0,   -6,    0,  -14,    0,    0,    0,  -15,   -6,    0,    0,    0,    0,    0,    0,    0,    0,    0,
       0,    0,    0,    0,    0,    0,    0,    0,    0,    0,    0,    0,    0,    0,    0,    0,    0,    0,    0,    0,    0,   -9,    0,    0,    0,    0,    0,    0,    0,    0,    0,    0,    0,    0,    0,    0,    0,    0,    0,    0,    0,    0,    0,    0,    0,    0,    0,    0,    0,    0,    0,    0,    0,    0,    0,    0,    0,    0,    0,    0,    0,    0,    0,    0,    0,    0,    0,    0,    0,    0,    0,    0,
       0,    0,   24,    0,  -42,    0,  -30,  -30,    0,    0,    0,    0,    0,    0,    0,    0,    0,    0,    0,  -45,    0,  -18,    0,  -30,    0,    0,    0,    0,    0,    0,    0,    0,    0,    0,   18,    0,  -30,    0,  -30,  -30,    0,  -24,  -24,  -24,    0,  -30,  -24,  -12,    0,  -24,  -12,   24,    0,    0,    0,  -45,    0,    0,  -30,  -30,    0,    0,    0,    0,    0,   36,   48,   36,   48,    0,    0,    0,
       0,    0,    0,    0,    0,  -54,    0,    0,    0,    0,    0,    0,    0,    0,    0,    0,    0,    0,    0,    0,    0,  -27,    0,  -18,   -6,    0,   -9,   -3,   -3,    0,   12,    0,    0,    0,    0,    0,  -27,    0,    0,    0,    0,   -5,   -5,   -2,   -2,   -7,  -24,  -24,    0,  -24,    0,    0,    0,    0,    0,    0,    0,   12,    0,  -27,    0,    0,   -3,  -54,  -54,    0,    0,    0,    0,    0,    0,    0,
       0,    0,    0,  -45,    0,  -36,    0,    0,    0,    0,    0,    0,    0,    0,    0,    0,    0,    0,    0,    0,    0,  -12,    0,    0,    0,  -50,  -12,  -45,  -45,    0,  -72,    0,    0,  -60,    0,    0,  -12,    0,    0,    0,    0,    0,    0,    0,   -3,    0,  -14,   -3,    0,  -24,   12,    0,    0,    0,    0,    0,    0,  -72,    0,  -12,    0,  -50,  -45,  -36,  -36,  -72,  -60,  -72,  -60,    0,    0,    0,
       0,    0,    0,    0,  -77,    0,  -60,  -48,    0,    0,    0,    0,    0,    0,    0,    0,    0,    0,    0,  -39,    0,    0,    0,  -45,    0,    0,    0,    0,    5,   -9,    0,   -9,    0,  -30,    0,    0,   -6,    0,    5,   -6,    0,    0,    0,    0,    9,   -3,    6,    9,    0,    6,    0,    0,    0,    0,    0,  -39,    0,    0,    5,   -6,    0,    0,    5,    0,    0,   18,   30,   18,   30,    0,    0,    0,
       0,    0,  -18,    0,    0,    0,  -12,  -24,    0,    0,    0,    0,    0,    0,    0,    0,    0,    0,    0,  -12,    0,    0,   -9,   -9,    0,  -18,    0,  -18,   -3,  -21,  -21,  -27,    0,  -30,    0,   -6,    0,    0,    0,    0,    0,    0,    0,    0,    0,    0,    0,    0,   -6,    0,   -1,  -15,    0,    0,    0,  -12,    0,  -21,    0,    0,    0,  -18,   -3,    0,    0,    0,    0,    0,    0,    0,    0,    0,
       0,    0,    0,    0,    0,  -36,    0,    0,    0,    0,    0,    0,    0,    0,    0,    0,    0,    0,    0,    0,    0,   -6,    0,  -18,    0,  -12,   -3,  -18,   -1,    0,  -30,    0,    0,  -24,    0,    0,  -12,    0,    0,    0,    0,    0,    0,    0,    0,   -6,    0,    0,    0,    0,    0,    0,    0,    0,    0,    0,    0,  -30,    0,  -12,    0,  -12,   -1,  -36,  -36,    0,    0,    0,    0,    0,    0,    0,
       0,    0,    0,    0,    0,    0,    0,    0,    0,    0,    0,    0,    0,    0,    0,    0,    0,    0,    0,    0,    0,    0,    0,    0,    0,    0,    0,    0,    0,   -9,   -9,    0,    0,    0,    0,    0,    0,    0,    0,    0,    0,    0,    0,    0,    0,    0,    0,    0,    0,    0,    0,    0,    0,    0,    0,    0,    0,   -9,    0,    0,    0,    0,    0,    0,    0,    0,    0,    0,    0,    0,    0,    0,
       0,  -33,    0,    0,  -60,  -60,  -60,  -36,    0,    0,    0,    0,    0,    0,    0,    0,    0,    0,    0,  -30,    0,  -18,    0,  -48,    0,   18,    0,    6,    6,    0,    6,    0,    0,    0,    0,    0,  -60,    0,    0,  -27,    0,  -36,  -12,  -60,    0,  -60,   -6,  -42,   -9,  -30,  -42,    0,    0,    0,    0,  -30,  -67,    6,    0,  -60,    0,   18,    6,  -60,  -60,    0,    0,    0,    0,    0,    0,    0,
       0,    0,    0,    0,    0,    0,    0,    0,    0,    0,    0,    0,    0,    0,    0,    0,    0,    0,    0,  -12,    0,    0,    0,   -6,   -6,    0,    0,    0,    0,   -6,   -6,    0,    0,    0,    0,    0,    0,    0,    0,    0,    0,    0,    0,    0,    0,    0,    0,    0,   -3,    0,    0,    0,    0,    0,    0,  -12,    0,   -6,    0,    0,    0,    0,    0,    0,    0,    0,    0,    0,    0,    0,    0,    0,
       0,  -30,    0,    0,  -72,    0,  -60,  -48,    0,    0,    0,    0,    0,    0,    0,    0,    0,    4,   -4,  -45,    0,  -18,    0,  -60,   -6,    6,    0,    0,    0,    0,    0,    0,  -60,    0,    0,  -17,  -36,    0,    0,  -12,    0,  -12,   -8,   -9,    0,  -15,    0,    0,    0,    0,   -3,  -60,   -4,   -7,  -12,  -45,  -74,    0,    0,  -36,    0,    6,    0,    0,  -60,    0,    0,    0,    0,   -5,    0,    0,
       0,  -18,    0,    0,  -48,    0,  -48,  -48,    0,    0,    0,    0,    0,    0,    0,    0,    0,    0,    0,  -24,    0,   -3,    0,  -48,   -6,    6,    0,    0,    0,    0,    0,    0,  -42,    0,    0,    0,  -15,    0,    0,  -12,    0,   -2,   -2,    0,    0,   -6,    0,    0,    0,    0,    0,  -42,    0,    0,    0,  -24,    0,    0,    0,  -15,    0,    6,    0,    0,  -42,    0,    0,    0,    0,    0,    0,    0,
       0,    0,    0,    0,    0,    0,    0,    0,    0,    0,    0,    0,    0,    0,    0,    0,    0,    0,    0,    0,    0,  -21,    0,    0,   -9,    0,   -6,    0,    0,    0,    0,    0,  -48,    0,    0,    0,  -15,    0,    0,   -1,    0,    0,    0,    0,    0,   -6,  -16,  -10,    0,  -14,    0,  -48,    0,    0,    0,    0,    0,    0,    0,  -15,    0,    0,    0,    0,  -48,    0,    0,    0,    0,    0,    0,    0,
       0,  -30,    0,    0,  -72,    0,  -72,  -72,    0,    0,    0,    0,    0,    0,    0,    0,    0,    0,    0,  -48,    0,  -21,    0,  -72,  -15,    6,   -6,    0,    0,    0,    0,    0,  -60,    0,    0,    0,  -48,    0,    0,  -48,    0,  -14,  -13,  -22,    0,  -12,   -6,   -6,  -12,   -6,   -6,  -60,    0,    0,    0,  -48,    0,    0,    0,  -48,    0,    6,    0,    0,  -72,    0,    0,    0,    0,    0,    0,    0,
       0,    0,    0,    0,    0,    0,    0,    0,    0,    0,    0,    0,    0,    0,    0,    0,    0,    0,    0,    0,    0,   -3,    0,    0,    0,    0,    0,    0,    0,    0,    0,    0,    0,    0,    0,    0,   -3,    0,    0,    0,    0,    0,    0,    0,    0,   -3,   -3,    0,    0,    0,    0,    0,    0,    0,    0,    0,    0,    0,    0,   -3,    0,    0,    0,    0,    0,    0,    0,    0,    0,    0,    0,    0,
       0,    0,    0,    0,    0,    0,    0,    0,    0,  -24,  -30,    0,    0,    0,    0,    0,    0,    0,    0,  -30,    0,    0,    0,  -66,    0,  -60,    0,  -60,  -42,  -48,  -72,    0,    0,    0,    0,    0,    0,    0,    0,    0,    0,    0,    0,    0,    0,    0,  -12,  -12,  -24,  -12,    0,    0,    0,    0,    0,    0,    0,    0,    0,    0,    0,    0,    0,    0,    0,    0,    0,    0,    0,    0,    0,    0,
       0,    0,    0,    0,    0,    0,    0,    0,    0,    0,    0,    0,    0,    0,    0,    0,    0,    0,    0,    0,    0,  -30,    0,    0,    0,  -36,    0,  -24,  -24,    0,  -48,    0,    0,  -55,    0,    0,    0,    0,    0,    0,   36,    0,    0,    0,    0,    0,   -4,    0,   -1,    0,    0,    0,    0,    0,    0,    0,    0,  -48,   -4,  -13,    0,  -36,  -24,    0,    0,    0,    0,    0,    0,    0,    0,    0,
       0,    0,    0,    0,    0,    0,    0,    0,    0,    0,    0,    0,    0,    0,    0,    0,    0,    0,    0,    0,    0,    0,    0,    0,    0,    0,    0,  -17,    0,    0,    0,    0,    0,    0,    0,    0,    0,    0,    0,    0,    0,    0,    0,    0,    0,    0,  -13,    0,    0,    0,    0,    0,    0,    0,    0,    0,    0,    0,    0,  -20,    5,    0,    0,    0,    0,    0,    0,    0,    0,    0,    0,    0,
       0,    0,    0,    0,    0,    0,    0,    0,    0,    0,    0,    0,    0,    0,    0,    0,    0,    0,    0,   12,    0,  -12,    0,    0,    0,  -39,   -6,  -17,   -6,    0,  -32,    0,    0,  -18,    0,    0,    0,    0,    0,    0,    0,    0,    0,    0,    0,   -6,   -7,   -4,    0,   -7,    0,    0,    0,    0,    0,   12,    0,  -32,    0,    0,    0,  -39,   -6,    0,    0,    0,    0,    0,    0,    0,    0,    0,
       0,    0,  -15,    0,    0,    0,    0,  -30,    0,    0,    0,    0,    0,    0,    0,    0,    0,    0,    0,    0,    0,    0,    0,    0,    0,  -29,    0,  -14,   -9,  -10,  -23,   -6,    0,  -30,    0,    0,    0,    0,  -12,    0,    0,    0,    0,    0,    0,    0,   -9,  -12,  -12,  -12,   -6,  -15,    0,    0,    0,    0,    0,  -23,  -12,    0,    0,  -29,   -9,    0,    0,    0,    0,    0,    0,    0,    0,    0,
       0,    0,    0,    0,    0,    0,    0,    0,    0,    0,    0,    0,    0,    0,    0,    0,    0,    0,    0,    0,    0,    0,    0,    0,    0,  -18,    0,   -9,   -6,   -3,  -21,    0,    0,    0,    0,    0,    0,    0,    0,    0,    0,    0,    3,    0,    0,    0,    0,    0,    0,   -9,    0,    0,    0,    0,    0,    0,    0,  -21,    0,    0,    0,  -18,   -6,    0,    0,    0,   18,    0,   18,    0,    0,    0,
       0,    0,    0,    0,    0,    0,    0,    0,    0,    0,    0,    0,    0,    0,    0,    0,    0,    0,    0,    0,    0,    0,    0,    0,    0,    0,    0,    0,    0,    0,    0,    0,    0,    0,    0,    0,    0,    0,    0,    0,    0,    0,    0,    0,    0,   10,    0,    0,    0,    0,    0,    0,    0,    0,    0,    0,    0,    0,    0,    0,    0,    0,    0,    0,    0,    0,    0,    0,    0,    0,    0,    0,
       0,    0,    0,    0,    0,    0,    0,    0,    0,    0,    0,    0,    0,    0,    0,    0,    0,    0,    0,    0,    0,    0,    0,    0,    0,  -27,    0,  -12,   -6,   -6,  -21,    0,    0,  -24,    0,    0,    0,    0,    0,   -3,    0,    0,    0,    0,    0,    0,   -6,   -6,   -2,   -6,    0,    0,    0,    0,    0,    0,    0,  -21,    0,    0,    0,  -27,   -6,    0,    0,    0,    0,    0,    0,    0,    0,    0,
       0,    0,   18,   18,    0,    0,    0,  -12,    0,    0,    0,    0,    0,    0,    0,    0,    0,    0,    0,  -12,    0,    0,    0,    0,    0,   36,    0,   33,   30,   30,   30,   30,    0,    0,   24,    0,  -12,    0,    0,    0,    0,    0,    0,    0,    2,    0,    6,    1,    0,    0,    2,    0,    0,    0,    0,  -12,    0,   30,    0,  -12,    0,   36,   30,    0,    0,   18,   24,   18,   24,    0,    0,    0,
       0,    0,    0,    0,   -3,    0,    0,    0,    0,    0,    0,    0,    0,    0,    0,    0,    0,    0,    0,   -9,    0,   -6,    0,    0,   -3,    0,    0,    0,    0,    0,   -9,    0,    0,  -18,    0,    0,    0,    0,    0,    0,    6,    0,    0,   -6,    0,   -5,    0,    0,    0,    0,    0,    0,    0,    0,    0,   -9,    0,   -9,    0,    0,    0,    0,    0,    0,    0,    0,    0,    0,    0,    0,    0,    0,
       0,    0,    0,    0,    0,    0,    0,    0,    0,    0,    0,    0,    0,    0,    0,    0,    0,    0,    0,    0,    0,    0,    0,    0,    0,  -18,    0,  -18,    0,    0,  -15,    0,    0,  -24,    0,    0,    0,    0,    0,    0,    0,    0,    0,    0,    0,    0,    0,    0,    0,   -3,    0,    0,    0,    0,    0,    0,    0,  -15,    0,    0,    0,  -18,    0,    0,    0,    0,    0,    0,    0,    0,    0,    0,
       0,    0,    0,    0,    0,    0,    0,    0,    0,    0,    0,    0,    0,    0,    0,    0,    0,    0,    0,    0,    0,    0,    0,    0,    0,  -18,    0,    0,    0,    0,    0,    0,    0,    0,    0,    0,    0,    0,    0,    0,    0,    0,    0,    0,    0,    0,    0,    0,    0,    0,    0,    0,    0,    0,    0,    0,    0,    0,    0,    0,    0,  -18,    0,    0,    0,    0,    0,    0,    0,    0,    0,    0,
       0,    0,    0,    0,    0,    0,    0,    0,    0,    0,    0,    0,    0,    0,    0,    0,    0,    0,    0,    0,    0,    0,    0,    0,    0,  -18,   -6,    0,    0,    0,    0,    0,    0,    0,    0,    0,    0,    0,    0,    0,    3,    0,    0,    0,    0,    0,    0,    0,    0,    0,    0,    0,    0,    0,    0,    0,    0,    0,    0,    0,    0,  -18,    0,    0,    0,    0,    0,    0,    0,    0,    0,    0,
       0,    0,    0,    0,    0,    0,    0,    0,    0,    0,    0,    0,    0,    0,    0,    0,    0,    0,    0,    0,    0,   -6,    0,    0,    0,    0,    0,    0,    0,    0,  -12,    0,    0,  -24,    0,    0,  -13,   -3,    0,  -12,   -3,    0,    0,   -3,    0,   -3,    0,    0,    0,    0,    0,    0,    0,    0,    0,    0,    0,  -12,    0,  -13,   -3,    0,    0,    0,    0,    0,    0,    0,    0,    0,    0,    0,
       0,    0,    0,    0,    0,    0,    0,    0,    0,    0,    0,    0,    0,    0,    0,    0,    0,    0,    0,    0,    0,  -12,    0,    0,    0,  -15,    0,  -18,  -12,    0,  -18,    0,    0,    0,    0,    0,   -6,    0,    0,   -6,   -8,    0,    0,    0,   -2,   -3,  -15,   -9,    0,   -9,    0,    0,    0,    0,    0,    0,    0,  -18,    0,   -6,    0,  -15,  -12,    0,    0,    0,    0,    0,    0,    0,    0,    0,
       0,    0,   18,    0,    0,    0,    0,    0,    0,    0,    0,    0,    0,    0,    0,    0,    0,    0,    0,    0,    0,    0,    0,    0,    0,  -12,    0,  -10,    0,    0,   -9,    0,    0,   -4,    0,    1,    0,    0,    0,    0,   12,    0,    0,    0,    0,    0,    0,    0,    0,    0,    0,    0,    0,    0,    0,    0,    0,   -9,    0,    0,    0,  -12,    0,    0,    0,    0,    0,    0,    0,    0,    0,    0,
       0,    0,    0,   12,  -42,    0,  -68,  -12,    0,    0,    0,    0,    0,    0,    0,    0,    0,    0,    0,  -18,    0,    0,    0,    0,    0,   -6,    0,    0,    0,   -9,    0,    0,  -18,    0,    0,    0,  -13,    0,    0,   -9,   -6,    0,    0,    0,   12,    0,   30,   30,    0,    0,    0,  -18,    0,    0,    0,  -18,    0,    0,    0,  -13,    0,   -6,    0,    0,    0,    0,   30,    0,   30,    0,    0,    0,
       0,    0,    0,    0,    0,    0,    0,    0,    0,    0,    0,    0,    0,    0,    0,    0,    0,    0,    0,    0,    0,   -3,    0,    0,    0,  -27,    0,   -3,    0,   -3,  -12,    0,    0,    0,    0,    0,    0,    0,    0,    0,    0,    0,    0,    0,    0,    0,    0,    0,   -3,    0,    0,    0,    0,    0,    0,    0,    0,  -12,    0,    0,    0,  -27,    0,    0,    0,    0,    0,    0,    0,    0,    0,    0,
       0,    0,    0,    0,  -12,    0,    0,    0,    0,    0,    0,    0,    0,    0,    0,    0,    0,    0,    0,    0,    0,    0,    0,    0,    0,    0,    0,    0,    0,    0,    0,    0,    0,    0,    0,    0,   -3,    0,  -15,   -3,    0,    0,    0,   12,    0,    0,    0,    0,    0,    0,    0,    0,    0,    0,    0,    0,    0,    0,  -15,   -3,    0,    0,    0,    0,    0,    0,    0,    0,    0,    0,    0,    0,
       0,    0,    0,    0,    0,    0,    0,    0,    0,    0,    0,    0,    0,    0,    0,    0,    0,    0,    0,    0,    0,    0,    0,    0,    0,  -18,    0,   -6,   -6,    0,   -9,    0,    0,    0,    0,    0,    0,    0,    0,   -6,    0,    0,    0,    0,    0,    0,    0,    0,    0,    0,    0,    0,    0,    0,    0,    0,    0,   -9,    0,    0,    0,  -18,   -6,    0,    0,    0,    0,    0,    0,    0,    0,    0,
       0,  -18,    0,    4,  -24,    0,  -24,  -12,    0,    0,    0,    0,    0,    0,    0,    0,    0,    2,    0,  -15,    0,    0,    0,    0,    0,   -6,    0,    0,    0,  -16,   -6,  -12,  -12,   -1,    0,  -13,   -9,    0,    0,   -6,    0,    0,    0,   -3,   30,    0,   30,    0,    0,    0,    0,  -12,    0,    0,   -7,  -15,    0,   -6,    0,  -11,    0,   -6,    0,    0,    0,    0,    0,    0,    0,    0,    0,    0,
       0,  -18,    0,    0,  -24,    0,  -24,  -12,    0,    0,    0,    0,    0,    0,    0,    0,    0,    0,    0,   -3,    0,    0,    0,    0,    0,   -6,    0,    0,    0,  -10,   -6,   -3,  -12,    0,    0,    0,   -9,    0,    0,   -9,    0,    0,    0,   -3,   30,    0,   24,    0,    0,    0,    0,  -12,    0,    0,    0,   -3,    0,   -6,    0,   -9,    0,   -6,    0,    0,    0,    0,    0,    0,    0,    0,    0,    0,
       0,   -2,    0,    0,    0,    0,    0,   -1,    0,    0,    0,    0,    0,    0,    0,    0,    0,    0,    0,    0,    0,   -6,    0,    0,    0,   -9,   -3,    0,    0,    0,  -12,    0,  -24,   -4,    0,    0,  -18,    0,    0,    0,    0,    0,    0,   -3,    0,   -3,    0,    0,    0,    0,    0,  -24,    0,   -4,    0,    0,    0,  -12,    0,  -20,    0,   -9,    0,    0,    0,    0,    0,    0,    0,    0,    0,    0,
       0,  -18,    0,    0,    0,    0,  -24,  -12,    0,    0,    0,    0,    0,    0,    0,    0,    0,    0,    0,  -15,    0,    0,    0,    0,    0,   -6,    0,    0,    0,  -12,   -6,   -6,  -12,    0,    0,    0,   -6,    0,    0,   -9,    0,    0,    0,   -6,    0,    0,    0,    0,    0,    0,    0,  -12,    0,    0,    0,  -15,    0,   -6,    0,   -6,    0,   -6,    0,    0,    0,    0,    0,    0,    0,    0,    0,    0,
       0,    0,    0,    0,    0,    0,    0,    0,    0,    0,    0,    0,    0,    0,    0,    0,    0,    0,    0,    0,    0,    0,    0,    0,    0,   -6,    0,    0,    0,    0,   -6,    0,    0,  -24,    0,    0,   -6,    0,    0,    0,    0,    0,    0,    0,    0,    0,    0,    0,    0,    0,    0,    0,    0,    0,    0,    0,    0,   -6,    0,   -6,    0,   -6,    0,    0,    0,    0,    0,    0,    0,    0,    0,    0,
       0,    0,    0,    0,    0,    0,    0,    0,    0,  -24,  -30,    0,    0,    0,    0,    0,    0,    0,    0,  -30,    0,  -15,    0,  -60,    0,  -60,    0,  -60,  -42,  -48,  -72,    0,    0,    0,    0,    0,  -15,    0,    0,    0,    0,    0,    0,    0,    0,    0,  -12,  -12,  -24,  -12,    0,    0,    0,    0,    0,    0,    0,    0,    0,  -15,    0,    0,    0,    0,    0,    0,    0,    0,    0,    0,    0,    0,
       0,    0,    0,    0,    0,    0,    0,    0,    0,  -24,  -30,    0,    0,    0,    0,    0,    0,    0,    0,  -30,    0,    0,    0,  -30,    0,  -60,    0,  -60,  -42,  -48,  -72,    0,    0,    0,    0,    0,    0,    0,    0,    0,    0,    0,    0,    0,    0,    0,  -12,  -12,  -24,  -12,    0,    0,    0,    0,    0,    0,    0,    0,    0,    0,    0,    0,    0,    0,    0,    0,    0,    0,    0,    0,    0,    0,
       0,    0,    0,    0,    0,    0,    0,    0,    0,    0,    0,    0,    0,    0,    0,    0,    0,    0,    0,    0,    0,    0,    0,    0,    0,    0,    0,   -4,    0,    0,    0,    0,    0,    0,    0,    0,    0,    0,    0,    0,    0,    0,    0,    0,    0,    0,    0,    0,    0,    0,    0,    0,    0,    0,    0,    0,    0,    0,    0,    0,    0,    0,    0,    0,    0,    0,    0,    0,    0,    0,    0,    0,
       0,    0,    0,    0,    0,    0,    0,    0,  -24,  -18,    0,  -18,    0,    0,    0,    0,    0,    0,    0,    0,    0,    0,    0,    0,    0,    0,    0,    0,    0,    0,    0,    0,    0,    0,    0,    0,    0,    0,    0,    0,    0,    0,    0,    0,    0,    0,    0,    0,    0,    0,    0,    0,    0,    0,    0,    0,    0,    0,    0,    0,    0,    0,    0,    0,    0,    0,    0,    0,    0,    0,    0,    0,
       0,    0,    0,    0,    0,    0,    0,    0,    0,    0,    0,    0,    0,    0,    0,    0,    0,    0,    0,    0,    0,    0,    0,    0,    0,    0,    0,   -7,    0,    0,    0,    0,    0,    0,    0,    0,    0,    0,    0,    0,    0,    0,    0,    0,    0,    0,    0,    0,   -4,    0,    0,    0,    0,    0,    0,    0,    0,    0,    0,    6,    0,    0,    0,    0,    0,    0,    0,    0,    0,    0,    0,    0,
       0,    0,    0,    0,    0,    0,    0,    0,    0,    0,    0,    0,    0,    0,    0,    0,    0,    0,    0,    0,    0,    0,    0,    0,    0,    0,    0,  -10,    0,    0,    0,    0,    0,    0,    0,    0,    0,    0,    0,    0,    0,    0,    0,    0,    0,    0,   -5,    0,    0,    0,    0,    0,    0,    0,    0,    0,    0,    0,    0,  -18,    0,    0,    0,    0,    0,    0,    0,    0,    0,    0,    0,    0,
       6,    0,    0,   -3,  -77,    0,  -60,  -24,    0,    0,    0,    0,    0,    0,    0,    0,    0,    0,    0,  -39,    0,    0,    0,  -45,    0,    0,    0,    0,    5,   -9,    0,   -9,    0,  -12,    0,  -32,   -6,    0,    5,   -6,    0,    0,    0,    0,    9,   -3,    8,    9,   -2,    6,    0,    0,   12,   15,  -12,  -39,    0,    0,    5,   -6,    0,    0,    5,    0,    0,   18,   30,   18,   30,    2,    0,    0,
       0,    0,  -15,  -12,    0,    0,    0,   -7,    0,    0,    0,    0,    0,    0,    0,    0,    0,    0,    0,    0,    0,    0,    0,    0,    0,  -29,    0,  -14,   -9,  -10,  -23,   -6,    0,   -3,    0,  -20,    0,    0,  -12,    0,    0,    0,    0,    0,    0,    0,  -11,  -12,  -14,  -12,   -6,  -15,    0,    6,    0,    0,    0,  -23,  -12,    0,    0,  -29,   -9,    0,    0,    0,    0,    0,    0,    0,    0,    0,
       0,    0,  -18,   -9,    0,    0,  -12,  -17,    0,    0,    0,    0,    0,    0,    0,    0,    0,    0,    0,  -12,    0,    0,   -9,   -9,    0,  -18,    0,  -18,   -3,  -21,  -21,  -27,    0,  -30,    0,  -32,    0,    0,    0,    0,    0,    0,    0,    0,    0,    0,    0,    0,   -8,    0,   -1,  -15,    0,    6,  -12,  -12,    0,  -21,    0,    0,    0,  -18,   -3,    0,    0,    0,    0,    0,    0,    0,    0,    0,
       0,    0,    0,    0,    0,    0,    0,    0,    0,    0,    0,    0,    0,    0,    0,    0,    0,    0,    0,    0,   37,    0,    0,    0,    0,    0,    0,    0,    0,    0,    0,    0,    0,    0,    0,    0,    0,   52,    0,    0,    0,    0,    0,    0,    7,    0,    0,    0,    0,    0,    0,    0,    0,    0,    0,    0,    0,    0,    0,    0,   52,    0,    0,    0,    0,    0,    0,    0,    0,    0,    0,    0,
       0,    0,    0,    0,   -1,    0,    0,    0,    0,    0,    0,    0,    0,    0,    0,    0,    0,    0,    0,   -9,    0,   -6,    0,    0,   -3,    0,    0,    0,    0,    0,   -9,    0,    0,  -18,    0,    0,    0,    0,    0,    0,    6,    0,    0,   -6,    0,   -5,    0,    0,    0,    0,    0,    0,    0,    0,    0,   -9,    0,   -9,    0,    0,    0,    0,    0,    0,    0,    0,    0,    0,    0,    0,    0,    0,
       0,    0,    0,    0,    0,  -36,    0,    0,    0,    0,    0,    0,    0,    0,    0,    0,    0,    0,    0,    0,    0,   -6,    0,  -18,    0,  -12,   -3,  -18,   -1,    0,  -30,    0,    0,  -24,    0,    0,  -12,    0,    0,    0,    0,    0,    0,    0,    0,   -6,    0,    0,    0,    0,    0,    0,    0,    0,    0,    0,    0,  -30,    0,  -12,    0,  -12,   -1,    0,  -36,    0,    0,    0,    0,    0,    0,    0,
       0,    0,    0,    0,    0,    0,    0,    0,    0,    0,    0,    0,    0,    0,    0,    0,    0,    0,    0,  -81,    0,    0,    0, -128,    0,    0,    0,    0,    0,    0,    0,    0,    0,    0,    0,    0,    0,    0,    0,  -24,    0,    0,    0,  -24,    0,    0,    0,    0,    0,    0,    0,    0,    0,    0,    0,  -81,    0,    0,    0,    0,    0,    0,    0,    0,    0,    0,    0,    0,    0,    0,    0,    0,
       0,    0,    0,    0,    0,    0,    0,    0,    0,    0,    0,    0,    0,    0,    0,    0,    0,    0,    0,  -36,    0,    0,    0,  -72,    0,    0,    0,    0,    0,    0,    0,    0,    0,    0,    0,    0,  -24,    0,    0,  -30,    0,  -18,    0,    0,    0,    0,    0,    0,    0,    0,    0,    0,    0,    0,    0,  -36,    0,    0,    0,  -24,    0,    0,    0,    0,    0,    0,    0,    0,    0,    0,    0,    0,
       0,    0,    0,    0,    0,    0,    0,    0,    0,    0,    0,    0,    0,    0,    0,    0,    0,    0,    0,  -45,    0,    0,    0,  -72,    0,    0,    0,    0,    0,    0,    0,    0,    0,    0,    0,    0,    0,    0,    0,  -24,    0,    0,    0,  -24,    0,    0,    0,    0,    0,    0,    0,    0,    0,    0,    0,  -45,    0,    0,    0,    0,    0,    0,    0,    0,    0,    0,    0,    0,    0,    0,    0,    0,
       0,    0,    0,    0,    0,    0,    0,    0,    0,    0,    0,    0,    0,    0,    0,    0,    0,    0,    0,  -45,    0,    0,    0,  -60,    0,    0,    0,    0,    0,    0,    0,    0,    0,    0,    0,    0,  -24,    0,    0,  -30,    0,    0,    0,    0,    0,    0,    0,    0,    0,    0,    0,    0,    0,    0,    0,  -45,    0,    0,    0,  -24,    0,    0,    0,    0,    0,    0,    0,    0,    0,    0,    0,    0,
       0,    0,    0,    0,    0,    0,    0,    0,    0,    0,    0,    0,    0,    0,    0,    0,    0,    0,    0,    0,    0,    0,    0,    0,    0,    0,    0,   -5,    0,    0,    0,    0,    0,    0,    0,    0,    0,    0,    0,    0,    0,    0,    0,    0,    0,    0,    0,    0,    0,    0,    0,    0,    0,    0,    0,    0,    0,    0,    0,    0,    0,    0,    0,    0,    0,    0,    0,    0,    0,    0,    0,    0,
       0,    0,    0,    0,    0,    0,    0,    0,  -30,    0,    0,    0,    0,    0,  -18,  -24,    0,    0,    0,    0,    0,    0,    0,    0,    0,    0,    0,    0,    0,    0,    0,    0,    0,    0,    0,    0,    0,    0,    0,    0,    0,    0,    0,    0,    0,    0,    0,    0,    0,    0,    0,    0,    0,    0,    0,    0,    0,    0,    0,    0,    0,    0,    0,    0,    0,    0,    0,    0,    0,    0,    0,    0,
       0,    0,    0,    0,    0,    0,    0,    0,    0,  -24,    0,    0,    0,    0,    0,    0,    0,    0,    0,    0,    0,    0,    0,    0,    0,    0,    0,    0,    0,    0,    0,    0,    0,    0,    0,    0,    0,    0,    0,    0,    0,    0,    0,    0,    0,    0,    0,    0,    0,    0,    0,    0,    0,    0,    0,    0,    0,    0,    0,    0,    0,    0,    0,    0,    0,    0,    0,    0,    0,    0,    0,    0,
       0,    0,    0,    0,    0,    0,    0,    0,    0,    0,    0,  -48,    0,    0,    0,    0,    0,    0,    0,    0,    0,    0,    0,    0,    0,    0,    0,    0,    0,    0,    0,    0,    0,    0,    0,    0,    0,    0,    0,    0,    0,    0,    0,    0,    0,    0,    0,    0,    0,    0,    0,    0,    0,    0,    0,    0,    0,    0,    0,    0,    0,    0,    0,    0,    0,    0,    0,    0,    0,    0,    0,    0,
};

static const EpdLigaturePair lexenddeca_18_regularLigaturePairs[] = {
    { 0x00660069, 0xFB01 }, // f i -> U+FB01
    { 0x0066006C, 0xFB02 }, // f l -> U+FB02
};

static const EpdFontData lexenddeca_18_regular = {
    lexenddeca_18_regularBitmaps,
    lexenddeca_18_regularGlyphs,
    lexenddeca_18_regularIntervals,
    57,
    47,
    38,
    -10,
    true,
    lexenddeca_18_regularGroups,
    11,
    nullptr,
    lexenddeca_18_regularKernLeftClasses,
    lexenddeca_18_regularKernRightClasses,
    lexenddeca_18_regularKernMatrix,
    400,
    396,
    87,
    72,
    lexenddeca_18_regularLigaturePairs,
    2,
};
