/**
 * generated by fontconvert.py
 * name: lexenddeca_12_regular
 * size: 12
 * mode: 2-bit  compressed: true
 * Command used: fontconvert.py lexenddeca_12_regular 12 ../builtinFonts/source/LexendDeca/LexendDeca-Regular.ttf ../builtinFonts/source/NotoEmoji/NotoEmoji-Regular.ttf ../builtinFonts/source/NotoSymbols/NotoSansSymbols-Regular.ttf ../builtinFonts/source/NotoSymbols2/NotoSansSymbols2-Regular.ttf --additional-intervals 0x2600,0x26FF --additional-intervals 0x1F600,0x1F64F --additional-intervals 0x0370,0x03FF --2bit --compress --pnum
 */
#pragma once
#include "EpdFontData.h"

static const uint8_t lexenddeca_12_regularBitmaps[36535] = {
    0x9D, 0x58, 0x3D, 0x8C, 0xDC, 0xC6, 0x15, 0x7E, 0x24, 0x4F, 0xB7, 0x8E, 0x88, 0x80, 0x2A, 0x24,
    0x03, 0x56, 0x0A, 0xB6, 0xB6, 0x90, 0x98, 0x75, 0x00, 0xEB, 0x66, 0x10, 0x23, 0x4D, 0x5C, 0x44,
    0x45, 0x36, 0x2E, 0x5C, 0xB8, 0x71, 0x61, 0x29, 0x40, 0xAE, 0x4D, 0x61, 0x1D, 0xE9, 0xA4, 0x48,
    0x91, 0xC2, 0xE7, 0x26, 0xB5, 0x0A, 0x15, 0xD6, 0x1A, 0x88, 0x52, 0xB8, 0x08, 0x90, 0x5B, 0x0E,
    0x81, 0x14, 0x29, 0xC3, 0x20, 0x48, 0xE5, 0x22, 0x4C, 0x1C, 0x05, 0x49, 0x5C, 0x88, 0x40, 0x28,
    0x88, 0x3A, 0x93, 0x9C, 0x7C, 0xDF, 0x0C, 0x6F, 0x4F, 0x77, 0x3A, 0xC9, 0x96, 0x97, 0xF3, 0x66,
    0x77, 0xC9, 0xF9, 0x79, 0x3F, 0xDF, 0xFB, 0x19, 0x5E, 0x91, 0x7C, 0x73, 0xED, 0xB8, 0xEB, 0x2A,
    0xAE, 0x6F, 0x0B, 0x3F, 0xAF, 0x88, 0xC1, 0xB5, 0xC7, 0x5F, 0xE7, 0x8B, 0x32, 0xA9, 0xD6, 0x69,
    0x71, 0x90, 0xEA, 0x3E, 0x95, 0xEE, 0x55, 0x69, 0xBF, 0x23, 0x72, 0x5E, 0xDE, 0x11, 0xC9, 0xA4,
    0x17, 0x51, 0xAE, 0x0B, 0x3A, 0x39, 0x6F, 0x3E, 0x3E, 0xD4, 0x89, 0xB5, 0xB6, 0x60, 0xA7, 0xE5,
    0x20, 0x6A, 0x44, 0x06, 0x76, 0xFD, 0xA2, 0x46, 0x17, 0x57, 0x72, 0x65, 0xBA, 0xFB, 0x1F, 0x51,
    0xD6, 0x4E, 0xBE, 0x8B, 0xDA, 0xA4, 0x90, 0xA8, 0x49, 0x35, 0xBA, 0x4C, 0x64, 0x51, 0xA3, 0x93,
    0x6D, 0x2D, 0x12, 0x17, 0x22, 0xBB, 0xB5, 0x44, 0x18, 0x83, 0xB5, 0x2A, 0xF5, 0xE9, 0xFD, 0x4A,
    0xBD, 0xF1, 0x4B, 0x51, 0xB8, 0xAF, 0x7E, 0x55, 0x48, 0x66, 0x0B, 0xDC, 0xEF, 0x24, 0xB4, 0x16,
    0x4C, 0xD8, 0x4A, 0xB2, 0xBC, 0x96, 0x2C, 0xA9, 0x5F, 0x03, 0x99, 0x2C, 0xAD, 0x0C, 0x78, 0x48,
    0xF1, 0x2C, 0xB4, 0x3D, 0x99, 0xF4, 0xB4, 0x85, 0x0D, 0x1A, 0xAC, 0xAE, 0x06, 0x49, 0xF5, 0xDE,
    0x1E, 0xF9, 0xCE, 0x64, 0x90, 0x2E, 0x05, 0xEB, 0x5D, 0x1A, 0xB5, 0xF8, 0x9B, 0x54, 0xB2, 0xB7,
    0x07, 0x6E, 0xB2, 0x41, 0x05, 0x7A, 0x7B, 0x7F, 0x48, 0x3B, 0x09, 0xBA, 0x7C, 0x00, 0x9F, 0xFD,
    0x8E, 0x24, 0x55, 0x97, 0x61, 0x26, 0x3A, 0x25, 0xE8, 0x0E, 0x64, 0xD8, 0xC1, 0xCC, 0x7C, 0xC0,
    0xCC, 0xB4, 0x75, 0x3A, 0x93, 0xF3, 0xFF, 0x44, 0x97, 0x83, 0x27, 0x01, 0xD3, 0x12, 0x0E, 0x09,
    0x44, 0xE8, 0x42, 0x91, 0x10, 0x6C, 0x48, 0x30, 0xA0, 0x0B, 0x27, 0x74, 0x09, 0xD8, 0x17, 0x75,
    0xBF, 0xBE, 0x28, 0x79, 0xDC, 0xDD, 0x94, 0x75, 0x38, 0x1E, 0xC8, 0x5A, 0xCC, 0x20, 0xA5, 0x28,
    0xAC, 0xA8, 0x93, 0x56, 0xD4, 0x3D, 0xFC, 0xA5, 0x1A, 0x25, 0xB0, 0x9D, 0xAA, 0xBC, 0x49, 0xCA,
    0xF5, 0x41, 0xDF, 0xB5, 0x10, 0xE4, 0x66, 0x30, 0x45, 0x5D, 0x52, 0x67, 0x85, 0x82, 0x85, 0xD6,
    0x10, 0xE2, 0xE8, 0x5A, 0x0B, 0xE5, 0xCA, 0x8A, 0xA4, 0x5E, 0x74, 0xC1, 0x28, 0x37, 0x65, 0x0B,
    0x52, 0xEF, 0x60, 0x33, 0xE8, 0xAB, 0x01, 0x2F, 0x8E, 0x89, 0x51, 0x68, 0x57, 0xE5, 0x5A, 0xA6,
    0xE7, 0xE6, 0xFF, 0xE6, 0x82, 0x25, 0x30, 0x06, 0x23, 0x31, 0x1E, 0xB3, 0x76, 0x9C, 0xDE, 0xA4,
    0x95, 0x0B, 0xAD, 0xBE, 0xFA, 0xB0, 0x82, 0xE2, 0xA3, 0x91, 0xEA, 0xC7, 0x6F, 0xDC, 0x91, 0xDF,
    0x7A, 0xB9, 0xD5, 0x49, 0x5A, 0xE6, 0x4B, 0x21, 0x0C, 0x48, 0x97, 0xF0, 0xFB, 0xF4, 0x73, 0xB2,
    0x94, 0x6B, 0x55, 0x24, 0x45, 0xA2, 0xA9, 0xC8, 0x0B, 0x72, 0x63, 0x25, 0xC6, 0xB2, 0x5D, 0x5A,
    0xCA, 0xCB, 0x93, 0x5D, 0x53, 0x53, 0xFB, 0x50, 0x14, 0x04, 0x4F, 0x0B, 0x3F, 0x87, 0x50, 0x04,
    0xF3, 0x01, 0x54, 0x09, 0xEE, 0x64, 0x01, 0x95, 0x43, 0xBD, 0x92, 0x62, 0x88, 0xD2, 0x8E, 0x73,
    0x0A, 0x46, 0xF9, 0x42, 0x3C, 0x86, 0x51, 0x24, 0xAE, 0xFD, 0x0A, 0x90, 0xCE, 0xAD, 0x70, 0x91,
    0x3B, 0xDF, 0x00, 0xE0, 0x80, 0x8A, 0x04, 0xC8, 0xCA, 0x6A, 0xA3, 0x95, 0xCE, 0xAA, 0x1C, 0xA3,
    0xD6, 0x18, 0x3D, 0x4A, 0xDC, 0x0C, 0xC0, 0x08, 0x89, 0xBF, 0x49, 0x25, 0x36, 0xC9, 0xB1, 0x89,
    0x2A, 0x54, 0x91, 0x1E, 0x5A, 0x89, 0xED, 0x08, 0x8B, 0x34, 0x5E, 0xEC, 0x4F, 0x24, 0xEE, 0xC5,
    0xF4, 0x82, 0xF5, 0x7E, 0xDF, 0xD3, 0xC8, 0xCF, 0x68, 0xC6, 0x36, 0xBE, 0xC9, 0x6F, 0x34, 0x56,
    0x69, 0xA1, 0xC4, 0x5E, 0xF2, 0x5F, 0x0F, 0x32, 0x81, 0xED, 0xD7, 0x64, 0xED, 0xD9, 0x0F, 0x07,
    0x2F, 0x1D, 0x10, 0x20, 0xB4, 0x3A, 0xA0, 0x14, 0xE2, 0x76, 0x8C, 0x5B, 0x69, 0x4D, 0x68, 0x51,
    0x49, 0x96, 0xCE, 0x23, 0xE7, 0x57, 0x2B, 0x01, 0xC6, 0x75, 0x0A, 0x49, 0xCE, 0xBD, 0xD9, 0x7B,
    0x8D, 0x50, 0x1B, 0xD4, 0x04, 0xD6, 0x0F, 0xC9, 0xE9, 0x21, 0xB1, 0x08, 0x33, 0xBA, 0x07, 0x49,
    0xF5, 0x4D, 0x68, 0x53, 0x41, 0x66, 0x85, 0xFB, 0x89, 0x1D, 0x30, 0x66, 0x96, 0x44, 0x5E, 0x02,
    0x19, 0xA8, 0x0F, 0xE3, 0x23, 0x4B, 0x84, 0x62, 0x1A, 0xC8, 0xE4, 0xD0, 0xA8, 0x92, 0x45, 0xA7,
    0xA0, 0x07, 0x05, 0x96, 0x72, 0xEE, 0x3D, 0x64, 0xA0, 0xF3, 0x2B, 0xF3, 0xD1, 0x69, 0xCB, 0x86,
    0xE0, 0x69, 0x01, 0x9E, 0x62, 0xD2, 0x5F, 0x97, 0x4E, 0xFB, 0x8E, 0x3E, 0xDD, 0x77, 0xFB, 0x01,
    0xD0, 0x12, 0x69, 0x03, 0x7E, 0xB2, 0xA3, 0x27, 0xD5, 0x0B, 0xE0, 0x2D, 0xD3, 0x79, 0xA1, 0xBE,
    0xF0, 0x3C, 0x6D, 0xB4, 0xEB, 0x4C, 0x37, 0x1B, 0x7F, 0xF2, 0x96, 0x75, 0x86, 0x87, 0xDF, 0xD3,
    0x7A, 0xB0, 0x06, 0x6C, 0x97, 0x55, 0xE0, 0x0C, 0x14, 0xD7, 0x8E, 0x74, 0x52, 0xA5, 0xB5, 0x2A,
    0xDC, 0x3E, 0x90, 0x5F, 0xF2, 0x06, 0xD0, 0xBA, 0x63, 0xEC, 0x84, 0x76, 0x69, 0x39, 0xCC, 0xD0,
    0x06, 0x38, 0xE2, 0x86, 0xEB, 0x63, 0x79, 0xE5, 0xE4, 0x1E, 0xE7, 0x27, 0xD0, 0x61, 0xE2, 0x9E,
    0xC8, 0x75, 0xEE, 0x04, 0xCF, 0x06, 0x47, 0xEA, 0xFD, 0x69, 0x0E, 0x92, 0xD0, 0x00, 0x7C, 0x34,
    0xFD, 0x7C, 0x38, 0x7E, 0xF6, 0xE1, 0x44, 0xAF, 0xC5, 0x02, 0x4A, 0xAF, 0x41, 0x46, 0x1B, 0x51,
    0x5F, 0x30, 0x6A, 0xC1, 0xEA, 0x76, 0xDF, 0x4B, 0xB2, 0xBB, 0x0F, 0x6E, 0xBC, 0xF4, 0xC0, 0x5C,
    0x41, 0xCC, 0x79, 0xAE, 0x49, 0xC0, 0x56, 0x95, 0x57, 0xB0, 0x64, 0x11, 0x3B, 0x6F, 0x9F, 0x4E,
    0x22, 0x21, 0x3E, 0xC6, 0xF9, 0xEC, 0x18, 0xF8, 0xB8, 0x5F, 0x2F, 0xCD, 0x2C, 0x6D, 0xC9, 0xE3,
    0x9F, 0xD3, 0x9E, 0x25, 0xA0, 0x10, 0xBC, 0xF6, 0x81, 0xAD, 0x93, 0x51, 0x4C, 0x43, 0x4C, 0x31,
    0x62, 0x92, 0xBF, 0x82, 0xF1, 0x66, 0x81, 0x5D, 0x6E, 0xC9, 0x06, 0x5C, 0x9A, 0xDF, 0x47, 0x9F,
    0xC7, 0xEF, 0x5D, 0x74, 0x91, 0x04, 0x1A, 0x4D, 0xE8, 0x02, 0x35, 0x96, 0x24, 0x93, 0xF1, 0x80,
    0x35, 0x17, 0x96, 0x0B, 0xC1, 0x0D, 0x5F, 0xF6, 0xD3, 0x7E, 0xAA, 0xA1, 0x1F, 0xA8, 0x07, 0x9A,
    0x7B, 0x55, 0xF2, 0x2D, 0x42, 0xD2, 0x08, 0xE2, 0x11, 0xA6, 0x98, 0x1A, 0xFA, 0x92, 0xF7, 0x66,
    0x6F, 0xE4, 0x84, 0xC9, 0xB5, 0x59, 0xB2, 0x17, 0x57, 0x70, 0x56, 0x84, 0x75, 0xF0, 0x94, 0xDD,
    0xFB, 0xBE, 0x75, 0xAA, 0x48, 0x0B, 0xE6, 0x90, 0xA8, 0x4E, 0x8A, 0xEC, 0x07, 0x3F, 0x6F, 0xD2,
    0xC0, 0xDE, 0x2F, 0xDA, 0xAB, 0xD1, 0xA1, 0x2D, 0xDA, 0xF7, 0x00, 0x4A, 0xDD, 0xFE, 0x0E, 0x2A,
    0x94, 0xB6, 0xCB, 0x34, 0xFA, 0x16, 0x26, 0x0A, 0x1A, 0xF4, 0x65, 0x54, 0xB5, 0xD9, 0xF7, 0xA6,
    0xB8, 0x00, 0x1F, 0xD6, 0xC8, 0x27, 0xF1, 0x84, 0xB8, 0xFF, 0x5E, 0x70, 0x7B, 0x7B, 0x1F, 0x29,
    0x8E, 0x1F, 0x84, 0x79, 0x66, 0x84, 0x0E, 0x41, 0x12, 0xE2, 0x10, 0x2C, 0xF2, 0x2D, 0xC6, 0xE5,
    0xF9, 0x13, 0x50, 0x25, 0x11, 0xE3, 0x76, 0xCC, 0xB8, 0x9D, 0xF0, 0x79, 0x4A, 0xC5, 0x64, 0xF4,
    0x2F, 0x45, 0x60, 0x96, 0x74, 0xAA, 0x11, 0xC6, 0x09, 0x06, 0x58, 0x29, 0xEC, 0x01, 0xAB, 0xC8,
    0xC2, 0xEE, 0xF0, 0x00, 0x67, 0xEC, 0x91, 0x40, 0x2A, 0x09, 0xB2, 0xDC, 0x85, 0x57, 0x9D, 0x13,
    0xF7, 0x37, 0x56, 0xD7, 0xA0, 0xD2, 0x89, 0x6A, 0x2D, 0xCA, 0xA5, 0xA9, 0x80, 0x27, 0x50, 0xE2,
    0xBF, 0x97, 0x48, 0xBA, 0x98, 0xC7, 0x67, 0x66, 0x69, 0xEA, 0x12, 0xE6, 0x2F, 0x01, 0x4A, 0x4F,
    0x49, 0x8B, 0xFB, 0xB5, 0x7B, 0x66, 0x1F, 0x21, 0x4F, 0xDE, 0x81, 0x56, 0x6D, 0xCD, 0x2D, 0x93,
    0xE9, 0xAD, 0x21, 0x6B, 0xA4, 0xA5, 0xA7, 0x93, 0xBD, 0xD2, 0xBB, 0x0C, 0x95, 0xE7, 0xBE, 0x0D,
    0x4D, 0xA9, 0x5D, 0x48, 0xB9, 0x90, 0x76, 0x41, 0x0B, 0xA4, 0x0D, 0x4E, 0xC9, 0x99, 0x97, 0xF8,
    0xC6, 0x9D, 0x0D, 0x4F, 0x95, 0x59, 0x19, 0xEC, 0x15, 0xF7, 0x25, 0xAC, 0x8B, 0x75, 0x46, 0x50,
    0x79, 0x8A, 0xA6, 0x12, 0xC6, 0x2C, 0x25, 0xC2, 0xF3, 0xB4, 0xC3, 0x9C, 0x86, 0x10, 0x31, 0x58,
    0xCE, 0xF9, 0x9A, 0x65, 0x5B, 0x2E, 0x4B, 0xC7, 0x06, 0xDB, 0xF2, 0x9A, 0xB1, 0x3D, 0xDB, 0xEA,
    0xF6, 0xF1, 0x4D, 0xF2, 0x6E, 0x7D, 0x3B, 0x9E, 0xB5, 0xBA, 0x73, 0x72, 0xC0, 0xE0, 0x5A, 0xFF,
    0xF8, 0xCD, 0x4D, 0x73, 0xF2, 0x03, 0xA0, 0x4E, 0xE9, 0x50, 0xF5, 0xF4, 0x26, 0x22, 0x7A, 0x23,
    0x3F, 0x73, 0xE1, 0xCE, 0x69, 0xC1, 0x8D, 0x82, 0xFC, 0xE7, 0x96, 0x1A, 0xEE, 0x69, 0x2B, 0x16,
    0x1D, 0x95, 0x91, 0x2B, 0x77, 0x2B, 0xE8, 0x02, 0xAE, 0x57, 0x33, 0x51, 0x22, 0x7A, 0xD3, 0x60,
    0x84, 0x34, 0x41, 0x97, 0x1E, 0x41, 0x00, 0xFE, 0x0F, 0x6E, 0x83, 0xE1, 0x4C, 0x5A, 0xFE, 0x18,
    0x6C, 0xD9, 0x0D, 0x3D, 0x75, 0x1C, 0xE8, 0xCA, 0x6A, 0x5F, 0xD9, 0x16, 0xED, 0xC5, 0xF1, 0x5A,
    0xE0, 0x02, 0xD0, 0x33, 0x9A, 0xB2, 0x8D, 0x1F, 0x2C, 0x98, 0xE6, 0x64, 0x23, 0x5D, 0x9A, 0xAE,
    0xB9, 0xD4, 0xF7, 0x25, 0x74, 0x11, 0x0B, 0xDC, 0x8C, 0xE0, 0x8E, 0x90, 0x03, 0x0B, 0x41, 0x2A,
    0x3D, 0x4B, 0x12, 0x7C, 0x04, 0x83, 0x76, 0x40, 0x22, 0x00, 0x65, 0x74, 0x89, 0x8C, 0x52, 0x22,
    0xA3, 0x94, 0x19, 0x5C, 0xD1, 0x68, 0x8C, 0x27, 0xD5, 0x62, 0xFE, 0xD6, 0x8A, 0x79, 0x1D, 0x45,
    0x48, 0xC0, 0x90, 0x86, 0x71, 0x80, 0x0B, 0x41, 0x07, 0xF0, 0x11, 0x0C, 0xE3, 0xF5, 0xB3, 0xAC,
    0xF0, 0xB4, 0xE6, 0x43, 0x2E, 0x1A, 0x66, 0x6D, 0x17, 0x86, 0x31, 0x0C, 0x61, 0x5F, 0xD5, 0x70,
    0xFF, 0xBC, 0x36, 0xAD, 0x00, 0xC7, 0x7D, 0x68, 0xEB, 0x72, 0x58, 0x7C, 0x51, 0xAF, 0xCB, 0xE4,
    0xD3, 0xBA, 0x54, 0xBB, 0x1F, 0xD4, 0x65, 0x6A, 0x93, 0xBA, 0x4C, 0xE0, 0x53, 0x65, 0x84, 0xE2,
    0xA9, 0x0C, 0x5B, 0x74, 0xA2, 0xD9, 0xC9, 0x13, 0xDD, 0xBB, 0x10, 0x0D, 0x0B, 0x97, 0x06, 0x4E,
    0x86, 0xB0, 0x56, 0x1A, 0x88, 0xC4, 0x1A, 0x6A, 0x0D, 0xF6, 0xD7, 0xB9, 0x2E, 0xD7, 0x59, 0x55,
    0xAE, 0xC1, 0x7E, 0x19, 0xF5, 0x7B, 0x65, 0x30, 0xEE, 0x41, 0x26, 0x80, 0x57, 0x01, 0xBC, 0x09,
    0x68, 0x01, 0x0A, 0x27, 0xC7, 0xEC, 0xF6, 0x23, 0xBA, 0x08, 0x34, 0x16, 0x39, 0xC7, 0x1D, 0xDF,
    0xB2, 0x04, 0x12, 0x6A, 0x83, 0xC2, 0x25, 0xBC, 0x79, 0xBF, 0x06, 0x8E, 0xC4, 0x9A, 0x00, 0xDD,
    0xC4, 0xBF, 0x4E, 0x26, 0x00, 0x09, 0xB1, 0xBC, 0x92, 0xBC, 0x48, 0xBB, 0x90, 0xD5, 0xC1, 0x06,
    0x48, 0xD9, 0x11, 0x90, 0x6E, 0xDC, 0xA1, 0x7A, 0x7B, 0x97, 0xB7, 0xCD, 0xCA, 0xCE, 0x6A, 0x4D,
    0x67, 0x52, 0x95, 0x59, 0xD2, 0x77, 0xAC, 0x1F, 0xB3, 0x2A, 0x1C, 0x68, 0xCF, 0xA2, 0xAF, 0xC3,
    0xE6, 0x45, 0xB2, 0x79, 0x40, 0x36, 0x2D, 0xD9, 0x54, 0xA8, 0x8A, 0xBB, 0xF4, 0x98, 0xCD, 0x81,
    0x6C, 0x4E, 0x32, 0x07, 0x07, 0x57, 0x24, 0xCB, 0x0B, 0xE2, 0x03, 0x94, 0x0B, 0x42, 0xDA, 0x07,
    0x28, 0xAE, 0xCC, 0x52, 0xC8, 0x97, 0x43, 0xE5, 0x32, 0xAF, 0xBC, 0xC3, 0x63, 0xCC, 0xC7, 0xBD,
    0x94, 0x21, 0x0B, 0x57, 0x62, 0x26, 0x3F, 0x12, 0xAE, 0x2E, 0x5D, 0x05, 0xC3, 0x90, 0xFA, 0x6F,
    0xD6, 0xC2, 0x05, 0x58, 0x6E, 0x92, 0x2E, 0x85, 0x39, 0xC3, 0xCA, 0xA5, 0x7D, 0x04, 0xF4, 0x78,
    0xD2, 0x3E, 0x49, 0x1B, 0xA4, 0xA3, 0x6D, 0xCB, 0xEA, 0x85, 0x85, 0x5B, 0x97, 0x80, 0xB2, 0x6A,
    0xD1, 0xA6, 0x13, 0x13, 0x0B, 0x9E, 0x19, 0xC7, 0x22, 0x5C, 0x62, 0x75, 0x0B, 0xC5, 0x47, 0x47,
    0xBA, 0x72, 0xF7, 0xBF, 0xB7, 0x8E, 0xAB, 0x8B, 0xE7, 0xA3, 0x77, 0x25, 0xB8, 0x3D, 0x22, 0x5C,
    0x7F, 0x55, 0x42, 0xA0, 0xEB, 0x72, 0x04, 0x60, 0x55, 0xA7, 0xCC, 0x25, 0x15, 0x0B, 0x1C, 0x56,
    0x7D, 0x8E, 0x27, 0xD4, 0xFC, 0xC8, 0xE7, 0x04, 0x01, 0xAC, 0x50, 0x20, 0x21, 0x28, 0xCA, 0x66,
    0x98, 0xB6, 0x47, 0xCC, 0x63, 0x55, 0xD1, 0xA3, 0xFA, 0x0B, 0x78, 0x4A, 0x90, 0x91, 0x25, 0x9A,
    0x61, 0x36, 0x57, 0x3F, 0x64, 0xD9, 0x7A, 0xB7, 0x98, 0x73, 0x0A, 0xCB, 0x2D, 0x89, 0x19, 0xAD,
    0xA3, 0x61, 0x4E, 0x3B, 0xD7, 0xB9, 0xFC, 0x65, 0x1F, 0xC7, 0x94, 0xAB, 0x70, 0xB1, 0x6A, 0x56,
    0x84, 0x0D, 0x34, 0x9D, 0x56, 0x48, 0x5B, 0x80, 0x40, 0x9D, 0xF4, 0xD8, 0x20, 0x6E, 0x92, 0x01,
    0x5B, 0x2C, 0xDA, 0x6C, 0x74, 0xB5, 0x8D, 0xCA, 0xB1, 0x0D, 0x30, 0xAF, 0xDE, 0x68, 0xB0, 0xEF,
    0x3A, 0xFB, 0x00, 0xFB, 0x0D, 0x43, 0xF2, 0x27, 0xEC, 0x38, 0x75, 0xF1, 0x7D, 0xEC, 0x69, 0x5A,
    0x17, 0x1B, 0x54, 0x13, 0xB9, 0xF2, 0xB0, 0x0E, 0x5C, 0x5E, 0xAB, 0x5C, 0xBA, 0x40, 0x5A, 0x3C,
    0x80, 0x5C, 0x1A, 0x0D, 0xB8, 0x46, 0x49, 0xD6, 0x22, 0x6F, 0x2F, 0x7A, 0xB0, 0x14, 0x8E, 0xB4,
    0xA9, 0x65, 0x1D, 0xAA, 0xCC, 0x11, 0xE7, 0x2E, 0x39, 0xBA, 0x2E, 0xE5, 0x6C, 0xE5, 0xCE, 0x3E,
    0x98, 0x18, 0x8C, 0x3C, 0x6F, 0xF4, 0x08, 0x33, 0x49, 0x0B, 0x99, 0x32, 0x2E, 0x95, 0x23, 0x11,
    0x16, 0xD7, 0xA9, 0x34, 0x28, 0xCB, 0x00, 0x25, 0x58, 0x19, 0x4F, 0x7B, 0x8E, 0x6B, 0x39, 0x03,
    0x2B, 0x1B, 0x46, 0x6F, 0xB7, 0x8A, 0x5B, 0x2F, 0xA6, 0x9A, 0x59, 0x06, 0x7D, 0x85, 0xEE, 0xB2,
    0xC7, 0x47, 0x4B, 0xBA, 0xBC, 0x32, 0xB5, 0x2F, 0x7C, 0xE7, 0x0A, 0x9A, 0x45, 0x0E, 0x41, 0xC7,
    0xA2, 0x1A, 0x31, 0x0F, 0x21, 0xCE, 0xA9, 0x9A, 0x12, 0x65, 0xBE, 0xB0, 0x66, 0x22, 0x73, 0xB4,
    0xBA, 0x6D, 0x07, 0x3B, 0x0C, 0xF2, 0x65, 0x97, 0xED, 0x31, 0xAE, 0xBF, 0x2C, 0xFE, 0x80, 0x41,
    0x70, 0xF1, 0xC0, 0x41, 0x3B, 0xF3, 0x00, 0xE2, 0x82, 0xF2, 0x7A, 0xAE, 0x8C, 0x9F, 0x6B, 0x40,
    0x78, 0xEB, 0xC6, 0x47, 0x66, 0x40, 0x24, 0x3B, 0xF8, 0xB2, 0x2B, 0xC7, 0xA8, 0x7C, 0x70, 0x40,
    0x64, 0x3D, 0xAD, 0x20, 0x1F, 0x82, 0x60, 0x30, 0xB2, 0x94, 0x1D, 0x89, 0x58, 0xAC, 0x99, 0x15,
    0x48, 0x72, 0xA8, 0x8F, 0x16, 0xAE, 0xAA, 0xC6, 0x89, 0x6C, 0x20, 0x5D, 0x5A, 0x2E, 0x7F, 0xB4,
    0x25, 0xA8, 0xCD, 0x0A, 0x68, 0x9E, 0x55, 0xEA, 0x25, 0x16, 0x41, 0xFF, 0xEB, 0x80, 0xED, 0x2E,
    0x79, 0x90, 0xC3, 0xFF, 0xE2, 0x4E, 0xE9, 0x08, 0x65, 0x3F, 0x29, 0xF4, 0xDF, 0xF8, 0x9F, 0x56,
    0x49, 0x97, 0x3C, 0x32, 0x5D, 0xC4, 0x18, 0x67, 0x3E, 0xEB, 0xFC, 0x9B, 0x82, 0x27, 0x0F, 0x78,
    0x2A, 0xB8, 0x26, 0x4A, 0x31, 0xEB, 0x5A, 0xAD, 0x1E, 0xE4, 0xF0, 0x8E, 0xA4, 0x51, 0x8E, 0xA3,
    0xE8, 0x31, 0xC2, 0xFF, 0x0A, 0x15, 0xDC, 0x23, 0x53, 0xF1, 0x40, 0xA3, 0x32, 0xEF, 0x53, 0x72,
    0x0E, 0xCA, 0x30, 0x23, 0xC3, 0x9C, 0x4E, 0x1E, 0xEC, 0xC2, 0xA9, 0xB6, 0x1D, 0xFE, 0x4F, 0xAC,
    0xAF, 0x79, 0x20, 0x8A, 0x25, 0x39, 0x34, 0x8C, 0x2D, 0x1B, 0x7F, 0xF4, 0x75, 0x5B, 0xD4, 0x9D,
    0xA0, 0x73, 0xAF, 0x77, 0x62, 0x1F, 0x7A, 0xD9, 0xBA, 0xDD, 0xC7, 0x64, 0x0B, 0x4F, 0xC9, 0x16,
    0x43, 0xB6, 0x7C, 0x96, 0xED, 0x1F, 0xDD, 0x31, 0x2F, 0x03, 0x79, 0x11, 0xE8, 0xA5, 0x4A, 0x0B,
    0x1E, 0x83, 0x16, 0xC8, 0xD2, 0xD6, 0xD3, 0x86, 0x97, 0x10, 0x59, 0xE5, 0x2E, 0x79, 0x41, 0x32,
    0x18, 0x37, 0x72, 0x98, 0x06, 0xC7, 0x99, 0xE8, 0x51, 0xC1, 0xD2, 0xB0, 0x65, 0xF9, 0xE1, 0x9B,
    0xFF, 0xFB, 0xB4, 0xE6, 0x36, 0xB5, 0x0F, 0xFA, 0x05, 0x2B, 0xBB, 0x47, 0xBB, 0x3D, 0x82, 0x61,
    0xAF, 0x74, 0xD8, 0x2B, 0x1C, 0x7E, 0x37, 0x54, 0x44, 0x3D, 0x14, 0xD0, 0x43, 0x01, 0x7D, 0x64,
    0x27, 0x1C, 0x25, 0xFF, 0xDE, 0xFB, 0xF7, 0x0C, 0x51, 0x17, 0x15, 0x09, 0x1C, 0xDC, 0x55, 0x86,
    0x5A, 0x2E, 0xDF, 0x7E, 0x86, 0x81, 0x06, 0x77, 0x92, 0x54, 0xF7, 0x78, 0x0E, 0xC6, 0x25, 0x7C,
    0xA1, 0xF0, 0x6C, 0xFA, 0x06, 0xCB, 0xD8, 0x22, 0x93, 0xA3, 0x73, 0xFF, 0xD3, 0x2E, 0xD9, 0x8F,
    0x10, 0x33, 0xC2, 0xF9, 0xBD, 0x48, 0xD4, 0x3E, 0xFD, 0x5A, 0xB4, 0xBB, 0x6D, 0x5E, 0xED, 0x3C,
    0x0D, 0x48, 0x8E, 0x70, 0x3A, 0x84, 0xC7, 0xAA, 0x45, 0x2F, 0x2A, 0x6D, 0x44, 0x21, 0x5B, 0xA9,
    0xC9, 0x87, 0x09, 0x28, 0x53, 0x14, 0x5F, 0x55, 0x20, 0x8C, 0x28, 0xC4, 0x13, 0xC5, 0x84, 0x08,
    0x6F, 0x78, 0x45, 0x3D, 0xF1, 0x91, 0x40, 0x43, 0xE8, 0x3C, 0xEB, 0xB3, 0x01, 0xFE, 0x3E, 0x1A,
    0x04, 0xA4, 0x7B, 0xF6, 0x81, 0xD1, 0x38, 0x2F, 0xC1, 0x4B, 0x50, 0xA2, 0xEB, 0xB4, 0x7A, 0xDE,
    0x5E, 0xBE, 0xA6, 0x1A, 0xE5, 0xDC, 0xB5, 0x23, 0x8C, 0x17, 0x30, 0x71, 0x83, 0x88, 0xDE, 0xCE,
    0x98, 0x9C, 0x4D, 0x1C, 0xF6, 0x59, 0x01, 0x4C, 0xD6, 0x71, 0x1B, 0x1F, 0x1A, 0x6F, 0xCA, 0x7C,
    0xC6, 0x78, 0xA0, 0x4F, 0xFA, 0x56, 0x75, 0x86, 0x6F, 0xE9, 0xD9, 0xB7, 0x0E, 0x8F, 0x7D, 0xEB,
    0x2C, 0xD5, 0x52, 0xE5, 0xDE, 0xF7, 0x1F, 0x12, 0x32, 0x2D, 0x30, 0xDE, 0xC2, 0x3F, 0xC8, 0xCB,
    0xA9, 0xF5, 0xA2, 0x16, 0xBE, 0xDF, 0xC2, 0xF7, 0x5B, 0xF0, 0x82, 0x42, 0xF1, 0xB3, 0xD6, 0x87,
    0xB2, 0xD3, 0x04, 0xFF, 0x0B, 0xB4, 0xCA, 0x3C, 0xD0, 0x0B, 0x84, 0x5B, 0x75, 0xF4, 0x6E, 0xE9,
    0xC9, 0x26, 0x4B, 0x14, 0xA9, 0x0D, 0x0E, 0xFD, 0x59, 0x01, 0x0F, 0xBC, 0x80, 0x40, 0x9C, 0x4C,
    0x3C, 0x39, 0xCA, 0x2E, 0xAB, 0xE1, 0x2D, 0x39, 0xC8, 0x3E, 0x1C, 0x32, 0x0B, 0xC7, 0xAD, 0xBD,
    0x63, 0x33, 0xBD, 0xB9, 0x96, 0xDB, 0x0A, 0xED, 0x27, 0x53, 0xB1, 0xB9, 0x73, 0x66, 0x73, 0x95,
    0x0D, 0x8E, 0x8F, 0xCF, 0x22, 0x67, 0x11, 0xD4, 0x50, 0xEA, 0x5F, 0x7C, 0x65, 0x78, 0xBF, 0x58,
    0xD8, 0x74, 0x73, 0x08, 0x74, 0x59, 0x1F, 0xD5, 0x27, 0x24, 0xAF, 0x18, 0x49, 0xE3, 0x86, 0xBA,
    0xD8, 0x43, 0xCC, 0x20, 0x7F, 0x03, 0xF3, 0x29, 0x06, 0xF1, 0x55, 0x4D, 0x3D, 0xBF, 0xD1, 0x28,
    0x8E, 0x26, 0xA2, 0x66, 0xA3, 0x80, 0x63, 0xA6, 0xAF, 0xCA, 0x90, 0x56, 0x26, 0xE8, 0x93, 0xCA,
    0xBE, 0xDE, 0xC5, 0x7F, 0xB6, 0xBF, 0x68, 0x17, 0x9F, 0x7D, 0xFE, 0xC7, 0x26, 0x7A, 0xF8, 0x97,
    0xFB, 0x55, 0x68, 0xFF, 0x60, 0xAB, 0xC0, 0xBE, 0x8F, 0x5A, 0xD1, 0x32, 0x53, 0x95, 0x9C, 0x79,
    0x93, 0xC7, 0x6C, 0xF7, 0xDA, 0x26, 0xE5, 0xCB, 0x0C, 0xCD, 0x23, 0x60, 0x84, 0x98, 0x2E, 0x2C,
    0x2B, 0x19, 0xE3, 0xB9, 0x1B, 0x77, 0x45, 0xC1, 0x18, 0x3D, 0x18, 0x51, 0x6A, 0x18, 0xF7, 0x12,
    0x01, 0x9C, 0xBA, 0x18, 0x6F, 0x5C, 0x3C, 0x43, 0x39, 0x00, 0x5C, 0x90, 0xEF, 0xA4, 0xC9, 0x36,
    0xE8, 0x0A, 0xDC, 0x91, 0x0E, 0x6B, 0x31, 0x5E, 0x2A, 0x96, 0xA9, 0xF3, 0xEB, 0x85, 0xCD, 0x9B,
    0xB6, 0x39, 0xD0, 0x32, 0x31, 0x1D, 0x88, 0x4F, 0x19, 0x1D, 0xDA, 0xF2, 0xED, 0x96, 0x63, 0xF0,
    0x98, 0x87, 0x1A, 0xF7, 0x9E, 0xA4, 0x76, 0x69, 0x1C, 0xD9, 0x12, 0x89, 0x10, 0xAC, 0x04, 0x2E,
    0x8B, 0x99, 0x02, 0x4F, 0x91, 0xDE, 0xE0, 0xF9, 0x9B, 0x06, 0x58, 0xBC, 0x5D, 0x0B, 0x00, 0x0C,
    0x5F, 0x45, 0x1A, 0x8A, 0xDA, 0x13, 0x4F, 0xF9, 0x42, 0x0F, 0xCE, 0x8C, 0xE2, 0x20, 0x66, 0x91,
    0xF3, 0xCA, 0xCE, 0xD9, 0x9F, 0x0B, 0x1E, 0x34, 0x15, 0xDF, 0xDC, 0x9C, 0x8A, 0x97, 0xCC, 0xA6,
    0xA8, 0x25, 0x33, 0x1E, 0x2D, 0xB0, 0x5A, 0xF8, 0x44, 0x40, 0x4D, 0x1D, 0xAB, 0xDF, 0x9D, 0x9D,
    0x67, 0x0B, 0xB5, 0x73, 0x82, 0xC2, 0xD7, 0xCA, 0x55, 0xD4, 0x18, 0x2F, 0xCB, 0x3B, 0xF2, 0x7F,
    0xBD, 0x59, 0xBF, 0x93, 0xD5, 0xC6, 0x1D, 0xFF, 0x4A, 0xC2, 0x27, 0x88, 0x26, 0xAC, 0x0B, 0x2E,
    0x86, 0x80, 0x51, 0x43, 0x61, 0x32, 0x80, 0x1A, 0x17, 0x37, 0x1E, 0xB8, 0x5D, 0x3B, 0xA5, 0x0B,
    0xAE, 0xC8, 0x4D, 0x66, 0x42, 0x61, 0x0A, 0x17, 0x36, 0x93, 0x04, 0x0A, 0x8A, 0x14, 0x77, 0x4F,
    0x3B, 0x14, 0x29, 0x93, 0xFB, 0x0B, 0x62, 0x26, 0x43, 0x11, 0x1F, 0x05, 0x29, 0x5C, 0x78, 0x32,
    0x9C, 0x24, 0x57, 0x2E, 0xD2, 0xC8, 0xC9, 0x64, 0x52, 0xA2, 0xC4, 0x04, 0x27, 0x61, 0x26, 0x5E,
    0x1B, 0xE1, 0xE8, 0xCE, 0xD2, 0xDB, 0x7C, 0xBE, 0x2B, 0xBD, 0x77, 0x87, 0xC7, 0xE0, 0x98, 0x77,
    0x87, 0xA4, 0xEF, 0xF7, 0xBD, 0xB7, 0xAB, 0xFD, 0x7E, 0xBF, 0xFB, 0xDD, 0xEF, 0xAF, 0xDD, 0x77,
    0x88, 0x52, 0xCA, 0x01, 0x87, 0x88, 0xAF, 0xB3, 0xB8, 0xCF, 0xE1, 0x1E, 0x4D, 0xEF, 0x14, 0xF7,
    0x3C, 0xD1, 0x11, 0x74, 0x4A, 0x40, 0xAA, 0x28, 0xB0, 0x0D, 0x09, 0x3B, 0x26, 0xF9, 0x1F, 0xF4,
    0x1E, 0xDF, 0x4F, 0xDD, 0x71, 0xA2, 0x76, 0x07, 0x64, 0x00, 0xF9, 0x9B, 0x53, 0x94, 0x58, 0x4B,
    0x91, 0x6D, 0xC9, 0xCB, 0xCB, 0x7E, 0x2C, 0xC3, 0xDC, 0xBF, 0x40, 0xC3, 0x6A, 0xB2, 0xB6, 0x08,
    0xDA, 0x88, 0x02, 0x43, 0x8F, 0x80, 0xB4, 0x9D, 0x03, 0x6A, 0xA9, 0x87, 0xDB, 0x03, 0x34, 0x44,
    0xB1, 0x5D, 0xBB, 0x28, 0xAD, 0x6D, 0xCE, 0x5C, 0xB0, 0x35, 0x04, 0x52, 0x68, 0x3D, 0x45, 0x0B,
    0xB9, 0x1D, 0x4B, 0xDB, 0xC6, 0x7F, 0xAD, 0x13, 0x6A, 0xF8, 0x79, 0xB5, 0xC1, 0x77, 0x90, 0x48,
    0x6D, 0x77, 0x8C, 0x4E, 0xE0, 0x9D, 0xB7, 0x89, 0x7E, 0x40, 0x52, 0x63, 0x92, 0x71, 0xE9, 0x75,
    0x24, 0x4C, 0xD0, 0x50, 0xD0, 0x44, 0x86, 0xBC, 0x4E, 0x40, 0xB0, 0x1C, 0x5D, 0x60, 0x89, 0x17,
    0x63, 0xB0, 0xA5, 0x08, 0x8C, 0x3C, 0x6B, 0x4D, 0x8F, 0x28, 0x00, 0x27, 0xBA, 0xB9, 0x75, 0x7D,
    0xF8, 0xF9, 0xE3, 0xCD, 0x8B, 0x43, 0x1B, 0xA3, 0x93, 0x72, 0x72, 0xCD, 0xF3, 0xEC, 0xA6, 0x17,
    0x88, 0x6A, 0xCC, 0xBC, 0x81, 0xC4, 0x2D, 0x25, 0xFA, 0xAA, 0x9B, 0x78, 0x02, 0x36, 0xF1, 0x26,
    0x41, 0x73, 0x15, 0xD8, 0xB5, 0x94, 0x85, 0x16, 0x13, 0x4C, 0x09, 0x7A, 0xA4, 0xFC, 0x6E, 0x06,
    0x6D, 0xB5, 0x34, 0xC7, 0x3C, 0x8E, 0xF6, 0x53, 0x3F, 0x01, 0x18, 0xBD, 0x86, 0x37, 0x30, 0xD9,
    0xC8, 0x42, 0xD0, 0x65, 0xA2, 0x03, 0x9E, 0x92, 0xE7, 0xAB, 0xF4, 0xBC, 0x91, 0x51, 0xC9, 0xAB,
    0xE5, 0xFD, 0x01, 0x4A, 0x48, 0x58, 0x1B, 0x9D, 0x97, 0x53, 0x50, 0x91, 0x28, 0x84, 0xCA, 0x7F,
    0x58, 0x1D, 0x0F, 0x6D, 0x69, 0xCE, 0xC6, 0x9F, 0x14, 0xEF, 0x9D, 0x05, 0xEB, 0x85, 0x85, 0x45,
    0x2C, 0xAC, 0x43, 0xFC, 0xF3, 0xEC, 0xD9, 0x44, 0xEB, 0x5F, 0x9C, 0x16, 0xB6, 0xA8, 0x85, 0x6F,
    0x3F, 0x32, 0x51, 0x31, 0x1F, 0x16, 0x7E, 0x4D, 0x89, 0xA2, 0xFC, 0x26, 0x54, 0xE0, 0x98, 0xD1,
    0xF3, 0xCE, 0x1C, 0xA2, 0x3B, 0x4A, 0x5A, 0xBD, 0x1A, 0xEB, 0xDB, 0x82, 0x9F, 0x15, 0xA1, 0x65,
    0xAE, 0xE3, 0x3B, 0x9A, 0xFB, 0xF4, 0x61, 0xDF, 0x2C, 0x86, 0x65, 0x2B, 0xAE, 0xD5, 0x32, 0xAC,
    0x32, 0x51, 0x00, 0xC7, 0xD7, 0x6A, 0xB4, 0xA0, 0x1D, 0xBD, 0xFC, 0x8E, 0xC5, 0x72, 0x31, 0x5C,
    0x5A, 0xBF, 0xC9, 0x7A, 0xFD, 0x0A, 0x10, 0x5D, 0x5A, 0xA7, 0xDC, 0xF2, 0x33, 0xBF, 0xEC, 0x94,
    0x16, 0xDE, 0xAF, 0x29, 0x56, 0x30, 0x42, 0xFB, 0x6B, 0xBA, 0xFA, 0xE0, 0x43, 0xBA, 0xF2, 0xE5,
    0x87, 0xEA, 0x8A, 0x0D, 0xD5, 0xCB, 0x0F, 0x5E, 0xA7, 0xB3, 0xBF, 0xFD, 0x15, 0x09, 0xB5, 0x42,
    0x21, 0x2B, 0xE9, 0x12, 0xAF, 0xFE, 0x30, 0x16, 0x97, 0x7F, 0x97, 0xE2, 0x31, 0x2D, 0xC6, 0x6A,
    0x25, 0xD2, 0x78, 0xCE, 0x09, 0x95, 0x58, 0x0A, 0x1D, 0x0B, 0x2C, 0xFE, 0xB6, 0xF5, 0xF1, 0xD2,
    0x58, 0xAB, 0x19, 0x2E, 0xE5, 0xEB, 0x6A, 0x67, 0x7B, 0x2F, 0xCE, 0xBA, 0x9A, 0xF4, 0xF7, 0x2D,
    0x71, 0x95, 0xD7, 0x57, 0x1B, 0xAA, 0x83, 0x4A, 0xE8, 0x45, 0xCA, 0x9B, 0xB4, 0x91, 0x46, 0x9A,
    0xA0, 0x8C, 0x55, 0x62, 0xA8, 0xA6, 0xF7, 0x5F, 0xA9, 0x53, 0xD6, 0x96, 0x42, 0x4B, 0x95, 0xAA,
    0x97, 0xFB, 0x41, 0x20, 0x97, 0xA8, 0x27, 0x83, 0x54, 0x52, 0xA5, 0x4A, 0xDE, 0xB3, 0xD0, 0xEF,
    0xA7, 0x80, 0xCB, 0x4A, 0x3E, 0x2A, 0x26, 0xD1, 0x4F, 0xD6, 0x6F, 0x44, 0xD6, 0xB6, 0xB0, 0xF8,
    0x36, 0xB5, 0xAF, 0xB6, 0x39, 0xC0, 0x0E, 0xC0, 0xDF, 0x25, 0x20, 0x01, 0x84, 0x00, 0x92, 0x8F,
    0x87, 0x97, 0xC6, 0x76, 0x83, 0xE6, 0xE8, 0x20, 0xD8, 0x1E, 0xAD, 0x7C, 0x93, 0x94, 0x12, 0xAA,
    0xF3, 0x8B, 0xA4, 0x4C, 0xCA, 0x60, 0xC7, 0xBD, 0x53, 0x87, 0x6E, 0xA1, 0x59, 0x87, 0x39, 0x45,
    0x6C, 0x8C, 0xB4, 0xDF, 0xD3, 0x24, 0xD9, 0xBC, 0xAE, 0xC1, 0x16, 0xCB, 0x16, 0xC6, 0x2F, 0xC9,
    0x6B, 0x13, 0x15, 0x18, 0xE9, 0x7E, 0x73, 0x3B, 0xF7, 0xEF, 0x27, 0xD8, 0xBD, 0x42, 0xAC, 0x40,
    0x94, 0x58, 0x65, 0xD4, 0x62, 0x35, 0x7D, 0x83, 0x65, 0x0B, 0x4B, 0x20, 0x51, 0x00, 0x25, 0x70,
    0x01, 0xB5, 0xCA, 0x88, 0x49, 0x07, 0x46, 0x60, 0xD5, 0x4B, 0x38, 0x87, 0x28, 0x52, 0x30, 0xF1,
    0xBE, 0xD4, 0xB4, 0x1A, 0xFC, 0x51, 0x53, 0x1B, 0x59, 0x13, 0x18, 0xAC, 0x35, 0x46, 0x46, 0x1A,
    0x23, 0xA3, 0x7E, 0x45, 0x26, 0xE4, 0x47, 0x8F, 0x92, 0xAF, 0xBE, 0x9E, 0xBC, 0x6F, 0x64, 0x01,
    0xF2, 0xB0, 0x18, 0x51, 0xFC, 0xCD, 0x50, 0x82, 0x06, 0x08, 0x16, 0x16, 0x93, 0x91, 0xB7, 0xD1,
    0x49, 0xD6, 0x60, 0xA4, 0xC5, 0xB2, 0x92, 0xAF, 0x25, 0xBF, 0xE9, 0x57, 0x50, 0x16, 0xE4, 0x1A,
    0x51, 0x5C, 0xE3, 0xCD, 0x7D, 0xB7, 0xE1, 0x1D, 0xB4, 0x02, 0x1E, 0xAF, 0x34, 0x78, 0x53, 0x56,
    0x09, 0x1B, 0xDF, 0x08, 0xC3, 0xA9, 0x0D, 0x31, 0xA8, 0x8E, 0x0D, 0x85, 0xD5, 0x22, 0x8F, 0x7C,
    0x08, 0x1E, 0x1E, 0xC2, 0xD7, 0x88, 0x80, 0x5A, 0x70, 0xC3, 0x4B, 0x9E, 0xE9, 0x8D, 0xE2, 0x00,
    0xD6, 0x55, 0x71, 0x20, 0x02, 0xDE, 0xE7, 0x5A, 0x10, 0x27, 0x21, 0x6E, 0x0E, 0x8B, 0x66, 0x46,
    0xE8, 0x49, 0x11, 0x1B, 0xE9, 0x44, 0x4A, 0x23, 0x79, 0x6F, 0x1C, 0xDB, 0x26, 0x80, 0x27, 0xCE,
    0x0F, 0x26, 0x15, 0x31, 0x12, 0x15, 0x7F, 0xE3, 0x30, 0x45, 0x3F, 0x1D, 0xDA, 0xC9, 0xBB, 0xCE,
    0x6A, 0x64, 0x53, 0x77, 0x6B, 0x25, 0xB8, 0x37, 0x66, 0xA7, 0x48, 0x52, 0xB6, 0x24, 0x0E, 0x3B,
    0x59, 0x5C, 0x20, 0x42, 0x20, 0xD8, 0x79, 0x2D, 0xC2, 0x9E, 0xDF, 0x20, 0xD0, 0x06, 0x70, 0x4A,
    0xF0, 0x45, 0xCC, 0x11, 0x16, 0xA2, 0x62, 0x5A, 0x19, 0x47, 0xA8, 0x94, 0x4D, 0x0F, 0x96, 0x89,
    0xD1, 0xC5, 0x40, 0xFF, 0x18, 0xA3, 0x31, 0x93, 0x77, 0x48, 0xEF, 0x3D, 0x5F, 0x6F, 0x6D, 0x42,
    0x34, 0xB1, 0xD0, 0xF4, 0x42, 0xA8, 0xF6, 0x7E, 0xAA, 0x1E, 0x07, 0xD2, 0x4F, 0x0A, 0x0E, 0x0F,
    0xA0, 0xF2, 0xDE, 0xCF, 0xF7, 0x7E, 0x96, 0x87, 0xE6, 0xC0, 0x12, 0x51, 0x13, 0x41, 0x32, 0x86,
    0xF7, 0xAD, 0x8A, 0xE2, 0x19, 0x2A, 0x56, 0x9C, 0x01, 0x3A, 0x78, 0x90, 0xBF, 0x6D, 0x4C, 0xB8,
    0xED, 0x91, 0x0D, 0x5D, 0x5A, 0xFF, 0x9D, 0xCB, 0xA8, 0xA0, 0x19, 0x38, 0x2C, 0xBA, 0xE5, 0x1F,
    0xA1, 0xCF, 0x05, 0x96, 0xD4, 0xE1, 0xCE, 0xB9, 0x6A, 0xC3, 0x5C, 0x43, 0x63, 0x91, 0xCE, 0x44,
    0xC1, 0x58, 0xEA, 0xF1, 0xF2, 0x12, 0xA5, 0xCB, 0xAD, 0x4B, 0x24, 0xAD, 0x1B, 0x0F, 0x1C, 0x3D,
    0xE4, 0x16, 0x88, 0x03, 0x6A, 0x70, 0x25, 0xE0, 0x8C, 0xFB, 0x3B, 0x9A, 0x7B, 0x97, 0x97, 0xAF,
    0x64, 0xB1, 0xC4, 0xF8, 0x42, 0x9B, 0x54, 0x64, 0x38, 0xB7, 0xF3, 0x14, 0xB2, 0xC1, 0x86, 0xBB,
    0xE1, 0x33, 0xEF, 0x2B, 0x19, 0x42, 0x74, 0x78, 0x3E, 0xAE, 0x3D, 0xC3, 0x81, 0xD6, 0x67, 0x9E,
    0x09, 0x96, 0x3F, 0x80, 0xD8, 0x70, 0x76, 0x9A, 0x63, 0xC6, 0x2B, 0xFD, 0xA7, 0x28, 0x27, 0x16,
    0x41, 0x15, 0x0A, 0x07, 0x4C, 0x08, 0x11, 0xA9, 0x9F, 0xDE, 0xBB, 0xC8, 0x16, 0xFC, 0x2C, 0x2F,
    0x67, 0x8E, 0x11, 0x3F, 0xCB, 0x4B, 0xB9, 0x6D, 0xF8, 0x59, 0xBF, 0xB1, 0xDD, 0xE8, 0x72, 0x4F,
    0xFF, 0xB8, 0x9C, 0x55, 0xA0, 0x20, 0x21, 0xBB, 0x46, 0x35, 0x3D, 0x3D, 0x1D, 0x94, 0x65, 0x56,
    0x07, 0xB6, 0x0A, 0xD5, 0xEF, 0x9F, 0x9A, 0x88, 0xAF, 0x96, 0xC4, 0x9F, 0xDA, 0xF8, 0xCF, 0xAD,
    0xF8, 0xA0, 0x9E, 0x65, 0x46, 0x01, 0x22, 0x79, 0xCD, 0xC1, 0x8C, 0xA3, 0x1A, 0xF2, 0xEE, 0xFA,
    0x9A, 0x44, 0x54, 0xB5, 0xE6, 0x7B, 0xDD, 0x92, 0x87, 0x2A, 0xF0, 0x89, 0x8F, 0xB4, 0x55, 0xFF,
    0xF2, 0x10, 0xEB, 0x52, 0x15, 0x8C, 0x55, 0x50, 0xCE, 0x40, 0xE7, 0x4D, 0x0A, 0xC6, 0x30, 0x4C,
    0xFD, 0xA2, 0x5F, 0x3C, 0x35, 0x11, 0xAE, 0xB7, 0x5E, 0x37, 0x5C, 0x6F, 0x85, 0xE5, 0x53, 0x13,
    0xF9, 0xFE, 0x3A, 0x9B, 0x3B, 0x57, 0x14, 0x09, 0xD7, 0x90, 0xC9, 0xBF, 0x6F, 0x71, 0x51, 0xE8,
    0x8F, 0xD9, 0x57, 0x72, 0x46, 0x52, 0x01, 0x25, 0x1A, 0x16, 0x3C, 0xA0, 0xF4, 0x9F, 0x40, 0xDC,
    0xC1, 0x28, 0xE5, 0x5E, 0x8B, 0x86, 0xB0, 0x63, 0x02, 0x0D, 0xA3, 0x12, 0x88, 0x4D, 0x79, 0x9F,
    0x87, 0x15, 0x78, 0x47, 0xC1, 0xBB, 0xC8, 0xAB, 0xDE, 0x77, 0xD6, 0xF9, 0x16, 0x0A, 0x5E, 0x58,
    0x77, 0x96, 0xC3, 0x1B, 0xF3, 0x0A, 0x50, 0x03, 0x50, 0x6D, 0x6E, 0x8C, 0x01, 0xA9, 0xCA, 0x36,
    0x92, 0x22, 0xDB, 0x10, 0x26, 0xCB, 0x82, 0x66, 0x94, 0x79, 0xDD, 0x28, 0xA3, 0x3C, 0xCB, 0x48,
    0x8E, 0x33, 0x12, 0x80, 0x10, 0xE0, 0x8F, 0xFB, 0xA5, 0xE5, 0xCB, 0x85, 0x5E, 0x61, 0xA6, 0x59,
    0xE7, 0x67, 0x13, 0x27, 0x98, 0xDB, 0x74, 0xE5, 0x57, 0xD5, 0xFB, 0xA4, 0xE8, 0x2E, 0x40, 0xC2,
    0x8A, 0x72, 0xC5, 0xE9, 0xAD, 0x48, 0xD9, 0x5F, 0x32, 0x4E, 0x57, 0xF0, 0xB5, 0xA8, 0xE2, 0x9A,
    0x92, 0xBF, 0x89, 0x2A, 0xE7, 0x0E, 0xF8, 0x5D, 0x52, 0xC0, 0xF1, 0x52, 0x1D, 0xD7, 0x3E, 0xEF,
    0x10, 0x2C, 0xBB, 0x13, 0x17, 0xB1, 0x89, 0x9D, 0x66, 0x17, 0x77, 0xBD, 0x48, 0x83, 0xAB, 0x86,
    0xEC, 0xB3, 0xE1, 0xDA, 0xB3, 0x62, 0xCE, 0x8C, 0xC2, 0x69, 0xFE, 0x39, 0x17, 0xEA, 0x67, 0xC3,
    0xD7, 0x23, 0x97, 0x84, 0x4A, 0xDE, 0x20, 0xC1, 0x66, 0xAF, 0x9E, 0x79, 0x46, 0xF3, 0x3D, 0xE4,
    0x83, 0x6F, 0xEE, 0xF6, 0x42, 0x8C, 0x46, 0xD3, 0x4C, 0xB4, 0xE7, 0x8B, 0x7C, 0x90, 0x16, 0xA4,
    0xEE, 0xC4, 0xC7, 0xA8, 0x74, 0x2A, 0xE2, 0x4D, 0x21, 0x87, 0x32, 0xFC, 0x44, 0x23, 0xBA, 0x26,
    0x5A, 0x81, 0x1C, 0x58, 0x82, 0x1C, 0x75, 0x32, 0xE4, 0x18, 0x4F, 0xE4, 0xF0, 0x51, 0x3A, 0xEB,
    0xC8, 0x42, 0x8E, 0xF8, 0x0D, 0xC8, 0x71, 0x4E, 0x94, 0x1D, 0x35, 0x90, 0x23, 0x30, 0x90, 0x23,
    0x2A, 0x20, 0x47, 0xCC, 0x72, 0x6C, 0xB0, 0x1C, 0xCD, 0x44, 0x0E, 0x97, 0xA8, 0x12, 0x96, 0xE3,
    0x1C, 0xCB, 0xB1, 0x6F, 0x2A, 0xC9, 0xC2, 0x90, 0x10, 0x52, 0xC3, 0x45, 0xE3, 0xE0, 0x49, 0xDE,
    0x8D, 0xCE, 0xA5, 0xA5, 0xFF, 0x0F, 0x32, 0x94, 0xC5, 0x29, 0x12, 0x98, 0x2C, 0x63, 0x13, 0x63,
    0x7B, 0x8B, 0xCC, 0x88, 0x1D, 0x55, 0xB3, 0xC3, 0x9E, 0x11, 0xA2, 0x11, 0x20, 0x49, 0xDE, 0x85,
    0x51, 0xD1, 0xEE, 0xF3, 0xE0, 0x82, 0x42, 0x22, 0x6F, 0x21, 0x46, 0x78, 0xD5, 0xA9, 0xDD, 0xA7,
    0xBF, 0x76, 0x08, 0xBD, 0xA8, 0x56, 0x6B, 0x8B, 0xB2, 0x7D, 0x75, 0x8F, 0x74, 0x44, 0x2C, 0xB8,
    0xD7, 0x4D, 0xAA, 0x10, 0x31, 0xA9, 0xFD, 0xBE, 0xFD, 0x2E, 0x7E, 0x7B, 0x9F, 0xFE, 0x64, 0xF4,
    0xF6, 0x50, 0x1F, 0x30, 0xE4, 0xCB, 0x10, 0x07, 0xFA, 0xCB, 0x61, 0x67, 0xF9, 0xBA, 0x55, 0x88,
    0x8C, 0x45, 0x86, 0x5A, 0xA3, 0x07, 0x84, 0xCE, 0xE5, 0x9C, 0x37, 0x88, 0xE8, 0x6F, 0xD1, 0xBF,
    0x36, 0x1D, 0xD7, 0x87, 0xCB, 0x25, 0xAE, 0x9A, 0x98, 0x40, 0xE9, 0x8D, 0xDF, 0x30, 0x5C, 0x23,
    0xF1, 0xFD, 0x02, 0xB6, 0x30, 0xD2, 0x24, 0xD8, 0x5A, 0xA4, 0xFA, 0x05, 0x93, 0xF2, 0xAE, 0x86,
    0xAB, 0x27, 0x18, 0x2A, 0x65, 0x80, 0x11, 0x60, 0xB1, 0xFF, 0xFC, 0xA8, 0x0D, 0x3E, 0xB7, 0x75,
    0x60, 0x6C, 0x5F, 0x6C, 0xB0, 0x75, 0xC6, 0xE4, 0x8A, 0x14, 0xA8, 0x0C, 0x5F, 0xAE, 0xF7, 0xAA,
    0x98, 0xE7, 0x7A, 0xEA, 0x41, 0x0D, 0xDD, 0xD5, 0xE2, 0x61, 0x5A, 0x27, 0x45, 0x54, 0x4B, 0xC5,
    0x5B, 0x32, 0x06, 0xBF, 0xFF, 0xC4, 0xEF, 0xB8, 0x10, 0xB5, 0xD8, 0xCC, 0xEB, 0x80, 0xCD, 0x3D,
    0xFF, 0xB8, 0xEE, 0x07, 0x63, 0x5F, 0xCF, 0x1B, 0x12, 0xDE, 0x1B, 0x73, 0xD9, 0xF9, 0x5D, 0xDA,
    0x05, 0x9A, 0xAC, 0x70, 0xD8, 0x5D, 0x02, 0x9A, 0x19, 0xC2, 0xC2, 0xF5, 0xEF, 0xCC, 0x4E, 0xF3,
    0x0C, 0x68, 0xE4, 0x77, 0x88, 0xBE, 0x40, 0x48, 0x59, 0x7A, 0x73, 0x76, 0x7A, 0x17, 0x0F, 0x20,
    0x27, 0x4B, 0x05, 0xD0, 0x7C, 0x4C, 0x34, 0xBD, 0x66, 0xA1, 0xC9, 0x7B, 0x06, 0xCE, 0x8D, 0xA7,
    0x57, 0xF8, 0x50, 0x05, 0xFA, 0x6C, 0xFA, 0xBA, 0x71, 0x56, 0xBA, 0xF3, 0xEA, 0x39, 0x45, 0xBE,
    0xAD, 0x73, 0x3E, 0x66, 0xC3, 0x45, 0xF1, 0x5F, 0xEC, 0xC3, 0x54, 0xCF, 0xC1, 0xFC, 0x39, 0x34,
    0xF3, 0x96, 0xDB, 0x83, 0x11, 0x22, 0x52, 0x72, 0x6F, 0xD5, 0xEF, 0xE8, 0xA5, 0x3B, 0x60, 0x92,
    0x24, 0x4B, 0x9F, 0xE4, 0x2F, 0xED, 0xF8, 0x56, 0x11, 0xDB, 0xBF, 0x3B, 0x0F, 0x53, 0x69, 0x37,
    0x99, 0xED, 0x73, 0x1C, 0xE8, 0x3B, 0x0E, 0xE7, 0x4A, 0x3C, 0xBC, 0xAC, 0xE3, 0x62, 0x8E, 0xFA,
    0xB1, 0x3B, 0x40, 0xB1, 0x61, 0x44, 0x24, 0xB6, 0x72, 0x1D, 0x4C, 0xBC, 0x53, 0xB0, 0x25, 0x82,
    0xFC, 0xD1, 0xAA, 0x8F, 0x8E, 0xFC, 0x29, 0x07, 0xCF, 0x64, 0x2B, 0x5D, 0xE4, 0xE8, 0xA9, 0x7B,
    0x2B, 0xA0, 0x72, 0x07, 0xAF, 0x96, 0x79, 0x11, 0x34, 0x50, 0xC4, 0x5A, 0x94, 0x12, 0xEA, 0x91,
    0xD6, 0xF6, 0x30, 0xE5, 0xE5, 0xA3, 0xF2, 0xB8, 0xC5, 0xBC, 0x90, 0x2D, 0x26, 0x92, 0xF2, 0x11,
    0x45, 0xD5, 0x6B, 0x97, 0x1D, 0xFB, 0x25, 0xDA, 0x05, 0x9A, 0xD4, 0x57, 0xF1, 0x92, 0x4F, 0xCB,
    0xB0, 0xE9, 0x59, 0x3B, 0x30, 0x3B, 0xCD, 0xA5, 0xC3, 0x88, 0x69, 0x29, 0x05, 0x6D, 0x4E, 0x5E,
    0xBD, 0xB8, 0xCD, 0x67, 0x06, 0x9A, 0xFB, 0xE0, 0xF2, 0xB2, 0x44, 0x9A, 0xB8, 0xE2, 0xEA, 0x2F,
    0xF3, 0xB8, 0x9B, 0x54, 0x50, 0x6C, 0x1F, 0x39, 0xC5, 0xC5, 0xE3, 0x6E, 0xB6, 0xD3, 0x16, 0xF9,
    0x97, 0x92, 0x77, 0x8A, 0xC3, 0xDE, 0x90, 0x7A, 0xBF, 0xB1, 0x78, 0xED, 0x1F, 0x2E, 0x7F, 0x45,
    0x95, 0x9E, 0xAF, 0x86, 0xE3, 0xC6, 0x6F, 0x33, 0xD6, 0x1D, 0x20, 0xF2, 0x24, 0xD3, 0xFB, 0x8A,
    0xA3, 0x22, 0x9F, 0x8A, 0xD0, 0x5D, 0xE9, 0x0E, 0x7F, 0x79, 0xBE, 0xD1, 0x96, 0x65, 0xF9, 0xCA,
    0x44, 0x89, 0xCA, 0xE9, 0xA6, 0x07, 0xD8, 0xB2, 0x40, 0x7B, 0x52, 0x88, 0x2D, 0x8B, 0x74, 0x8F,
    0x31, 0xF9, 0x10, 0x64, 0xDE, 0x3A, 0x02, 0x8F, 0xDA, 0x20, 0xFF, 0x3E, 0xC8, 0xEB, 0x21, 0x12,
    0x7A, 0x4B, 0x24, 0x25, 0x97, 0xDA, 0x96, 0xE4, 0x3F, 0x50, 0x97, 0xF0, 0x0D, 0x3F, 0xF8, 0x26,
    0x70, 0x36, 0xCB, 0xD5, 0x15, 0xDB, 0x56, 0x64, 0x86, 0x8A, 0x8F, 0xD7, 0x6D, 0x69, 0xE2, 0x1F,
    0x5A, 0x6C, 0x5E, 0xAE, 0xE2, 0x02, 0x99, 0xCA, 0x79, 0xAD, 0xDF, 0x48, 0xF2, 0x1A, 0xFE, 0x4C,
    0x34, 0xBC, 0xB6, 0x8C, 0x4C, 0xB4, 0x95, 0x97, 0xCE, 0x3F, 0xD2, 0x66, 0x87, 0xCD, 0x82, 0x56,
    0x54, 0xF7, 0x67, 0xBD, 0xC7, 0x68, 0x17, 0x68, 0x4E, 0x6C, 0x16, 0xBF, 0x79, 0x97, 0x3B, 0xB5,
    0xD9, 0x19, 0x68, 0x9E, 0x46, 0x64, 0xB5, 0xB7, 0xC8, 0xFB, 0x2F, 0x74, 0xBB, 0x76, 0x63, 0x76,
    0x7A, 0x4B, 0x47, 0xC8, 0x6F, 0xF1, 0x46, 0x9B, 0x2A, 0x7E, 0x73, 0xDB, 0x07, 0x66, 0xA0, 0xE9,
    0xE2, 0xC9, 0x00, 0x87, 0xFB, 0x26, 0x3E, 0x92, 0x45, 0xB4, 0x2B, 0xA6, 0x47, 0xB3, 0x47, 0x76,
    0xBC, 0x73, 0xC6, 0xF1, 0x43, 0x71, 0x30, 0x36, 0xA0, 0x53, 0x8A, 0xCD, 0x14, 0xFC, 0x24, 0xF8,
    0xD9, 0x5A, 0xFA, 0x9F, 0x37, 0x32, 0xFA, 0xA0, 0x91, 0xF1, 0x6B, 0x4D, 0xD2, 0x81, 0x1F, 0x6A,
    0x06, 0xC4, 0xB6, 0x12, 0xB1, 0x53, 0x25, 0xE0, 0xB7, 0x7F, 0x48, 0x8A, 0x84, 0xED, 0x93, 0xC7,
    0xDB, 0x0C, 0x3E, 0xB4, 0xF0, 0xD5, 0x74, 0x1A, 0x28, 0x2F, 0xF5, 0x93, 0xC0, 0xD9, 0x14, 0x2A,
    0x51, 0x79, 0xCF, 0xEA, 0xD8, 0x7E, 0xAA, 0x43, 0x1B, 0xEB, 0x49, 0xDD, 0xEA, 0x4E, 0xCB, 0x92,
    0xB2, 0x3F, 0x72, 0xB8, 0x48, 0xB3, 0xD3, 0xA4, 0xC1, 0xA7, 0x50, 0x20, 0x04, 0x5F, 0x34, 0x10,
    0xF3, 0xC4, 0xCC, 0x34, 0x3D, 0x75, 0x91, 0xA2, 0xCF, 0x50, 0xDD, 0x7F, 0xD6, 0xC1, 0xFB, 0xDA,
    0x47, 0xF6, 0x5F, 0x4F, 0x2F, 0x27, 0x64, 0xE4, 0xCD, 0xBB, 0x8B, 0xDF, 0x6A, 0x3B, 0x7E, 0xBB,
    0xED, 0x1C, 0x67, 0xBE, 0xD0, 0xC0, 0xC3, 0x2B, 0x51, 0xE0, 0xAE, 0x92, 0xA9, 0x65, 0x78, 0x6D,
    0xD6, 0x1F, 0x06, 0x71, 0xCE, 0xE1, 0x38, 0x9D, 0x98, 0xDE, 0xFE, 0x39, 0xED, 0x31, 0xE9, 0x49,
    0xB2, 0xDA, 0xE8, 0xFF, 0x14, 0x3A, 0xF9, 0x95, 0x23, 0x73, 0x07, 0xC8, 0xCA, 0x52, 0xF2, 0x9F,
    0x48, 0xD8, 0x1F, 0x20, 0xF6, 0xCA, 0xC2, 0xC5, 0x17, 0x83, 0x8C, 0xBB, 0x0D, 0xE0, 0x8F, 0xF6,
    0x52, 0x6E, 0xE5, 0x85, 0x8B, 0x1D, 0xA8, 0x5C, 0xE4, 0xD7, 0xD0, 0x3A, 0xE9, 0xEC, 0xBB, 0xAF,
    0x7A, 0x83, 0x26, 0x87, 0x7B, 0x8F, 0x1E, 0xD1, 0xCF, 0x6E, 0xCE, 0xE5, 0x7F, 0xBD, 0x5A, 0x3D,
    0x90, 0xDD, 0xD4, 0x15, 0x3E, 0x92, 0xEC, 0x55, 0xB0, 0x66, 0xA2, 0x2D, 0xEC, 0x00, 0x76, 0xB0,
    0x1A, 0x8A, 0xC4, 0x13, 0xA2, 0x96, 0xCC, 0xB0, 0xBE, 0x9A, 0x50, 0xA4, 0x48, 0xC1, 0x16, 0x7E,
    0x49, 0x41, 0x81, 0x0B, 0x0A, 0x4C, 0x66, 0xB2, 0x0D, 0x85, 0x0B, 0x6C, 0x29, 0x93, 0xCC, 0xA4,
    0xCC, 0xA6, 0x49, 0x1B, 0x17, 0x2E, 0x60, 0x53, 0x98, 0xC2, 0x05, 0x85, 0x57, 0x12, 0x21, 0x33,
    0x29, 0x79, 0xF9, 0x99, 0xB4, 0x88, 0x60, 0x02, 0x03, 0x85, 0x45, 0x22, 0x83, 0xD6, 0xF3, 0xA4,
    0x9B, 0xEF, 0xBB, 0x57, 0x6F, 0xDF, 0x62, 0xBC, 0xF6, 0xEE, 0x7B, 0x6F, 0xD1, 0xDE, 0x73, 0xDF,
    0x5B, 0x3D, 0xE9, 0xDE, 0x73, 0xCE, 0xBD, 0xE7, 0x9C, 0xEF, 0x1C, 0x49, 0x52, 0x5D, 0x8A, 0x14,
    0xEC, 0x4E, 0x8D, 0x12, 0xB1, 0x87, 0x73, 0x0D, 0x9D, 0xD7, 0xA2, 0x0B, 0x26, 0xE8, 0xC2, 0x0E,
    0x5D, 0xA4, 0xD1, 0xC5, 0x29, 0x3A, 0x15, 0x67, 0x22, 0x79, 0x84, 0x3B, 0xBA, 0x70, 0x2C, 0xCE,
    0x24, 0xA8, 0xC5, 0x6D, 0xBD, 0x5A, 0x3C, 0xAD, 0x5B, 0xF1, 0xB5, 0x9E, 0x48, 0xA8, 0x75, 0x27,
    0x61, 0x29, 0xB9, 0xE0, 0xD2, 0x54, 0x14, 0xEE, 0x49, 0x70, 0x67, 0x5C, 0x9A, 0xD1, 0x0B, 0x6D,
    0x69, 0x7A, 0x9C, 0xC2, 0x84, 0xFA, 0x7F, 0x0D, 0xEE, 0x6C, 0xC2, 0xBB, 0x69, 0x13, 0x97, 0x41,
    0xA3, 0x12, 0xAF, 0x51, 0x42, 0x72, 0xED, 0x27, 0xFE, 0x8F, 0xCA, 0xB0, 0x09, 0x77, 0x8A, 0x06,
    0xD3, 0x34, 0x52, 0x7C, 0xD8, 0x98, 0x7B, 0x4F, 0xBA, 0xE0, 0xF9, 0x7C, 0x08, 0x86, 0x62, 0x8E,
    0xE8, 0x4F, 0xE4, 0xC8, 0x45, 0xA8, 0x43, 0x91, 0x49, 0x2C, 0x92, 0x62, 0xC8, 0xA8, 0x59, 0x5C,
    0x84, 0xA3, 0x54, 0xF6, 0x36, 0x27, 0xE0, 0x34, 0xCE, 0x5D, 0x7E, 0xE3, 0x2A, 0x4B, 0x9A, 0x2C,
    0xC8, 0x33, 0xB5, 0x7D, 0x1E, 0x03, 0x9C, 0x5F, 0xC5, 0x54, 0xFC, 0xBF, 0x9A, 0xAD, 0xE5, 0x53,
    0x5C, 0x5F, 0xAC, 0x43, 0x0F, 0xDA, 0xB4, 0xA7, 0x56, 0xDE, 0xE4, 0x72, 0x8F, 0xC9, 0x70, 0xD8,
    0xBF, 0x38, 0x89, 0x2B, 0xA9, 0x15, 0x46, 0xA0, 0x70, 0x39, 0x08, 0x57, 0x4A, 0x37, 0x7C, 0x16,
    0x03, 0x7B, 0xAA, 0x94, 0xD5, 0xA8, 0x71, 0xEA, 0x00, 0xF2, 0xB9, 0x9C, 0x37, 0xD6, 0x99, 0x1D,
    0x0C, 0x3F, 0x7A, 0x63, 0x4C, 0x59, 0x53, 0x4A, 0x91, 0xEF, 0x0D, 0xD3, 0x1E, 0xC7, 0xF7, 0xA2,
    0xA3, 0x52, 0x92, 0xF0, 0xEE, 0x46, 0x16, 0x95, 0x2B, 0xE6, 0x67, 0x25, 0x7B, 0x08, 0xFF, 0x47,
    0xE3, 0x40, 0xC2, 0x7B, 0x45, 0xC6, 0xEB, 0xA4, 0x68, 0x87, 0x9B, 0x37, 0xED, 0xBE, 0x89, 0x71,
    0x6E, 0xCD, 0xCF, 0x96, 0xCF, 0x33, 0xD7, 0x13, 0x8A, 0x4F, 0x6B, 0x71, 0x76, 0x70, 0xD7, 0xF8,
    0xBB, 0x4B, 0xE0, 0x79, 0xDD, 0x6E, 0x19, 0x0F, 0x7C, 0xBB, 0xCD, 0xF2, 0xF5, 0x4C, 0xDE, 0xC8,
    0x73, 0x44, 0x5D, 0x97, 0xB3, 0xE5, 0x5D, 0x84, 0xE7, 0x55, 0x07, 0x5B, 0xE6, 0xA5, 0x12, 0xFB,
    0x75, 0xD8, 0xEE, 0x47, 0xA0, 0xE7, 0xEA, 0x07, 0xB8, 0x18, 0x3A, 0x51, 0xF5, 0x8C, 0xEF, 0x45,
    0x78, 0x4E, 0x8E, 0xC1, 0xDA, 0x60, 0x44, 0x45, 0x63, 0x75, 0x81, 0xE3, 0xD5, 0x37, 0xD7, 0xC1,
    0x72, 0x0F, 0xD2, 0x65, 0xB1, 0x55, 0xD4, 0xB9, 0x04, 0x6D, 0x2E, 0xEE, 0x04, 0xFC, 0x76, 0xA0,
    0xFC, 0x3E, 0xEA, 0x73, 0x71, 0x70, 0xDE, 0xC3, 0xEF, 0x51, 0x83, 0x7B, 0x2A, 0x50, 0x52, 0xE8,
    0x66, 0xD7, 0xF0, 0x9B, 0x09, 0xBB, 0x9E, 0xDD, 0x79, 0x76, 0xAF, 0xCB, 0xF1, 0xE7, 0x9B, 0x5A,
    0xF4, 0x97, 0x0D, 0xCD, 0xBB, 0x91, 0xB0, 0xD9, 0x80, 0x8C, 0x30, 0x4E, 0xA1, 0x35, 0x0A, 0x4D,
    0x73, 0xDA, 0x79, 0xC3, 0xB9, 0x88, 0xBF, 0x86, 0x3B, 0x69, 0x23, 0xC6, 0x48, 0xA5, 0xF8, 0xF7,
    0xB0, 0x25, 0x4E, 0x6F, 0x5D, 0xE0, 0xBE, 0x86, 0x82, 0xD0, 0xD5, 0x12, 0x7F, 0x7A, 0x63, 0x02,
    0x27, 0xE1, 0xF6, 0xF4, 0x14, 0x05, 0x3B, 0x95, 0xA0, 0x8B, 0x33, 0x38, 0x90, 0xA1, 0x4B, 0x3F,
    0x41, 0xC7, 0x1F, 0xD8, 0xA5, 0xFC, 0x55, 0xE3, 0x84, 0xDF, 0x71, 0x80, 0x96, 0xDD, 0x18, 0x5D,
    0x37, 0x75, 0x5B, 0x98, 0x5B, 0x52, 0x6D, 0xE9, 0xF1, 0x1D, 0x32, 0x4E, 0xBE, 0x8D, 0x47, 0x01,
    0xD7, 0x33, 0x8F, 0xE2, 0xDE, 0xE7, 0x51, 0x82, 0x86, 0xDC, 0x5A, 0x8F, 0x62, 0x79, 0x0D, 0x71,
    0x8B, 0x6E, 0x8F, 0x8F, 0xD6, 0xA9, 0xE1, 0xAD, 0x37, 0xA1, 0x24, 0xB6, 0xD1, 0x28, 0x37, 0x1B,
    0x81, 0x6D, 0xB4, 0x5E, 0xE8, 0x96, 0x6D, 0xEB, 0xFA, 0xEC, 0x24, 0x77, 0x8F, 0xB6, 0xCD, 0x08,
    0x4C, 0xD6, 0x2C, 0x7B, 0x7B, 0xD6, 0x7E, 0x42, 0xB5, 0x08, 0x7C, 0x5C, 0x19, 0x65, 0xE1, 0x58,
    0x89, 0x5F, 0x29, 0xAC, 0x83, 0xA1, 0xDD, 0xB5, 0x77, 0x25, 0xEC, 0x6F, 0x70, 0xED, 0x4B, 0xE3,
    0xD7, 0xB9, 0x35, 0x65, 0x3D, 0xF8, 0x73, 0xED, 0xE9, 0x4A, 0x8A, 0x6C, 0x6E, 0xA6, 0x9C, 0xEA,
    0xAC, 0x48, 0x7B, 0xD5, 0x30, 0x21, 0x71, 0xBD, 0x30, 0x53, 0xF2, 0x84, 0x31, 0x8E, 0xC2, 0x3A,
    0xE0, 0x79, 0x35, 0xE5, 0x60, 0x74, 0x04, 0x13, 0x89, 0xAA, 0x07, 0x58, 0xF7, 0x7C, 0x8C, 0xCD,
    0xC9, 0x89, 0x57, 0x31, 0x9A, 0x84, 0xBF, 0x91, 0xA0, 0x1B, 0x7C, 0xC2, 0xBC, 0x3C, 0xB8, 0xB5,
    0x8D, 0x0C, 0xDE, 0x07, 0x20, 0x58, 0xB0, 0xF1, 0x19, 0xD8, 0xA5, 0xB2, 0x1A, 0xFC, 0xBD, 0x71,
    0xB1, 0x6D, 0x0B, 0x59, 0x6C, 0x6B, 0x55, 0x4F, 0xCD, 0x5C, 0x4B, 0x50, 0x2E, 0xBE, 0x92, 0x72,
    0x91, 0xD6, 0x6F, 0x83, 0x3D, 0x36, 0xD8, 0x33, 0x2B, 0xD3, 0x85, 0xA0, 0x4F, 0x84, 0x45, 0x99,
    0x10, 0x8F, 0xC0, 0xDE, 0xFF, 0x1C, 0xE6, 0x5A, 0xC9, 0x65, 0xA1, 0x63, 0x34, 0x9E, 0xD1, 0xB8,
    0x46, 0xC8, 0x77, 0x7C, 0x94, 0x74, 0xA2, 0x74, 0xD9, 0xB3, 0x2B, 0xE4, 0xDC, 0x8D, 0x12, 0xFE,
    0x31, 0x2C, 0x15, 0x4C, 0x34, 0x0B, 0x5B, 0x18, 0xAE, 0xCF, 0x01, 0x1C, 0xE3, 0x12, 0xA2, 0x3D,
    0x4E, 0x12, 0xE1, 0x0E, 0x32, 0xC4, 0x90, 0x25, 0xC7, 0x70, 0x17, 0x57, 0x66, 0xB2, 0xE8, 0xBB,
    0xAD, 0x4F, 0x57, 0xBC, 0xB3, 0xD1, 0xC6, 0xA5, 0xDF, 0xAA, 0xC4, 0x6D, 0x95, 0x38, 0x33, 0xCA,
    0xBC, 0x16, 0x6E, 0xB2, 0x85, 0x9B, 0x6C, 0x3D, 0xDD, 0xB7, 0x92, 0x7E, 0x80, 0x35, 0x73, 0x19,
    0x87, 0x1A, 0x2F, 0x0B, 0x6B, 0xDC, 0x3B, 0x36, 0xEE, 0xF3, 0xF4, 0x75, 0xEC, 0x54, 0x22, 0x33,
    0x45, 0x4D, 0x85, 0x5C, 0x0E, 0x6F, 0xD7, 0x2A, 0x8F, 0x58, 0xBE, 0x9B, 0x80, 0x67, 0xB7, 0x00,
    0xCF, 0x14, 0x26, 0x0C, 0xDB, 0xA3, 0x91, 0x8D, 0xE1, 0x17, 0x2E, 0x5F, 0x6C, 0x00, 0xC6, 0xDD,
    0xDF, 0x90, 0x6C, 0x34, 0xDC, 0xA0, 0xB6, 0xE4, 0x57, 0x5F, 0x35, 0xDC, 0x65, 0xCA, 0x77, 0xC4,
    0x62, 0xB8, 0xD5, 0x14, 0xF1, 0x5A, 0xCD, 0x31, 0x02, 0xD0, 0x76, 0x61, 0xAD, 0x53, 0x41, 0x29,
    0x60, 0x69, 0xBD, 0x14, 0xB1, 0x9E, 0x57, 0x1D, 0x91, 0xA0, 0x18, 0x0F, 0x92, 0x09, 0x60, 0xB4,
    0x54, 0xCF, 0x98, 0x29, 0x2E, 0x89, 0xC0, 0x0B, 0x38, 0x93, 0x07, 0xD2, 0xE8, 0x67, 0x13, 0xF8,
    0x83, 0x5D, 0xDA, 0xF7, 0x3A, 0x90, 0x3C, 0x49, 0xD0, 0x52, 0x42, 0x85, 0x50, 0x63, 0x76, 0xD3,
    0x8C, 0xFD, 0x7D, 0xB9, 0x0F, 0x77, 0x90, 0x9C, 0x75, 0x51, 0x6A, 0x02, 0x05, 0x6A, 0x51, 0x1F,
    0x15, 0x89, 0xE2, 0x1F, 0xD4, 0xF7, 0x28, 0x5A, 0xD9, 0x94, 0x13, 0x49, 0x50, 0x31, 0xF8, 0xB3,
    0xBB, 0x71, 0x77, 0xB4, 0xF1, 0x89, 0xC6, 0x31, 0x31, 0x9D, 0xFD, 0xE1, 0xA3, 0xD1, 0x46, 0x09,
    0x9C, 0xA4, 0xF7, 0x76, 0xBB, 0x77, 0xEC, 0xDB, 0x9D, 0x18, 0xC0, 0x5F, 0xD1, 0x5B, 0x8A, 0xFE,
    0xC9, 0x30, 0x71, 0x41, 0xC2, 0xF7, 0x34, 0x93, 0x8D, 0x12, 0x9A, 0x1F, 0x87, 0xFC, 0xC3, 0xE5,
    0x8F, 0x22, 0x40, 0xA8, 0xE8, 0x0B, 0x38, 0xC3, 0xF1, 0x73, 0x67, 0x98, 0x76, 0x9C, 0xDB, 0xDA,
    0x54, 0xBA, 0x46, 0xFB, 0x4E, 0xB7, 0x0E, 0x15, 0x3D, 0xBC, 0x29, 0x7A, 0x51, 0x5E, 0x7C, 0x7A,
    0x45, 0xD2, 0xF7, 0x93, 0x2F, 0xB4, 0x5C, 0x7C, 0x65, 0xE6, 0xC0, 0x0E, 0xD2, 0x30, 0x2F, 0x06,
    0xB1, 0x79, 0xED, 0x7C, 0x53, 0x33, 0x0A, 0x4C, 0x73, 0x55, 0xBF, 0xDE, 0xEF, 0xEF, 0x49, 0x27,
    0x89, 0x7F, 0x32, 0x0E, 0x35, 0xA1, 0xD5, 0xDC, 0x53, 0xC1, 0x71, 0xC1, 0x6F, 0xA9, 0x7E, 0xD7,
    0x6B, 0x1D, 0x54, 0xCA, 0x39, 0x25, 0x6B, 0x69, 0x55, 0x08, 0x97, 0x2E, 0x6C, 0x21, 0xB7, 0xDE,
    0x25, 0xA8, 0x83, 0x7A, 0xEA, 0x57, 0xF6, 0x97, 0x36, 0x4A, 0xD6, 0xE4, 0x4A, 0xA2, 0x6A, 0x03,
    0x88, 0x2F, 0x72, 0x50, 0xBA, 0xC2, 0x76, 0x7E, 0xC9, 0x25, 0xDD, 0x7B, 0x60, 0x0C, 0x00, 0xD7,
    0x6B, 0x3C, 0x1F, 0xEB, 0x66, 0xF8, 0xC0, 0x78, 0x72, 0xAA, 0xE0, 0x98, 0x74, 0x40, 0x0B, 0x7C,
    0x7C, 0x4B, 0x8C, 0x71, 0xC6, 0x4E, 0x67, 0xE7, 0x27, 0x1B, 0x35, 0xD0, 0x27, 0x3F, 0x5C, 0xBD,
    0x0B, 0x86, 0x1E, 0x93, 0x93, 0x2A, 0x29, 0xD2, 0x4C, 0xC7, 0x72, 0x65, 0xD7, 0xCD, 0x2A, 0xC9,
    0x0F, 0xD2, 0x8C, 0x77, 0xEC, 0x98, 0x53, 0x86, 0x8D, 0x04, 0x36, 0x6B, 0x78, 0x19, 0x2E, 0xA8,
    0x67, 0x28, 0x2C, 0xE5, 0xAC, 0x6B, 0x4F, 0x51, 0x4E, 0xFA, 0x58, 0xD2, 0xA9, 0x1E, 0x11, 0x85,
    0x3C, 0x3E, 0x9C, 0x4E, 0x82, 0xF3, 0x2B, 0x08, 0x39, 0x85, 0xE1, 0xB7, 0x82, 0x77, 0x9D, 0x56,
    0x6C, 0x08, 0xC5, 0x43, 0x88, 0xB4, 0x91, 0x3C, 0xED, 0x0E, 0xE7, 0x58, 0x24, 0x38, 0x58, 0xC3,
    0x1E, 0xDA, 0xA8, 0x24, 0x2D, 0x2D, 0xA8, 0x84, 0x07, 0x74, 0xDE, 0x40, 0x56, 0xD3, 0xE4, 0x12,
    0x8F, 0x73, 0x29, 0x92, 0xDC, 0xED, 0x24, 0x47, 0x86, 0x91, 0xC7, 0x63, 0xC9, 0x0B, 0x24, 0x47,
    0x4C, 0x90, 0x88, 0xA8, 0xDE, 0xAF, 0xA5, 0x78, 0x7E, 0x22, 0xB9, 0xD3, 0x8B, 0xB9, 0x0E, 0xB9,
    0x59, 0x0E, 0x77, 0x9D, 0x8B, 0xCF, 0x8C, 0xC8, 0x06, 0xFC, 0x28, 0xB1, 0xA5, 0x08, 0xE2, 0x4C,
    0x82, 0x01, 0x44, 0x66, 0x39, 0xB6, 0x8F, 0x27, 0x34, 0x94, 0x66, 0x0A, 0xE3, 0x29, 0xBF, 0x15,
    0x05, 0x7C, 0xAA, 0x10, 0x4F, 0x60, 0x12, 0x90, 0x96, 0x54, 0x8A, 0x0A, 0x71, 0x0E, 0xA1, 0x43,
    0x71, 0xFD, 0x30, 0xA7, 0x9A, 0x16, 0x95, 0xCE, 0x0F, 0xE9, 0x61, 0x4C, 0xE7, 0x85, 0xEF, 0xAF,
    0x33, 0xE3, 0x9C, 0x2E, 0x5B, 0x9A, 0x98, 0xEB, 0x7D, 0x68, 0x0D, 0x11, 0x45, 0xA9, 0x3D, 0x63,
    0xDE, 0xC1, 0x98, 0x2F, 0x70, 0x4C, 0xFC, 0xC6, 0x3D, 0x09, 0x9C, 0xA8, 0x6C, 0x9C, 0x1B, 0x32,
    0x4A, 0x1B, 0x6D, 0x53, 0x7C, 0xFE, 0x68, 0x38, 0x75, 0x9A, 0xD3, 0x64, 0x73, 0x12, 0x92, 0xB1,
    0x29, 0x61, 0xA8, 0xB7, 0xFC, 0x46, 0x35, 0x6B, 0xF8, 0x72, 0x22, 0x09, 0xCB, 0x47, 0xFF, 0x5D,
    0xDA, 0x83, 0x4E, 0x1F, 0xD9, 0x90, 0xA4, 0xDA, 0x46, 0x9E, 0xDF, 0x46, 0x16, 0x6A, 0xCE, 0x3E,
    0x67, 0xC2, 0x6D, 0x82, 0x05, 0x50, 0x07, 0xF8, 0xA3, 0x5E, 0x91, 0x05, 0x26, 0x11, 0xF4, 0xB9,
    0xCA, 0xD0, 0x98, 0xFB, 0x55, 0x1E, 0xD4, 0xB9, 0x8B, 0x86, 0x2F, 0xD9, 0x41, 0xA6, 0xC7, 0x52,
    0xAB, 0xA8, 0x54, 0xD1, 0x58, 0xF9, 0x63, 0xE0, 0x41, 0x75, 0xD6, 0x94, 0xA8, 0x0E, 0xD0, 0x1E,
    0x24, 0xED, 0xCB, 0x39, 0xB2, 0x6C, 0x26, 0xD4, 0x88, 0xB1, 0xAB, 0xFB, 0x4E, 0xF7, 0xF5, 0x76,
    0x22, 0x21, 0x0F, 0x31, 0xD8, 0xC8, 0xF6, 0x9B, 0x6E, 0x9A, 0xD0, 0x7E, 0x8D, 0xEE, 0x65, 0x08,
    0xE2, 0x25, 0x8C, 0x0D, 0x69, 0x71, 0x6B, 0x4B, 0x5E, 0x8F, 0xDF, 0x7F, 0x0D, 0x10, 0xCE, 0x94,
    0x30, 0xCE, 0x03, 0xAC, 0x4C, 0xB3, 0xC5, 0x3D, 0x93, 0xC0, 0x68, 0x1F, 0x33, 0xB4, 0xC7, 0x6B,
    0x16, 0x59, 0x46, 0x98, 0xE9, 0xAC, 0xB5, 0x64, 0x04, 0xBD, 0x4B, 0xC8, 0x5E, 0x72, 0x80, 0x89,
    0xBC, 0xA8, 0x40, 0x30, 0x45, 0x64, 0x1D, 0xF9, 0x36, 0xCC, 0x6E, 0x3B, 0x4D, 0xF2, 0xED, 0xB8,
    0xCC, 0xB7, 0x61, 0x76, 0xB9, 0xD7, 0x5E, 0x85, 0x6E, 0xAE, 0xC2, 0x16, 0x73, 0xD8, 0x62, 0x0F,
    0x5B, 0x04, 0xF9, 0x20, 0xB7, 0xB7, 0x4A, 0xBA, 0xAF, 0x7A, 0xF6, 0xEC, 0x14, 0x6D, 0xCD, 0x87,
    0x40, 0x96, 0xC7, 0x17, 0xC3, 0xCD, 0xC0, 0x97, 0x3F, 0xA0, 0xBD, 0x30, 0x5B, 0x88, 0x37, 0x73,
    0xEF, 0x0F, 0x69, 0xFC, 0xF8, 0x1A, 0x81, 0x42, 0xC8, 0xBB, 0x36, 0xF8, 0x04, 0xAA, 0xB5, 0x03,
    0x8C, 0xC5, 0xB8, 0xD3, 0xE2, 0xE5, 0x32, 0x65, 0x71, 0xC6, 0x0F, 0xA8, 0x42, 0xCD, 0x29, 0xC7,
    0x39, 0x99, 0x22, 0xEE, 0xAB, 0x32, 0x78, 0x35, 0xB9, 0xC5, 0xC1, 0xDE, 0xE6, 0x68, 0x37, 0x39,
    0x1C, 0xC7, 0xE3, 0x7A, 0xD2, 0xAB, 0x99, 0x9A, 0xCE, 0xC1, 0xBA, 0x83, 0x48, 0x9C, 0x3F, 0x5A,
    0xE2, 0x7E, 0x48, 0x06, 0x3A, 0x5B, 0xBE, 0x26, 0x76, 0x09, 0x36, 0x8D, 0xB4, 0xF1, 0x3C, 0xAB,
    0x46, 0x82, 0x20, 0xAE, 0xB6, 0x19, 0xA3, 0x7B, 0x9B, 0x79, 0x48, 0x39, 0x74, 0xB3, 0x07, 0x14,
    0x2B, 0x3B, 0xE6, 0x39, 0x42, 0x45, 0xC3, 0x43, 0x98, 0xED, 0x5E, 0xD4, 0x84, 0xF1, 0x98, 0x08,
    0xB2, 0x95, 0x29, 0xF3, 0x86, 0x9C, 0x4B, 0x0B, 0xE6, 0x82, 0x8A, 0x9C, 0xF1, 0x5B, 0x58, 0x15,
    0xFC, 0x01, 0x41, 0x02, 0x6E, 0x00, 0x79, 0x78, 0x16, 0x35, 0x98, 0x26, 0x98, 0x25, 0x28, 0xF1,
    0x57, 0x72, 0x64, 0xFA, 0x4D, 0xEB, 0x3B, 0x87, 0xD4, 0x63, 0x7D, 0x5A, 0x46, 0xCC, 0x00, 0x80,
    0xAB, 0xA8, 0xF4, 0xEB, 0xA1, 0xB8, 0x35, 0xA4, 0x1E, 0x6E, 0x1B, 0x67, 0x5E, 0x83, 0xD4, 0xA3,
    0x0E, 0xEE, 0x15, 0x36, 0xC5, 0x48, 0x07, 0x24, 0xF7, 0x84, 0x7D, 0x4A, 0xC1, 0x82, 0x2A, 0x23,
    0xB6, 0x3F, 0xCB, 0x85, 0x8F, 0x56, 0x8E, 0x9A, 0xD5, 0x27, 0x44, 0xC6, 0x74, 0x6F, 0xF5, 0x69,
    0x01, 0x39, 0x24, 0x81, 0xF9, 0xB8, 0xE3, 0xCB, 0xE0, 0xE4, 0x73, 0xB0, 0x13, 0xFF, 0x16, 0x63,
    0x3E, 0xE5, 0x7F, 0x43, 0x8B, 0x72, 0x0C, 0xD9, 0xE1, 0x1A, 0xCC, 0xB8, 0x47, 0x86, 0xD7, 0x40,
    0x80, 0xEC, 0xDA, 0xE2, 0x02, 0x39, 0xAF, 0x6E, 0x6D, 0xBD, 0xC1, 0x42, 0x8F, 0xEE, 0x3C, 0xE6,
    0x4D, 0x5D, 0xD8, 0x6F, 0x75, 0xA3, 0x0B, 0x60, 0x7B, 0x62, 0x5C, 0xC7, 0xC4, 0x18, 0xDF, 0xC4,
    0x22, 0xBA, 0xD1, 0x3A, 0xAB, 0x8B, 0xBA, 0xB6, 0x3D, 0x98, 0xEF, 0x47, 0xEB, 0x85, 0xCC, 0xAE,
    0x01, 0xFF, 0x13, 0xF3, 0x48, 0x08, 0x7D, 0x60, 0x46, 0x73, 0x4D, 0xCF, 0xA0, 0x8F, 0x1E, 0xB9,
    0xEB, 0x29, 0x2A, 0xA8, 0xF3, 0xAD, 0x8A, 0xFE, 0xA8, 0x5B, 0x01, 0xC3, 0xFA, 0x0F, 0x1D, 0xB2,
    0x2D, 0x9F, 0x70, 0x06, 0x6C, 0x03, 0x99, 0xB2, 0xBA, 0x8B, 0x1B, 0x60, 0x30, 0x8E, 0xFD, 0x30,
    0x85, 0x06, 0x88, 0xC0, 0x0F, 0x48, 0xA1, 0xE5, 0x09, 0x81, 0x20, 0xFA, 0x53, 0x23, 0xF3, 0x4B,
    0x2C, 0x77, 0xA6, 0xAD, 0xAB, 0xF7, 0x94, 0x03, 0x08, 0xFE, 0x32, 0x03, 0xBB, 0x1C, 0x6A, 0xEF,
    0xB6, 0x0C, 0x25, 0x3A, 0x16, 0xAE, 0x3B, 0x4A, 0x9B, 0xE4, 0xA3, 0x82, 0x50, 0x0D, 0x0B, 0x12,
    0x54, 0x96, 0xF0, 0x7D, 0x94, 0x96, 0xB6, 0x38, 0x8D, 0x6B, 0xFE, 0xD4, 0x4A, 0x8E, 0x79, 0x73,
    0x21, 0xB4, 0x4B, 0x07, 0x68, 0x17, 0x8D, 0x73, 0xE3, 0xA3, 0x2D, 0x84, 0x7B, 0x4E, 0x80, 0xD3,
    0x00, 0xA9, 0xBC, 0x64, 0xA8, 0x4D, 0x30, 0xBC, 0x6A, 0xB4, 0x0C, 0x8A, 0x30, 0xCE, 0xE8, 0xC1,
    0x6D, 0xA9, 0x7C, 0xEC, 0xE7, 0xE2, 0x0F, 0xCC, 0x8D, 0x85, 0x8E, 0x85, 0x01, 0x8E, 0xB1, 0x71,
    0xB0, 0xAB, 0xA6, 0x6A, 0x28, 0xE1, 0xBF, 0x6A, 0x13, 0xF6, 0x6D, 0xE1, 0x70, 0xC9, 0x6C, 0xC3,
    0x6C, 0xDC, 0x2C, 0xBA, 0x93, 0xF9, 0xFD, 0xB4, 0x78, 0x74, 0x18, 0x86, 0x71, 0x20, 0xC2, 0x10,
    0xD0, 0x85, 0x3B, 0x56, 0x6C, 0x1E, 0x67, 0x3E, 0xE1, 0xBE, 0x64, 0x91, 0xB1, 0x0A, 0x9B, 0xA8,
    0x0E, 0xC7, 0x6E, 0x49, 0x8F, 0xC3, 0x00, 0x17, 0xF4, 0x09, 0x64, 0xE9, 0xEC, 0x73, 0xDE, 0x15,
    0x66, 0xB5, 0x91, 0x01, 0x2E, 0x21, 0x28, 0x86, 0xBD, 0x44, 0x7D, 0x51, 0xF9, 0x2C, 0x4E, 0x16,
    0x83, 0xC3, 0x73, 0x0C, 0x88, 0x4E, 0x33, 0xCE, 0x61, 0xB3, 0x95, 0x11, 0xF0, 0x4F, 0x15, 0xEA,
    0x49, 0x9C, 0x35, 0x2A, 0x59, 0x45, 0x26, 0x10, 0xF6, 0x89, 0x8F, 0x91, 0x36, 0x98, 0xCA, 0x1D,
    0x43, 0xE6, 0xFA, 0xFB, 0x09, 0xD2, 0x34, 0x5F, 0x9B, 0xAB, 0x9D, 0x4D, 0x1B, 0x09, 0x52, 0x0C,
    0xF7, 0x5A, 0xB0, 0x7C, 0xF6, 0x4C, 0xCC, 0x41, 0xB6, 0x16, 0x7C, 0x5C, 0x9F, 0x90, 0x6B, 0x87,
    0x66, 0x6F, 0x59, 0xAC, 0x78, 0xCC, 0x69, 0x70, 0xD3, 0x4A, 0x6B, 0xA2, 0x32, 0xD2, 0x1E, 0x5B,
    0xB1, 0x3A, 0x1C, 0x43, 0xCF, 0x9A, 0xC7, 0xB4, 0x1B, 0x19, 0x21, 0x0F, 0xB2, 0xAB, 0x9D, 0xDD,
    0x87, 0x65, 0xDB, 0xDC, 0x92, 0x9D, 0xCD, 0x3F, 0x96, 0xAF, 0x41, 0x3F, 0xA9, 0xFC, 0xCF, 0x2A,
    0x3A, 0x88, 0xAB, 0x87, 0x5E, 0xE0, 0x73, 0x5B, 0xCC, 0xCF, 0x99, 0x9C, 0xEB, 0xE6, 0xDC, 0x8D,
    0x4F, 0xAF, 0x19, 0x94, 0x33, 0x0F, 0x71, 0x6F, 0xD0, 0x74, 0xCF, 0xD4, 0xB6, 0xE6, 0x77, 0xA6,
    0xB2, 0xC8, 0xD4, 0x3E, 0x5F, 0x02, 0xB2, 0xB6, 0x0D, 0xD1, 0x1F, 0xED, 0x17, 0x7D, 0xB6, 0x7B,
    0xE6, 0x81, 0xCD, 0x19, 0x13, 0x3A, 0xD2, 0x5D, 0xAE, 0xC9, 0xCA, 0xC4, 0x2C, 0x8D, 0x7D, 0x86,
    0xE7, 0x20, 0x1F, 0x35, 0x3E, 0x3F, 0x9A, 0xA6, 0xDE, 0x4B, 0xE2, 0x5F, 0x4C, 0x5A, 0x4E, 0x2B,
    0xB9, 0xE2, 0x5C, 0xBB, 0xE5, 0xDD, 0xAD, 0x0E, 0xC5, 0xEF, 0x23, 0xD9, 0x60, 0x59, 0x92, 0xB4,
    0x71, 0xFB, 0xA1, 0x6C, 0x3C, 0x44, 0x55, 0x31, 0x02, 0x88, 0x4E, 0xD0, 0xDF, 0x37, 0xB5, 0xAC,
    0xC2, 0x83, 0xEB, 0x5F, 0x9A, 0x4D, 0xE3, 0xBD, 0x73, 0x73, 0xC0, 0xC0, 0xCE, 0xF5, 0x0E, 0xD1,
    0xF2, 0xA0, 0x94, 0x63, 0xA0, 0x14, 0x80, 0x5D, 0x8D, 0xA3, 0x3A, 0xC2, 0xE6, 0xF2, 0xF7, 0x3E,
    0x39, 0xBD, 0xFE, 0xB4, 0x78, 0xFD, 0x2D, 0xF1, 0xDF, 0x6F, 0xC4, 0xFD, 0xF1, 0xE6, 0xAE, 0xD9,
    0xA6, 0x58, 0xEE, 0x87, 0x91, 0x41, 0x82, 0x40, 0x0C, 0xEA, 0x3F, 0x3A, 0x8B, 0x34, 0x1C, 0xA4,
    0x8E, 0x4C, 0xFC, 0x77, 0xC9, 0x27, 0xE0, 0x98, 0x33, 0xBA, 0xB0, 0x7C, 0x5E, 0x19, 0x2F, 0x11,
    0x8C, 0x49, 0x7B, 0x8F, 0x79, 0x79, 0x75, 0x36, 0x4F, 0x8A, 0xDB, 0x5C, 0x81, 0x7E, 0x5B, 0x5B,
    0x5D, 0x5E, 0x32, 0xBF, 0x7E, 0x79, 0x19, 0xFB, 0xBC, 0x85, 0x4E, 0x6A, 0x53, 0x61, 0x5E, 0x94,
    0x5F, 0x53, 0x05, 0x57, 0xE0, 0xF3, 0x32, 0xC6, 0x7B, 0x0B, 0x7B, 0xE1, 0x6A, 0x2D, 0xAF, 0x44,
    0xEF, 0x2C, 0x4F, 0xBF, 0x8F, 0x91, 0x39, 0xF0, 0xF9, 0x5F, 0x58, 0x5F, 0x55, 0x59, 0x9E, 0xE3,
    0x64, 0x71, 0xBE, 0x8F, 0x21, 0x93, 0x8B, 0xE0, 0x84, 0xD3, 0x17, 0x2A, 0xE9, 0xE0, 0x36, 0xAA,
    0x67, 0x97, 0xBF, 0x37, 0xD6, 0xE1, 0x3D, 0xEA, 0x35, 0xB8, 0xF6, 0x5E, 0xC2, 0x77, 0x1B, 0xF9,
    0xB6, 0x97, 0x2D, 0xCC, 0xF7, 0xD2, 0xF8, 0x63, 0x2E, 0xCF, 0x9A, 0x5A, 0xF0, 0x17, 0x46, 0x80,
    0xE1, 0x89, 0xD4, 0xBC, 0xBC, 0x31, 0xF3, 0xDA, 0xB6, 0x5E, 0xD8, 0xFD, 0x9C, 0xAF, 0x06, 0xCD,
    0xA0, 0x8F, 0x89, 0xE7, 0x7C, 0x3F, 0xC9, 0xEA, 0x44, 0xD9, 0x7A, 0xF8, 0xE5, 0x60, 0x66, 0x2A,
    0x97, 0x4C, 0x5D, 0xCC, 0x26, 0xAA, 0xCA, 0x7A, 0x70, 0xBE, 0x5F, 0xE0, 0x56, 0x00, 0x40, 0x00,
    0xB7, 0x84, 0xC4, 0xE1, 0x38, 0x6C, 0x1D, 0x3A, 0xE5, 0x70, 0xE2, 0xB6, 0x90, 0x26, 0xEE, 0xE8,
    0x89, 0x6A, 0x95, 0x22, 0xE3, 0x47, 0x8A, 0xA9, 0x7E, 0x5A, 0x21, 0xCE, 0x6C, 0xC7, 0xBF, 0x83,
    0x4C, 0x93, 0x49, 0xF8, 0x1E, 0x66, 0xEF, 0x9B, 0xE0, 0x0E, 0x98, 0x2A, 0x6A, 0x53, 0xE6, 0x54,
    0x95, 0xC7, 0x79, 0xD5, 0xD8, 0x31, 0xEF, 0x46, 0x95, 0xE6, 0xC5, 0x90, 0x28, 0x61, 0xDC, 0x1D,
    0x8E, 0xC2, 0xF8, 0x09, 0xEA, 0xE3, 0xE3, 0x9A, 0xCF, 0xEF, 0x2F, 0x7E, 0xC5, 0x96, 0x85, 0xB5,
    0x59, 0xA0, 0xF8, 0x38, 0x59, 0x93, 0x49, 0x54, 0x16, 0x4E, 0x1B, 0x96, 0xFA, 0xF9, 0x26, 0xF8,
    0x9B, 0xFE, 0x75, 0xED, 0x7F, 0xF8, 0xD9, 0x5F, 0x2B, 0xEF, 0xCB, 0x7F, 0xDC, 0x29, 0x5D, 0xFD,
    0xAE, 0x2E, 0x1D, 0xFD, 0x2B, 0xCD, 0x17, 0x1F, 0x34, 0x61, 0x06, 0xEE, 0xBC, 0x42, 0x88, 0x68,
    0x74, 0x60, 0x4A, 0xF3, 0xAC, 0x1D, 0xCE, 0xA4, 0x87, 0xE8, 0xE7, 0x08, 0x41, 0x0B, 0x04, 0x17,
    0x04, 0x82, 0xB0, 0xF6, 0xE0, 0x49, 0x5A, 0xC4, 0x6C, 0x87, 0x2F, 0x6C, 0x49, 0x41, 0x74, 0x6A,
    0x34, 0x16, 0x75, 0x53, 0x15, 0x7A, 0xCD, 0xC1, 0xBA, 0xFD, 0xDE, 0x1C, 0x32, 0xB2, 0xF2, 0x5D,
    0x0A, 0x68, 0xB1, 0x0C, 0x2B, 0x53, 0x1B, 0xAC, 0xE2, 0xDD, 0xBC, 0xC7, 0x31, 0xEF, 0xA2, 0x60,
    0x2F, 0x14, 0x43, 0xB5, 0x8A, 0xA9, 0x5F, 0x38, 0xBC, 0xC9, 0x13, 0xD9, 0x04, 0xDB, 0x20, 0xC9,
    0x6D, 0x0B, 0x5B, 0xE4, 0xE9, 0xE3, 0x46, 0x31, 0x7C, 0xC7, 0x0C, 0xD8, 0x13, 0xDA, 0x49, 0xBE,
    0x11, 0xD1, 0xE4, 0x2D, 0x61, 0xFE, 0x20, 0xEA, 0xB6, 0xC5, 0xED, 0xE6, 0x85, 0x15, 0x13, 0x11,
    0x6B, 0xD2, 0xE9, 0xAD, 0x62, 0x6C, 0xC1, 0x3D, 0xA6, 0x60, 0x35, 0xD9, 0x1F, 0xDE, 0x35, 0x23,
    0x8F, 0x00, 0x4A, 0x4E, 0x6F, 0x1F, 0xBF, 0x12, 0x52, 0x03, 0xAE, 0x20, 0xF2, 0x69, 0xBE, 0x60,
    0x63, 0x88, 0xF9, 0xC9, 0x1A, 0x6F, 0xE4, 0x1E, 0x9B, 0x5A, 0x2C, 0xCE, 0xA3, 0x8D, 0x5E, 0xAA,
    0xA9, 0x08, 0x95, 0xD8, 0x07, 0x01, 0xD8, 0x7D, 0x2C, 0x09, 0x43, 0xC8, 0xAD, 0xEB, 0x5A, 0xB7,
    0x7C, 0xCB, 0x65, 0x65, 0x50, 0x3B, 0x07, 0x1D, 0xCA, 0x50, 0x4B, 0xE3, 0x6B, 0xDD, 0x3C, 0x2E,
    0xE9, 0x86, 0xC7, 0x25, 0x87, 0xE3, 0x8B, 0x2F, 0x23, 0x35, 0xD3, 0x97, 0x91, 0xCA, 0xE5, 0xF2,
    0xC5, 0x84, 0xA4, 0x0C, 0xEF, 0x94, 0xB4, 0xB1, 0xF6, 0x70, 0x7C, 0xFD, 0x1F, 0xCD, 0x58, 0x3D,
    0x70, 0xDC, 0xC6, 0x15, 0x7E, 0x00, 0x48, 0x22, 0x23, 0x4C, 0x04, 0x15, 0x56, 0x0A, 0xFF, 0x08,
    0x4D, 0x0A, 0x5B, 0x63, 0x79, 0x9B, 0x94, 0xA2, 0x17, 0x89, 0xCB, 0x14, 0xE6, 0x64, 0x7C, 0xA3,
    0xC2, 0x85, 0x52, 0xDA, 0x4E, 0xC1, 0x14, 0x2A, 0x54, 0x38, 0x06, 0xAA, 0x34, 0x69, 0x98, 0x99,
    0xA8, 0x67, 0xC1, 0x22, 0xBC, 0x14, 0x4C, 0xA1, 0xC2, 0x85, 0x78, 0xD8, 0x54, 0x29, 0xD2, 0x60,
    0x3C, 0xA3, 0x49, 0x0B, 0x3B, 0xE3, 0x4C, 0x46, 0x29, 0x04, 0x3B, 0xE0, 0x04, 0x92, 0x00, 0x6C,
    0xBE, 0xF7, 0x16, 0xE0, 0x91, 0x89, 0xC4, 0x48, 0xA2, 0xA8, 0xE4, 0x66, 0x7F, 0x70, 0x87, 0xFD,
    0xF9, 0xF6, 0xFD, 0x7C, 0xEF, 0xED, 0x11, 0x91, 0x97, 0x12, 0x51, 0x64, 0xD0, 0xC4, 0x86, 0xD6,
    0x1E, 0x6C, 0xA6, 0x54, 0xD8, 0x81, 0x02, 0x6B, 0x3B, 0x8A, 0xFB, 0x0F, 0x2D, 0xA9, 0x8A, 0x8A,
    0x54, 0xE7, 0xA4, 0x4D, 0x86, 0x21, 0xE5, 0x02, 0x4D, 0x35, 0x60, 0x46, 0xD5, 0x73, 0x33, 0xF0,
    0xD7, 0x82, 0x5F, 0x64, 0x29, 0x29, 0xA3, 0x0D, 0x65, 0x79, 0xD2, 0xF8, 0x96, 0x22, 0x6B, 0x7B,
    0xF2, 0xAC, 0x6D, 0x88, 0x94, 0xCD, 0xE9, 0xE8, 0xE7, 0x73, 0xD4, 0x96, 0x56, 0x7F, 0xD2, 0x60,
    0xA7, 0x0A, 0x1B, 0x99, 0xF8, 0xC1, 0x66, 0x95, 0x98, 0xB0, 0xD6, 0x69, 0xD0, 0x68, 0xF2, 0x5B,
    0x4D, 0x5E, 0xCB, 0xBD, 0xCA, 0x83, 0x26, 0x29, 0xA3, 0x3A, 0x7A, 0x58, 0x94, 0x18, 0x97, 0x52,
    0xD6, 0x4E, 0x6B, 0x08, 0xEA, 0xB0, 0x14, 0xE8, 0x1F, 0x91, 0xB7, 0x97, 0xF7, 0x84, 0x4D, 0xD1,
    0xB4, 0xCF, 0xD6, 0x2C, 0x28, 0x68, 0x28, 0xA3, 0xB0, 0x26, 0x5D, 0x26, 0x35, 0x25, 0x40, 0x43,
    0x21, 0x6F, 0x45, 0x45, 0x7B, 0x0C, 0x34, 0xDD, 0x11, 0xD4, 0xB4, 0x56, 0x67, 0x94, 0x94, 0xA8,
    0xF9, 0x93, 0xAA, 0x26, 0x95, 0x6B, 0x48, 0x4C, 0xFF, 0xD5, 0xE6, 0x89, 0xBD, 0x9F, 0x87, 0x36,
    0x59, 0x9E, 0xFF, 0x82, 0xE7, 0xFA, 0x7E, 0xD3, 0xF5, 0xBA, 0x73, 0x7D, 0x54, 0x1F, 0x0E, 0xF9,
    0x64, 0x77, 0x83, 0xCE, 0xCD, 0xE7, 0x3B, 0xAC, 0x86, 0x18, 0x6A, 0x28, 0x58, 0x42, 0xDC, 0xCF,
    0x8B, 0xFA, 0xDC, 0x7C, 0xAF, 0x59, 0x50, 0x04, 0x1C, 0x49, 0xB5, 0x20, 0x1F, 0x93, 0xB5, 0x81,
    0x46, 0xA0, 0x0A, 0x8B, 0xA3, 0xA0, 0xF8, 0xBD, 0xEB, 0xC3, 0xD6, 0xF5, 0x71, 0xED, 0x7A, 0x28,
    0x06, 0xFD, 0x00, 0x55, 0xA2, 0xF7, 0x7A, 0x6F, 0xE0, 0x1F, 0x83, 0x2E, 0xE8, 0xB8, 0x4F, 0x1A,
    0x0C, 0x83, 0x32, 0x6C, 0xA5, 0xDC, 0x7E, 0xA9, 0xEB, 0x1B, 0xE2, 0xFE, 0xA8, 0x10, 0xBC, 0xF2,
    0x4D, 0xC1, 0xE7, 0x0D, 0xAD, 0x98, 0x09, 0x65, 0x15, 0xCF, 0x33, 0x38, 0x36, 0x31, 0x3E, 0x1E,
    0xE3, 0xF0, 0x09, 0x98, 0x0E, 0xB8, 0x79, 0xDF, 0x7E, 0xEC, 0x17, 0xAB, 0xB3, 0x11, 0xA7, 0xD7,
    0xB9, 0x1E, 0xD2, 0x77, 0x38, 0x2B, 0x87, 0x4F, 0x19, 0xC1, 0x07, 0x95, 0x08, 0x3E, 0x3E, 0x19,
    0xE3, 0x0B, 0x5A, 0x87, 0x2F, 0x7A, 0x38, 0xE7, 0x3E, 0xC5, 0x7A, 0x29, 0xE3, 0x8B, 0x45, 0x55,
    0x13, 0xB8, 0xED, 0x30, 0xFD, 0x3D, 0x61, 0xC9, 0xE0, 0x51, 0xCD, 0x1D, 0x01, 0x17, 0x77, 0x9A,
    0xA4, 0xC3, 0x67, 0xF5, 0x3D, 0xE9, 0xEC, 0x3F, 0x1B, 0x65, 0x7B, 0xA8, 0x99, 0xBB, 0xB8, 0xD9,
    0x6C, 0x2E, 0x5E, 0xEB, 0x94, 0x89, 0x1A, 0x8C, 0x62, 0x13, 0x04, 0x18, 0x58, 0x5F, 0xC3, 0x6A,
    0xE4, 0x2E, 0xC3, 0x02, 0xF8, 0xB1, 0x27, 0x7E, 0x07, 0x20, 0x09, 0x46, 0x46, 0x15, 0xC5, 0x0F,
    0xB2, 0x26, 0xB9, 0xB7, 0x1B, 0xC8, 0x2A, 0x10, 0xEC, 0x57, 0xD2, 0xB9, 0xCF, 0xC7, 0xA8, 0xFE,
    0x7C, 0x77, 0xC1, 0x1B, 0x5B, 0x7B, 0xA4, 0xF3, 0xAE, 0x7F, 0xCD, 0x1D, 0x5C, 0xED, 0x14, 0x9D,
    0x97, 0x4A, 0x17, 0x96, 0xDA, 0x40, 0x07, 0x91, 0x88, 0x62, 0xF0, 0x19, 0x03, 0x6A, 0xD6, 0x1C,
    0xD5, 0xD7, 0x16, 0x6F, 0xDD, 0x7E, 0xCC, 0x0D, 0x66, 0xF8, 0xF5, 0xC2, 0x29, 0xE6, 0x48, 0x13,
    0x34, 0xCF, 0xD4, 0x60, 0x8B, 0xA3, 0x0D, 0x2F, 0xCF, 0x4A, 0x0F, 0xB9, 0x51, 0xDC, 0x64, 0xCC,
    0x24, 0xEF, 0x4E, 0xFB, 0xFF, 0xF4, 0x2D, 0xBF, 0xD3, 0x41, 0xA7, 0xD9, 0x9F, 0x69, 0x2C, 0x78,
    0x7E, 0x8A, 0xC2, 0xCE, 0x89, 0xF5, 0xE1, 0x93, 0xBA, 0x22, 0xC5, 0x4A, 0xFE, 0x48, 0xE4, 0x3A,
    0x9F, 0xA7, 0x85, 0x18, 0x10, 0xAC, 0xAE, 0x30, 0xD3, 0x83, 0x58, 0xCF, 0xB5, 0x83, 0xB4, 0x10,
    0x73, 0x02, 0xA4, 0xA2, 0x1B, 0x1F, 0xF6, 0x87, 0xE9, 0x21, 0x4B, 0xC7, 0x07, 0x65, 0xC6, 0x87,
    0xB8, 0x76, 0x0F, 0x8B, 0xA0, 0xFD, 0xCC, 0x3D, 0x78, 0xFD, 0xF8, 0x40, 0xC5, 0xF8, 0x8A, 0xF4,
    0x40, 0x1B, 0x21, 0x3F, 0xC4, 0x83, 0xD7, 0x88, 0x3B, 0x85, 0x10, 0xB6, 0x2D, 0xD9, 0xBE, 0x07,
    0xB2, 0xE0, 0x36, 0x31, 0x60, 0xD5, 0xD3, 0xBF, 0x7D, 0xBE, 0xEF, 0x1C, 0x9D, 0x61, 0x7B, 0x83,
    0x60, 0xBE, 0x23, 0x80, 0xC9, 0xA1, 0x75, 0x50, 0x05, 0x67, 0x27, 0x20, 0x3B, 0x41, 0xD8, 0x09,
    0xBC, 0x4E, 0xB0, 0x75, 0x02, 0xAC, 0x13, 0x54, 0x9D, 0x40, 0xEA, 0x04, 0x4F, 0xC7, 0x60, 0xB8,
    0x0D, 0xA5, 0xF5, 0xA5, 0xE5, 0x15, 0x64, 0x47, 0x69, 0x3D, 0x69, 0x5F, 0x13, 0x47, 0x4C, 0xC4,
    0x2D, 0xE3, 0x23, 0x24, 0xFC, 0x0A, 0x37, 0x62, 0xAC, 0x96, 0x9B, 0xFD, 0xA3, 0x1E, 0xBE, 0x01,
    0x15, 0x81, 0x95, 0xF6, 0x35, 0x5C, 0x76, 0x5F, 0x7F, 0x5D, 0xA4, 0xFB, 0x20, 0x33, 0x34, 0x70,
    0x87, 0xA7, 0x6E, 0x0E, 0x17, 0x65, 0xA1, 0x84, 0x0C, 0x25, 0x66, 0x53, 0x89, 0xB6, 0x8E, 0x90,
    0xE0, 0x67, 0xCC, 0x8A, 0xC9, 0x20, 0x06, 0xBA, 0xF4, 0xE0, 0xE9, 0x6B, 0x24, 0x93, 0x78, 0x7A,
    0xC2, 0x10, 0x55, 0xC6, 0x5C, 0xA9, 0x30, 0x63, 0x91, 0x18, 0xE6, 0x93, 0x12, 0x27, 0x04, 0x67,
    0xFA, 0x2D, 0x74, 0x04, 0xDF, 0x6A, 0x99, 0xB4, 0x3B, 0xA6, 0x83, 0x9E, 0xC3, 0x18, 0xD4, 0x91,
    0x8B, 0xDF, 0xC2, 0x67, 0x31, 0x53, 0x19, 0x59, 0xFD, 0xF6, 0x79, 0xEC, 0x0A, 0x41, 0x25, 0xD8,
    0x20, 0xAC, 0xDC, 0x8E, 0x17, 0xB1, 0xA9, 0xFD, 0x47, 0xC3, 0x5C, 0x10, 0x1F, 0x64, 0x0D, 0xB3,
    0x80, 0x8B, 0x42, 0x12, 0x89, 0x5C, 0x8F, 0xEF, 0x89, 0x89, 0x9B, 0xF8, 0x41, 0xD1, 0xB0, 0xB7,
    0x53, 0xF1, 0x17, 0xF1, 0xB1, 0x15, 0x4A, 0xD5, 0x8F, 0xCB, 0xC8, 0xA6, 0xBE, 0xC8, 0xFA, 0xF2,
    0x7C, 0x4B, 0xDB, 0x1A, 0xE5, 0x7B, 0xFD, 0x06, 0xA4, 0x7F, 0x72, 0xD1, 0xB6, 0x72, 0x83, 0x31,
    0xF1, 0xC6, 0x39, 0xCA, 0x16, 0x0C, 0x6A, 0xC2, 0xC4, 0xDE, 0xF4, 0x34, 0xC5, 0xC9, 0xF1, 0xDD,
    0xEB, 0x38, 0x5D, 0x6C, 0x8F, 0xC9, 0x71, 0xED, 0x01, 0x31, 0x5F, 0x56, 0x67, 0x18, 0xC6, 0xB7,
    0xDF, 0x80, 0x2E, 0x30, 0x57, 0xE1, 0x4D, 0x54, 0xBA, 0xDF, 0x56, 0x61, 0x3B, 0x45, 0xCF, 0x9B,
    0xE6, 0xCF, 0x1C, 0xD2, 0xD3, 0x15, 0x88, 0x7B, 0x5F, 0xDC, 0x82, 0x12, 0xA7, 0x2F, 0xC4, 0xF5,
    0x1D, 0x0E, 0xD2, 0x4F, 0x5B, 0x39, 0x9A, 0x70, 0x28, 0xE7, 0x48, 0xCE, 0x81, 0x5C, 0xE2, 0xF8,
    0x91, 0x30, 0x1E, 0xE4, 0x37, 0xC8, 0x7F, 0x84, 0xF5, 0x0B, 0xE0, 0x55, 0xCB, 0xB8, 0x71, 0x52,
    0x30, 0x3F, 0x31, 0xA0, 0xC3, 0x02, 0x60, 0x61, 0x1F, 0x4E, 0xF2, 0xF7, 0x0F, 0x43, 0xE5, 0xDA,
    0x2E, 0x2F, 0x6B, 0xC5, 0x34, 0x61, 0x90, 0xC3, 0xB5, 0x81, 0xE5, 0x7F, 0x93, 0x74, 0x2E, 0xDB,
    0x4D, 0xF4, 0x3B, 0xD0, 0xEA, 0x2C, 0x45, 0x5C, 0xB1, 0x66, 0xE0, 0xA6, 0xA0, 0xCB, 0x7B, 0x06,
    0xF2, 0x8F, 0x8D, 0x2E, 0xB1, 0x65, 0xDC, 0xC2, 0x3B, 0xC3, 0xA5, 0xFC, 0x93, 0x63, 0xF2, 0x87,
    0xD5, 0xB0, 0xD9, 0x1C, 0x33, 0xE6, 0x55, 0xC0, 0xB1, 0x07, 0x2D, 0xE6, 0xB4, 0x90, 0x7F, 0xAB,
    0x4C, 0xD8, 0xEA, 0x74, 0x92, 0xFD, 0x58, 0xF3, 0xA0, 0x85, 0xFC, 0xDB, 0xF8, 0x61, 0xD1, 0x06,
    0x16, 0x51, 0x3C, 0xFB, 0x12, 0x0B, 0x80, 0x6B, 0x39, 0x6C, 0xE6, 0x71, 0x8D, 0xB9, 0x4E, 0x2F,
    0xAF, 0xEE, 0x9C, 0xA9, 0x19, 0xFD, 0x62, 0x4A, 0xA9, 0xE8, 0x0E, 0x2B, 0xA2, 0xE0, 0x13, 0x8C,
    0x6E, 0xFA, 0x9C, 0x76, 0xD4, 0x73, 0x7C, 0xC3, 0x31, 0xA0, 0xDB, 0xE0, 0x2E, 0x07, 0x5C, 0xE2,
    0x3C, 0xE2, 0xFF, 0x31, 0xA1, 0x62, 0x3C, 0x24, 0x92, 0x1D, 0xC6, 0xDE, 0xCA, 0xC9, 0xFF, 0xC7,
    0x09, 0xD4, 0xEB, 0x53, 0x50, 0x88, 0xA4, 0x61, 0x2D, 0x79, 0x5B, 0x87, 0x54, 0xFC, 0x0E, 0x9A,
    0xF3, 0xE7, 0xF9, 0x69, 0x7F, 0xA2, 0x9A, 0xB3, 0x21, 0xEA, 0x0B, 0xD8, 0x16, 0x62, 0x08, 0x59,
    0x25, 0xD0, 0xE5, 0x77, 0xC7, 0x64, 0x9F, 0x05, 0x7A, 0xE5, 0x53, 0xA2, 0xAB, 0x57, 0x5F, 0x18,
    0x81, 0x2F, 0x3F, 0x6F, 0xD0, 0x61, 0x2C, 0x94, 0xC3, 0x53, 0xB8, 0xB5, 0x7C, 0xF9, 0xC9, 0xFC,
    0xB7, 0xBC, 0x07, 0x00, 0x3B, 0x77, 0xC6, 0x69, 0x67, 0x1F, 0x00, 0xAB, 0x78, 0x7B, 0x26, 0x6D,
    0xCF, 0x2D, 0x93, 0x10, 0x73, 0x37, 0xEF, 0x10, 0x1B, 0x6E, 0x75, 0x3E, 0xCC, 0x36, 0x28, 0x9B,
    0xF1, 0x5B, 0x49, 0xA4, 0xC5, 0x8F, 0x28, 0x3A, 0xE0, 0x5F, 0x20, 0x1E, 0xAC, 0xA6, 0x53, 0x6E,
    0x17, 0xFC, 0x9E, 0x67, 0x8B, 0x2E, 0x82, 0x72, 0x19, 0xB5, 0x33, 0xF9, 0xE5, 0x07, 0x4B, 0x34,
    0x17, 0x53, 0x78, 0xB9, 0x6F, 0x1B, 0xF0, 0x1A, 0x84, 0x08, 0xAB, 0x48, 0xEE, 0xDA, 0x83, 0x2C,
    0x5F, 0xC3, 0x66, 0x90, 0x27, 0x24, 0x19, 0x95, 0x1E, 0x14, 0x6C, 0x2B, 0x79, 0x5B, 0xA9, 0x52,
    0x33, 0x47, 0xB1, 0x98, 0xD1, 0xEA, 0xD2, 0x27, 0xFD, 0x4B, 0x3B, 0xEC, 0x99, 0xC4, 0x7E, 0x25,
    0x0C, 0x99, 0x66, 0xFD, 0x63, 0x44, 0x61, 0x27, 0x41, 0x8C, 0x72, 0xF0, 0x98, 0x0B, 0x42, 0xA4,
    0xF8, 0xF6, 0x7E, 0x8A, 0x33, 0x0C, 0x13, 0x17, 0xF8, 0x16, 0x5C, 0x10, 0x59, 0x70, 0x41, 0x72,
    0x1D, 0x5C, 0xB0, 0x1E, 0x97, 0x3D, 0xB5, 0xE0, 0x82, 0xA0, 0x06, 0x17, 0x44, 0x06, 0x5C, 0x90,
    0x30, 0x17, 0xEC, 0x33, 0x17, 0xB4, 0x13, 0x17, 0x88, 0xEE, 0x15, 0xCB, 0x67, 0x9D, 0xB9, 0x60,
    0x65, 0xE4, 0x7F, 0xE7, 0xBE, 0x11, 0x33, 0x44, 0x3E, 0x1A, 0xA3, 0x50, 0x01, 0x76, 0x1D, 0x6A,
    0x6C, 0x5A, 0x22, 0xE1, 0x06, 0x15, 0x68, 0x50, 0x81, 0x6D, 0xB4, 0xFF, 0x6D, 0xAB, 0xA3, 0x3F,
    0xB4, 0x3A, 0xF9, 0x51, 0xAB, 0x7A, 0xA8, 0xB7, 0x8D, 0x6A, 0x50, 0x5A, 0xC9, 0xE6, 0xAC, 0x10,
    0x52, 0xBE, 0xE3, 0xF2, 0x0C, 0xC8, 0xD2, 0xDC, 0xC6, 0xA2, 0xDF, 0xF4, 0x9C, 0x11, 0xB1, 0x24,
    0xDE, 0x8E, 0xD2, 0xB3, 0xCE, 0x35, 0x56, 0x71, 0x96, 0xF8, 0xBD, 0x92, 0x92, 0x3F, 0xF3, 0x85,
    0x02, 0xCB, 0xFE, 0xFC, 0xF5, 0xD3, 0x9B, 0xAA, 0xA0, 0x8D, 0x59, 0x25, 0x1A, 0x8C, 0x43, 0x9F,
    0x46, 0xE6, 0xA5, 0xA4, 0x4C, 0x09, 0x76, 0x67, 0x0B, 0xE9, 0x14, 0x51, 0x1D, 0xBF, 0x80, 0x94,
    0x89, 0xE8, 0x52, 0x60, 0x48, 0xFF, 0xAA, 0xA6, 0xE8, 0x4B, 0x64, 0x42, 0xD5, 0x55, 0x59, 0xF2,
    0x55, 0x64, 0xF5, 0xB0, 0x08, 0x23, 0xF5, 0xEE, 0x2C, 0x65, 0xD4, 0x87, 0xF5, 0xD6, 0x07, 0xC4,
    0x37, 0x2B, 0xA9, 0xF7, 0x76, 0xE9, 0xD8, 0x3B, 0xAE, 0xD3, 0x3C, 0xD4, 0x15, 0x18, 0x6A, 0x12,
    0x62, 0xFD, 0x3F, 0x21, 0x41, 0xFA, 0x06, 0xF2, 0xD8, 0x7E, 0x73, 0x19, 0x19, 0x91, 0x6A, 0x03,
    0x0B, 0x01, 0xB3, 0x49, 0xF2, 0xB8, 0xD4, 0xA0, 0x10, 0xE4, 0xB8, 0xAE, 0xB2, 0xA8, 0x52, 0x26,
    0x1C, 0x1F, 0x42, 0xDE, 0xCB, 0xF9, 0x4F, 0x09, 0x9A, 0x3C, 0xE3, 0x2D, 0xB8, 0x9B, 0x09, 0x1F,
    0xD5, 0x51, 0xDE, 0x08, 0x1B, 0xEC, 0xC2, 0xBD, 0xB8, 0xCC, 0x66, 0x42, 0xBC, 0x52, 0x66, 0x1B,
    0x85, 0x6D, 0xB9, 0xCC, 0x77, 0x96, 0x3F, 0x0A, 0xE3, 0xBA, 0x22, 0x0B, 0xF1, 0xFD, 0x08, 0x20,
    0x08, 0x39, 0xBD, 0x57, 0x5D, 0x3A, 0x35, 0xB0, 0x15, 0x91, 0x25, 0x44, 0x09, 0x49, 0x3A, 0x41,
    0xE2, 0xCA, 0x89, 0x01, 0x28, 0xDE, 0xE6, 0x5D, 0xE6, 0x97, 0x13, 0x0B, 0xA2, 0xBF, 0x1B, 0x0C,
    0xA1, 0xAD, 0xC7, 0x79, 0xF6, 0x7E, 0x15, 0x7D, 0xD1, 0x7A, 0xE6, 0xC6, 0x68, 0x57, 0xFF, 0x6D,
    0xFA, 0x58, 0x76, 0x10, 0xDA, 0x29, 0xB9, 0x6F, 0xDE, 0x11, 0xD2, 0x7A, 0xEE, 0x1C, 0x18, 0xB9,
    0x0E, 0xEE, 0x35, 0x77, 0x14, 0xDD, 0x8E, 0x9F, 0x31, 0x07, 0x4E, 0xE1, 0xE4, 0x7E, 0xF9, 0x39,
    0x26, 0xB0, 0xAB, 0x79, 0x4C, 0xA8, 0x74, 0x25, 0x4C, 0x5F, 0x4A, 0x22, 0x3C, 0x99, 0x9B, 0x3A,
    0x34, 0xB7, 0xB7, 0x4F, 0x9F, 0x08, 0x7B, 0x3B, 0x93, 0xA7, 0xAB, 0x3D, 0xEC, 0xB3, 0x1E, 0x9A,
    0x97, 0x97, 0xD4, 0xB3, 0x85, 0x72, 0x44, 0x6B, 0x71, 0x81, 0xAF, 0x2F, 0x9D, 0xFA, 0x2C, 0x2C,
    0x9F, 0x2B, 0x08, 0x1B, 0xFA, 0xFD, 0x8A, 0xE2, 0x2F, 0x70, 0xA5, 0x2F, 0x6F, 0x8E, 0xEE, 0xFE,
    0x1B, 0x76, 0x5B, 0x76, 0xF9, 0x52, 0xDD, 0xDA, 0xAC, 0x79, 0xBE, 0xCA, 0x79, 0x1D, 0xB7, 0x96,
    0xBA, 0x75, 0xBD, 0x96, 0x77, 0x3C, 0xE6, 0x1E, 0xDC, 0x3E, 0x2F, 0x38, 0x05, 0xCF, 0x55, 0x9E,
    0x94, 0xC8, 0x8B, 0x31, 0x3E, 0xC4, 0xF8, 0xA0, 0x1B, 0xF7, 0xF8, 0x0F, 0xEB, 0x7D, 0x25, 0xF8,
    0xB6, 0x0B, 0x2C, 0x4A, 0x8B, 0x31, 0x48, 0x90, 0x98, 0xF0, 0x1E, 0x57, 0xF8, 0xFF, 0x04, 0xF8,
    0x36, 0x45, 0x7F, 0x07, 0xBE, 0x1F, 0xD6, 0x63, 0xB4, 0xDF, 0x80, 0x90, 0x7B, 0x49, 0x92, 0x16,
    0xB3, 0x02, 0xC9, 0x20, 0xCB, 0x35, 0xAA, 0x5C, 0xC5, 0xF3, 0x2C, 0x33, 0x85, 0x24, 0x4F, 0x18,
    0xF3, 0x3B, 0x24, 0x85, 0x3E, 0x27, 0x62, 0x7C, 0x7F, 0xE7, 0xDB, 0x3B, 0x27, 0x8F, 0x49, 0x29,
    0x59, 0xE2, 0x78, 0xE7, 0xE0, 0x94, 0x33, 0x57, 0x91, 0xB9, 0x12, 0x18, 0xF7, 0xBF, 0xA5, 0x86,
    0x26, 0x2C, 0x4A, 0x0E, 0x7D, 0xC0, 0x58, 0x97, 0xFF, 0x8B, 0x1C, 0x2F, 0x4F, 0xA2, 0xCA, 0x17,
    0x79, 0x29, 0x7A, 0x22, 0x5D, 0x8A, 0xFF, 0x87, 0xD5, 0x49, 0x35, 0x36, 0x51, 0x15, 0x97, 0x71,
    0x05, 0x8A, 0xAF, 0x42, 0xFB, 0xA8, 0xF2, 0xEC, 0x1F, 0x5D, 0x46, 0x76, 0x0E, 0xBE, 0x97, 0xD5,
    0xE4, 0x0D, 0x1D, 0xF9, 0xD5, 0xFA, 0x99, 0x5C, 0xE4, 0xA8, 0x30, 0xD0, 0x1B, 0x54, 0x58, 0x21,
    0x88, 0x99, 0x9B, 0xA7, 0xBF, 0xC8, 0xBD, 0xF6, 0x37, 0x4E, 0xC0, 0x98, 0x5D, 0xAB, 0xB8, 0x49,
    0xEA, 0xB8, 0xF4, 0x0D, 0x27, 0x53, 0xC8, 0xA9, 0x91, 0x06, 0xA5, 0xB0, 0xFD, 0x9E, 0x3D, 0xCF,
    0xD0, 0x1A, 0x93, 0x15, 0xC7, 0xC4, 0xA0, 0x89, 0x51, 0x71, 0xC1, 0xAA, 0x93, 0x81, 0xCF, 0x8F,
    0x77, 0xC5, 0xF8, 0xE7, 0x5F, 0x50, 0x31, 0x17, 0x11, 0xFF, 0x73, 0xE8, 0x12, 0x59, 0x23, 0xF9,
    0x13, 0xCD, 0x10, 0x6F, 0x91, 0x94, 0x75, 0x2A, 0x47, 0x78, 0xBC, 0xA0, 0x4A, 0xF8, 0x78, 0x1A,
    0x62, 0xBD, 0x4D, 0x26, 0xC3, 0x15, 0x70, 0xDF, 0xAF, 0x3B, 0x65, 0x11, 0x55, 0x25, 0xF9, 0x83,
    0xDC, 0x0A, 0xB9, 0xA3, 0x2A, 0xB9, 0x25, 0x5D, 0x00, 0xB3, 0xCE, 0xB7, 0x11, 0x10, 0x1A, 0xAE,
    0x97, 0xF7, 0xEE, 0x6D, 0x93, 0xE0, 0x7B, 0x8E, 0x4A, 0x63, 0x6E, 0xCF, 0xB9, 0x75, 0x54, 0x71,
    0x82, 0x84, 0xDF, 0x53, 0xB1, 0x37, 0xA4, 0x12, 0xEC, 0x2C, 0x52, 0x32, 0x24, 0x75, 0xD6, 0xFC,
    0x6C, 0xC8, 0x0F, 0x7F, 0x79, 0x6C, 0x21, 0xC9, 0xDA, 0x02, 0xE1, 0x73, 0x6A, 0xF8, 0xEC, 0x38,
    0xEA, 0xBF, 0x00, 0x25, 0x8E, 0x3D, 0x4E, 0x03, 0x31, 0x10, 0x85, 0xDF, 0xFE, 0x68, 0x2D, 0x64,
    0x89, 0x4D, 0x41, 0x05, 0x48, 0xEE, 0x23, 0x84, 0x1B, 0xDA, 0xE0, 0xB9, 0x41, 0xAE, 0x90, 0x92,
    0x03, 0x50, 0x50, 0x44, 0x99, 0xED, 0x69, 0x38, 0x47, 0xAA, 0x2D, 0x28, 0x97, 0x64, 0x7B, 0x1A,
    0xDF, 0x00, 0x1F, 0xC1, 0x42, 0x14, 0x2B, 0xB4, 0x64, 0x19, 0x67, 0x47, 0x96, 0xE7, 0x8D, 0xE7,
    0xC9, 0xDF, 0x2B, 0x71, 0x0F, 0x6E, 0x74, 0xC4, 0x1B, 0x00, 0x2A, 0xBC, 0x09, 0x4C, 0x0F, 0x38,
    0x97, 0x8A, 0x30, 0x23, 0x0E, 0x8C, 0x4D, 0x85, 0xEB, 0x0A, 0xFC, 0x45, 0xBF, 0x13, 0x36, 0x4F,
    0x69, 0x75, 0x9C, 0xD2, 0x91, 0x7A, 0xAF, 0xA9, 0xB3, 0x70, 0x27, 0xD4, 0x43, 0x1A, 0xAF, 0xC0,
    0x38, 0x62, 0x27, 0xEA, 0x22, 0x23, 0xB7, 0x0E, 0xBC, 0x8E, 0x4E, 0x7B, 0x19, 0x6D, 0xEF, 0x62,
    0x16, 0x95, 0xD7, 0xA2, 0x2B, 0x38, 0xFF, 0x12, 0xDB, 0xD6, 0x05, 0xD3, 0x80, 0x16, 0x79, 0xE8,
    0xF4, 0xF7, 0x68, 0x5F, 0xC3, 0xAD, 0x9A, 0xB9, 0x78, 0xD6, 0xE0, 0x03, 0xCC, 0x00, 0x15, 0x50,
    0x66, 0x64, 0x0A, 0x6F, 0x3F, 0x7F, 0x54, 0x1C, 0xD1, 0xDE, 0xCD, 0x06, 0x81, 0x09, 0x52, 0xC0,
    0x82, 0xCF, 0x60, 0xB0, 0xC5, 0x87, 0x60, 0x1F, 0x91, 0x87, 0x22, 0xE8, 0xDE, 0x35, 0x2B, 0x94,
    0xE7, 0x20, 0x2C, 0xBD, 0x04, 0x9C, 0x9E, 0x83, 0x84, 0x32, 0xC3, 0x4A, 0x9E, 0x2D, 0x59, 0x74,
    0x58, 0x48, 0x90, 0x4B, 0xD1, 0x37, 0x21, 0x8F, 0xD6, 0x3B, 0x4A, 0x1F, 0x57, 0xBD, 0xA5, 0x2D,
    0x3A, 0xE2, 0x68, 0x7A, 0x88, 0x03, 0x43, 0x4D, 0x3B, 0x86, 0xFD, 0x4B, 0x51, 0x96, 0x7B, 0x9E,
    0x96, 0xFB, 0x74, 0xF3, 0xE9, 0x1F, 0x8D, 0x8E, 0xBB, 0x0D, 0xC2, 0x30, 0x14, 0x45, 0x6F, 0x70,
    0x11, 0x09, 0x0A, 0x8F, 0x90, 0x01, 0x28, 0xBC, 0x01, 0xCF, 0x4B, 0x30, 0x47, 0x26, 0x00, 0xB2,
    0x04, 0x73, 0xB0, 0x00, 0x28, 0x1E, 0x81, 0x11, 0x52, 0x21, 0x3A, 0x52, 0x50, 0x38, 0xC8, 0xE1,
    0x71, 0x1D, 0x28, 0xA8, 0x10, 0x96, 0xCF, 0x91, 0x25, 0x7F, 0x8E, 0x81, 0x69, 0xF8, 0xAC, 0x8E,
    0x14, 0x3D, 0x65, 0x22, 0x55, 0x26, 0xCA, 0x3E, 0xA9, 0xAA, 0xA5, 0xA4, 0x6A, 0x80, 0x95, 0x0D,
    0xC0, 0xB1, 0xE4, 0xC1, 0x68, 0x7A, 0xCC, 0xFA, 0x22, 0xC2, 0x74, 0x48, 0x58, 0x04, 0x6C, 0x60,
    0x1B, 0x08, 0xDC, 0x7E, 0x5D, 0x7B, 0x51, 0xD5, 0xD0, 0x52, 0x67, 0xCC, 0x07, 0xDE, 0xCD, 0x0B,
    0xA3, 0x1A, 0x61, 0x87, 0x72, 0x84, 0x0B, 0x68, 0x21, 0x9E, 0x53, 0x00, 0xD7, 0x6C, 0x19, 0x78,
    0x4B, 0x3E, 0x72, 0xA8, 0xB8, 0x0B, 0xB6, 0x4E, 0x28, 0x3B, 0x36, 0x66, 0x77, 0xD6, 0x24, 0x59,
    0x85, 0x8C, 0x56, 0xFD, 0xA4, 0xFC, 0x61, 0xE6, 0xFC, 0x6F, 0xD8, 0xF0, 0x3B, 0x2F, 0x17, 0x5E,
    0xD2, 0x1B, 0xA9, 0x73, 0x13, 0xDF, 0x4C, 0xEF, 0xA8, 0xA6, 0xCC, 0xF2, 0x71, 0xB8, 0x9A, 0xCE,
    0x86, 0x7F, 0x78, 0x01, 0xC5, 0x59, 0xBF, 0x73, 0xDC, 0x54, 0x10, 0x5E, 0xE9, 0x62, 0x6B, 0x1C,
    0xCD, 0x20, 0x17, 0x07, 0x33, 0x9E, 0x21, 0xA8, 0xA1, 0x21, 0x43, 0xA2, 0x36, 0xCC, 0xE0, 0x48,
    0xA4, 0xA5, 0xB9, 0x61, 0xC6, 0x15, 0x8D, 0xCB, 0xC0, 0x4C, 0x48, 0x43, 0x41, 0xE1, 0xE4, 0x94,
    0xFF, 0xE0, 0xA8, 0x29, 0x70, 0xE1, 0x06, 0x17, 0xD8, 0x45, 0x8A, 0x14, 0xB6, 0xA5, 0xFC, 0x07,
    0x97, 0x9A, 0x82, 0x63, 0x60, 0x48, 0x19, 0xCD, 0x20, 0x86, 0x33, 0x39, 0xDD, 0xE3, 0xFB, 0xDE,
    0x93, 0xEE, 0x0C, 0xFE, 0x01, 0xF8, 0x24, 0x59, 0x27, 0x3D, 0xE9, 0x9E, 0xA4, 0x7D, 0xFB, 0xED,
    0xEE, 0xDB, 0xDD, 0xB7, 0x12, 0x6B, 0x5B, 0x44, 0x3A, 0x63, 0x34, 0xEE, 0x04, 0x8D, 0x57, 0xA0,
    0xF1, 0x15, 0x9A, 0xA0, 0x8F, 0x26, 0x0C, 0x62, 0x91, 0x23, 0x3F, 0x15, 0x29, 0xBC, 0xA1, 0x58,
    0x13, 0x37, 0x13, 0x7B, 0xDC, 0xC9, 0xA4, 0xA3, 0xD4, 0x58, 0x1C, 0xA5, 0x26, 0xE2, 0x29, 0x55,
    0x88, 0x97, 0xCA, 0x91, 0xE0, 0xD1, 0xBE, 0x84, 0x78, 0x27, 0xC2, 0x9B, 0x01, 0x5E, 0xD1, 0x5B,
    0x44, 0xF2, 0x79, 0x35, 0x86, 0xBE, 0xD2, 0x7D, 0x6F, 0x8A, 0x58, 0xEA, 0xB7, 0x1C, 0x34, 0x72,
    0xEF, 0xF7, 0x7E, 0x1E, 0xA4, 0x6E, 0x1E, 0x46, 0x9D, 0x3C, 0x14, 0x1E, 0xB6, 0x39, 0xE3, 0xBF,
    0x9F, 0x7A, 0xB9, 0x77, 0x9C, 0xE4, 0x18, 0x30, 0x97, 0xE4, 0xE7, 0x5C, 0xAA, 0xCD, 0x1D, 0x81,
    0xD9, 0xCC, 0x9C, 0xE7, 0x9D, 0x1A, 0x07, 0x21, 0xC8, 0x3A, 0x1B, 0xFE, 0x95, 0x61, 0x75, 0xB7,
    0x39, 0xA8, 0x3E, 0x98, 0xF0, 0x49, 0xF8, 0x99, 0x88, 0x0D, 0xA6, 0x3A, 0x25, 0xFA, 0x45, 0x41,
    0x56, 0x38, 0x1E, 0x57, 0x60, 0x7A, 0x18, 0xC8, 0xE1, 0x45, 0x40, 0xBE, 0xD7, 0xDD, 0xA8, 0x71,
    0x68, 0x66, 0xFB, 0x0A, 0x07, 0x08, 0x5B, 0x60, 0xCD, 0x1E, 0x8A, 0x03, 0x2E, 0x02, 0x0C, 0x76,
    0x74, 0x24, 0xB2, 0x7D, 0xBD, 0x2E, 0xA8, 0x4E, 0x4C, 0xCE, 0x39, 0x22, 0x58, 0x03, 0xD4, 0xEC,
    0x24, 0xD4, 0x0F, 0xDA, 0x82, 0xFA, 0x0E, 0x89, 0x44, 0x86, 0x11, 0xA8, 0xB1, 0x76, 0xA8, 0x9A,
    0x7D, 0x8F, 0x9C, 0x2F, 0x3D, 0xE2, 0xFF, 0x83, 0x53, 0x5A, 0x6D, 0x05, 0xAA, 0xD5, 0x33, 0x16,
    0xBB, 0x72, 0x50, 0x5A, 0x2D, 0xB4, 0xFA, 0x53, 0x34, 0x83, 0xBA, 0x59, 0x03, 0xD4, 0xEB, 0xF7,
    0x80, 0x23, 0x54, 0x18, 0xEC, 0xB1, 0xC2, 0xD5, 0xEA, 0x35, 0x76, 0xF6, 0xA4, 0x6D, 0xA8, 0x1C,
    0xB6, 0xFF, 0xAD, 0x88, 0x02, 0xB5, 0xCD, 0xFB, 0xA5, 0xA9, 0xD5, 0xAC, 0x55, 0x6B, 0x50, 0x31,
    0x1E, 0x10, 0xEA, 0x1D, 0xA7, 0xAD, 0x79, 0x79, 0x9E, 0x77, 0xAD, 0x3C, 0xA4, 0x06, 0xD9, 0xAF,
    0x6F, 0x96, 0x9E, 0xF2, 0xBA, 0x5D, 0x36, 0x77, 0x2B, 0x43, 0x16, 0x3E, 0xD9, 0xFD, 0x1A, 0xCD,
    0x96, 0x1B, 0x53, 0xF9, 0x33, 0x77, 0x1C, 0x35, 0x2B, 0x8C, 0x55, 0x63, 0xC5, 0x16, 0x88, 0x77,
    0xC0, 0x9A, 0x0D, 0x52, 0xBD, 0x25, 0xB8, 0x4C, 0x1F, 0xBA, 0x9F, 0x96, 0xBE, 0x39, 0x5A, 0x0C,
    0xBE, 0xCD, 0xC6, 0xA3, 0x8F, 0x72, 0x29, 0x7D, 0xBA, 0x79, 0xE9, 0x3E, 0x69, 0x1D, 0xAA, 0x45,
    0x4A, 0x3C, 0x40, 0xC2, 0xE1, 0x44, 0xC6, 0xB1, 0xB9, 0x02, 0xA8, 0x01, 0xA0, 0x16, 0x25, 0xD4,
    0x3A, 0xFC, 0xB1, 0x3B, 0xE3, 0x5E, 0x3E, 0x9C, 0xA9, 0xF6, 0x45, 0xFB, 0xAA, 0x25, 0xA5, 0x93,
    0xE1, 0x15, 0xD7, 0x9D, 0xB8, 0x7E, 0xCC, 0xC6, 0x5B, 0xBD, 0x9E, 0x79, 0xAB, 0xA5, 0x4A, 0x0E,
    0x5B, 0x54, 0x77, 0xC8, 0xBE, 0x36, 0xE0, 0xAE, 0x61, 0xDC, 0xE4, 0x95, 0xC8, 0x6B, 0x58, 0x6D,
    0xAF, 0x6B, 0x38, 0xA8, 0x1B, 0x6A, 0xD7, 0x06, 0x86, 0xBB, 0x34, 0x65, 0xED, 0x84, 0x9D, 0x89,
    0x5C, 0xB1, 0xB7, 0xCA, 0x3C, 0x64, 0x17, 0x15, 0xC0, 0xBC, 0x11, 0x4F, 0xF5, 0xF9, 0xEE, 0x77,
    0x89, 0x52, 0xDC, 0x37, 0x36, 0xE0, 0xF4, 0xCB, 0x7D, 0xA3, 0x97, 0xA8, 0x31, 0xF7, 0xDD, 0x9D,
    0x79, 0x27, 0x14, 0x60, 0x9E, 0x64, 0xC4, 0xD0, 0xAE, 0x05, 0x6C, 0x4D, 0x75, 0x8B, 0xEB, 0x25,
    0x30, 0x9C, 0x4C, 0x08, 0x5A, 0xC0, 0x57, 0xEA, 0xC7, 0xDE, 0x30, 0x44, 0x3C, 0x09, 0x95, 0x32,
    0x47, 0x99, 0x3E, 0xF8, 0x43, 0x5B, 0xBC, 0xE9, 0x5E, 0x8C, 0xE7, 0x52, 0x8D, 0xEB, 0x82, 0xBC,
    0x15, 0xB6, 0x85, 0x87, 0x30, 0x99, 0x31, 0xAF, 0xDF, 0x5F, 0x80, 0xD9, 0x00, 0x99, 0x6E, 0x98,
    0x99, 0xA9, 0xDA, 0x29, 0xA7, 0x09, 0xB7, 0x45, 0x58, 0x8E, 0x56, 0x9D, 0xE2, 0x99, 0x07, 0x1D,
    0x2C, 0x0F, 0x2F, 0xCF, 0xD8, 0x7B, 0x30, 0x60, 0xF5, 0xBD, 0x58, 0x7F, 0x80, 0xE8, 0x60, 0x67,
    0x71, 0xA6, 0xB4, 0x13, 0x64, 0xBA, 0xC8, 0x24, 0xCD, 0x8F, 0xA4, 0x7B, 0x0B, 0xB4, 0x22, 0xD0,
    0x1A, 0x89, 0xF3, 0x64, 0xBF, 0xD2, 0x37, 0x19, 0x30, 0xC7, 0xC6, 0x06, 0xF9, 0x99, 0x1F, 0x1B,
    0x3D, 0xF4, 0x8F, 0xCD, 0xB1, 0xBB, 0xF3, 0xF7, 0x7B, 0x22, 0xF3, 0xF7, 0x8C, 0x01, 0x70, 0x7B,
    0x8A, 0x31, 0x27, 0x26, 0x31, 0x45, 0x52, 0xA8, 0x3D, 0x02, 0x84, 0x3C, 0x25, 0x9E, 0xB5, 0x1A,
    0xF0, 0xC0, 0xAE, 0x32, 0x3D, 0xC0, 0x23, 0xE9, 0xDE, 0x00, 0x14, 0x20, 0x31, 0x40, 0x2E, 0x6F,
    0xB6, 0x22, 0xB7, 0x38, 0xA4, 0x68, 0x01, 0x51, 0x58, 0xB5, 0x33, 0xFD, 0x19, 0x4D, 0x17, 0x4A,
    0xF8, 0x06, 0x84, 0xBD, 0x86, 0x95, 0x40, 0x46, 0x03, 0x08, 0x7F, 0x6D, 0x6C, 0x16, 0x21, 0x54,
    0xC2, 0xF3, 0xA8, 0x4E, 0x3C, 0xD6, 0x60, 0xD3, 0x99, 0xE6, 0xDE, 0x5E, 0x66, 0x59, 0x11, 0xB3,
    0x9A, 0xC5, 0x95, 0xD0, 0x45, 0xE6, 0xA9, 0xF6, 0xE0, 0xC5, 0x4E, 0x58, 0x7D, 0xDD, 0x4A, 0x58,
    0xA3, 0x0A, 0xC8, 0x68, 0xB4, 0x5F, 0xA7, 0x93, 0xD3, 0xA9, 0xCE, 0xD0, 0xB0, 0x5A, 0x1C, 0x82,
    0xD5, 0x95, 0x1A, 0xEC, 0xE5, 0x4C, 0xE7, 0xD7, 0x29, 0x40, 0x4D, 0x67, 0x34, 0x5B, 0x22, 0xDA,
    0x6A, 0x6E, 0xEE, 0x0E, 0x42, 0x95, 0x61, 0x7F, 0xAB, 0xE8, 0x61, 0x4A, 0x5C, 0xBC, 0x87, 0x1C,
    0x98, 0x0F, 0x07, 0x69, 0x98, 0x59, 0x99, 0x93, 0xBA, 0x26, 0x61, 0x48, 0xCF, 0xFB, 0x5D, 0x8E,
    0xBA, 0x11, 0x11, 0x7A, 0xEC, 0x42, 0x4F, 0xD3, 0x55, 0x59, 0x61, 0x68, 0x8B, 0x83, 0x12, 0x45,
    0x78, 0xEE, 0x4F, 0xB0, 0xFE, 0xE0, 0x93, 0x61, 0x04, 0x6B, 0x58, 0x3E, 0xD6, 0x86, 0x3D, 0xA2,
    0x00, 0x11, 0x2D, 0x8B, 0x4F, 0xE1, 0xB3, 0x47, 0xB0, 0xB4, 0x30, 0x96, 0x30, 0xED, 0x53, 0xE4,
    0xD0, 0x8B, 0x37, 0x9A, 0x52, 0x40, 0x05, 0x9B, 0x29, 0xFF, 0x26, 0xBC, 0xD1, 0xC7, 0xDA, 0x2C,
    0x0D, 0x21, 0xCD, 0xD8, 0xCF, 0x6D, 0x25, 0x2E, 0x23, 0xAD, 0xC5, 0x98, 0x87, 0x18, 0x1E, 0x9F,
    0xAC, 0x17, 0xD8, 0x3A, 0xB4, 0x4E, 0xAA, 0x20, 0xAB, 0xE3, 0xEB, 0x12, 0x56, 0x5D, 0x09, 0x05,
    0xAD, 0x62, 0xEF, 0xF8, 0xE1, 0xC8, 0x4F, 0x9D, 0xCC, 0xC4, 0x52, 0x7B, 0x1C, 0x22, 0x67, 0xE6,
    0x39, 0x88, 0x11, 0x4B, 0x87, 0x6E, 0xE6, 0xFE, 0x99, 0x0C, 0xF1, 0x5C, 0x24, 0xFD, 0xF1, 0xDC,
    0xD5, 0xD2, 0x14, 0xBC, 0x91, 0x39, 0x5B, 0xB3, 0xE5, 0xFA, 0x59, 0xB5, 0x96, 0x99, 0x5E, 0x1B,
    0x86, 0xCA, 0x8C, 0x30, 0xC8, 0xCF, 0x08, 0x75, 0x0B, 0x20, 0x95, 0xB9, 0xDB, 0x34, 0x05, 0x97,
    0x49, 0x55, 0x85, 0x98, 0xE8, 0x3C, 0x08, 0x92, 0x5C, 0x77, 0xE2, 0x76, 0xF0, 0xCD, 0xA2, 0x0E,
    0x99, 0x28, 0x2B, 0x4A, 0xEE, 0xD0, 0x60, 0x9E, 0x62, 0x42, 0x6E, 0xAF, 0xD4, 0x85, 0x97, 0x6B,
    0x08, 0x4D, 0xDA, 0xAC, 0x68, 0x7A, 0xFB, 0x57, 0x87, 0xF7, 0x46, 0x19, 0xB0, 0x98, 0x99, 0x36,
    0x81, 0x57, 0xA7, 0xB7, 0xDA, 0x62, 0x97, 0xB5, 0x7E, 0xB7, 0xAE, 0x50, 0xBF, 0x3A, 0xA0, 0xA1,
    0x6B, 0x65, 0x5C, 0x1A, 0xF1, 0x50, 0xDC, 0x17, 0x51, 0xAD, 0x78, 0x97, 0x3F, 0xAA, 0x56, 0x34,
    0x77, 0x39, 0xAE, 0x59, 0xD1, 0xF4, 0xE4, 0x4A, 0xF0, 0x32, 0x16, 0x26, 0x8C, 0x85, 0x78, 0x6D,
    0x50, 0x16, 0x61, 0x6A, 0xD7, 0xEF, 0xA0, 0xC2, 0x16, 0xB4, 0x6F, 0xBB, 0x67, 0xB9, 0xDD, 0x59,
    0x14, 0x45, 0x4F, 0x71, 0x74, 0x22, 0x8A, 0x36, 0xE1, 0x8E, 0xF5, 0xEC, 0x91, 0x84, 0x22, 0x98,
    0x22, 0x83, 0x71, 0x06, 0xBA, 0x4A, 0x81, 0x04, 0x79, 0xF9, 0xF8, 0x61, 0x04, 0xF4, 0xD3, 0xA6,
    0xD0, 0x47, 0xC6, 0x73, 0xB8, 0xEC, 0x45, 0xE7, 0xDB, 0x5C, 0xA4, 0x23, 0x18, 0x2C, 0x7D, 0x92,
    0x53, 0xE6, 0x4C, 0x01, 0x2E, 0xE7, 0x99, 0x74, 0x0D, 0x8D, 0xC9, 0x02, 0xA6, 0x2C, 0x00, 0xC9,
    0x83, 0x96, 0x00, 0xB1, 0x5E, 0x78, 0x9B, 0x9E, 0x08, 0x1D, 0x2E, 0x87, 0x1F, 0xD4, 0x05, 0xE8,
    0x9F, 0x01, 0x93, 0xA8, 0x46, 0x2D, 0xA1, 0x3A, 0x1D, 0x30, 0x17, 0x47, 0x65, 0x51, 0xF7, 0xC1,
    0x4B, 0x58, 0x61, 0x5F, 0x21, 0x19, 0xFF, 0xF2, 0x76, 0x4B, 0x58, 0x6E, 0x5D, 0x37, 0x89, 0xB5,
    0x59, 0x4E, 0xD6, 0xA1, 0x1D, 0x6A, 0x42, 0xDA, 0x9A, 0x30, 0x17, 0xB9, 0x0B, 0x91, 0x3A, 0xD4,
    0x72, 0xCA, 0x45, 0xDC, 0x17, 0x6B, 0xA7, 0xC0, 0x3B, 0xFF, 0xF5, 0x38, 0x92, 0x4E, 0xDE, 0x17,
    0x8C, 0x39, 0xF4, 0x33, 0x1F, 0x3C, 0x38, 0xA4, 0x9F, 0x9C, 0xA0, 0xCF, 0x2A, 0x10, 0xCB, 0x0D,
    0x3C, 0x97, 0x2E, 0xA8, 0x2F, 0x7E, 0x7C, 0xD1, 0x11, 0xC2, 0x3D, 0x84, 0x10, 0x62, 0xF8, 0xAB,
    0x8A, 0x7D, 0xF5, 0x2A, 0x76, 0x94, 0x1F, 0xCF, 0x26, 0x1C, 0x57, 0x0D, 0x9C, 0x70, 0x3C, 0x5F,
    0xAB, 0x92, 0xEA, 0xB2, 0x9C, 0x61, 0x31, 0x44, 0xE3, 0xDA, 0xA4, 0xF6, 0xF5, 0x62, 0x49, 0xB8,
    0xA0, 0x19, 0xEA, 0xF0, 0xAB, 0xD3, 0x8E, 0x37, 0xE6, 0x2A, 0xBA, 0x34, 0x1E, 0xB3, 0x71, 0x2D,
    0xE3, 0x70, 0xC2, 0x85, 0xBF, 0xC0, 0xBA, 0xD6, 0x35, 0x02, 0x98, 0x18, 0xB8, 0xDF, 0x8B, 0xC1,
    0x96, 0x12, 0xF2, 0xF6, 0xFF, 0x1A, 0x22, 0x11, 0x42, 0x11, 0x62, 0x11, 0x82, 0x11, 0x8D, 0x66,
    0x06, 0xC7, 0x28, 0x83, 0xF5, 0x59, 0x2A, 0x67, 0xCA, 0xDA, 0xA1, 0xAE, 0xCB, 0xE3, 0xF6, 0x72,
    0x06, 0xA6, 0x87, 0x97, 0x07, 0x74, 0x47, 0xCB, 0x84, 0x76, 0xDA, 0xCF, 0x00, 0xC8, 0xCE, 0x5A,
    0x02, 0x54, 0x55, 0xF6, 0x09, 0x86, 0x85, 0x44, 0x3B, 0xAA, 0x09, 0x10, 0xCD, 0xCB, 0x94, 0xCB,
    0x68, 0x60, 0xD0, 0x0F, 0x50, 0xB9, 0x6D, 0xA9, 0xE9, 0xB4, 0xDD, 0x2D, 0x8E, 0x4A, 0x7F, 0x60,
    0x53, 0x5F, 0x80, 0xA8, 0x42, 0xC0, 0xEC, 0x3C, 0x7F, 0xDA, 0x12, 0x96, 0x9D, 0x77, 0xA5, 0x33,
    0x3D, 0x10, 0xE7, 0xC7, 0x5C, 0xEC, 0x7B, 0x83, 0x3A, 0xB4, 0xA3, 0xDD, 0x71, 0x8B, 0x13, 0x46,
    0xBB, 0x31, 0x3D, 0x65, 0xCC, 0xD5, 0x3C, 0xA9, 0xAA, 0x41, 0x2D, 0xE7, 0xB9, 0x37, 0xE3, 0x6B,
    0x7C, 0x3D, 0xE8, 0xA4, 0x5A, 0x8E, 0x94, 0x75, 0xB5, 0x9B, 0x7C, 0x3A, 0xC1, 0x4D, 0xAB, 0x40,
    0x0A, 0x84, 0x10, 0xD1, 0x19, 0x23, 0x15, 0xB1, 0x58, 0x77, 0x97, 0x24, 0xAC, 0x3E, 0xBF, 0xF8,
    0x45, 0xF5, 0x99, 0xC6, 0x14, 0xD5, 0xFF, 0xBD, 0x59, 0x2D, 0x73, 0x8F, 0x24, 0x32, 0x23, 0x5B,
    0xE9, 0x0C, 0x68, 0xA2, 0x0B, 0xEA, 0x4E, 0x16, 0xA4, 0xDE, 0xC8, 0x4B, 0xF1, 0x1B, 0x05, 0xB3,
    0xA0, 0x63, 0x4D, 0x10, 0xF1, 0x8A, 0x89, 0x11, 0x1B, 0x6B, 0x42, 0x2C, 0xC5, 0xE9, 0x10, 0x93,
    0x9A, 0x0F, 0x51, 0x1A, 0x1F, 0x88, 0x1C, 0x1A, 0x89, 0x35, 0x88, 0x60, 0xFE, 0x21, 0xC1, 0xD1,
    0xA9, 0x61, 0x5E, 0x5D, 0x55, 0x21, 0x74, 0x01, 0x1C, 0x91, 0x84, 0x1F, 0xC3, 0x54, 0x90, 0x73,
    0x1E, 0x82, 0xD7, 0x83, 0x8A, 0xA2, 0x97, 0x57, 0x5F, 0xEC, 0xB5, 0x8A, 0x58, 0x7E, 0x14, 0x3B,
    0x6D, 0x5E, 0x59, 0xC1, 0x89, 0xF8, 0x47, 0x3F, 0xE1, 0x44, 0x8D, 0x28, 0x4B, 0xAE, 0xD1, 0xDC,
    0xC3, 0x1F, 0x52, 0x7E, 0x22, 0xC7, 0xAD, 0xEC, 0x41, 0xF3, 0xD0, 0xEE, 0xF3, 0x83, 0xC0, 0xA1,
    0xD8, 0x2F, 0x27, 0x62, 0xC5, 0xDB, 0x8D, 0xC0, 0xFA, 0x0B, 0x75, 0x52, 0x3B, 0x6E, 0x1B, 0x31,
    0x10, 0x7D, 0xAB, 0xB5, 0x45, 0xC3, 0x5B, 0x50, 0x8D, 0x10, 0xC0, 0x0D, 0xDB, 0xA4, 0x88, 0x79,
    0x02, 0x89, 0x4C, 0x52, 0xA6, 0x71, 0x63, 0xF8, 0x0E, 0x3E, 0x83, 0xAD, 0x65, 0x90, 0x22, 0xAD,
    0x8E, 0x90, 0x22, 0x45, 0xE0, 0x33, 0x48, 0x5E, 0x76, 0x29, 0xDC, 0x30, 0x55, 0xDA, 0x3D, 0xC2,
    0x14, 0x14, 0xB0, 0xC5, 0x4A, 0xCC, 0x50, 0x3F, 0xD8, 0x09, 0x3C, 0xFB, 0xE6, 0xCD, 0x70, 0x66,
    0x38, 0xFC, 0xED, 0xED, 0x03, 0x9A, 0x94, 0x31, 0xBE, 0xC6, 0xED, 0xC3, 0xCF, 0x26, 0xF5, 0x0C,
    0xE0, 0x1F, 0x9F, 0xA5, 0x49, 0x2C, 0x5B, 0x02, 0x5E, 0x89, 0x0D, 0xA1, 0xED, 0x1D, 0x3A, 0xAC,
    0x91, 0x50, 0xE3, 0x04, 0x17, 0x30, 0x5E, 0x87, 0x2A, 0x08, 0xAF, 0xEC, 0x14, 0x23, 0xAE, 0x98,
    0xA2, 0xB6, 0xC6, 0x49, 0x27, 0xAD, 0xC6, 0x82, 0x23, 0x43, 0xCC, 0xF5, 0xA7, 0xF6, 0x4E, 0xDA,
    0x4E, 0x61, 0xAD, 0x5D, 0x52, 0xA1, 0x96, 0xE1, 0xA4, 0xB0, 0x17, 0x83, 0xB9, 0x79, 0x22, 0xFD,
    0xA7, 0xAB, 0x7E, 0x77, 0xC2, 0x47, 0xF5, 0x91, 0xA6, 0xD2, 0x8F, 0x8A, 0xBC, 0xC8, 0x54, 0x84,
    0xFA, 0x33, 0x99, 0x6F, 0x51, 0x7E, 0x89, 0xF2, 0x03, 0xE9, 0xB2, 0x5D, 0x48, 0x37, 0x3A, 0xCD,
    0xA9, 0x92, 0xF6, 0xB8, 0x59, 0xD9, 0x94, 0x3C, 0xE3, 0x18, 0x39, 0x62, 0xF0, 0x3D, 0x57, 0x8A,
    0x76, 0x0F, 0xDE, 0x39, 0xE3, 0x66, 0x85, 0x37, 0xAB, 0xBD, 0x7F, 0x4C, 0x31, 0x0A, 0xCB, 0xB5,
    0x55, 0xD4, 0x6B, 0xB3, 0xE1, 0x6F, 0x2D, 0xFB, 0x62, 0xFE, 0xF6, 0x7C, 0x30, 0xDF, 0xE8, 0x5F,
    0x94, 0xF4, 0x13, 0x2D, 0xD5, 0x57, 0xE2, 0x02, 0x3B, 0x9C, 0x63, 0xE8, 0xD8, 0x31, 0x3D, 0x54,
    0xB6, 0xB3, 0x19, 0x4C, 0x5E, 0xA5, 0xD3, 0x58, 0x66, 0x1B, 0x55, 0xD1, 0xED, 0x6C, 0x49, 0xBB,
    0x78, 0x15, 0xB2, 0xBD, 0x9F, 0x6D, 0xCB, 0x79, 0x9E, 0xE1, 0x95, 0xAE, 0x20, 0xC2, 0x52, 0x47,
    0xB1, 0x06, 0x8A, 0xAE, 0xEE, 0x55, 0xCA, 0x07, 0xEA, 0xA6, 0x46, 0x3A, 0x54, 0x21, 0xEA, 0x49,
    0xE5, 0xB9, 0x3B, 0xE9, 0x89, 0xF0, 0xDC, 0x3D, 0x5E, 0xE6, 0xF1, 0x12, 0xDD, 0x44, 0x4B, 0xC7,
    0xDD, 0xEB, 0x5E, 0xA6, 0x7C, 0x3C, 0x45, 0xA2, 0xC7, 0x41, 0xDE, 0x9D, 0xBB, 0x47, 0xE9, 0x97,
    0xCA, 0x2D, 0x54, 0xBE, 0xE0, 0x78, 0x09, 0x7A, 0x0F, 0xB8, 0x01, 0x89, 0x20, 0x9D, 0xC1, 0x23,
    0xF7, 0x51, 0x4E, 0x84, 0x01, 0xC1, 0x9D, 0xB1, 0x2F, 0x5D, 0x15, 0xCA, 0x58, 0xF4, 0x25, 0x55,
    0xDB, 0xFC, 0x19, 0xC6, 0xB6, 0xB8, 0x32, 0xAD, 0xEC, 0x5E, 0x68, 0xC8, 0x5A, 0x1D, 0x95, 0x1F,
    0x38, 0xBE, 0xAA, 0x5E, 0x44, 0xE5, 0x05, 0x1D, 0x36, 0x34, 0xB4, 0xC5, 0x3C, 0xCF, 0xA9, 0x49,
    0xF5, 0x0D, 0xA9, 0x75, 0x4D, 0xB2, 0xE7, 0x7C, 0xDC, 0xA7, 0x7F, 0x00, 0xBC, 0x97, 0x7C, 0xF1,
    0x90, 0x1E, 0xD0, 0xF9, 0x2A, 0x59, 0xFB, 0xFF, 0xC3, 0xF7, 0xCF, 0xC2, 0xE1, 0x65, 0xF8, 0xD4,
    0xE6, 0x67, 0xD3, 0x84, 0x66, 0xC3, 0x2C, 0xF8, 0x27, 0xD0, 0xA4, 0x52, 0x22, 0x4D, 0x26, 0xAA,
    0x4E, 0x53, 0xED, 0x45, 0xAF, 0xDB, 0xC6, 0x96, 0xCC, 0x63, 0x64, 0xC6, 0x9E, 0x45, 0x97, 0x59,
    0x91, 0x62, 0xAE, 0x03, 0x73, 0x91, 0x1C, 0x33, 0x3F, 0x08, 0xB3, 0x8C, 0x5B, 0x6E, 0xA1, 0xC2,
    0x01, 0x1E, 0xCF, 0x65, 0x68, 0x33, 0xB8, 0x83, 0x61, 0x44, 0xD4, 0x84, 0x3A, 0xA2, 0x21, 0x18,
    0xCA, 0xFE, 0x6E, 0xCA, 0x4E, 0xFE, 0x02, 0xCD, 0x8F, 0xAD, 0x11, 0xC3, 0x30, 0x0C, 0x85, 0x5F,
    0x6A, 0x10, 0x60, 0x90, 0x0D, 0xEA, 0x0D, 0x62, 0xDE, 0xB3, 0xE3, 0x0C, 0x55, 0x98, 0xD6, 0x19,
    0xA6, 0xB8, 0xA8, 0x20, 0xA0, 0xB9, 0x64, 0x04, 0x8F, 0xE0, 0x11, 0x0C, 0x04, 0x0C, 0x92, 0x73,
    0xF3, 0x07, 0x8A, 0x8A, 0x2B, 0x09, 0xE8, 0x3E, 0x9D, 0x9E, 0x9E, 0x00, 0xE4, 0x11, 0x22, 0xA1,
    0x2A, 0x6A, 0xC5, 0xDB, 0xBD, 0x96, 0x7E, 0x21, 0xF9, 0x84, 0x23, 0x34, 0x30, 0x83, 0xCD, 0xE0,
    0x3D, 0x84, 0x86, 0x49, 0xAD, 0x4C, 0xE3, 0x0A, 0xF5, 0x3A, 0x34, 0x64, 0xA8, 0x81, 0x75, 0x96,
    0xD0, 0xA1, 0xB3, 0x64, 0xDD, 0x4A, 0xF3, 0x58, 0x4C, 0x25, 0xF4, 0xC3, 0xCC, 0xBA, 0x54, 0x67,
    0xD9, 0xF3, 0x08, 0x0C, 0x3E, 0x51, 0x16, 0x4E, 0x9E, 0x8D, 0xBC, 0x2D, 0x6A, 0xB9, 0xAD, 0x0B,
    0x7F, 0x8F, 0xAF, 0xE6, 0x46, 0x26, 0x74, 0x1D, 0xA9, 0x7E, 0x92, 0x21, 0x5B, 0x28, 0x27, 0xF9,
    0x56, 0xA5, 0x2A, 0x4D, 0xE2, 0x4F, 0x68, 0x31, 0x89, 0x80, 0x5D, 0xF4, 0x97, 0xD3, 0xD3, 0x28,
    0x9D, 0x74, 0xEC, 0x2B, 0xB1, 0x1D, 0x18, 0xE8, 0x1A, 0x41, 0xCC, 0x17, 0x6D, 0x85, 0x21, 0xDA,
    0x68, 0x82, 0x09, 0xCC, 0x89, 0x5A, 0x06, 0x2C, 0x96, 0x2F, 0x87, 0xE1, 0x3F, 0xF9, 0xF2, 0x03,
    0x7D, 0x54, 0x3D, 0x8F, 0xDC, 0x44, 0x18, 0x7E, 0x6C, 0xC3, 0xBA, 0x98, 0x62, 0x8E, 0x02, 0x45,
    0x24, 0x12, 0x6E, 0xD2, 0x50, 0x04, 0xFF, 0x02, 0x34, 0x26, 0x2D, 0x2D, 0x57, 0xA5, 0x80, 0x3A,
    0x0D, 0x29, 0x29, 0x4E, 0x5A, 0x13, 0xCA, 0x14, 0x6C, 0xC1, 0x0F, 0x48, 0x41, 0x81, 0x22, 0xA1,
    0x6D, 0x29, 0xC8, 0xD9, 0x82, 0x1F, 0x10, 0x8B, 0x1F, 0x40, 0x06, 0xC2, 0x29, 0x51, 0x9A, 0x9B,
    0xC2, 0xC9, 0x39, 0x7B, 0xB3, 0x7E, 0x79, 0xDE, 0xD9, 0x0D, 0x77, 0xD2, 0x09, 0x2C, 0x3F, 0x8F,
    0x67, 0x77, 0xDE, 0x8F, 0x79, 0xBF, 0x06, 0xC8, 0x1B, 0xC0, 0xFC, 0x84, 0xC5, 0xFA, 0x08, 0x9D,
    0x8C, 0x85, 0xC8, 0x64, 0xE7, 0x2E, 0xD6, 0xFE, 0x2C, 0xB8, 0x6F, 0x9E, 0xB7, 0xCB, 0xE2, 0x29,
    0x8E, 0xCB, 0x3F, 0x30, 0x9B, 0x23, 0x6C, 0xED, 0x11, 0xE6, 0x5B, 0x23, 0xBA, 0x4F, 0x02, 0x96,
    0x9B, 0x01, 0xEE, 0xAC, 0x3F, 0xA8, 0xE4, 0xD3, 0x60, 0x44, 0x62, 0x29, 0x32, 0xDA, 0xA5, 0xB4,
    0x1F, 0xFE, 0x0C, 0xDC, 0x0A, 0xC0, 0x3B, 0x0F, 0x91, 0x9E, 0xC5, 0xA3, 0x47, 0x2B, 0xEE, 0x87,
    0x84, 0x0D, 0xD7, 0x9E, 0xDE, 0x2E, 0x43, 0xA4, 0xDF, 0xA3, 0xD5, 0xDF, 0xD5, 0x09, 0xE0, 0x64,
    0x87, 0xCB, 0x72, 0x58, 0xBC, 0x00, 0x68, 0x3F, 0xA3, 0x6C, 0x11, 0x0D, 0x0A, 0xFA, 0x28, 0xFC,
    0x1E, 0x41, 0xE5, 0x67, 0xD4, 0xB2, 0x45, 0x16, 0x2F, 0xD6, 0xF8, 0x85, 0x7A, 0x13, 0x70, 0x43,
    0xDA, 0x2F, 0x1D, 0xE3, 0xFA, 0xF8, 0x8E, 0x8C, 0xC0, 0x07, 0x4D, 0xBE, 0x02, 0xDF, 0x72, 0x44,
    0x19, 0x50, 0xC6, 0xC4, 0x73, 0x62, 0x69, 0x12, 0x0F, 0xCA, 0xA7, 0x41, 0xF9, 0xD9, 0x44, 0xEE,
    0x84, 0xCF, 0x9E, 0x4D, 0x70, 0xBF, 0xF1, 0xFF, 0x60, 0x9F, 0x29, 0x97, 0xE7, 0xCA, 0xB9, 0x28,
    0x63, 0xC7, 0x2E, 0x71, 0x95, 0xD8, 0x04, 0xC6, 0xFF, 0x3D, 0x60, 0x19, 0x9C, 0x92, 0x87, 0x7D,
    0xB9, 0x0E, 0xB0, 0x43, 0x31, 0x41, 0xAD, 0x35, 0x89, 0xEC, 0x50, 0x4E, 0xB0, 0x27, 0x5F, 0x84,
    0xBD, 0x48, 0x12, 0x7E, 0xF9, 0x03, 0xD5, 0x06, 0xFC, 0x0F, 0x7D, 0xA4, 0xE9, 0xBD, 0x0E, 0xA7,
    0x1F, 0x07, 0xC7, 0x2A, 0xA2, 0x43, 0xDD, 0xE6, 0x1E, 0x33, 0xAA, 0x9E, 0xD1, 0x45, 0xCA, 0xD9,
    0xC8, 0x84, 0x18, 0x6F, 0x63, 0x3E, 0xE1, 0x46, 0xA8, 0xE7, 0xE2, 0x0D, 0xB3, 0x93, 0x02, 0x71,
    0xB3, 0x74, 0xA7, 0xC2, 0x7C, 0x3D, 0xAE, 0xBF, 0xA3, 0xB9, 0x18, 0xED, 0x93, 0x1E, 0x98, 0x47,
    0x73, 0xDA, 0x32, 0xD1, 0xA1, 0x10, 0x1A, 0x74, 0xBE, 0x10, 0xB5, 0x3E, 0x64, 0xFA, 0xA9, 0x7B,
    0x30, 0xA7, 0xA8, 0x9A, 0x94, 0xD7, 0x45, 0x0B, 0x33, 0xE0, 0xAB, 0x17, 0x90, 0x48, 0xCE, 0x3E,
    0x1B, 0x2A, 0x19, 0x96, 0x32, 0x6C, 0xED, 0x10, 0x8D, 0xBE, 0x8F, 0xED, 0xE0, 0x64, 0xA8, 0xCE,
    0x87, 0x4C, 0x4F, 0xC6, 0x70, 0x03, 0xDF, 0xD4, 0x12, 0x77, 0x57, 0xAC, 0x7A, 0xE4, 0x39, 0x98,
    0x84, 0xD5, 0xBD, 0x8C, 0x36, 0x0B, 0x96, 0xE5, 0xCE, 0xAB, 0xCF, 0x99, 0x62, 0xDA, 0xDA, 0x4C,
    0x6A, 0x38, 0xAD, 0x15, 0x0C, 0x04, 0x4C, 0x17, 0x8F, 0x86, 0x03, 0x76, 0xDD, 0x88, 0x8A, 0x7F,
    0xE6, 0x5A, 0x48, 0x20, 0x7B, 0x88, 0xC5, 0x8A, 0xCA, 0xAE, 0x27, 0x09, 0xCD, 0x14, 0x91, 0x64,
    0x03, 0xC9, 0xF5, 0x24, 0x9E, 0xFA, 0xDA, 0xD9, 0xF6, 0x90, 0x7D, 0xA3, 0x01, 0x2B, 0x15, 0xE2,
    0x5A, 0x14, 0xB1, 0x1A, 0xB8, 0x6B, 0xC6, 0xB7, 0x1A, 0x49, 0x17, 0xCB, 0x96, 0x54, 0x0F, 0x24,
    0x1B, 0xAE, 0x96, 0x6D, 0xC4, 0xDA, 0x17, 0x73, 0x73, 0x51, 0xB6, 0xB5, 0x2F, 0xE7, 0x86, 0x65,
    0x1B, 0x2F, 0x97, 0x6D, 0xA3, 0x65, 0xD3, 0x76, 0xFD, 0x4F, 0x42, 0xAE, 0xC5, 0xCB, 0x75, 0x59,
    0xBE, 0x81, 0xF6, 0x34, 0x8F, 0x2B, 0xEC, 0x56, 0x2B, 0xCF, 0xD9, 0xB6, 0x7F, 0xF9, 0xAF, 0xE1,
    0xEE, 0x73, 0x77, 0xA9, 0x22, 0xC7, 0x4A, 0x73, 0x7E, 0x72, 0xD8, 0x6C, 0x73, 0x36, 0xFE, 0xAC,
    0xD4, 0xE5, 0x9B, 0x75, 0xBF, 0xBC, 0xED, 0x6D, 0xEF, 0x7E, 0xF7, 0x75, 0x6B, 0xCF, 0xBD, 0xB0,
    0x67, 0xB5, 0xF5, 0x45, 0xB3, 0x52, 0xF1, 0x18, 0x3B, 0xF3, 0x17, 0x94, 0x4A, 0xC0, 0x64, 0xA5,
    0x49, 0x51, 0xAF, 0x9D, 0x0C, 0x69, 0xD0, 0xE5, 0x3C, 0xD2, 0x63, 0x50, 0x87, 0xEA, 0x4F, 0xDD,
    0xCD, 0xC4, 0x76, 0xFF, 0xED, 0x08, 0x7A, 0x82, 0xFB, 0xD5, 0x1F, 0x54, 0xAF, 0xFF, 0x4C, 0x83,
    0x9E, 0xAB, 0x97, 0x9A, 0x4E, 0xD2, 0x04, 0xEE, 0x2A, 0xFA, 0xFE, 0xE1, 0xA1, 0x8E, 0x47, 0xC2,
    0xDD, 0x8E, 0x13, 0xCC, 0xC6, 0x67, 0x60, 0x4D, 0xC2, 0xB5, 0x57, 0x3C, 0x94, 0xE6, 0xA7, 0x27,
    0xA8, 0xC2, 0x01, 0xD5, 0x9A, 0xB3, 0x59, 0xD9, 0x59, 0x3C, 0x2B, 0x6B, 0x91, 0xE4, 0x75, 0x43,
    0x1F, 0x66, 0x30, 0x9B, 0xDE, 0xE2, 0x1E, 0xA3, 0x1A, 0x89, 0x1E, 0x39, 0x75, 0xAA, 0xE9, 0x26,
    0xDC, 0x26, 0xE2, 0x3D, 0xE6, 0x3B, 0x9B, 0xA9, 0x46, 0x19, 0x37, 0x65, 0xED, 0xBB, 0x53, 0x31,
    0x66, 0x53, 0x15, 0xB2, 0x59, 0xFA, 0x8C, 0xC3, 0x9F, 0xC9, 0xDF, 0xF8, 0xF7, 0x31, 0xED, 0x0E,
    0xF4, 0x93, 0x73, 0x8F, 0x75, 0xEA, 0x6B, 0x16, 0xCC, 0x3D, 0x78, 0x10, 0x96, 0xE6, 0xDB, 0xE9,
    0xD8, 0xDC, 0x57, 0xC4, 0x2B, 0xC8, 0x6E, 0xC7, 0x63, 0xE4, 0x57, 0xA0, 0x9D, 0x91, 0x2E, 0x2B,
    0xDA, 0x30, 0x9B, 0xF5, 0x68, 0x7C, 0x31, 0x19, 0x9F, 0xC5, 0x1D, 0xB8, 0x66, 0x47, 0xB0, 0x3D,
    0x3C, 0xD1, 0xAE, 0x37, 0x3F, 0xA6, 0xCB, 0x4B, 0xEF, 0x22, 0x85, 0xBD, 0x74, 0xA1, 0xFD, 0x03,
    0xAD, 0x96, 0xBF, 0x6F, 0xD3, 0x40, 0x14, 0xC7, 0xBF, 0xB1, 0xA1, 0x06, 0x1A, 0x70, 0x87, 0x82,
    0x5A, 0x51, 0xE1, 0x22, 0x55, 0xA8, 0x94, 0x21, 0x19, 0x58, 0x90, 0x40, 0x0E, 0x74, 0x60, 0x60,
    0xE8, 0x42, 0x26, 0x96, 0x88, 0x3F, 0x04, 0x5B, 0xA9, 0x10, 0x2B, 0x1B, 0x2B, 0x2B, 0x59, 0x60,
    0x60, 0x43, 0xC8, 0x07, 0x1D, 0x58, 0xBD, 0x31, 0x21, 0x59, 0x62, 0x63, 0xC1, 0x83, 0x25, 0x8A,
    0x88, 0x63, 0xDE, 0x0F, 0x3B, 0x4D, 0xA2, 0xE6, 0x47, 0x0B, 0x57, 0xF9, 0x7D, 0xCE, 0xF7, 0xE3,
    0xBD, 0xEF, 0x9D, 0xDF, 0x5D, 0x8A, 0x10, 0x80, 0x6D, 0xC8, 0x78, 0x2D, 0x32, 0x7E, 0x51, 0x14,
    0xA9, 0xCB, 0x35, 0x8B, 0xDB, 0xC0, 0x35, 0x60, 0x19, 0x9E, 0x09, 0x92, 0x57, 0xB7, 0x1D, 0x4C,
    0xFB, 0xA3, 0x72, 0x8E, 0x8D, 0xCB, 0xC6, 0x89, 0xC5, 0x0D, 0xD7, 0xD8, 0xC9, 0x25, 0x6E, 0x3B,
    0x83, 0x1A, 0xA6, 0x4F, 0xFF, 0xF0, 0xCE, 0x8F, 0xDD, 0x50, 0xDC, 0x70, 0x69, 0x14, 0x5C, 0x12,
    0x5F, 0x90, 0x2A, 0xB2, 0xD9, 0xF8, 0x49, 0x7F, 0x84, 0xBD, 0xE2, 0x0B, 0x21, 0x77, 0x8B, 0x4F,
    0x84, 0xCC, 0x2D, 0x8C, 0x9F, 0xF9, 0x31, 0xEB, 0xCA, 0x7C, 0x5E, 0x8A, 0x33, 0x7C, 0x2B, 0xFB,
    0xCA, 0x91, 0xE5, 0xBC, 0xCA, 0xCB, 0x02, 0xF1, 0x44, 0x59, 0xA9, 0xB3, 0x54, 0x7D, 0xB6, 0x4D,
    0xE5, 0x31, 0x22, 0x69, 0x0C, 0xC5, 0x16, 0xE6, 0x08, 0x81, 0x80, 0x02, 0x32, 0x32, 0x5B, 0x10,
    0xD7, 0x04, 0x21, 0x02, 0xC2, 0x80, 0x17, 0x4E, 0x6F, 0x7D, 0x1D, 0xB2, 0x30, 0xAA, 0x79, 0xEA,
    0xA5, 0x48, 0xD4, 0x67, 0xE6, 0x8C, 0xC6, 0x2B, 0xA3, 0x8F, 0x4A, 0x0A, 0x54, 0x67, 0x29, 0xFE,
    0x4A, 0x8F, 0xCA, 0x9B, 0x96, 0x36, 0xC6, 0x3A, 0x24, 0x99, 0x89, 0x3E, 0x96, 0x15, 0x0D, 0x45,
    0xA4, 0x08, 0x14, 0x9E, 0x60, 0xCB, 0x11, 0x7C, 0xAC, 0x31, 0x06, 0x05, 0xB9, 0xE7, 0xE9, 0xB1,
    0x27, 0x20, 0x85, 0x8C, 0xBC, 0xA6, 0x3E, 0xEF, 0x2B, 0xBE, 0xCE, 0x0E, 0x1B, 0x8D, 0xA6, 0x46,
    0x38, 0xAE, 0x5A, 0xFB, 0xD2, 0xD9, 0x18, 0xC0, 0x96, 0xB7, 0x50, 0x91, 0x28, 0x62, 0x45, 0x4B,
    0x90, 0xD7, 0xF6, 0x19, 0x99, 0xF3, 0x9D, 0x11, 0x7B, 0x7F, 0x18, 0x1C, 0x24, 0x8D, 0x48, 0x2C,
    0x83, 0x37, 0x97, 0xE1, 0x09, 0xF2, 0x60, 0x7E, 0x58, 0x51, 0xAD, 0xF9, 0x62, 0x24, 0x51, 0xDA,
    0xF0, 0x17, 0x57, 0xDD, 0x97, 0x03, 0x15, 0xA5, 0xAE, 0xE0, 0xD0, 0x16, 0x0C, 0xA0, 0x43, 0x42,
    0x5F, 0x90, 0xB8, 0xBF, 0x18, 0x87, 0xF6, 0xC1, 0xF4, 0x65, 0x1A, 0x85, 0xF6, 0x0D, 0xDA, 0xBB,
    0x0B, 0xA9, 0x2E, 0x75, 0x8E, 0x66, 0x79, 0x1B, 0xBA, 0xE5, 0x26, 0x5A, 0x20, 0x51, 0xA8, 0x1C,
    0x28, 0x20, 0xE8, 0x5B, 0x82, 0x74, 0x59, 0x60, 0x1A, 0x84, 0xBC, 0xA0, 0xF4, 0xA1, 0x44, 0xB9,
    0x6B, 0xCD, 0xC8, 0x2C, 0x5F, 0xE1, 0x0A, 0x2E, 0x3F, 0x29, 0x4E, 0x90, 0x28, 0x66, 0xFC, 0x88,
    0x06, 0x53, 0x8E, 0xA8, 0x22, 0xC5, 0x55, 0x45, 0x4D, 0x81, 0xC0, 0xE8, 0xD7, 0x13, 0x1C, 0x7A,
    0x82, 0xBE, 0x6B, 0xF8, 0x50, 0x31, 0xE8, 0xE3, 0x30, 0xE8, 0x9E, 0xCA, 0xA8, 0xCF, 0xEC, 0xF4,
    0x5E, 0xD2, 0x48, 0x8E, 0x16, 0x98, 0x9C, 0x2C, 0x7B, 0xA1, 0xBB, 0x87, 0x7D, 0xCA, 0xBD, 0x68,
    0xF4, 0xFA, 0x30, 0x45, 0xAE, 0x28, 0xA2, 0xE3, 0x44, 0x1C, 0x73, 0x44, 0xC7, 0xEE, 0x97, 0xF1,
    0x91, 0x71, 0x85, 0xDF, 0xB0, 0x18, 0xB1, 0xA2, 0xA5, 0xA8, 0x49, 0x5F, 0xEE, 0x08, 0xF8, 0xCE,
    0x28, 0xF1, 0x56, 0xF1, 0x48, 0xFB, 0x1E, 0xD0, 0x48, 0xF4, 0x7A, 0xAD, 0x88, 0xE7, 0xD1, 0x95,
    0x12, 0xCB, 0x27, 0x77, 0xE3, 0x82, 0x17, 0xE1, 0x4B, 0x84, 0x96, 0x06, 0xDA, 0x55, 0xEC, 0x29,
    0xA2, 0xA3, 0xE8, 0xA3, 0x98, 0x10, 0x6F, 0xD1, 0xAF, 0x0C, 0xB0, 0x04, 0x9C, 0x07, 0xEA, 0x16,
    0x36, 0x1A, 0xB8, 0xF5, 0x0D, 0xF7, 0xEA, 0x58, 0xD9, 0x06, 0x9A, 0xA8, 0x77, 0x70, 0x21, 0x86,
    0x9D, 0xC3, 0x4E, 0x60, 0xB5, 0xCA, 0x29, 0x17, 0xD9, 0xDC, 0x64, 0xF3, 0x9C, 0x1D, 0x3C, 0xA4,
    0x6F, 0x41, 0x93, 0xB1, 0xB9, 0xC5, 0xA6, 0x33, 0xAC, 0x49, 0x9B, 0xF4, 0xCA, 0x38, 0xDC, 0x19,
    0xCE, 0x1D, 0x16, 0xFE, 0x61, 0x59, 0xA7, 0x1C, 0xE8, 0x34, 0x51, 0x0B, 0xEB, 0xA4, 0xC2, 0xC6,
    0x1A, 0x60, 0x9E, 0x85, 0xD7, 0x12, 0x98, 0x55, 0x2C, 0xF4, 0xFC, 0x78, 0x5F, 0x79, 0xB3, 0x59,
    0xA0, 0xFD, 0x92, 0xCD, 0x26, 0x7D, 0x8D, 0x41, 0x1D, 0x21, 0x2F, 0x8E, 0x57, 0x6A, 0xD8, 0x34,
    0xAB, 0x9A, 0xAD, 0xBD, 0x54, 0xD9, 0x1A, 0xCE, 0xA8, 0x16, 0x57, 0x64, 0x58, 0x34, 0x74, 0x10,
    0x7A, 0x09, 0xCB, 0x65, 0xD9, 0x2C, 0x9F, 0x97, 0x21, 0xCB, 0x71, 0xE6, 0x2F, 0x91, 0xE7, 0xCE,
    0xF4, 0xCF, 0x3A, 0x26, 0xF5, 0x54, 0x6D, 0xA7, 0xF5, 0x59, 0x3E, 0x51, 0xE8, 0xA5, 0xB4, 0x0B,
    0xAB, 0xFC, 0x44, 0x72, 0x9E, 0xF8, 0x9F, 0x01, 0x7A, 0x6B, 0xBE, 0xA6, 0xFE, 0x6D, 0x38, 0x74,
    0x49, 0x6D, 0x90, 0x67, 0xFF, 0xB4, 0xFE, 0x2A, 0x8D, 0x1E, 0x69, 0x7C, 0x4A, 0x1A, 0xBB, 0xA4,
    0xD1, 0x22, 0x8D, 0x16, 0x69, 0xEC, 0x92, 0xCF, 0xCF, 0x34, 0x6F, 0xCE, 0x13, 0x75, 0xC9, 0xA7,
    0x45, 0x3E, 0xAD, 0x09, 0x9F, 0xD5, 0xBA, 0x5F, 0x90, 0xCF, 0xF5, 0x7D, 0xAC, 0x75, 0x3A, 0xB4,
    0x6E, 0x37, 0x59, 0xA2, 0x44, 0x3E, 0xC9, 0x1E, 0x1C, 0xBB, 0xD7, 0xFF, 0xD1, 0xFF, 0xE4, 0x9E,
    0x44, 0xC0, 0x0A, 0xB0, 0x0F, 0x6C, 0x8B, 0xDD, 0x11, 0x7B, 0x3D, 0x44, 0x97, 0xFA, 0x3A, 0x92,
    0xA2, 0x6B, 0x62, 0x97, 0x46, 0xEC, 0x5A, 0xD9, 0xAB, 0x23, 0xC9, 0xDE, 0xA8, 0x3C, 0xA8, 0xB7,
    0x7F, 0xC9, 0x85, 0x79, 0xB9, 0xFB, 0x17, 0xB5, 0x54, 0xB1, 0x6E, 0xD4, 0x40, 0x10, 0x7D, 0xB6,
    0x93, 0xB3, 0x84, 0xA5, 0x2C, 0x05, 0x08, 0x45, 0xE8, 0x70, 0x1F, 0x89, 0xF8, 0x07, 0xE0, 0x76,
    0xC3, 0x17, 0x50, 0x24, 0x54, 0x48, 0xB4, 0x74, 0xD7, 0xA4, 0x0C, 0xAC, 0xC5, 0x17, 0xA0, 0x48,
    0xFC, 0x01, 0x05, 0x72, 0x93, 0x14, 0x14, 0x29, 0x0E, 0x6C, 0x29, 0x3F, 0xE0, 0x54, 0x69, 0x5D,
    0xD0, 0xD1, 0xB8, 0x70, 0x90, 0x73, 0x9C, 0xB3, 0xBC, 0x59, 0x93, 0x10, 0x89, 0x86, 0x06, 0x9F,
    0xE6, 0x9D, 0x77, 0x76, 0x66, 0x67, 0xE6, 0xCD, 0xAC, 0xB1, 0x06, 0x20, 0x33, 0x80, 0x6E, 0x80,
    0xA4, 0x07, 0x82, 0x81, 0x0A, 0x0D, 0x94, 0x2E, 0x8F, 0x9C, 0xAB, 0xD4, 0x85, 0xAD, 0xD3, 0x4A,
    0x35, 0x1A, 0x51, 0x7B, 0x5B, 0x32, 0x13, 0x37, 0xD4, 0x57, 0xC9, 0xB2, 0xA4, 0xDD, 0x15, 0x60,
    0x3B, 0xF8, 0x67, 0xFD, 0x39, 0x7D, 0x87, 0x63, 0xFA, 0xF6, 0xEA, 0x72, 0x4E, 0x9B, 0xAC, 0xD5,
    0xA6, 0xEC, 0x74, 0xF8, 0xA3, 0xD7, 0xEA, 0xAC, 0xD7, 0xF6, 0x59, 0x9F, 0x0D, 0x51, 0x97, 0x76,
    0x49, 0xAB, 0x96, 0x65, 0xAD, 0x9D, 0x33, 0x53, 0xDB, 0xE3, 0xD6, 0x63, 0x04, 0x98, 0x0D, 0x82,
    0x96, 0x10, 0xC9, 0x5E, 0xBC, 0x22, 0x28, 0x46, 0x41, 0x5A, 0x4A, 0x7A, 0x69, 0x0E, 0xCC, 0x54,
    0x05, 0x2C, 0x62, 0x1A, 0xF6, 0x51, 0x8B, 0xB0, 0x0D, 0x7A, 0x44, 0x0D, 0x56, 0x48, 0x2A, 0xBC,
    0x81, 0xCA, 0x59, 0x43, 0xF6, 0x61, 0x6F, 0x6E, 0x18, 0xC0, 0x55, 0x25, 0xA1, 0xDE, 0x2A, 0x8A,
    0x22, 0xB7, 0xB2, 0xF4, 0xF0, 0xE0, 0xF2, 0xC5, 0x60, 0xA2, 0x36, 0x58, 0xE1, 0xFF, 0x81, 0x76,
    0x2B, 0xEB, 0x56, 0x65, 0xF1, 0x49, 0x1B, 0x30, 0x5D, 0xE6, 0x49, 0x25, 0xBE, 0x7A, 0x82, 0xDF,
    0xC2, 0x5B, 0x41, 0xD5, 0xE0, 0x6E, 0xB9, 0xB7, 0x4B, 0x4B, 0xDA, 0xB3, 0x3C, 0xE6, 0x09, 0x66,
    0x68, 0x44, 0x48, 0x40, 0x0D, 0xA9, 0x09, 0x8A, 0xEF, 0x19, 0x77, 0x9F, 0x52, 0x16, 0x14, 0xF2,
    0x1D, 0xB6, 0xFF, 0xBE, 0x9D, 0x8F, 0xDB, 0x33, 0xCA, 0x6B, 0xCA, 0x36, 0x0E, 0xF3, 0x43, 0xB3,
    0x8D, 0x4D, 0x58, 0x53, 0xE6, 0xD6, 0x6C, 0x0A, 0xE9, 0x05, 0x8D, 0x02, 0x47, 0x8F, 0xC8, 0xC3,
    0x92, 0xCB, 0x44, 0x1A, 0xC1, 0x14, 0x21, 0xF9, 0xF3, 0x88, 0x7C, 0x9C, 0x0E, 0xF6, 0x5B, 0x2A,
    0xF0, 0x95, 0x30, 0xE5, 0x6C, 0x87, 0x90, 0xBE, 0x63, 0x4C, 0x75, 0xCA, 0xA0, 0xC9, 0x39, 0xBD,
    0xA2, 0xEF, 0xF4, 0x0A, 0x5D, 0x25, 0x47, 0x8A, 0x97, 0x13, 0x2F, 0xE9, 0x1E, 0xEE, 0x5F, 0x77,
    0x3A, 0x19, 0x60, 0x1B, 0xED, 0x76, 0xC8, 0xD2, 0xAB, 0xF3, 0x8B, 0x61, 0x15, 0xBA, 0x5C, 0xF7,
    0x34, 0xCC, 0x3C, 0x2C, 0x22, 0x57, 0xCD, 0xEC, 0xD1, 0xE9, 0x72, 0xC8, 0x1C, 0x5C, 0x1F, 0xF7,
    0xC8, 0x78, 0xE2, 0xE4, 0x23, 0xC3, 0xC9, 0xBC, 0x71, 0x4E, 0xCB, 0x97, 0x90, 0xE8, 0x22, 0xEC,
    0x3E, 0x42, 0xC6, 0x8F, 0x44, 0xDA, 0x51, 0x62, 0x11, 0x19, 0xEB, 0x7A, 0x2C, 0x41, 0x2A, 0x10,
    0x49, 0x2B, 0xAC, 0x91, 0xF2, 0x94, 0x19, 0x69, 0x9E, 0x94, 0x76, 0x7F, 0x66, 0x2F, 0x6D, 0xEE,
    0xC0, 0xBA, 0x39, 0x4E, 0xEC, 0x15, 0xEE, 0x86, 0xE3, 0x58, 0x66, 0x5D, 0x42, 0xDD, 0x11, 0x4E,
    0xE6, 0x34, 0x0E, 0x18, 0x1E, 0xBB, 0x37, 0xFC, 0x72, 0xB0, 0xCC, 0xB5, 0x78, 0x5E, 0x0E, 0x70,
    0xA3, 0xE3, 0x94, 0x99, 0xF8, 0x37, 0xF5, 0xEB, 0x37, 0x11, 0xD8, 0x84, 0xC4, 0x91, 0x92, 0xDE,
    0xC7, 0xB6, 0x8D, 0xE4, 0x60, 0xFC, 0x5A, 0xF4, 0xC0, 0xDC, 0x5B, 0x6D, 0x8D, 0xA3, 0x2A, 0x93,
    0x2A, 0xB4, 0xFB, 0xEE, 0xA6, 0xAC, 0x78, 0xE2, 0xBE, 0x01, 0x0F, 0x85, 0x4F, 0xEA, 0xF9, 0x2F,
    0x6B, 0xD1, 0x4B, 0x8C, 0xBF, 0xFC, 0x82, 0x42, 0xAE, 0x52, 0x2A, 0x47, 0x63, 0xC0, 0xDC, 0xC8,
    0xFD, 0x88, 0x6B, 0x7F, 0x56, 0xC7, 0x01, 0x00, 0x9E, 0xF0, 0x07, 0x3C, 0xC6, 0x3E, 0x71, 0x03,
    0xC7, 0x9C, 0x1D, 0x45, 0x74, 0x48, 0x04, 0x8D, 0x60, 0x49, 0xCD, 0x3E, 0xEE, 0x11, 0xC5, 0x72,
    0x4A, 0x5B, 0xF1, 0x52, 0xC4, 0xCF, 0x60, 0x6D, 0x61, 0x23, 0xC4, 0xCB, 0x6D, 0xD4, 0x3F, 0xE5,
    0xBB, 0x31, 0x71, 0xEF, 0x25, 0x8B, 0x47, 0xB0, 0xB9, 0xCE, 0x37, 0xE4, 0xF5, 0xE0, 0x0B, 0x1D,
    0x43, 0x44, 0xFC, 0xBE, 0xA8, 0x6A, 0xCA, 0x5A, 0x7E, 0x01, 0xB5, 0x7D, 0x0F, 0x7C, 0x1C, 0xD5,
    0x79, 0xE0, 0x37, 0x33, 0x96, 0x46, 0xD2, 0xAC, 0x34, 0xA6, 0xB1, 0x89, 0x6B, 0xCB, 0x5E, 0x5D,
    0xE3, 0xA3, 0x02, 0x24, 0xED, 0x02, 0x7B, 0x41, 0x14, 0x49, 0x3B, 0xC6, 0x4D, 0xC8, 0x05, 0x5A,
    0x3B, 0xAD, 0x45, 0xDA, 0x90, 0x9E, 0xDD, 0x0B, 0xFD, 0x5D, 0x43, 0x42, 0xAC, 0x04, 0x35, 0x11,
    0x41, 0x78, 0xC7, 0x76, 0x52, 0xDA, 0x86, 0xC6, 0x9B, 0x3F, 0xD0, 0x5C, 0x42, 0x9A, 0x4D, 0x02,
    0x77, 0x20, 0x37, 0x78, 0x13, 0xD4, 0x8B, 0x62, 0x84, 0xE7, 0xD9, 0x4A, 0xE3, 0x5C, 0x4C, 0xE2,
    0x31, 0x4E, 0xEA, 0xFB, 0x85, 0xFC, 0x19, 0x8C, 0x29, 0x8D, 0x49, 0xF0, 0x18, 0x2F, 0xB0, 0xB2,
    0x76, 0xE7, 0xDD, 0xF7, 0x7D, 0x6F, 0x76, 0xB5, 0x92, 0x0D, 0x01, 0xEE, 0x62, 0x6B, 0xDF, 0x37,
    0x3B, 0xF3, 0xFE, 0x7C, 0xF3, 0xDE, 0xF7, 0xBE, 0x7F, 0xEF, 0x7B, 0x6F, 0x01, 0x6A, 0xFF, 0xDA,
    0x15, 0xF8, 0x3D, 0x4A, 0x06, 0xE0, 0x3D, 0x04, 0xAE, 0x76, 0x67, 0x08, 0xAC, 0xFD, 0xC6, 0x4E,
    0x07, 0xC1, 0x8A, 0xAC, 0x5C, 0x37, 0x05, 0x90, 0x28, 0x35, 0x47, 0xEF, 0x07, 0xB0, 0x1D, 0x18,
    0x49, 0x03, 0xFC, 0x19, 0x40, 0xA7, 0x0F, 0xB9, 0x0A, 0x80, 0x25, 0x20, 0x58, 0x0B, 0x60, 0x02,
    0xF4, 0xE3, 0x7D, 0x43, 0x80, 0x59, 0x44, 0x30, 0x06, 0x40, 0xC0, 0x72, 0x20, 0x83, 0xCF, 0x74,
    0x01, 0x94, 0x33, 0x72, 0xB4, 0xEF, 0x03, 0xAC, 0x76, 0xC0, 0x30, 0x1C, 0x18, 0x07, 0x68, 0xDB,
    0x5A, 0x6A, 0xC6, 0x1B, 0xD6, 0x67, 0x73, 0xB2, 0x8D, 0x1A, 0x1C, 0xB9, 0xF5, 0x3B, 0x04, 0xD2,
    0xE2, 0x76, 0x02, 0x97, 0xBB, 0x1D, 0x04, 0x2E, 0x55, 0xF8, 0xAD, 0x86, 0x05, 0xFF, 0x74, 0x99,
    0x67, 0xD8, 0xE7, 0x8C, 0x33, 0x2C, 0x82, 0x45, 0x40, 0x13, 0x80, 0x6D, 0x61, 0xC3, 0x88, 0xB8,
    0x8F, 0x5F, 0x25, 0xC2, 0x2D, 0xD8, 0xC2, 0xBA, 0x00, 0xAB, 0x45, 0x94, 0x09, 0x1B, 0x84, 0x19,
    0xBC, 0x22, 0x38, 0x02, 0x09, 0x80, 0x31, 0x30, 0x03, 0x2A, 0x6B, 0xC5, 0x6D, 0xE8, 0x6E, 0x46,
    0xB5, 0x21, 0xD2, 0x8B, 0x60, 0xB7, 0x7A, 0x2E, 0x3A, 0x1C, 0x87, 0xF3, 0x6B, 0x32, 0xD0, 0x80,
    0xDE, 0x0C, 0x52, 0x9E, 0x6B, 0xB8, 0x08, 0x9B, 0xCB, 0x27, 0xFA, 0x54, 0xE6, 0xE4, 0x09, 0x55,
    0x46, 0x7D, 0xF3, 0x39, 0xF5, 0x24, 0x41, 0xEB, 0x0B, 0xE3, 0x1F, 0x40, 0x30, 0xD5, 0xDE, 0xA1,
    0x07, 0xD8, 0x5F, 0x19, 0xC3, 0xE9, 0x87, 0x36, 0x44, 0x45, 0x74, 0x20, 0x56, 0x3E, 0x14, 0x0C,
    0x27, 0x8D, 0xC5, 0xD2, 0x9A, 0x18, 0xD1, 0x5D, 0x58, 0x0B, 0x7E, 0xDE, 0x58, 0x77, 0xDF, 0x0A,
    0xD8, 0x72, 0xEA, 0x99, 0x6D, 0xCF, 0xFE, 0xCA, 0x2B, 0x9E, 0x48, 0xFA, 0x22, 0xB7, 0xAE, 0x08,
    0x3A, 0x88, 0x96, 0xC6, 0x16, 0xCE, 0x07, 0xB4, 0x40, 0x21, 0x3C, 0xC2, 0xE0, 0xC3, 0xEA, 0x35,
    0x7E, 0xA0, 0xC0, 0x61, 0x05, 0xF2, 0x5B, 0x18, 0xA4, 0x5C, 0x06, 0x4B, 0x14, 0x9A, 0x21, 0xA7,
    0xA5, 0xDA, 0xF5, 0x52, 0x4C, 0x13, 0x90, 0x6E, 0x96, 0x74, 0xC7, 0x96, 0x12, 0xFC, 0xD6, 0x76,
    0xEE, 0xEE, 0x6E, 0x30, 0x76, 0x42, 0x3A, 0xED, 0x5C, 0xB0, 0x9F, 0x06, 0x2D, 0x2D, 0xA0, 0x29,
    0xDD, 0x0A, 0xFB, 0x11, 0x77, 0x1A, 0x07, 0xE8, 0x5E, 0x83, 0xA3, 0x70, 0x29, 0xE6, 0x6C, 0x13,
    0x76, 0x3F, 0xE8, 0xBB, 0x40, 0xC7, 0xB7, 0x9F, 0x02, 0x0D, 0x9B, 0x5A, 0x0B, 0x06, 0x16, 0x4F,
    0x2C, 0x48, 0xF1, 0x65, 0x61, 0x05, 0x63, 0x8E, 0x98, 0x8D, 0x82, 0x86, 0x99, 0xD7, 0x38, 0xAB,
    0xB0, 0xA3, 0x35, 0xEF, 0x04, 0x9C, 0xFB, 0x2F, 0xDF, 0xF8, 0x25, 0xA6, 0xE1, 0x7E, 0x05, 0xD4,
    0x5B, 0x1B, 0x8E, 0xC6, 0x74, 0xD3, 0xCC, 0x84, 0x31, 0xDA, 0xD9, 0x03, 0x0E, 0x56, 0x3A, 0x52,
    0x04, 0x17, 0xCC, 0x75, 0x07, 0x04, 0xBE, 0x6A, 0xA7, 0x69, 0x41, 0x0F, 0x12, 0x01, 0x3E, 0xC2,
    0xFE, 0x14, 0x23, 0x45, 0x24, 0x1D, 0x4B, 0xDB, 0x4F, 0x7D, 0x87, 0xE4, 0xD1, 0x8E, 0xA3, 0x9D,
    0x49, 0x3D, 0x90, 0xC1, 0x0E, 0x48, 0x17, 0xC2, 0xA3, 0x88, 0x5D, 0xFA, 0xC0, 0xF3, 0x7F, 0x48,
    0xE4, 0xB9, 0x3F, 0x3D, 0x46, 0x2F, 0x5F, 0x78, 0x92, 0x46, 0xB3, 0x3D, 0x75, 0x27, 0x11, 0x83,
    0xE9, 0xF6, 0xAA, 0xBE, 0x0B, 0xCE, 0x83, 0x6B, 0x13, 0xA7, 0x4C, 0xE2, 0x60, 0x2B, 0xEA, 0x70,
    0xE6, 0x7B, 0x3D, 0xCB, 0x83, 0x95, 0xF3, 0x6B, 0xC5, 0xB3, 0x12, 0xFF, 0x09, 0x13, 0x93, 0x2A,
    0x00, 0xA6, 0x88, 0x40, 0x52, 0x12, 0x21, 0x9B, 0x74, 0x03, 0x2C, 0x19, 0xC5, 0xC3, 0x80, 0xF7,
    0xCF, 0xD2, 0xFD, 0x94, 0x9F, 0xC3, 0x8A, 0x86, 0x68, 0x26, 0xC6, 0x1D, 0x87, 0x5F, 0xBB, 0x16,
    0xE1, 0xA0, 0xC5, 0xB4, 0xCD, 0x5D, 0xC3, 0x2D, 0x9A, 0x9C, 0x5A, 0x8C, 0x70, 0x7B, 0x91, 0xD2,
    0x4E, 0x26, 0x94, 0x1E, 0xEE, 0xC6, 0x4C, 0x0F, 0x61, 0x12, 0x26, 0x65, 0xD9, 0xC4, 0x0A, 0x2D,
    0x1F, 0xCA, 0x38, 0xD9, 0x08, 0x71, 0xAD, 0x44, 0x15, 0x50, 0x15, 0x86, 0x4B, 0x73, 0xCD, 0x34,
    0xB6, 0x63, 0x6A, 0x25, 0x43, 0xAC, 0xA8, 0x7D, 0x7A, 0x10, 0x2B, 0x4A, 0x06, 0x16, 0xE2, 0x9C,
    0x02, 0xAD, 0xCC, 0x43, 0x32, 0x00, 0xB0, 0x11, 0xA0, 0xA5, 0x86, 0x48, 0x0B, 0xF7, 0x2E, 0xDE,
    0x0F, 0x69, 0xAA, 0x22, 0x89, 0xE0, 0x2C, 0xEF, 0x21, 0xC4, 0x71, 0x22, 0xC2, 0x1A, 0xAC, 0x6F,
    0xBB, 0xA3, 0x1D, 0x77, 0xE1, 0xA3, 0x02, 0x92, 0x02, 0x6C, 0x9F, 0xBA, 0x64, 0x23, 0xDC, 0x3C,
    0x31, 0x51, 0xC0, 0xE9, 0x83, 0x7D, 0x51, 0xA4, 0x82, 0x34, 0x5C, 0x98, 0x98, 0x0E, 0x26, 0x1D,
    0x34, 0xF9, 0x7B, 0x28, 0x19, 0xA5, 0x04, 0xB1, 0x28, 0x12, 0xA1, 0x15, 0x31, 0x1B, 0x26, 0x03,
    0x4B, 0x30, 0xB1, 0x9B, 0x31, 0x31, 0xBE, 0x47, 0x65, 0x25, 0x25, 0x59, 0x4A, 0x3C, 0x07, 0xEF,
    0x9D, 0x74, 0x14, 0x52, 0xCD, 0xC4, 0x4E, 0xB6, 0xBD, 0x65, 0x9A, 0x68, 0xD4, 0x72, 0x90, 0x97,
    0x69, 0x3E, 0xD1, 0x54, 0x91, 0xBA, 0x82, 0xD8, 0x9A, 0xEA, 0x9A, 0x44, 0x01, 0xB9, 0x56, 0x7B,
    0x01, 0xA2, 0x7A, 0xD2, 0x0F, 0xED, 0xFC, 0x94, 0x38, 0x46, 0x7F, 0x27, 0xB1, 0x30, 0x8B, 0xCA,
    0x62, 0x2D, 0x88, 0xDB, 0xB7, 0xE0, 0x0E, 0x1A, 0x2E, 0xBF, 0x71, 0x18, 0x52, 0x32, 0x40, 0xDE,
    0x85, 0x43, 0x88, 0x6F, 0x96, 0x14, 0x43, 0x38, 0x22, 0x01, 0x31, 0xB0, 0x70, 0x92, 0x68, 0x94,
    0x06, 0x61, 0x8C, 0x13, 0xFE, 0x4A, 0x8D, 0x87, 0x43, 0x01, 0xF4, 0x05, 0xC9, 0xAA, 0x26, 0xFD,
    0xC1, 0xA4, 0x71, 0x24, 0x1C, 0xB3, 0x4C, 0xB7, 0xC8, 0x09, 0x7F, 0xE5, 0x07, 0xC8, 0x46, 0x62,
    0xA6, 0x63, 0x95, 0xF1, 0xB5, 0x52, 0xFB, 0xF4, 0xB9, 0x60, 0xC0, 0x36, 0x44, 0x38, 0x6A, 0x99,
    0x4E, 0xB1, 0xDF, 0x32, 0xDC, 0x70, 0x68, 0xAB, 0xF1, 0x6F, 0x41, 0xB2, 0x02, 0x58, 0xCB, 0x46,
    0x58, 0x1E, 0x12, 0xFD, 0x16, 0x27, 0xEB, 0xAD, 0x71, 0x42, 0xF7, 0x26, 0x07, 0xA8, 0xC9, 0x14,
    0x0E, 0x82, 0x6F, 0x9D, 0x80, 0x9C, 0xAB, 0x31, 0x0D, 0xAE, 0x8C, 0xE2, 0x5E, 0x82, 0x66, 0x60,
    0x01, 0x40, 0xC3, 0x84, 0xC3, 0xAA, 0xC9, 0x29, 0xA4, 0xC3, 0x10, 0x52, 0xEB, 0x2A, 0xD8, 0x2F,
    0x83, 0x30, 0x89, 0xF7, 0x43, 0x24, 0xF0, 0x49, 0xFC, 0x4C, 0x21, 0x4A, 0x83, 0x78, 0x37, 0x79,
    0x4F, 0x19, 0xE9, 0x16, 0x07, 0xE5, 0xBD, 0x4C, 0x84, 0x05, 0xAA, 0x80, 0xE8, 0x77, 0x68, 0x33,
    0x56, 0x33, 0x46, 0x54, 0x34, 0x4A, 0x09, 0x5F, 0x0D, 0x5A, 0x2E, 0xF1, 0x48, 0xD0, 0xFF, 0xED,
    0xC5, 0x12, 0x92, 0x3C, 0xDD, 0xB1, 0xDD, 0x73, 0x72, 0x0D, 0xD1, 0xDC, 0xE1, 0x3A, 0xB4, 0xFB,
    0x16, 0x50, 0xF8, 0xFB, 0xA4, 0xFC, 0x05, 0x82, 0x55, 0x4F, 0x03, 0xDC, 0x88, 0x1C, 0x63, 0x12,
    0x36, 0x36, 0x39, 0x6B, 0x90, 0x48, 0x8D, 0xA9, 0x4B, 0x7C, 0xE4, 0xD9, 0x60, 0x24, 0xC3, 0x02,
    0x14, 0x7B, 0xC0, 0x58, 0xD1, 0x55, 0x80, 0x4C, 0x06, 0x7A, 0x93, 0xE1, 0x55, 0xD0, 0x99, 0x9D,
    0xC0, 0xF1, 0x31, 0x4F, 0x56, 0x2E, 0xDB, 0x83, 0x2F, 0xEB, 0x9F, 0xBD, 0x3E, 0x63, 0xE8, 0x89,
    0x74, 0xC1, 0x4F, 0xF4, 0xB6, 0x21, 0x1C, 0x29, 0x8C, 0x99, 0x55, 0x63, 0xDF, 0xBE, 0x10, 0x67,
    0x67, 0x62, 0xC9, 0x8A, 0xB5, 0x19, 0x1C, 0xEC, 0x84, 0x25, 0x65, 0x99, 0x64, 0xC9, 0x92, 0xEE,
    0xEE, 0x6E, 0x1C, 0xF7, 0xEE, 0x96, 0xFE, 0xEE, 0x4E, 0xE4, 0x15, 0x6B, 0x71, 0x4A, 0x56, 0x48,
    0xAC, 0x10, 0x4C, 0x90, 0x8C, 0x51, 0x7C, 0x84, 0xA7, 0x73, 0x85, 0xB9, 0x1A, 0xB1, 0xB9, 0x73,
    0x60, 0x2D, 0x5F, 0x92, 0xF2, 0x95, 0xE6, 0x5F, 0x67, 0xE5, 0xC4, 0x83, 0x48, 0x1D, 0xC8, 0xB3,
    0xF2, 0xC4, 0x16, 0xF1, 0xD3, 0xD5, 0x7A, 0xCF, 0x4D, 0x4D, 0xE0, 0x74, 0xDF, 0xDC, 0xAD, 0x83,
    0xDB, 0x0D, 0x6B, 0x75, 0xB8, 0xFF, 0x81, 0xBF, 0x78, 0xE3, 0x8D, 0x70, 0xF3, 0xFD, 0xF0, 0xB7,
    0x98, 0xF5, 0x6E, 0xF8, 0x2D, 0xCC, 0xFF, 0xFB, 0xD0, 0xE5, 0x42, 0xD3, 0x12, 0xE8, 0xEA, 0x82,
    0x96, 0x26, 0x58, 0x8A, 0x29, 0x66, 0x5E, 0x86, 0x93, 0xEE, 0xBD, 0xC8, 0xDC, 0xDB, 0x26, 0x26,
    0x26, 0xEE, 0x03, 0x0D, 0xEB, 0xDC, 0x48, 0x93, 0x49, 0x96, 0xF6, 0xE2, 0x8D, 0xC9, 0x62, 0x8D,
    0xF4, 0xFE, 0x9F, 0x12, 0xAE, 0xCA, 0x6B, 0x78, 0x85, 0x1C, 0xBD, 0x8F, 0x74, 0x14, 0xF5, 0x0B,
    0x31, 0x0F, 0x74, 0x97, 0x81, 0x15, 0x30, 0x48, 0x2A, 0x90, 0x13, 0x0C, 0xA4, 0x43, 0xC0, 0xA8,
    0x62, 0xCE, 0x12, 0x51, 0xB3, 0x38, 0x50, 0x81, 0x64, 0x08, 0x62, 0x7F, 0x05, 0x73, 0xE0, 0xCD,
    0x08, 0x73, 0x20, 0xF0, 0x8C, 0x88, 0x2A, 0xCB, 0x61, 0x0E, 0x04, 0xD9, 0x2F, 0x85, 0x04, 0x52,
    0x44, 0x31, 0x42, 0x24, 0x89, 0x25, 0x0A, 0xC1, 0x14, 0x22, 0x04, 0xE5, 0x40, 0x60, 0x86, 0x0C,
    0x48, 0xF6, 0xD4, 0x71, 0x89, 0x31, 0x8B, 0xF1, 0x8C, 0xB1, 0x3E, 0x6F, 0xB7, 0x04, 0x30, 0x3A,
    0x5A, 0x1C, 0xD3, 0x82, 0xD1, 0xE2, 0x1A, 0xD3, 0x1D, 0x2D, 0x9A, 0xFF, 0x88, 0xF7, 0x90, 0xB9,
    0xC5, 0x09, 0x7F, 0xE5, 0x07, 0x9C, 0x85, 0x33, 0xBF, 0x4C, 0xB7, 0x8C, 0x21, 0x73, 0x19, 0xC0,
    0x59, 0x62, 0xE3, 0xEC, 0xB1, 0x9C, 0x31, 0xE4, 0xA3, 0xC8, 0x04, 0x8F, 0x23, 0x22, 0x2F, 0x21,
    0x4E, 0x39, 0x87, 0x98, 0x38, 0x71, 0x27, 0x62, 0x4E, 0x00, 0x67, 0x50, 0x97, 0x39, 0x12, 0x20,
    0x9B, 0xA6, 0x39, 0x35, 0x8E, 0xA5, 0x7A, 0xB1, 0x14, 0xCD, 0x2E, 0xCB, 0xAD, 0x29, 0x41, 0x0E,
    0xB2, 0xF9, 0x15, 0xC4, 0xCE, 0xD3, 0xF8, 0xC8, 0x10, 0x97, 0x46, 0x2E, 0x4E, 0x60, 0xF3, 0xDF,
    0x9E, 0x7B, 0x14, 0x1F, 0x0E, 0x9A, 0x16, 0x72, 0x78, 0x2D, 0x68, 0x37, 0xDC, 0x49, 0xE4, 0x46,
    0xFD, 0x4B, 0xC5, 0x6A, 0x94, 0x93, 0x23, 0xA3, 0x05, 0x13, 0x7A, 0xD2, 0xFE, 0x54, 0x7A, 0xC6,
    0x4D, 0x4F, 0x89, 0xAE, 0x37, 0x07, 0xA2, 0xF8, 0x61, 0x17, 0x2E, 0xF6, 0x83, 0xC0, 0xB8, 0x2E,
    0xEA, 0x84, 0xA2, 0x7C, 0x69, 0xDF, 0x23, 0xBF, 0x92, 0x61, 0x90, 0xF4, 0xD3, 0x59, 0x87, 0xD4,
    0x8C, 0xB4, 0xE2, 0xDC, 0xB1, 0x0E, 0xB4, 0x10, 0x28, 0xC5, 0x02, 0x7E, 0xC9, 0xE9, 0xE8, 0x63,
    0x0C, 0x1E, 0x53, 0xE0, 0xD0, 0x5D, 0x0C, 0x0A, 0x6B, 0x15, 0xDB, 0x8B, 0x99, 0xA0, 0x52, 0x30,
    0x6C, 0xEE, 0xED, 0x5E, 0x1A, 0x87, 0xE6, 0x90, 0xD2, 0x3E, 0xD2, 0x17, 0xA0, 0xC8, 0x92, 0x5A,
    0x10, 0x8F, 0x80, 0xA3, 0x94, 0x65, 0xD5, 0x1C, 0x0D, 0xE2, 0xAC, 0xF9, 0xD6, 0x80, 0x15, 0xBA,
    0x7E, 0x30, 0xAE, 0x95, 0xD5, 0x54, 0xDE, 0xC0, 0xEE, 0x8C, 0xA6, 0x8D, 0x55, 0x32, 0xEA, 0xE9,
    0x20, 0xDD, 0xA1, 0xBB, 0x03, 0xC9, 0x1E, 0xFA, 0xDF, 0xAF, 0x63, 0x93, 0xD9, 0x40, 0xFB, 0x2E,
    0xCD, 0x29, 0x0B, 0x35, 0xC9, 0x47, 0xA1, 0x1F, 0xEB, 0x7A, 0x5C, 0xF8, 0x58, 0xF0, 0x6F, 0x8A,
    0xC2, 0x76, 0xFA, 0x56, 0xA4, 0x0B, 0x9A, 0x3C, 0xB1, 0xB4, 0x30, 0xC8, 0xE2, 0xCF, 0x7C, 0x1A,
    0x9A, 0xB0, 0xA7, 0xB0, 0x1E, 0xA7, 0x91, 0x8F, 0x24, 0x91, 0xB3, 0xBC, 0x18, 0x60, 0x2F, 0xF7,
    0xA1, 0x58, 0x31, 0x9D, 0x0C, 0x76, 0x33, 0x7E, 0xDC, 0x34, 0x7F, 0x34, 0x41, 0x1F, 0x7C, 0x6F,
    0xB1, 0x45, 0xA1, 0x2A, 0x70, 0x70, 0xE7, 0x39, 0x7C, 0x0A, 0xE7, 0x16, 0x0E, 0xB5, 0x8D, 0x0C,
    0x3E, 0x85, 0x44, 0x95, 0x55, 0x1F, 0x37, 0xFE, 0x08, 0xFA, 0xE4, 0xE2, 0x0F, 0x95, 0x53, 0x65,
    0x75, 0xA5, 0xCB, 0x74, 0x7C, 0xB4, 0xC2, 0x82, 0xB7, 0xCD, 0x54, 0x3D, 0xCC, 0x7D, 0x92, 0x56,
    0xBA, 0x1C, 0x03, 0x2D, 0x62, 0x60, 0x35, 0x97, 0x48, 0x8E, 0x27, 0x48, 0x71, 0x25, 0xCE, 0xD1,
    0x09, 0xC9, 0x08, 0x93, 0x36, 0xF8, 0x96, 0x2E, 0xDA, 0xB1, 0x8B, 0x5C, 0x28, 0xA0, 0xEC, 0x6A,
    0x45, 0xC5, 0x57, 0xE9, 0xAB, 0x85, 0xB4, 0xD2, 0x5A, 0xD3, 0x60, 0x94, 0x91, 0x1D, 0xA6, 0xA1,
    0xEF, 0xA7, 0x58, 0x77, 0x8F, 0x1E, 0x1E, 0xC4, 0xA9, 0x64, 0x46, 0xB0, 0xDF, 0xE7, 0x96, 0xC4,
    0x98, 0xEA, 0x7E, 0x9E, 0x31, 0xB1, 0xC2, 0x0A, 0x5B, 0x16, 0x0C, 0x77, 0x0F, 0x34, 0x28, 0x32,
    0x8B, 0xD4, 0x0B, 0x2E, 0xA5, 0xFF, 0x18, 0xBB, 0x2F, 0xD2, 0x76, 0x92, 0xDE, 0x22, 0x0C, 0xC0,
    0x81, 0x0A, 0xDB, 0x48, 0x55, 0x09, 0x3B, 0xA9, 0x3B, 0x50, 0xEC, 0x50, 0x07, 0xCC, 0x21, 0x6B,
    0xA8, 0x5C, 0xB3, 0x5F, 0xFC, 0x2F, 0x29, 0xDF, 0x77, 0x8D, 0xEB, 0xE6, 0xE4, 0x41, 0x09, 0xF9,
    0x94, 0xFC, 0xDF, 0x38, 0x78, 0xBB, 0x28, 0x4D, 0xAE, 0xA7, 0x14, 0x20, 0x32, 0x1E, 0xE5, 0x3A,
    0x23, 0x6E, 0x60, 0x7A, 0x5E, 0x89, 0xC1, 0x2E, 0xE6, 0xD6, 0x9A, 0xB0, 0x1B, 0x9D, 0xBF, 0xA4,
    0x9A, 0xA5, 0x3C, 0x3B, 0xC8, 0x53, 0x57, 0xCA, 0xCD, 0x31, 0xE3, 0xF9, 0x12, 0xB0, 0xF2, 0x24,
    0x0F, 0x93, 0xAD, 0xA0, 0xA0, 0x16, 0x43, 0xCE, 0x51, 0x83, 0x94, 0x2F, 0xCB, 0xE5, 0x58, 0xA9,
    0x7A, 0x61, 0x50, 0xA9, 0x58, 0xCE, 0x03, 0xD4, 0xCE, 0xC4, 0x46, 0xD5, 0x60, 0x4C, 0x1F, 0x49,
    0x36, 0x3A, 0x56, 0x3A, 0x9E, 0x8C, 0xF0, 0xC1, 0xE0, 0x2A, 0xAA, 0x6F, 0x16, 0xC6, 0xB9, 0x3D,
    0x09, 0xD3, 0x31, 0xFC, 0x16, 0xA5, 0x38, 0x45, 0x19, 0x8A, 0x45, 0x90, 0xDE, 0x24, 0x86, 0x54,
    0x8E, 0xDE, 0x8D, 0xEA, 0x29, 0xC7, 0xF5, 0x86, 0xEA, 0xFD, 0x26, 0xE2, 0x19, 0xBE, 0x95, 0xDF,
    0xFD, 0xC2, 0x7D, 0x1B, 0xB5, 0x60, 0x25, 0x24, 0x3F, 0x8B, 0xC3, 0x90, 0x7C, 0x02, 0xC7, 0x71,
    0x2D, 0x92, 0xE8, 0x15, 0x08, 0xAD, 0x5F, 0x39, 0x70, 0x85, 0x9F, 0x94, 0xD5, 0x64, 0x11, 0x7E,
    0x17, 0x47, 0x6C, 0x67, 0x90, 0x86, 0x37, 0x06, 0x44, 0x23, 0x65, 0xB8, 0x10, 0xE1, 0x96, 0x35,
    0x56, 0xF8, 0xBB, 0x08, 0x53, 0xF9, 0x71, 0x78, 0x13, 0x3E, 0xEF, 0x5A, 0x55, 0xC0, 0x72, 0x64,
    0x9B, 0x14, 0xAC, 0xA3, 0x08, 0x9B, 0x75, 0xB7, 0x1F, 0x2D, 0x34, 0x30, 0xBE, 0x66, 0xAA, 0x06,
    0x17, 0x68, 0xDA, 0x59, 0xBA, 0x57, 0x20, 0xD2, 0xF0, 0xFD, 0xF3, 0x27, 0x2B, 0x31, 0x49, 0xFD,
    0x2F, 0xDF, 0x6F, 0xFA, 0x8A, 0xEF, 0xFB, 0xB7, 0xFB, 0x7E, 0x1E, 0xFF, 0xF3, 0xDF, 0x97, 0x0B,
    0x7E, 0xFE, 0x1F, 0x64, 0xD5, 0xCF, 0x3F, 0x8A, 0x9A, 0xC4, 0x5F, 0x21, 0xEB, 0xF3, 0x73, 0x7F,
    0x89, 0x2A, 0xFB, 0x88, 0x15, 0x11, 0x35, 0x9A, 0x02, 0x93, 0x8E, 0x8D, 0x7E, 0x37, 0xD2, 0xB0,
    0x48, 0x90, 0x40, 0xB0, 0xC8, 0x9A, 0x42, 0x35, 0x66, 0x8C, 0x14, 0xA4, 0xBA, 0x66, 0xDF, 0x1C,
    0x5F, 0xDE, 0x06, 0xCB, 0x69, 0x70, 0x48, 0xC9, 0xF5, 0xEE, 0x87, 0x35, 0x5B, 0x70, 0x52, 0x8A,
    0x66, 0xD1, 0x97, 0x87, 0x66, 0xCF, 0x85, 0x2D, 0x83, 0x02, 0x6E, 0xFF, 0x0C, 0x76, 0x38, 0xC2,
    0x8D, 0xB7, 0xA0, 0xD6, 0x3B, 0x20, 0x90, 0x16, 0x91, 0xEB, 0x0C, 0x8A, 0x9C, 0x99, 0xC7, 0x89,
    0x3A, 0xE8, 0x6A, 0xC1, 0x56, 0xD2, 0x25, 0xB6, 0x40, 0xD6, 0xC1, 0x2A, 0xFA, 0xB2, 0x90, 0xA6,
    0xEF, 0x36, 0x04, 0xAB, 0x0D, 0xAE, 0x7F, 0xCD, 0x35, 0x27, 0x55, 0x83, 0x7B, 0xE8, 0xF5, 0x35,
    0x2F, 0x42, 0x02, 0x90, 0xBE, 0x7D, 0xFF, 0xBB, 0x82, 0x96, 0xAD, 0xB3, 0x5D, 0x86, 0xDB, 0xEC,
    0x62, 0x3E, 0x41, 0x1F, 0x9C, 0x57, 0x62, 0x45, 0x13, 0xA4, 0xBB, 0x5A, 0xA1, 0x3B, 0xDD, 0x06,
    0x89, 0xAE, 0x95, 0xD0, 0xF4, 0x8E, 0x2F, 0x97, 0x9A, 0xEF, 0xF9, 0xCC, 0xDB, 0x9A, 0x3F, 0xF7,
    0x9D, 0x95, 0x4D, 0x5F, 0xFF, 0xDB, 0xAB, 0x5B, 0x6F, 0x4D, 0x5C, 0x94, 0xB8, 0xA2, 0xE5, 0xBD,
    0x89, 0xE4, 0x8A, 0xDB, 0x96, 0xE9, 0x2B, 0x2E, 0x49, 0xC3, 0x2F, 0x2F, 0x0A, 0xC1, 0x28, 0x21,
    0x66, 0x6B, 0x71, 0x36, 0xAD, 0x45, 0xC2, 0x59, 0x8B, 0xAF, 0xB5, 0x96, 0xAC, 0x20, 0xC4, 0x62,
    0x99, 0xA8, 0xB1, 0x43, 0x62, 0x49, 0x3E, 0x13, 0x7A, 0x02, 0x25, 0x87, 0x76, 0x10, 0x46, 0x71,
    0xB8, 0xB5, 0x1D, 0xBE, 0xC8, 0x24, 0x23, 0x34, 0x09, 0x67, 0xD7, 0x9C, 0x68, 0x7E, 0xAE, 0x39,
    0x58, 0xF5, 0x09, 0x07, 0x7A, 0x86, 0x1C, 0x9A, 0x0E, 0xA8, 0x93, 0x93, 0xF2, 0x40, 0x76, 0x67,
    0x81, 0x2D, 0x5F, 0x9E, 0xB4, 0x42, 0x31, 0x0C, 0xBC, 0x14, 0x25, 0x83, 0x06, 0xE9, 0x40, 0xC5,
    0x0A, 0x11, 0x7C, 0x1A, 0x01, 0x3E, 0x28, 0x94, 0x0E, 0x1C, 0x21, 0x80, 0xA6, 0xA1, 0x20, 0xFE,
    0x9D, 0x27, 0x8B, 0x00, 0xD5, 0x54, 0x54, 0xB4, 0x34, 0xE4, 0xB9, 0x99, 0x22, 0x64, 0xAD, 0xCF,
    0xED, 0x18, 0x4F, 0xBA, 0x7E, 0x4F, 0xF9, 0xCE, 0x63, 0x30, 0x12, 0xA4, 0x93, 0x55, 0xDD, 0x2D,
    0x8E, 0x13, 0x2E, 0x33, 0x7E, 0x82, 0x78, 0xF3, 0xF7, 0x94, 0xE5, 0x30, 0x0D, 0xF3, 0x22, 0xD3,
    0xBD, 0x79, 0x62, 0xB7, 0xAF, 0x5A, 0x25, 0x93, 0x80, 0x04, 0x14, 0xA9, 0x88, 0xAC, 0xD9, 0x2A,
    0x73, 0x83, 0xCC, 0x1E, 0xB2, 0x90, 0x26, 0x49, 0xE3, 0x25, 0x73, 0x49, 0xDD, 0x22, 0x8B, 0xDB,
    0x46, 0xDD, 0xDE, 0x6C, 0x54, 0x7D, 0x72, 0x2C, 0x8D, 0x2D, 0x5F, 0x9B, 0x62, 0x35, 0x13, 0x25,
    0x25, 0x5B, 0xB2, 0x68, 0xD8, 0x18, 0xD7, 0xA0, 0xFD, 0x30, 0x0A, 0x1D, 0xD8, 0x63, 0x59, 0x64,
    0x7C, 0x68, 0x39, 0x79, 0xDF, 0x83, 0x0C, 0xAA, 0x97, 0xF2, 0x29, 0xF8, 0xA0, 0x0C, 0x0D, 0xF9,
    0xBC, 0xF3, 0x15, 0x59, 0xB6, 0xE4, 0x0B, 0xE2, 0xA8, 0xAC, 0x58, 0xB2, 0x22, 0x66, 0xE4, 0xE9,
    0xC7, 0x11, 0xEC, 0x1F, 0xFE, 0xE3, 0x70, 0x78, 0x93, 0x10, 0x5C, 0x4F, 0x4D, 0xF0, 0x17, 0x70,
    0x54, 0x98, 0x97, 0x5B, 0x15, 0x66, 0xF1, 0xC8, 0x45, 0x0D, 0xE4, 0xA3, 0x59, 0xE9, 0xB4, 0xA1,
    0x51, 0x91, 0x93, 0xA2, 0x13, 0xA5, 0x8E, 0x94, 0x01, 0x9A, 0x54, 0xC1, 0x56, 0xB9, 0xDD, 0xAF,
    0xE1, 0x52, 0xC3, 0x2C, 0xC6, 0x73, 0xD1, 0xBF, 0xAD, 0xE7, 0x22, 0x0F, 0x81, 0xC3, 0xC8, 0xAF,
    0x43, 0x53, 0x1A, 0x91, 0xD7, 0x71, 0x22, 0x22, 0xF2, 0x48, 0x4F, 0x48, 0x42, 0x19, 0x94, 0xE1,
    0x69, 0x03, 0x46, 0xB4, 0x83, 0xA5, 0x40, 0x77, 0x0A, 0x50, 0x6A, 0x16, 0x1A, 0x22, 0xB8, 0x0F,
    0x15, 0x4E, 0xD4, 0x68, 0x22, 0xC4, 0x49, 0x08, 0xBF, 0xB7, 0x63, 0x9D, 0x10, 0x07, 0xE0, 0x63,
    0x4B, 0xDC, 0x2E, 0xF1, 0x43, 0x78, 0xC7, 0x69, 0x77, 0x09, 0x22, 0x9F, 0x79, 0x89, 0x91, 0x5F,
    0x72, 0x82, 0x91, 0x47, 0xBB, 0x87, 0x90, 0xD7, 0x42, 0x20, 0xE4, 0x8D, 0x51, 0x20, 0xE4, 0x5B,
    0x5B, 0xC9, 0x26, 0x0A, 0x96, 0x6A, 0xEB, 0x10, 0xF9, 0x41, 0x85, 0x8B, 0x19, 0x23, 0xBF, 0xB5,
    0x51, 0xE8, 0xE9, 0x0E, 0x9B, 0x83, 0xDA, 0x23, 0x0F, 0x39, 0xD9, 0x39, 0xAF, 0x6C, 0xCD, 0x79,
    0x3E, 0xFC, 0xF1, 0x5B, 0x00, 0xBE, 0x79, 0x07, 0x52, 0xC5, 0xB5, 0x38, 0xC4, 0x68, 0x05, 0xCC,
    0xBC, 0x5D, 0xC1, 0xA7, 0xBE, 0x08, 0x30, 0xF7, 0x35, 0x80, 0xDB, 0xFF, 0x09, 0xE0, 0x7F, 0xFE,
    0x19, 0xB2, 0x09, 0xE4, 0x5D, 0xB7, 0xBE, 0x5B, 0xC1, 0x14, 0x52, 0xEE, 0x57, 0xFF, 0x54, 0xD5,
    0xB9, 0x09, 0xD9, 0x3F, 0x58, 0x86, 0x68, 0xD7, 0x70, 0x8E, 0x53, 0xDA, 0xA1, 0x0B, 0xD3, 0x70,
    0xF4, 0x9F, 0x91, 0x13, 0xC0, 0x93, 0xE5, 0x9B, 0xF7, 0xDE, 0x47, 0x72, 0x65, 0xE1, 0x5F, 0xAC,
    0x8C, 0x29, 0x4E, 0x2A, 0xE6, 0x81, 0xA7, 0x40, 0x8A, 0xC1, 0xC9, 0x95, 0x1E, 0x01, 0xA4, 0x81,
    0x86, 0x9B, 0x0A, 0xD0, 0xD0, 0xCE, 0x83, 0x85, 0xCF, 0x6A, 0xE0, 0x80, 0x02, 0xBE, 0x02, 0x55,
    0x4B, 0x3D, 0x03, 0xAE, 0x53, 0x76, 0x9F, 0xA7, 0xC0, 0x22, 0x5C, 0xA4, 0x12, 0xE0, 0x8A, 0xC9,
    0xC7, 0xAC, 0x32, 0xCA, 0x93, 0x14, 0x41, 0xF9, 0x3D, 0x34, 0x2C, 0xA9, 0xAB, 0x53, 0x94, 0xA0,
    0xA1, 0x32, 0x48, 0xDA, 0xC4, 0x20, 0xA9, 0x74, 0x43, 0xBB, 0xAB, 0x94, 0x05, 0xA9, 0x7C, 0xE8,
    0x7E, 0x9C, 0xF6, 0x83, 0xC8, 0xD2, 0x52, 0xFB, 0x2A, 0xA0, 0x8C, 0x23, 0x60, 0xA2, 0x21, 0xA1,
    0x60, 0x10, 0xEE, 0xF6, 0x3E, 0xCC, 0xB6, 0x6D, 0x70, 0x9B, 0x9A, 0x3E, 0xA8, 0x08, 0x47, 0x28,
    0x7A, 0x9C, 0xA6, 0x59, 0x40, 0xDB, 0x1B, 0xC5, 0x28, 0x99, 0xC1, 0x25, 0xF8, 0x35, 0x7F, 0xB6,
    0x84, 0x38, 0x81, 0xF0, 0x9C, 0x84, 0x8C, 0xE3, 0x11, 0x4A, 0x8A, 0x24, 0x34, 0x43, 0x4E, 0xF8,
    0x2B, 0x27, 0xE7, 0x2B, 0x01, 0x6D, 0x67, 0xEB, 0xF5, 0x35, 0xA8, 0xF7, 0xEE, 0x82, 0x6E, 0xF1,
    0xA5, 0x3C, 0xA1, 0x79, 0x08, 0x22, 0x5D, 0x7E, 0x01, 0x41, 0x29, 0x25, 0x23, 0x04, 0xA4, 0xE6,
    0x20, 0xD8, 0xA1, 0xB2, 0x18, 0x0C, 0x22, 0xEC, 0xF6, 0x39, 0xE9, 0x57, 0x51, 0xE4, 0x3E, 0x2F,
    0xFD, 0x0A, 0x82, 0x8D, 0x9B, 0x19, 0x88, 0x9C, 0x02, 0x9E, 0x4F, 0x23, 0xF3, 0xB3, 0x9C, 0x1F,
    0x99, 0xAA, 0x9C, 0xAE, 0x80, 0xAB, 0x80, 0x9F, 0xE5, 0xAA, 0x4B, 0xA6, 0x7C, 0x8A, 0xDA, 0x83,
    0x25, 0x49, 0xD5, 0x3A, 0x23, 0x11, 0xE3, 0x72, 0xBE, 0x91, 0xD2, 0x2E, 0xA0, 0x94, 0xF8, 0xFD,
    0x4D, 0xFD, 0xA8, 0x39, 0xE7, 0xC7, 0xDF, 0xE4, 0xDA, 0x5D, 0xE3, 0x2D, 0x41, 0x4F, 0x7E, 0x3C,
    0x31, 0xD9, 0xEF, 0x8F, 0xB7, 0x0D, 0x8C, 0x8A, 0x71, 0xAB, 0xE7, 0xEB, 0xFE, 0x80, 0xD5, 0x8B,
    0x89, 0xBD, 0xBA, 0x88, 0xA6, 0xF4, 0xEA, 0xD1, 0x70, 0x60, 0x4D, 0x4F, 0xFF, 0x64, 0xFF, 0x40,
    0x7F, 0xCF, 0x40, 0xFF, 0xD4, 0x48, 0x6B, 0xF2, 0xAA, 0xD0, 0xD7, 0xAF, 0x93, 0xFB, 0x49, 0xDB,
    0x23, 0x3D, 0x55, 0x92, 0xE0, 0x58, 0xDA, 0xE8, 0x6A, 0x49, 0x0A, 0xE6, 0xA9, 0x90, 0x0B, 0x61,
    0xD9, 0xB1, 0x4E, 0xF7, 0xF2, 0x3B, 0xDB, 0xB7, 0x7C, 0xE8, 0xDA, 0xB6, 0xF4, 0x37, 0xAE, 0x6D,
    0xCD, 0x7C, 0xFD, 0xD0, 0xF5, 0x63, 0x93, 0x5E, 0x69, 0x6A, 0x3A, 0xE5, 0x97, 0xB6, 0x59, 0xEB,
    0x4B, 0xD9, 0x63, 0xC9, 0x30, 0xEB, 0xCD, 0x05, 0x9D, 0x57, 0x8F, 0x08, 0x38, 0xD8, 0xE9, 0x68,
    0x87, 0xFE, 0x00, 0xB4, 0x5D, 0xA8, 0xCB, 0x9A, 0x44, 0x14, 0x24, 0xFA, 0xB4, 0x1B, 0xD9, 0x49,
    0xC3, 0xEA, 0xE1, 0x50, 0x4D, 0x81, 0xBE, 0x64, 0x03, 0x56, 0x2F, 0x2D, 0x34, 0x12, 0x2A, 0x38,
    0x75, 0xCD, 0x0A, 0x5E, 0x69, 0x4F, 0x6C, 0x10, 0xB1, 0xD3, 0x13, 0x3C, 0x64, 0xF2, 0xBA, 0x74,
    0xB4, 0x39, 0xF9, 0x8C, 0x6F, 0x04, 0xEF, 0x85, 0xC0, 0x16, 0x4A, 0x3F, 0x45, 0x9C, 0x1A, 0x74,
    0x39, 0x52, 0xA3, 0x86, 0xE9, 0x5F, 0xAC, 0x3E, 0x89, 0x05, 0xBD, 0x47, 0x5D, 0xDA, 0x4C, 0x20,
    0x6A, 0xFB, 0x6D, 0xEA, 0xE0, 0x92, 0x97, 0x3A, 0x8A, 0xE0, 0xA8, 0x4C, 0x95, 0x10, 0x1C, 0x96,
    0xA9, 0x6A, 0xCE, 0xC7, 0x49, 0x92, 0x92, 0x59, 0x5F, 0x66, 0x11, 0x6C, 0xF6, 0xA3, 0x1C, 0x82,
    0xC3, 0x7E, 0xD5, 0x8B, 0x01, 0x8E, 0x25, 0x81, 0xD3, 0x6F, 0x40, 0x10, 0xE5, 0x0E, 0x76, 0xCB,
    0x5D, 0x98, 0x33, 0xD9, 0x97, 0xDA, 0xEA, 0xCB, 0xF7, 0xE7, 0x52, 0x9F, 0xC0, 0x72, 0xFB, 0x65,
    0x2A, 0xC0, 0x5A, 0x9E, 0x92, 0xA9, 0x10, 0xEB, 0x2C, 0x7B, 0xA9, 0x83, 0xD4, 0x6C, 0xF3, 0xB2,
    0x14, 0x81, 0x17, 0x9A, 0x17, 0x0F, 0xA8, 0xBF, 0x70, 0x40, 0x73, 0x8D, 0x58, 0x87, 0x75, 0xE0,
    0x3B, 0x39, 0x04, 0xD5, 0x9C, 0xBC, 0x16, 0xC1, 0x8B, 0xC8, 0xC4, 0x11, 0xFC, 0x1C, 0xCD, 0xF0,
    0x6C, 0x28, 0xB7, 0xCA, 0xE4, 0x0F, 0x92, 0xA1, 0xCC, 0x55, 0xAD, 0x99, 0x0D, 0x61, 0xD5, 0x8B,
    0xEC, 0x03, 0x77, 0x86, 0x15, 0x2C, 0xB5, 0x7F, 0x86, 0x01, 0x30, 0xC8, 0x33, 0xC0, 0x69, 0x44,
    0x20, 0x40, 0xD1, 0x17, 0x46, 0x9E, 0x08, 0x8C, 0x4F, 0x84, 0x32, 0x2B, 0x42, 0xD3, 0x0E, 0xE5,
    0x97, 0x02, 0x58, 0x8D, 0x08, 0x1F, 0x2B, 0xC1, 0x64, 0x2E, 0x94, 0x2F, 0xC8, 0xDD, 0x47, 0xB0,
    0x85, 0x68, 0xD5, 0xAC, 0x45, 0xAD, 0xD3, 0x24, 0x08, 0x17, 0xA2, 0x14, 0xE3, 0x49, 0x9D, 0x5C,
    0xE1, 0x24, 0xA7, 0xBC, 0x02, 0x8D, 0xD3, 0xA9, 0x32, 0xFF, 0x74, 0x91, 0x50, 0x59, 0xF4, 0xD4,
    0x93, 0x5A, 0x9C, 0xE4, 0x22, 0xED, 0xFF, 0xA1, 0x96, 0x97, 0xC3, 0x25, 0xD2, 0x1A, 0xDB, 0x78,
    0xBD, 0xB8, 0xBC, 0xB6, 0x5A, 0x5E, 0x5F, 0xBF, 0x2C, 0x6C, 0xE3, 0xF5, 0xF6, 0xCB, 0xE2, 0x5A,
    0x5E, 0x5F, 0xBF, 0xBC, 0x5A, 0x5C, 0x5E, 0x4B, 0x2D, 0xD9, 0x79, 0xB2, 0x21, 0x22, 0xAE, 0x93,
    0xD4, 0x66, 0x06, 0xC4, 0x44, 0x43, 0x39, 0xF7, 0xD6, 0x3F, 0xED, 0x43, 0x50, 0xCA, 0x6D, 0xDE,
    0x8F, 0x20, 0xCC, 0x32, 0x78, 0x6A, 0xC3, 0xE6, 0x1E, 0x04, 0x4F, 0xF8, 0x70, 0x07, 0xD2, 0xE7,
    0xE1, 0xD3, 0xA5, 0x08, 0x49, 0xFF, 0xF0, 0x99, 0x8A, 0xCC, 0x86, 0xD1, 0x5B, 0xDE, 0x59, 0x19,
    0x5E, 0x45, 0xDF, 0xCA, 0x92, 0x6E, 0x86, 0x1B, 0xE9, 0xD9, 0xB1, 0xEF, 0xB5, 0x0F, 0x60, 0xCE,
    0xE7, 0x53, 0x9B, 0x7F, 0x5F, 0x55, 0x76, 0x00, 0xC1, 0xE9, 0x24, 0x7F, 0x9B, 0xF3, 0x61, 0xDB,
    0x7C, 0x7B, 0xB5, 0xD6, 0x65, 0x4D, 0x74, 0x20, 0x66, 0x31, 0x9E, 0x0D, 0x5A, 0x10, 0x4D, 0x50,
    0x2B, 0xCF, 0xBA, 0xC6, 0x98, 0x52, 0xE1, 0x7C, 0xA5, 0xC2, 0x11, 0x07, 0xCA, 0x28, 0x8F, 0x7D,
    0xA7, 0xE2, 0x42, 0x6D, 0xCA, 0xBE, 0x44, 0x2D, 0x48, 0xF7, 0x61, 0x52, 0x77, 0x0B, 0x46, 0x08,
    0x15, 0xD4, 0x82, 0x08, 0x90, 0xD3, 0xC6, 0x47, 0x2D, 0xA6, 0xD1, 0x81, 0xD4, 0xA8, 0xC2, 0x25,
    0x23, 0x87, 0xB4, 0xA0, 0x92, 0x16, 0xEA, 0x6E, 0x06, 0x19, 0x26, 0xAA, 0x55, 0x3D, 0x68, 0xFA,
    0x36, 0xB5, 0xD5, 0x5A, 0x88, 0xDB, 0x8B, 0x5B, 0x27, 0xBF, 0x33, 0xAB, 0x70, 0xF9, 0x58, 0x0B,
    0x3A, 0xBF, 0x0A, 0xF7, 0xEB, 0x90, 0x47, 0xF5, 0xAE, 0x8C, 0xC8, 0x5F, 0x85, 0xCF, 0xE6, 0x91,
    0x57, 0xFE, 0xF5, 0x82, 0x5A, 0x86, 0xF2, 0xAD, 0x50, 0x27, 0xE4, 0xBB, 0x3B, 0xDB, 0xDA, 0xE6,
    0x91, 0xFF, 0x8F, 0x2E, 0xFC, 0x96, 0x23, 0xFC, 0x3F, 0x75, 0xE0, 0x3F, 0xBA, 0xA2, 0xB0, 0x04,
    0x60, 0x09, 0xFB, 0x12, 0xD4, 0x9A, 0x53, 0x1E, 0xD0, 0xCE, 0xE8, 0x81, 0xDB, 0x2C, 0x87, 0x90,
    0x47, 0x33, 0xFC, 0x35, 0x21, 0xAF, 0x6D, 0x62, 0x3A, 0x77, 0xC9, 0xDA, 0x2D, 0x91, 0x01, 0x13,
    0xB1, 0x47, 0x91, 0xDC, 0x0F, 0x28, 0x04, 0x0F, 0x56, 0xB3, 0xC2, 0xDB, 0x59, 0x49, 0xF9, 0xDE,
    0xA9, 0xC8, 0x0B, 0x68, 0xD0, 0x54, 0x92, 0x3B, 0x84, 0x1C, 0x3C, 0xFB, 0x64, 0x41, 0x8A, 0x54,
    0xC5, 0x94, 0x8E, 0x4D, 0x0C, 0xD0, 0x60, 0xA2, 0xF7, 0x48, 0x2F, 0x69, 0x9E, 0x5D, 0xA8, 0x23,
    0x2A, 0x6B, 0x23, 0x5E, 0x3A, 0x08, 0x2C, 0xBF, 0x0D, 0x60, 0x1F, 0x00, 0x2A, 0x36, 0x83, 0xA9,
    0x32, 0xDA, 0x03, 0x17, 0xCC, 0x6E, 0x5D, 0x5B, 0x5B, 0x1C, 0xB0, 0x08, 0xE3, 0xE6, 0x1F, 0xA0,
    0xBE, 0xE8, 0x66, 0xBF, 0x0F, 0xF0, 0x70, 0xD9, 0xA2, 0x6B, 0x9F, 0xD6, 0x8D, 0x7C, 0xAA, 0x86,
    0xF2, 0x5C, 0x50, 0x4A, 0xA2, 0xD0, 0x1C, 0xC8, 0x95, 0xF1, 0xC5, 0x72, 0x9A, 0x83, 0xAD, 0x96,
    0xD9, 0x18, 0x71, 0x2D, 0xBF, 0xB9, 0xBE, 0x40, 0xA1, 0x5A, 0xA4, 0xD6, 0x57, 0x3A, 0xE0, 0x3D,
    0x0A, 0xFA, 0x31, 0x41, 0x66, 0x4A, 0x7B, 0x3F, 0x98, 0xD8, 0x41, 0xED, 0x60, 0xBC, 0x1D, 0xF4,
    0x3B, 0xF9, 0xEF, 0xED, 0x60, 0xFC, 0x21, 0x98, 0x09, 0x5A, 0xB9, 0xE9, 0x2E, 0x6A, 0xC7, 0xFD,
    0x3D, 0x0F, 0xC1, 0xD6, 0x02, 0xBB, 0x89, 0xB7, 0x49, 0xE3, 0x98, 0x6B, 0xE3, 0x88, 0xA5, 0x21,
    0xE3, 0x03, 0x8A, 0xD9, 0x2F, 0x0B, 0x78, 0xDC, 0xA5, 0x3F, 0xBC, 0x28, 0x0A, 0x48, 0xFB, 0xD0,
    0x3D, 0x02, 0x1D, 0xDD, 0x60, 0xA0, 0x79, 0xB5, 0xF7, 0x2C, 0xB4, 0xCD, 0xF2, 0x92, 0x62, 0xFF,
    0x08, 0x64, 0x06, 0x20, 0x4C, 0x7E, 0xC1, 0xB7, 0xA4, 0x9B, 0xBA, 0xD6, 0xEF, 0x27, 0x05, 0xA9,
    0x3F, 0x84, 0xFE, 0x22, 0xFD, 0xC5, 0x8F, 0xC8, 0x3F, 0x31, 0x4A, 0x7F, 0xB6, 0x14, 0x6D, 0x7B,
    0x5D, 0x75, 0x5D, 0xFF, 0xB7, 0x8A, 0xD4, 0x6C, 0xEA, 0x4B, 0xEE, 0x55, 0xAB, 0x8C, 0xB9, 0x93,
    0x3E, 0xE4, 0x9C, 0x94, 0x0B, 0x29, 0x17, 0xD5, 0x42, 0x5B, 0x2C, 0x4A, 0xF8, 0x81, 0x4D, 0x59,
    0x30, 0xB3, 0xA4, 0xD1, 0xE4, 0xC1, 0x08, 0xC9, 0x2B, 0xE1, 0xD4, 0x94, 0x00, 0x4A, 0xB4, 0x0A,
    0x0F, 0x78, 0xD0, 0x98, 0xCC, 0x3F, 0x85, 0x3A, 0x63, 0x59, 0xDA, 0x80, 0x5E, 0xC4, 0xE8, 0x4D,
    0xA2, 0xD2, 0xE9, 0xA4, 0xAE, 0x0D, 0xEA, 0xAF, 0x13, 0x2E, 0x7A, 0x9D, 0x05, 0x8E, 0x1D, 0x35,
    0xAD, 0x17, 0x02, 0x44, 0x4B, 0x2D, 0x1E, 0x29, 0x90, 0xFA, 0x39, 0x03, 0x0F, 0xB5, 0x8F, 0x55,
    0x91, 0x5E, 0x45, 0x4D, 0xC3, 0x93, 0x4F, 0x94, 0x6C, 0x41, 0xAA, 0x9E, 0xDF, 0xE4, 0xD8, 0xB3,
    0xCD, 0x84, 0x7A, 0x16, 0x5F, 0xCA, 0x65, 0x37, 0x27, 0x29, 0x47, 0xFB, 0xD4, 0xD2, 0x13, 0xD2,
    0x0E, 0xF9, 0x66, 0x11, 0x5B, 0x63, 0x1E, 0xC4, 0x37, 0xE3, 0x2C, 0xA8, 0xAE, 0x60, 0x7F, 0xD0,
    0x32, 0x19, 0xAD, 0x94, 0xD9, 0xD4, 0x2B, 0xA4, 0x36, 0xF3, 0x62, 0x18, 0x48, 0xE5, 0x32, 0x59,
    0xD5, 0x68, 0xCD, 0x68, 0x0F, 0xC0, 0x32, 0x5B, 0xBA, 0x03, 0xD9, 0x77, 0x06, 0x03, 0xE3, 0x5A,
    0x38, 0x30, 0x09, 0xA5, 0x81, 0x2D, 0xBC, 0xB6, 0x41, 0x9F, 0x70, 0x00, 0xED, 0x39, 0xF2, 0x96,
    0x0E, 0xA0, 0x82, 0x3E, 0xF0, 0xAE, 0x68, 0x78, 0x1C, 0x67, 0x42, 0x05, 0x35, 0xA0, 0x71, 0x65,
    0xB0, 0x2D, 0xF8, 0xB0, 0x91, 0x6A, 0xB3, 0x91, 0xEB, 0xF2, 0xA7, 0xF6, 0xDD, 0x4E, 0x55, 0x50,
    0x4D, 0xF7, 0x10, 0x33, 0xDB, 0xB5, 0x5D, 0xD3, 0xB5, 0x1D, 0x53, 0xD8, 0x68, 0xD6, 0xDA, 0xA8,
    0x9B, 0xE1, 0x07, 0xFF, 0xF7, 0xE1, 0x67, 0x10, 0x3F, 0xBD, 0xF1, 0xB5, 0x0D, 0x72, 0x5D, 0x90,
    0x15, 0x9C, 0x58, 0xEB, 0x10, 0x83, 0x86, 0xE4, 0x9E, 0x17, 0xA6, 0x69, 0xCA, 0x56, 0xE2, 0xAB,
    0x85, 0x4F, 0x55, 0xB1, 0x6B, 0xCB, 0xF8, 0xF6, 0x36, 0x79, 0xC4, 0x7A, 0xED, 0x5A, 0x62, 0x3F,
    0x44, 0x3D, 0x51, 0x6E, 0xF0, 0x50, 0xD5, 0x5C, 0x76, 0xA8, 0xB9, 0xB4, 0x1A, 0x55, 0x03, 0xDF,
    0xB0, 0x68, 0xBB, 0x39, 0x51, 0xCC, 0x06, 0x1D, 0x50, 0x34, 0x81, 0x13, 0x8B, 0x1C, 0xAD, 0x98,
    0x10, 0xBA, 0x45, 0xB4, 0x15, 0xFD, 0x22, 0xBE, 0x69, 0xF9, 0xEB, 0x25, 0xF2, 0xBD, 0x10, 0xA3,
    0x29, 0xA9, 0xF5, 0x74, 0x9C, 0x6F, 0x67, 0x5D, 0xF2, 0x79, 0xB9, 0xF1, 0x57, 0x95, 0x6C, 0xC4,
    0xBE, 0xF8, 0x05, 0xB9, 0xF7, 0x4A, 0x66, 0x80, 0x5C, 0xB7, 0x04, 0xB5, 0x3F, 0x23, 0x3C, 0xEB,
    0x09, 0xE4, 0x3A, 0xE7, 0x9A, 0x22, 0xB1, 0xC9, 0x02, 0x4D, 0x9B, 0x62, 0x82, 0xF2, 0x95, 0xAF,
    0xAD, 0x1A, 0x4B, 0x66, 0x57, 0x79, 0xE6, 0x02, 0x30, 0xD5, 0x12, 0x88, 0xAD, 0x56, 0x4C, 0x52,
    0xB3, 0x9B, 0xA3, 0x1B, 0x23, 0x24, 0x1B, 0xA3, 0x8C, 0xA6, 0x51, 0x6E, 0x67, 0x18, 0x56, 0x72,
    0x8E, 0x67, 0x97, 0x8F, 0xA3, 0x0E, 0x26, 0xF7, 0x54, 0x3E, 0x23, 0xB1, 0x39, 0x59, 0xF9, 0x63,
    0xD6, 0xFE, 0x2A, 0x86, 0x32, 0xE6, 0xCC, 0x79, 0x9B, 0xCE, 0x63, 0x71, 0xE5, 0x62, 0x03, 0xB6,
    0x62, 0x83, 0xB4, 0x64, 0x9A, 0x24, 0x50, 0xA5, 0xBE, 0xA6, 0x16, 0xD8, 0x14, 0x09, 0x95, 0x9F,
    0x50, 0x28, 0x37, 0xA0, 0x22, 0xAD, 0x52, 0xA3, 0x85, 0xBC, 0xB1, 0x71, 0xED, 0x5E, 0x61, 0x9D,
    0x9D, 0xC7, 0x3A, 0x54, 0xB5, 0x20, 0x35, 0x9C, 0x95, 0xF2, 0x45, 0x9C, 0xDD, 0xF8, 0xAE, 0x4F,
    0x4A, 0xB4, 0x86, 0xB3, 0x72, 0x06, 0x5B, 0xAF, 0x5A, 0x68, 0xE2, 0x20, 0x2E, 0x64, 0xAC, 0xFA,
    0xD4, 0x8A, 0x47, 0x62, 0xDC, 0x2C, 0x27, 0x11, 0x54, 0x53, 0xD2, 0x42, 0x80, 0x6A, 0xC6, 0x9D,
    0x08, 0xCA, 0x1E, 0x16, 0xF0, 0xBD, 0xB2, 0x24, 0x90, 0xAB, 0xD0, 0x37, 0x91, 0xC5, 0x67, 0xD7,
    0x49, 0x37, 0x29, 0x53, 0x11, 0x9A, 0x5E, 0x96, 0xFC, 0xEB, 0x13, 0xD9, 0x2A, 0xB6, 0x57, 0xD2,
    0xC9, 0x61, 0xA8, 0xFA, 0x8C, 0xDD, 0x9F, 0xBC, 0x38, 0xAC, 0x9C, 0xA2, 0x0B, 0xEC, 0xFA, 0xF8,
    0x5B, 0xFC, 0x2C, 0xCE, 0xA9, 0xCA, 0x31, 0xD6, 0x65, 0xB0, 0xE6, 0x78, 0x9D, 0x39, 0x19, 0xBC,
    0x2F, 0xCA, 0x23, 0xD6, 0x11, 0x19, 0x33, 0xD8, 0x67, 0xBB, 0x50, 0xF3, 0x40, 0xAC, 0x19, 0x48,
    0x06, 0xBE, 0x02, 0xC1, 0xF9, 0x80, 0x1F, 0xE7, 0xCC, 0xC9, 0xBF, 0xFD, 0x13, 0x04, 0xE4, 0x09,
    0x30, 0x11, 0x6B, 0x55, 0x67, 0xDC, 0x42, 0xDC, 0xDE, 0x2B, 0x63, 0x5D, 0x47, 0xB7, 0x04, 0xF5,
    0xE1, 0x60, 0xA5, 0xBF, 0x36, 0x54, 0xB4, 0xAA, 0xB3, 0xB5, 0x82, 0xE8, 0x9A, 0xD1, 0x35, 0x48,
    0x1A, 0x6F, 0xFD, 0x94, 0x7C, 0x49, 0xC2, 0xB6, 0x54, 0x09, 0xA7, 0xB0, 0x33, 0x8D, 0xBD, 0xB5,
    0x5B, 0xBA, 0x95, 0x6C, 0x65, 0x1C, 0x3C, 0x51, 0xCD, 0x96, 0x47, 0x6E, 0xCB, 0x8A, 0xC8, 0x0E,
    0x1F, 0x97, 0x9B, 0x71, 0xD6, 0x5D, 0x33, 0x23, 0x0F, 0x0B, 0x19, 0xAC, 0x22, 0x80, 0xB9, 0x8F,
    0xCA, 0x5D, 0x44, 0x1A, 0xA1, 0x4C, 0x39, 0xD9, 0x92, 0x57, 0x5E, 0x9A, 0x83, 0x64, 0xA5, 0xE9,
    0x41, 0x2D, 0x42, 0xE2, 0xCB, 0xE3, 0xE5, 0x02, 0xD2, 0xF0, 0x1B, 0x49, 0xE3, 0x3C, 0x9D, 0xEC,
    0x29, 0x7D, 0x41, 0x3D, 0xCB, 0xF2, 0x8B, 0x69, 0x75, 0xAC, 0x1D, 0x8F, 0x08, 0xBA, 0x7C, 0x31,
    0xD6, 0x99, 0x92, 0xA7, 0xE5, 0x27, 0x10, 0x6B, 0x6C, 0x7C, 0x06, 0x09, 0x7A, 0x76, 0x3D, 0x5E,
    0xB8, 0x1E, 0x72, 0xC9, 0xA3, 0xD8, 0xC9, 0xD6, 0xE3, 0xF2, 0xA0, 0x14, 0x11, 0xDA, 0x14, 0x48,
    0x2F, 0x51, 0xB6, 0x84, 0xC4, 0x41, 0xA0, 0x9C, 0xC3, 0x67, 0xC9, 0x27, 0x43, 0x22, 0xE8, 0xED,
    0xC6, 0x71, 0x92, 0xE5, 0x41, 0xF2, 0xA8, 0x22, 0xE8, 0xA3, 0x8A, 0xA0, 0x8F, 0xCF, 0xB1, 0xC3,
    0x92, 0xF4, 0x0D, 0x6C, 0xAF, 0x7A, 0xE3, 0xAF, 0xC3, 0xFA, 0xE5, 0x68, 0x22, 0xEE, 0x64, 0x5A,
    0x77, 0x6B, 0x26, 0xC5, 0x34, 0xF9, 0x64, 0x30, 0x96, 0x43, 0x9A, 0x38, 0x5A, 0xAA, 0x22, 0xD3,
    0xCE, 0x1D, 0x2D, 0x47, 0x4B, 0x92, 0xAE, 0x87, 0x20, 0x6B, 0x0B, 0xC9, 0xC0, 0x6F, 0x00, 0x83,
    0x29, 0x06, 0x03, 0x59, 0x06, 0x69, 0xA4, 0x09, 0x04, 0x28, 0x26, 0xA8, 0x1C, 0x8A, 0x89, 0xEC,
    0xD1, 0x32, 0xD2, 0xBC, 0x93, 0x24, 0xC7, 0xAA, 0xA4, 0x19, 0x7E, 0xED, 0x01, 0xA6, 0x89, 0x53,
    0xA7, 0xE7, 0x69, 0x42, 0xCD, 0x2A, 0xC5, 0x08, 0x63, 0x65, 0xE6, 0x15, 0x28, 0xB9, 0x91, 0x34,
    0xF6, 0xB0, 0xCA, 0x13, 0x30, 0xD6, 0xF2, 0xBA, 0x2A, 0x92, 0x71, 0x36, 0x42, 0x6B, 0x14, 0x3B,
    0x19, 0xC9, 0xF2, 0x30, 0x76, 0x32, 0xCE, 0xA3, 0x43, 0xD8, 0x91, 0xF8, 0x2D, 0x06, 0xBB, 0x10,
    0x44, 0x49, 0x99, 0x44, 0x70, 0xD2, 0xAC, 0xAC, 0x24, 0x9F, 0x91, 0x59, 0x81, 0x9A, 0xA6, 0x5D,
    0xF3, 0x1A, 0x64, 0xD9, 0x91, 0x44, 0x12, 0x1B, 0x20, 0xAA, 0xF1, 0xA5, 0xB8, 0x97, 0xB4, 0x86,
    0x4E, 0x76, 0xEA, 0xC3, 0xBF, 0x08, 0xEB, 0x3A, 0xF3, 0xC8, 0x9F, 0x97, 0x79, 0xD4, 0xA7, 0xA1,
    0x5D, 0xB1, 0xD6, 0xD1, 0x34, 0x0C, 0x9D, 0xA5, 0x1E, 0x76, 0xF9, 0xE3, 0xE1, 0x74, 0x56, 0x62,
    0x97, 0x97, 0xAA, 0x34, 0x0D, 0xA9, 0x93, 0xA5, 0xEA, 0x72, 0xE9, 0x9F, 0x07, 0xE4, 0x18, 0x0C,
    0xD9, 0xDC, 0xE5, 0x83, 0x16, 0x77, 0x79, 0x2A, 0x49, 0x5D, 0x2E, 0x97, 0x64, 0xA9, 0xCB, 0xB1,
    0x03, 0x14, 0xF2, 0xE7, 0x4C, 0xC3, 0x79, 0xE4, 0x2B, 0xF3, 0x9A, 0xEF, 0x22, 0xE4, 0x73, 0x35,
    0xCE, 0x17, 0xC5, 0xC8, 0x0B, 0x55, 0x7C, 0x9E, 0xF3, 0xA9, 0x75, 0x0F, 0x0E, 0x52, 0x61, 0xC2,
    0x9C, 0x70, 0x54, 0x0F, 0xAA, 0xFE, 0xAC, 0xA4, 0x89, 0x4F, 0xE4, 0xC2, 0x90, 0x80, 0x3D, 0x13,
    0x92, 0x34, 0x38, 0x60, 0x33, 0x08, 0xB3, 0x4A, 0x36, 0xA4, 0x58, 0x1F, 0x3D, 0x40, 0x6E, 0xF7,
    0x2C, 0x66, 0xA1, 0x95, 0xB2, 0x4A, 0xF6, 0x25, 0xC4, 0x3B, 0xC9, 0x76, 0x86, 0xE2, 0xD7, 0x51,
    0xAD, 0xBD, 0xB8, 0x75, 0xA6, 0x02, 0x97, 0x69, 0x82, 0x91, 0x4F, 0x45, 0xEE, 0xAB, 0xE8, 0xF2,
    0xB0, 0xDE, 0xE5, 0x73, 0xD7, 0xD0, 0xC3, 0x94, 0x8F, 0x3D, 0x8E, 0x5D, 0x4E, 0x3D, 0x8E, 0x9C,
    0x8F, 0x7A, 0x1C, 0xB1, 0xA6, 0xCE, 0xC5, 0x2E, 0x67, 0xE0, 0x13, 0xF8, 0x14, 0x71, 0xE8, 0x68,
    0x10, 0xB2, 0x04, 0x06, 0x86, 0x92, 0x04, 0x32, 0x9E, 0x4D, 0xFC, 0x7A, 0xA9, 0xB4, 0x45, 0xAE,
    0x2C, 0x9D, 0x6A, 0x92, 0xD6, 0xF7, 0x7C, 0xE0, 0x2E, 0x0F, 0x35, 0xC2, 0xFA, 0xEC, 0x01, 0xEE,
    0xF2, 0xD0, 0x7A, 0xF5, 0x9C, 0xEF, 0x65, 0x27, 0xA5, 0x7A, 0xF7, 0xE4, 0x91, 0xC8, 0x0E, 0x10,
    0xDD, 0x8F, 0x4D, 0x5F, 0xF7, 0x6D, 0x9C, 0x94, 0x89, 0xB1, 0xA3, 0x9F, 0x4C, 0x89, 0x7D, 0x7D,
    0x97, 0x3D, 0x6F, 0xDB, 0xA2, 0x92, 0x35, 0x4A, 0xA9, 0x5D, 0xC8, 0xA8, 0x9F, 0xA8, 0x7A, 0xF3,
    0x5E, 0x93, 0x23, 0x51, 0x92, 0x1C, 0x2B, 0xA2, 0x82, 0x84, 0xE1, 0x7B, 0xD7, 0x8F, 0xED, 0xFC,
    0x97, 0xAC, 0xC8, 0xAD, 0x4E, 0x1F, 0xDF, 0x90, 0x14, 0x83, 0x59, 0x3D, 0x4C, 0xDA, 0xCE, 0xEA,
    0xDC, 0xFA, 0x72, 0x76, 0xD7, 0x2B, 0x53, 0x48, 0x1D, 0xDD, 0x05, 0x14, 0x92, 0x5A, 0x8C, 0xB5,
    0xBB, 0x58, 0xBC, 0xBC, 0x28, 0xE5, 0x0B, 0x38, 0x73, 0x42, 0x12, 0x7B, 0x90, 0xAA, 0xB0, 0x50,
    0xA4, 0xB9, 0xB9, 0x81, 0x28, 0x24, 0x89, 0xBC, 0x0E, 0x65, 0xC7, 0x06, 0x99, 0xA2, 0xE1, 0xDF,
    0x10, 0x11, 0x20, 0x4D, 0x32, 0x5B, 0xFF, 0x86, 0x19, 0x50, 0x52, 0xC6, 0x39, 0xA9, 0xDC, 0x75,
    0x64, 0xA9, 0x70, 0x2D, 0x48, 0x41, 0x54, 0xA7, 0x85, 0x64, 0x32, 0xFB, 0x0A, 0xA4, 0x51, 0x55,
    0x51, 0x37, 0x0D, 0x58, 0xEB, 0xA0, 0x56, 0x28, 0x68, 0xF1, 0x87, 0x5C, 0x6C, 0x09, 0x01, 0xC9,
    0xBB, 0x0E, 0xF9, 0xA3, 0xD3, 0xE5, 0x51, 0xBF, 0x13, 0xFF, 0xDB, 0xA2, 0x33, 0x6F, 0x3A, 0xDD,
    0x69, 0x03, 0xD2, 0xDD, 0x06, 0x04, 0x6D, 0xDE, 0x59, 0xD7, 0x70, 0x4C, 0x30, 0xD1, 0x1A, 0x33,
    0x27, 0x76, 0x3B, 0x0C, 0xF7, 0x28, 0xA8, 0x51, 0x8C, 0x06, 0x90, 0x31, 0x36, 0xF9, 0x37, 0x63,
    0xA0, 0xDD, 0xF5, 0x37, 0xFF, 0x1B, 0xC6, 0x26, 0xD3, 0x63, 0x93, 0xFF, 0xD2, 0x95, 0xFE, 0x0F,
    0xD7, 0x8F, 0xAF, 0x4D, 0x17, 0x4A, 0xAD, 0x9D, 0x37, 0x1D, 0x71, 0x8D, 0xCE, 0x4D, 0x47, 0xC1,
    0xF8, 0xFC, 0xDF, 0x7D, 0x01, 0xF4, 0x2F, 0x1C, 0xFA, 0x3C, 0xC0, 0xDE, 0x1F, 0x60, 0x91, 0xFF,
    0xFE, 0xF7, 0x9F, 0x03, 0xF8, 0xD2, 0xA9, 0xFF, 0x43, 0xBA, 0x39, 0x2A, 0xE5, 0x1F, 0x9E, 0xC0,
    0xE4, 0xA3, 0xCF, 0x4D, 0x92, 0x7A, 0x8E, 0x36, 0xE7, 0xDE, 0x68, 0x8A, 0x96, 0x67, 0x32, 0x14,
    0x07, 0x92, 0x07, 0xFB, 0x60, 0xA9, 0x02, 0x89, 0x69, 0xFB, 0x2E, 0x1A, 0x24, 0x5A, 0xAD, 0x20,
    0x2D, 0x8F, 0xB9, 0x8F, 0x50, 0x0B, 0x3E, 0xAF, 0x94, 0x50, 0x3E, 0x2E, 0xC1, 0x65, 0x69, 0x5E,
    0x3A, 0x38, 0x35, 0x34, 0x77, 0xEF, 0xC4, 0xC4, 0x6E, 0x37, 0x36, 0x56, 0xFE, 0x06, 0xE2, 0xF7,
    0xD0, 0x7E, 0x4A, 0x0B, 0x6F, 0x97, 0x63, 0xB7, 0xAC, 0x48, 0x63, 0xAE, 0xCB, 0x69, 0xC9, 0x79,
    0x24, 0x8D, 0x68, 0x6C, 0x49, 0xAF, 0x8D, 0xAF, 0xD2, 0x69, 0xBC, 0xB7, 0xFA, 0x02, 0xF2, 0x53,
    0x13, 0x2B, 0xE8, 0x98, 0x10, 0x14, 0x9D, 0x82, 0x99, 0xDB, 0x78, 0xD9, 0xF2, 0x73, 0x84, 0xF2,
    0x47, 0x26, 0xF2, 0x97, 0x4C, 0x7C, 0x7E, 0xA2, 0x40, 0x51, 0x68, 0x5D, 0xCA, 0x8C, 0xFD, 0x10,
    0x8D, 0xEC, 0x2D, 0x34, 0x29, 0xEF, 0x9D, 0x24, 0x0B, 0xD9, 0xA2, 0x11, 0xD0, 0x04, 0x34, 0x17,
    0x34, 0x0E, 0xC3, 0xFC, 0x4B, 0x0A, 0x73, 0xB9, 0x97, 0xAC, 0xE9, 0x0F, 0x60, 0xE2, 0x5E, 0x09,
    0xF7, 0xAE, 0xF2, 0xAF, 0x84, 0x1F, 0x3E, 0x90, 0xFF, 0x5D, 0xE7, 0xCF, 0xB7, 0xBB, 0x97, 0xBA,
    0x7D, 0x26, 0x5C, 0xE2, 0xA2, 0x4D, 0x7C, 0x09, 0x45, 0x3B, 0x0C, 0x09, 0xEC, 0x9C, 0x4B, 0x48,
    0x9B, 0x42, 0x14, 0x96, 0x0F, 0x0F, 0x3B, 0xA0, 0x93, 0xE1, 0x9D, 0x48, 0x50, 0x2C, 0x1B, 0xC5,
    0x61, 0x99, 0x14, 0x56, 0xD3, 0x43, 0x01, 0xA4, 0x45, 0x32, 0x20, 0x79, 0x89, 0x9B, 0x93, 0x80,
    0x16, 0xA8, 0xFA, 0x69, 0xA9, 0x7B, 0xDC, 0xC6, 0x52, 0x81, 0x1E, 0x10, 0x11, 0x8C, 0xA9, 0x28,
    0xB4, 0x1E, 0x7C, 0x1D, 0xB6, 0xB2, 0x39, 0x6A, 0x95, 0xBA, 0xC6, 0x74, 0xB8, 0xC3, 0x96, 0x93,
    0x87, 0xF4, 0xBC, 0x94, 0xF3, 0xC9, 0x43, 0xFE, 0x5F, 0xED, 0x9B, 0x1D, 0x7D, 0xE2, 0x8B, 0x4F,
    0xDC, 0xFB, 0xF3, 0xE7, 0x4E, 0xFD, 0xE4, 0x4B, 0x2F, 0xE5, 0xFE, 0xCF, 0x47, 0x5E, 0xCA, 0x8D,
    0x5E, 0xF2, 0xCC, 0x07, 0x0A, 0x1D, 0xEF, 0xFB, 0x1F, 0x64, 0x02, 0x61, 0x56, 0xFC, 0xEF, 0xCD,
    0x39, 0xE6, 0xDD, 0x37, 0x3A, 0x48, 0x91, 0xFC, 0xD1, 0xBC, 0xD9, 0x1A, 0xE5, 0xDC, 0x8B, 0x94,
    0xF3, 0xFE, 0xCA, 0x17, 0xE1, 0x8E, 0x72, 0xFA, 0xD1, 0xD2, 0xDF, 0x23, 0xE5, 0x8C, 0x4F, 0xAF,
    0x4D, 0x6F, 0x29, 0xB7, 0xE0, 0x00, 0xB8, 0xCD, 0x9D, 0xA3, 0x8F, 0x3B, 0xC6, 0x1F, 0xFC, 0xD5,
    0x41, 0xD0, 0x7F, 0xB0, 0xF7, 0x07, 0xA0, 0x9D, 0x92, 0xBF, 0xA2, 0x01, 0x65, 0x93, 0x10, 0xE7,
    0xDC, 0xB6, 0x89, 0x12, 0xC5, 0x3D, 0xDD, 0x07, 0x70, 0x9B, 0x86, 0x9D, 0xBA, 0x5B, 0x3E, 0x10,
    0x27, 0x39, 0xD2, 0xA0, 0x56, 0x21, 0x0B, 0x6C, 0xFB, 0xEB, 0xFB, 0x1E, 0x50, 0x03, 0xCF, 0x02,
    0x4A, 0x1F, 0x1E, 0x66, 0xCA, 0x11, 0xAF, 0x32, 0xF1, 0x55, 0x09, 0xAE, 0xA0, 0x85, 0x62, 0xF7,
    0x3C, 0x96, 0x26, 0x6A, 0x76, 0x8D, 0xD6, 0xED, 0x4C, 0xA6, 0x1C, 0x0E, 0x4E, 0x3C, 0x8C, 0xF7,
    0x53, 0x87, 0x69, 0xB9, 0x49, 0xC3, 0x69, 0x98, 0x3B, 0x5C, 0x6A, 0x4C, 0xB2, 0x87, 0x39, 0x96,
    0x91, 0xE2, 0x09, 0xA9, 0x7C, 0x3B, 0x8D, 0x07, 0x7F, 0x5D, 0x73, 0x83, 0xAF, 0x2A, 0x48, 0x29,
    0x67, 0xD2, 0x29, 0x19, 0x36, 0x50, 0xCE, 0xAD, 0xA2, 0x16, 0x1F, 0x49, 0x31, 0xA9, 0x1A, 0x89,
    0x7E, 0x52, 0xF7, 0xC1, 0xDA, 0x1C, 0x85, 0x84, 0xDA, 0x14, 0x15, 0xFB, 0x09, 0x71, 0xAA, 0x9F,
    0x11, 0x79, 0x3F, 0x0B, 0x67, 0x22, 0xEF, 0x19, 0x07, 0xAD, 0x83, 0x33, 0x4E, 0xD6, 0x90, 0x67,
    0xDC, 0x25, 0x36, 0x26, 0x98, 0xE7, 0x0C, 0x5A, 0x90, 0xF2, 0x29, 0x81, 0x79, 0xE6, 0x62, 0xCA,
    0x61, 0x59, 0x61, 0x45, 0xCC, 0x21, 0x28, 0xFA, 0x86, 0x0C, 0xCC, 0x01, 0x65, 0x0A, 0xD4, 0x12,
    0x66, 0x1D, 0x8F, 0x44, 0xD8, 0xFA, 0x24, 0xB9, 0x60, 0xF8, 0xAB, 0x15, 0x41, 0xE3, 0x02, 0x0B,
    0x47, 0x1C, 0xB1, 0x94, 0x3C, 0x25, 0x8B, 0x14, 0x41, 0x38, 0xA6, 0xA4, 0x25, 0x7B, 0x53, 0x12,
    0x5B, 0xE5, 0x9D, 0x90, 0xCA, 0x6B, 0x39, 0xE5, 0x89, 0x19, 0x6A, 0xF2, 0xA4, 0xB0, 0x23, 0x14,
    0xF2, 0xB0, 0x47, 0x16, 0xEA, 0x3C, 0x89, 0x5D, 0xFD, 0xA8, 0xD6, 0xB2, 0xE4, 0x2A, 0xB3, 0x81,
    0x1D, 0x29, 0xF1, 0xE5, 0x72, 0xA7, 0xB0, 0x81, 0x8F, 0xE3, 0xA7, 0xCD, 0xB3, 0x68, 0x76, 0xD6,
    0x48, 0x91, 0x9C, 0xF7, 0xBF, 0x29, 0x27, 0x73, 0x99, 0x55, 0x98, 0x8A, 0x6C, 0x48, 0xD5, 0x1D,
    0x7E, 0x5A, 0x4A, 0xC9, 0x53, 0xA7, 0x24, 0xAA, 0xCF, 0xC9, 0xE3, 0x6C, 0x93, 0x97, 0xEA, 0x6D,
    0xA9, 0x56, 0x3C, 0xE6, 0xE5, 0xDE, 0x22, 0x27, 0xA9, 0x55, 0xB2, 0x4A, 0x30, 0xF8, 0x81, 0xC1,
    0x5B, 0x60, 0xC4, 0x0C, 0x2D, 0x28, 0x18, 0xBE, 0x01, 0x05, 0xCD, 0x35, 0xC9, 0xE9, 0x65, 0xD2,
    0x5C, 0xE9, 0xA0, 0xA9, 0xD3, 0x49, 0x93, 0xA8, 0x9F, 0x82, 0x52, 0x28, 0x3E, 0x93, 0x7A, 0x2B,
    0xA0, 0xB9, 0x37, 0x4A, 0xA6, 0x6A, 0x0F, 0x4D, 0xCA, 0x0E, 0x9A, 0x94, 0x1C, 0x8A, 0x65, 0xD0,
    0x68, 0x6A, 0x35, 0xA6, 0x4C, 0xB3, 0x96, 0x22, 0x18, 0x6F, 0x47, 0x8C, 0x9E, 0xA7, 0x08, 0xEE,
    0x10, 0x3B, 0x64, 0x94, 0x2B, 0xED, 0x41, 0xBB, 0x79, 0x14, 0xC9, 0x60, 0x04, 0x0C, 0x97, 0xAE,
    0x29, 0x46, 0xDA, 0x74, 0xFA, 0x39, 0x0F, 0x1C, 0xC7, 0xF1, 0xB9, 0x9D, 0x3A, 0x28, 0xAE, 0x63,
    0xDE, 0x11, 0x16, 0x0F, 0x68, 0xCD, 0x6C, 0xD3, 0x94, 0x9B, 0xC0, 0x50, 0x82, 0x4A, 0x39, 0xB8,
    0xCE, 0x05, 0x1C, 0x84, 0x21, 0xE5, 0x59, 0xA7, 0xAE, 0x22, 0x28, 0xB5, 0x23, 0xA5, 0x16, 0x25,
    0xB3, 0x8D, 0xAA, 0x61, 0x0D, 0x64, 0x1B, 0x81, 0x9B, 0x54, 0x9A, 0x90, 0x19, 0x0B, 0x23, 0x0F,
    0x05, 0x71, 0x50, 0xC7, 0x45, 0x53, 0x66, 0x4D, 0x52, 0xE9, 0xAE, 0xB1, 0x5C, 0x8D, 0x45, 0x3D,
    0x07, 0xD2, 0x62, 0xD6, 0x0E, 0x9C, 0xC5, 0x03, 0xD8, 0x95, 0xA1, 0xCD, 0x6E, 0x34, 0x9B, 0xDD,
    0x15, 0x30, 0x80, 0xDD, 0xDC, 0x81, 0xD6, 0xB7, 0x55, 0xD4, 0xC0, 0x1A, 0x5B, 0x33, 0xBA, 0x3A,
    0x19, 0xE5, 0xCA, 0x1C, 0x79, 0xDA, 0xD3, 0x0B, 0x56, 0x60, 0x85, 0x6D, 0x14, 0x78, 0x1A, 0xBB,
    0x42, 0x38, 0xDA, 0x58, 0x85, 0x21, 0xA5, 0xC8, 0x30, 0x88, 0x34, 0xB5, 0xD6, 0xB9, 0x53, 0xA9,
    0x5B, 0x3F, 0xAF, 0xD1, 0x43, 0x4C, 0x1C, 0xB2, 0x7A, 0x5E, 0x10, 0x67, 0x51, 0x6F, 0x19, 0xBB,
    0xA1, 0x4B, 0xEA, 0xF5, 0x42, 0xA5, 0xEF, 0xF9, 0xA6, 0x7A, 0x75, 0x5D, 0xBD, 0x33, 0x73, 0x86,
    0xAA, 0x7A, 0x2F, 0x5E, 0x7E, 0x64, 0xF1, 0x64, 0xC4, 0xA1, 0x75, 0x75, 0x39, 0x5C, 0x6A, 0x70,
    0x1B, 0x69, 0x72, 0x41, 0xD8, 0x76, 0xDD, 0x5D, 0xA5, 0x98, 0x0A, 0x3B, 0xA2, 0x4C, 0x2A, 0x6D,
    0xAB, 0x79, 0x18, 0xC4, 0x6C, 0xAD, 0xA6, 0x83, 0xB3, 0x4A, 0xC4, 0x5D, 0xEE, 0x67, 0x6B, 0xAE,
    0xE8, 0x72, 0x9D, 0xDE, 0xCB, 0x7C, 0x8F, 0x9F, 0x72, 0x3E, 0x2E, 0xA1, 0x58, 0x27, 0xD7, 0xC2,
    0xF5, 0x71, 0xCD, 0x06, 0x0F, 0x40, 0x54, 0xE3, 0x63, 0x8D, 0xAE, 0x2F, 0x52, 0x8D, 0xEF, 0x09,
    0x28, 0x4C, 0x61, 0x84, 0xC4, 0x43, 0x26, 0x4E, 0x3A, 0x51, 0x02, 0x59, 0x28, 0x4A, 0xFD, 0xDE,
    0xDF, 0x86, 0xFB, 0xC6, 0xC8, 0x81, 0xDB, 0x49, 0xBE, 0x91, 0x0E, 0x9A, 0xCF, 0x34, 0x4E, 0xD0,
    0x3E, 0x0A, 0xC7, 0xA0, 0xB3, 0xD7, 0x3C, 0xE6, 0x4F, 0x59, 0xD5, 0x19, 0x64, 0x5D, 0xFA, 0x8C,
    0x4B, 0x16, 0x84, 0x24, 0xE7, 0xA7, 0xC9, 0x5A, 0x4A, 0xBD, 0x15, 0x15, 0x12, 0xA7, 0xBC, 0x4D,
    0xE0, 0x56, 0x28, 0x76, 0xDB, 0x9C, 0xA9, 0x70, 0xCC, 0xC4, 0xC1, 0x0A, 0x2D, 0xDA, 0xA5, 0x0E,
    0x55, 0x52, 0xC4, 0x8D, 0x0E, 0x55, 0xB2, 0x0C, 0xAA, 0x0C, 0x8E, 0x45, 0x64, 0x9C, 0x64, 0x9F,
    0x92, 0x59, 0xD2, 0x29, 0x9F, 0x97, 0x29, 0x62, 0xAD, 0xA7, 0xE5, 0x66, 0x04, 0xF6, 0x69, 0xB9,
    0x81, 0x00, 0x9A, 0x92, 0xA7, 0xC1, 0xDC, 0x10, 0x44, 0xF6, 0x71, 0x91, 0xB4, 0xF7, 0x57, 0xEC,
    0xFD, 0x61, 0xD6, 0xD6, 0x42, 0x5B, 0x2B, 0x67, 0x7F, 0x1F, 0x9C, 0x25, 0x7A, 0x25, 0xC7, 0x5B,
    0x25, 0x2A, 0x54, 0x03, 0x5A, 0x20, 0x59, 0x76, 0x28, 0xA2, 0x95, 0x76, 0x02, 0x25, 0x47, 0x68,
    0xA9, 0x41, 0xD6, 0xE2, 0xD1, 0x4D, 0xA9, 0x61, 0xD5, 0xF6, 0xC8, 0xD9, 0xC6, 0x2E, 0xF2, 0xCF,
    0xFF, 0x3F, 0xE5, 0x7B, 0xC2, 0x73, 0x87, 0x6A, 0x5B, 0x1F, 0x02, 0x76, 0x03, 0x55, 0x78, 0x85,
    0xFB, 0x59, 0x07, 0x8E, 0x0A, 0x38, 0x52, 0xFF, 0x73, 0xE1, 0x28, 0x45, 0x07, 0xA2, 0xDE, 0xE7,
    0xB9, 0x6A, 0x71, 0x93, 0x48, 0x60, 0x55, 0x48, 0x38, 0x80, 0x3C, 0x31, 0x82, 0x25, 0x47, 0xB0,
    0x8E, 0x57, 0xF8, 0x68, 0x45, 0x6C, 0x30, 0x48, 0xF9, 0x39, 0x54, 0x1E, 0x73, 0xD8, 0x6C, 0x5F,
    0x5C, 0xCD, 0x39, 0xF5, 0x60, 0x3E, 0xFC, 0xFE, 0x2C, 0x7D, 0xCF, 0x8F, 0x20, 0x52, 0xAF, 0xAA,
    0x9E, 0xFC, 0xA2, 0x77, 0x7B, 0x3C, 0x78, 0xAE, 0x14, 0x66, 0xFC, 0x8C, 0x5F, 0x3C, 0xE2, 0x9F,
    0x72, 0x6E, 0xE2, 0xED, 0x06, 0x41, 0xF7, 0x33, 0x15, 0x59, 0x89, 0x7A, 0xC2, 0x9E, 0x40, 0xFD,
    0x1F, 0xA7, 0xEF, 0xD5, 0x9E, 0x7C, 0x8F, 0x5A, 0xE0, 0x10, 0xA4, 0xE7, 0x68, 0xC2, 0xD4, 0x9E,
    0x33, 0xF5, 0xC8, 0x4C, 0x96, 0x4C, 0x54, 0x62, 0x5F, 0x10, 0x72, 0x9D, 0x78, 0x96, 0x6E, 0xD6,
    0xEE, 0xA7, 0xF8, 0xFE, 0x93, 0x42, 0x6A, 0xE2, 0x7F, 0xE2, 0x4D, 0xA0, 0x30, 0xF4, 0xE6, 0xB8,
    0x9F, 0x7B, 0x28, 0xAC, 0x3E, 0xE4, 0xCD, 0x36, 0xEC, 0x16, 0x37, 0x5D, 0x18, 0x35, 0xDD, 0x81,
    0xEC, 0x9E, 0x67, 0x4B, 0x14, 0x58, 0xB7, 0xED, 0xC6, 0x1F, 0x55, 0xD2, 0xA6, 0xDB, 0xCD, 0x71,
    0x35, 0x0B, 0x3E, 0x42, 0x95, 0x21, 0xC9, 0x32, 0x50, 0x9C, 0x5F, 0x9E, 0xA6, 0xD8, 0x21, 0xAA,
    0xB3, 0xC3, 0xAF, 0xE7, 0xED, 0x69, 0x76, 0x8B, 0xB7, 0x7F, 0xED, 0xD9, 0x7F, 0xFF, 0x4C, 0x69,
    0xEB, 0xF5, 0x43, 0xC3, 0x3F, 0x2A, 0x2D, 0x6B, 0x72, 0xBB, 0xA0, 0x09, 0x9F, 0x35, 0x2D, 0xAA,
    0xB3, 0x43, 0xA8, 0xB2, 0x54, 0x87, 0x56, 0xA7, 0x84, 0x8E, 0xBD, 0x14, 0x31, 0x97, 0x5E, 0x41,
    0x18, 0xE7, 0x7B, 0x74, 0x14, 0xAC, 0xEE, 0xEF, 0x60, 0x77, 0xE9, 0xEE, 0x0E, 0xA2, 0xE8, 0x3F,
    0xDF, 0x71, 0x27, 0xC0, 0xF2, 0xEB, 0xF4, 0xFB, 0x7A, 0xE0, 0xB6, 0x02, 0xE8, 0x1F, 0x87, 0x74,
    0x17, 0xB4, 0x1B, 0xB0, 0xB1, 0x13, 0x74, 0xCD, 0x71, 0xAF, 0x42, 0xCD, 0xCA, 0x75, 0x37, 0xC2,
    0xD2, 0xED, 0x6E, 0x97, 0x80, 0xC2, 0x67, 0xE0, 0xC2, 0x89, 0xE2, 0xC9, 0xAF, 0x21, 0xB7, 0xFF,
    0x1D, 0xDA, 0x17, 0x02, 0x6F, 0x82, 0x65, 0xA8, 0xC0, 0xFE, 0x0E, 0xA9, 0x86, 0x7B, 0x8B, 0x27,
    0x99, 0x75, 0x14, 0xE6, 0x79, 0x85, 0xDA, 0x5C, 0xC1, 0xA4, 0x0C, 0x8A, 0xCB, 0x07, 0x25, 0x5E,
    0x3C, 0x18, 0xE0, 0x85, 0xF2, 0x3E, 0x12, 0xDA, 0xEC, 0x71, 0x1E, 0xE0, 0x85, 0xEF, 0x15, 0xAD,
    0x58, 0x2C, 0xE9, 0x6E, 0x83, 0x10, 0x39, 0x67, 0x1B, 0xA0, 0x89, 0x82, 0xDC, 0x73, 0x00, 0xEC,
    0xA5, 0x6D, 0x98, 0x6D, 0x08, 0xDA, 0xB0, 0xC8, 0x00, 0xD6, 0x69, 0xBA, 0xA8, 0x84, 0x77, 0x19,
    0x62, 0x1C, 0x39, 0xAB, 0x89, 0xEC, 0xBD, 0x84, 0x2C, 0xC4, 0xC2, 0x34, 0xAA, 0x3B, 0x42, 0xD5,
    0xBA, 0xCF, 0x6B, 0x6D, 0xBD, 0x8F, 0x5B, 0x7F, 0x83, 0x43, 0xAD, 0x1B, 0x0E, 0xB5, 0x6E, 0x71,
    0xEB, 0x9D, 0xDC, 0xFA, 0x6D, 0x0E, 0xB5, 0x7E, 0xB3, 0xF3, 0x1B, 0x6E, 0xDD, 0x9D, 0x6F, 0x3D,
    0xC9, 0xAD, 0xEB, 0x2E, 0xB5, 0xFE, 0x4E, 0x97, 0x5A, 0xBF, 0xF8, 0x37, 0xF6, 0xEE, 0xCD, 0xDC,
    0xBA, 0xCD, 0x3D, 0x7F, 0x35, 0xF7, 0xFC, 0x7B, 0xB8, 0xF5, 0x67, 0x1D, 0x6A, 0xFD, 0x46, 0xEE,
    0x79, 0xFD, 0x37, 0xD6, 0xFA, 0x25, 0xDC, 0xFA, 0x7F, 0xE2, 0xD6, 0x33, 0xDC, 0xFA, 0xA5, 0x4E,
    0xC3, 0xBB, 0x3B, 0xBF, 0xD9, 0x77, 0x6F, 0xE3, 0xD6, 0x33, 0xDC, 0xFA, 0x4D, 0xDC, 0xFA, 0x23,
    0xDC, 0xFA, 0x57, 0xB8, 0xF5, 0x5B, 0xB9, 0xF5, 0x95, 0xBF, 0xB1, 0xD6, 0x6F, 0x76, 0xA8, 0xF5,
    0x37, 0x72, 0xEB, 0x26, 0xB7, 0xDE, 0xCE, 0x3D, 0x9F, 0x60, 0xAA, 0xEB, 0xE6, 0x9E, 0xEF, 0xFA,
    0x8D, 0xB5, 0x0E, 0xFC, 0xEE, 0xC0, 0xAD, 0x03, 0xB7, 0x0E, 0xDC, 0x3A, 0x70, 0xEB, 0xC0, 0xAD,
    0xC3, 0xAB, 0x6E, 0xBD, 0xBE, 0xA4, 0x4F, 0xEA, 0x9A, 0xB6, 0x5F, 0x58, 0x2B, 0x68, 0xAF, 0x57,
    0xD1, 0x20, 0xA7, 0x33, 0xFC, 0x12, 0xEE, 0x23, 0xBB, 0xE2, 0x7B, 0xBC, 0xD9, 0xCF, 0x58, 0xEF,
    0x20, 0x58, 0x63, 0x26, 0x1D, 0xB4, 0x79, 0xF4, 0x5F, 0xA9, 0x9D, 0x38, 0xC8, 0x90, 0x1D, 0x47,
    0xFB, 0x1A, 0x35, 0x18, 0xEC, 0xBB, 0x81, 0x56, 0x52, 0xD2, 0xE3, 0x64, 0xCF, 0x05, 0x2B, 0x12,
    0xB4, 0xC6, 0x58, 0x68, 0xEF, 0x26, 0xB5, 0x34, 0x6D, 0xA6, 0x89, 0x6D, 0x76, 0x1B, 0xE9, 0x76,
    0x1F, 0xAC, 0x84, 0xD9, 0xDD, 0x8D, 0x3C, 0xB4, 0x6D, 0x75, 0x02, 0xEB, 0xBB, 0x55, 0x96, 0xDB,
    0x50, 0x7D, 0x3F, 0xB2, 0x69, 0x04, 0x35, 0x34, 0xB4, 0x4F, 0x7C, 0x04, 0x16, 0xF2, 0x39, 0x4D,
    0x18, 0x3A, 0x6A, 0xC4, 0xA8, 0x1C, 0xC3, 0x57, 0xD9, 0x92, 0xA9, 0xED, 0x5C, 0xB4, 0x1A, 0x34,
    0x0A, 0x0E, 0xB0, 0x4D, 0xD5, 0xBC, 0x3B, 0xCA, 0x4D, 0x52, 0x26, 0xAF, 0xB6, 0x5D, 0x85, 0x64,
    0xA5, 0xA5, 0x89, 0x16, 0x0E, 0x3A, 0x50, 0xEF, 0xC8, 0x95, 0x53, 0x86, 0x14, 0xDE, 0x8D, 0xFB,
    0xBE, 0x46, 0x7E, 0x5F, 0x54, 0xDC, 0x84, 0x07, 0x5E, 0x88, 0x62, 0xD5, 0xF0, 0xCA, 0x49, 0xE1,
    0x59, 0x72, 0x3C, 0x25, 0x72, 0x1F, 0xFF, 0x2F, 0xCB, 0xB2, 0x22, 0xEB, 0xB7, 0x80, 0x74, 0x92,
    0x61, 0x0B, 0x6A, 0x53, 0x76, 0xF4, 0xD0, 0xA5, 0x6C, 0x1D, 0x78, 0xE5, 0xB8, 0xFE, 0xB8, 0x2D,
    0xD5, 0x6E, 0x63, 0xEB, 0x91, 0x83, 0x22, 0xC1, 0x08, 0x87, 0xD7, 0x61, 0xEB, 0x3B, 0x64, 0x78,
    0x07, 0x24, 0x8D, 0x17, 0x25, 0x32, 0x03, 0x2B, 0x8C, 0x2C, 0x67, 0xDC, 0x3C, 0x50, 0x31, 0xC5,
    0x3F, 0x3F, 0xE0, 0xE8, 0xEB, 0xC5, 0x24, 0xE2, 0x36, 0x23, 0x8A, 0x68, 0x6E, 0x1C, 0xF7, 0xFF,
    0xB9, 0xEA, 0x98, 0x67, 0xC4, 0x64, 0x09, 0x66, 0x9E, 0x12, 0x63, 0x1F, 0xFD, 0xF2, 0xC9, 0x19,
    0x31, 0x90, 0x7D, 0x49, 0x5E, 0xE7, 0x24, 0x93, 0x2F, 0x61, 0x59, 0x7B, 0xFB, 0x3B, 0x4E, 0x0C,
    0x22, 0x2D, 0xC0, 0xF6, 0x32, 0xE9, 0x3A, 0xC9, 0x85, 0xAD, 0xBF, 0x5C, 0x64, 0xDF, 0xAF, 0x05,
    0x91, 0x44, 0x73, 0x50, 0x48, 0x17, 0x7B, 0x08, 0x4D, 0xBA, 0xE4, 0xE3, 0xE1, 0xBE, 0xAC, 0xA8,
    0x66, 0x4B, 0x3B, 0xE5, 0x97, 0x44, 0x25, 0x57, 0xB5, 0xE5, 0xE1, 0x1A, 0x88, 0x6F, 0x62, 0x96,
    0x12, 0x66, 0x91, 0x7E, 0x32, 0x82, 0xD7, 0xD4, 0x50, 0xA3, 0x5E, 0x1F, 0x2B, 0xFB, 0xAE, 0xD7,
    0x18, 0x7A, 0xC4, 0xF1, 0x17, 0x07, 0x08, 0x04, 0x9E, 0x43, 0xC0, 0xB5, 0x5C, 0x04, 0x51, 0xB3,
    0xF6, 0x2C, 0xAD, 0xE6, 0x24, 0x1D, 0x5E, 0x10, 0xA9, 0x02, 0x03, 0x8A, 0xD4, 0x43, 0x40, 0x9B,
    0x15, 0x02, 0x52, 0x3A, 0x35, 0x04, 0x67, 0x53, 0x2E, 0x81, 0xE3, 0x32, 0x20, 0x77, 0xE2, 0x01,
    0x59, 0x22, 0x30, 0x23, 0xCB, 0x9F, 0x66, 0x50, 0xDA, 0xC1, 0x37, 0x43, 0x6A, 0x21, 0x90, 0xE1,
    0x0C, 0x26, 0xA5, 0x95, 0x37, 0x53, 0xF1, 0x2A, 0xA9, 0xD3, 0x58, 0xD9, 0xDD, 0x5E, 0x3D, 0x08,
    0x24, 0x88, 0x31, 0x5B, 0x1C, 0x78, 0x11, 0x6F, 0x61, 0xE1, 0x4D, 0x14, 0x22, 0xFF, 0xB2, 0x09,
    0x85, 0xFF, 0xE6, 0xF5, 0xB0, 0x76, 0xF5, 0x8A, 0x99, 0xBD, 0x85, 0x0D, 0x2C, 0xAA, 0xFE, 0xD3,
    0xE4, 0x84, 0xFA, 0x4C, 0x58, 0xBB, 0x7A, 0xE5, 0xAA, 0x30, 0x09, 0x31, 0xD1, 0xCA, 0xB5, 0xAB,
    0xD7, 0x57, 0xFD, 0x2B, 0x60, 0xFF, 0xDA, 0xAB, 0x0F, 0xB1, 0x7A, 0x2C, 0xC1, 0x57, 0xAF, 0x8C,
    0xFD, 0xF9, 0x32, 0xBF, 0x8E, 0xEA, 0x5F, 0x0E, 0xFB, 0xFF, 0x3F, 0xD5, 0xBF, 0xEC, 0x1B, 0xFD,
    0x9A, 0xEA, 0x57, 0x45, 0x6C, 0xA6, 0x21, 0x53, 0x38, 0xA1, 0x55, 0x28, 0xC0, 0x30, 0x45, 0xF1,
    0xDA, 0x16, 0x6D, 0x28, 0x32, 0xC4, 0x28, 0xE8, 0x8F, 0xFB, 0x45, 0xB0, 0x4E, 0x07, 0x98, 0x84,
    0x98, 0x18, 0x47, 0x82, 0x51, 0xE4, 0xA9, 0x3E, 0x3F, 0xE5, 0x7C, 0x58, 0x22, 0xA9, 0xCA, 0x72,
    0x2D, 0xAA, 0xBE, 0x57, 0xAE, 0x74, 0x8C, 0x2A, 0xAD, 0x52, 0xA5, 0x11, 0x55, 0x3A, 0xFE, 0x2A,
    0x2B, 0x65, 0x03, 0x3F, 0xA5, 0xFC, 0xF9, 0x25, 0xE5, 0xE1, 0x67, 0x9B, 0x3A, 0x5B, 0x33, 0xC4,
    0x69, 0xE9, 0xD7, 0xF3, 0x3D, 0x59, 0xB6, 0x71, 0x96, 0x94, 0x28, 0xA9, 0xA4, 0x82, 0x5C, 0x6D,
    0xB6, 0x08, 0xF6, 0x0D, 0x2F, 0x8E, 0x74, 0x79, 0xB5, 0x35, 0x3F, 0x4B, 0x35, 0xEB, 0x54, 0xB3,
    0x46, 0x35, 0xAF, 0x7F, 0x75, 0x35, 0x2F, 0x8A, 0x3F, 0x5B, 0x14, 0xE4, 0xF5, 0x9A, 0xA2, 0xF6,
    0x5E, 0x53, 0x58, 0xDD, 0x6B, 0x8A, 0x7B, 0x7B, 0x6D, 0xE1, 0x6D, 0xB4, 0xF7, 0xF2, 0x2C, 0xC5,
    0xBD, 0x86, 0x9A, 0xF7, 0x34, 0x8A, 0xF6, 0x66, 0x89, 0x5A, 0x25, 0x0A, 0x71, 0x8A, 0xF7, 0x3F,
    0x6F, 0x72, 0xF6, 0x7E, 0x4C, 0xA4, 0x9C, 0xC5, 0xAF, 0x4D, 0xDE, 0x1C, 0xDE, 0xD3, 0x3C, 0xF7,
    0x3C, 0x71, 0xC6, 0xC0, 0x35, 0x4B, 0xAA, 0x19, 0x51, 0x7E, 0x1A, 0xEA, 0x51, 0xC6, 0xAF, 0x26,
    0xC1, 0x9A, 0xE5, 0xCB, 0xD7, 0x3C, 0xFF, 0xEF, 0x51, 0xB0, 0x88, 0xFE, 0xF5, 0x19, 0x87, 0xB7,
    0xBD, 0x0E, 0x81, 0x1F, 0x90, 0x94, 0x2E, 0x43, 0xFA, 0x03, 0xEC, 0xB6, 0x82, 0x11, 0x5D, 0x90,
    0xC7, 0x49, 0x13, 0xBA, 0xE8, 0x84, 0x76, 0x20, 0xEF, 0x7F, 0x3B, 0x5A, 0xFE, 0x49, 0xC7, 0x36,
    0xD6, 0xA3, 0x6E, 0x51, 0xF4, 0x7B, 0x7F, 0x76, 0xD4, 0xE9, 0xD6, 0xC3, 0x4C, 0x30, 0x75, 0x99,
    0x6B, 0x59, 0xDD, 0xF6, 0x76, 0xBF, 0x53, 0xE8, 0xE5, 0xB6, 0x0E, 0xC3, 0x69, 0x25, 0x97, 0xC2,
    0x54, 0xBB, 0xDA, 0x64, 0x1D, 0x28, 0xDF, 0x86, 0xE1, 0xFE, 0x4A, 0x19, 0x49, 0x06, 0x9F, 0xA8,
    0x40, 0xFE, 0x67, 0x8E, 0x60, 0xF3, 0x7B, 0x45, 0x86, 0xB7, 0xAA, 0x17, 0x47, 0x68, 0x27, 0x44,
    0xBB, 0x26, 0xBA, 0x69, 0xF3, 0x57, 0xC6, 0x84, 0x36, 0x76, 0x58, 0xB7, 0xB3, 0xE7, 0x0B, 0x7C,
    0xCC, 0xE4, 0x23, 0x1C, 0xC5, 0x42, 0x97, 0xF9, 0x2A, 0xFC, 0x37, 0xD9, 0xB8, 0x02, 0x1D, 0xEF,
    0x84, 0xB5, 0xDE, 0xC5, 0xA0, 0xF3, 0x2B, 0xFC, 0xEC, 0xA2, 0x3F, 0x65, 0xFF, 0xDA, 0x45, 0xFF,
    0x99, 0xC1, 0x8A, 0xE7, 0xF9, 0x66, 0x87, 0xD2, 0x46, 0xF4, 0x7F, 0x52, 0xE0, 0x73, 0x0A, 0xFC,
    0x89, 0xE2, 0x2E, 0x1B, 0x02, 0x65, 0xB0, 0x73, 0x48, 0x9A, 0x67, 0xF3, 0x37, 0x43, 0x39, 0xE7,
    0x10, 0x98, 0xEE, 0x15, 0x0E, 0x82, 0x4E, 0x91, 0xF6, 0x11, 0x8C, 0x88, 0x74, 0xC6, 0x6C, 0xD5,
    0x84, 0x48, 0x0F, 0x34, 0xB7, 0xEA, 0x42, 0xF4, 0xF6, 0x23, 0x38, 0xE8, 0xAE, 0xB2, 0xDE, 0xDE,
    0xB6, 0xA6, 0xC3, 0xD1, 0xC5, 0xA3, 0x26, 0xBD, 0x7B, 0x51, 0x6D, 0xC7, 0xEF, 0x8D, 0xAD, 0xC7,
    0x13, 0xDA, 0xA3, 0x6A, 0x11, 0x29, 0xBF, 0x38, 0xE6, 0x8E, 0x4D, 0x76, 0x4B, 0x0C, 0x51, 0x9B,
    0x8F, 0x88, 0x4B, 0x51, 0x4B, 0x33, 0xFE, 0xD0, 0xED, 0x3C, 0x88, 0x7D, 0x72, 0x85, 0xD3, 0x7E,
    0x99, 0x80, 0xCC, 0x41, 0x30, 0x13, 0x23, 0x70, 0x34, 0x01, 0xDA, 0x4C, 0xA7, 0x71, 0x3D, 0x76,
    0xC8, 0xC8, 0xC1, 0xF6, 0x34, 0xF6, 0x45, 0xE7, 0x65, 0xA5, 0x19, 0x5A, 0x9F, 0x6A, 0x3F, 0x4A,
    0x01, 0x7F, 0xDA, 0xC1, 0xEB, 0x79, 0x3F, 0xED, 0x1D, 0x69, 0xEE, 0xDF, 0xCC, 0x0C, 0x83, 0xA3,
    0x1D, 0xC8, 0x57, 0x6C, 0xE3, 0xFA, 0x2B, 0x3B, 0x6D, 0x68, 0xFF, 0x69, 0x3A, 0x3C, 0xF8, 0x11,
    0x30, 0xFA, 0x67, 0xDE, 0x7D, 0xF9, 0x63, 0xA0, 0xED, 0x6A, 0x37, 0x37, 0xAC, 0x05, 0x78, 0x6A,
    0x52, 0xFB, 0x25, 0x72, 0xB5, 0xA9, 0x00, 0x3E, 0xF4, 0x4B, 0xB0, 0x1E, 0x4A, 0xC3, 0xA1, 0x87,
    0x60, 0xDF, 0xD7, 0xEF, 0x35, 0x6E, 0x7A, 0x36, 0xF8, 0x99, 0xE8, 0x37, 0xDC, 0xAB, 0x47, 0x3E,
    0xC2, 0xDB, 0xE4, 0xFD, 0x35, 0x8C, 0xA7, 0x13, 0x5B, 0xBE, 0xA8, 0xE4, 0x5A, 0xE5, 0x54, 0x00,
    0xD9, 0xAF, 0x61, 0x92, 0x2B, 0xDB, 0x2E, 0x6C, 0x2B, 0xA1, 0x32, 0x39, 0xE4, 0x18, 0xCA, 0x63,
    0xE2, 0xEB, 0x6A, 0x2D, 0xCD, 0xA4, 0xAD, 0x30, 0x06, 0x26, 0xE4, 0x5E, 0x25, 0x9D, 0x2F, 0x30,
    0x43, 0x1C, 0x68, 0x23, 0xFA, 0x07, 0xDE, 0x9D, 0x36, 0x0B, 0x70, 0x29, 0xBB, 0xCB, 0xCC, 0x3D,
    0x34, 0x55, 0x8C, 0x90, 0xD8, 0x4E, 0x40, 0x93, 0xD9, 0x85, 0x69, 0x52, 0x4E, 0x73, 0xCF, 0xB2,
    0xD7, 0x8C, 0x7C, 0x68, 0xE6, 0x1E, 0xDA, 0xB0, 0xA5, 0x39, 0x8D, 0xB6, 0xF7, 0xBC, 0xE7, 0xEA,
    0x31, 0x15, 0x0B, 0x54, 0x81, 0x25, 0x60, 0x8C, 0xAE, 0xFA, 0x44, 0xFE, 0x23, 0x4E, 0x73, 0xF2,
    0x19, 0x63, 0xEB, 0x93, 0xAE, 0x39, 0x66, 0x19, 0xE2, 0x23, 0xAE, 0x71, 0xF6, 0x91, 0x6B, 0xF7,
    0x7A, 0x60, 0x9C, 0x75, 0x2A, 0xCD, 0x1E, 0x34, 0x9F, 0xC0, 0x02, 0x1F, 0x70, 0x5A, 0x7F, 0x82,
    0xE0, 0x8B, 0x22, 0xF1, 0x18, 0x82, 0xC7, 0x44, 0xE2, 0xFB, 0x04, 0xFC, 0xEE, 0xEF, 0xC0, 0x63,
    0xFA, 0x5D, 0x5B, 0x32, 0x33, 0xF0, 0x98, 0x71, 0x7D, 0x3A, 0x4D, 0x20, 0x91, 0x1E, 0x39, 0xE0,
    0x3E, 0x66, 0x26, 0xBA, 0xF3, 0xFB, 0xC5, 0x63, 0xAD, 0x89, 0x4E, 0x19, 0x89, 0xC7, 0x6C, 0xF9,
    0xCB, 0xB3, 0x13, 0x33, 0xD2, 0x9E, 0xF8, 0xA7, 0x49, 0x73, 0xA7, 0x61, 0x39, 0x63, 0xC9, 0xAA,
    0x61, 0x68, 0xF4, 0x2E, 0xBD, 0x7A, 0x4C, 0x4D, 0xAB, 0xD5, 0xB9, 0x1C, 0x6D, 0x4A, 0x80, 0x95,
    0xCF, 0x09, 0xB7, 0x6C, 0xE6, 0xE8, 0x79, 0xDA, 0x2A, 0xE1, 0xAA, 0x30, 0xC7, 0x29, 0x75, 0x7E,
    0x07, 0x52, 0x0C, 0xC7, 0x70, 0xDE, 0x41, 0xBB, 0xA3, 0x31, 0x9B, 0x50, 0x5B, 0x49, 0xD3, 0xE9,
    0x0B, 0x27, 0xEE, 0x5F, 0x82, 0x60, 0x8F, 0x8C, 0x36, 0x9C, 0x28, 0xA6, 0xEF, 0x86, 0xE5, 0x7F,
    0xBF, 0x55, 0xA0, 0x96, 0x28, 0x4F, 0x01, 0x1C, 0xD9, 0x23, 0xCF, 0xAE, 0xA7, 0x53, 0x41, 0x00,
    0x6E, 0xC1, 0x1E, 0x3B, 0x24, 0x4B, 0xD4, 0xA1, 0xBB, 0x64, 0x99, 0x7C, 0x91, 0xEF, 0x7F, 0xE8,
    0x2E, 0x34, 0x04, 0x8C, 0x21, 0xB8, 0x05, 0xD5, 0xF8, 0xB6, 0x0F, 0xC9, 0xA3, 0x19, 0xDA, 0xD2,
    0xFF, 0x1E, 0xFD, 0xDD, 0x48, 0x45, 0xE2, 0x3D, 0x70, 0x17, 0xCE, 0x15, 0xF7, 0x56, 0xF8, 0x24,
    0xC0, 0x15, 0x70, 0x25, 0xFC, 0x37, 0xC0, 0xBF, 0xDF, 0x83, 0x37, 0x39, 0xF0, 0x45, 0xB4, 0x60,
    0xDE, 0xE8, 0xF2, 0x66, 0x26, 0x7B, 0x41, 0xB4, 0xA8, 0x86, 0x9C, 0xDD, 0x7C, 0x56, 0x80, 0x8D,
    0x48, 0x77, 0x20, 0x99, 0x77, 0x80, 0x5F, 0xB0, 0xD6, 0xCF, 0x84, 0x06, 0xB9, 0xDF, 0xDE, 0x95,
    0x0C, 0x96, 0x1B, 0xA8, 0x86, 0xBE, 0xE8, 0x91, 0x12, 0x89, 0x03, 0x4A, 0xF2, 0x00, 0x3F, 0x7A,
    0x19, 0xD4, 0x9E, 0xEF, 0x15, 0xB1, 0xD3, 0xBA, 0x75, 0x61, 0x6F, 0xD8, 0x8A, 0xF1, 0xF2, 0x4A,
    0x16, 0x64, 0x12, 0x09, 0x1D, 0xA5, 0xD1, 0x73, 0x89, 0x76, 0xBB, 0x00, 0xE6, 0xFA, 0xB2, 0x55,
    0xEE, 0x06, 0xD3, 0x71, 0x60, 0x63, 0x37, 0xB9, 0x93, 0xAA, 0x34, 0x51, 0x8B, 0x17, 0x9B, 0x2E,
    0xB2, 0x8A, 0x4C, 0x81, 0x42, 0x19, 0xE1, 0xEB, 0x07, 0x4B, 0x19, 0x1F, 0xE4, 0xE3, 0x7F, 0xB6,
    0x7A, 0x85, 0x27, 0x7C, 0x23, 0x83, 0x13, 0x55, 0x08, 0x23, 0x4D, 0x20, 0xFE, 0x16, 0x3F, 0x8B,
    0x73, 0xD6, 0xCA, 0x15, 0x2F, 0x6E, 0x76, 0x45, 0xAD, 0xCE, 0xB8, 0x85, 0xB8, 0xBD, 0xB8, 0xF5,
    0x18, 0x97, 0x1A, 0x66, 0x35, 0x3C, 0x17, 0x38, 0x31, 0x69, 0xE7, 0xB2, 0x8B, 0x36, 0x9F, 0xE6,
    0xDC, 0x86, 0xD7, 0xAB, 0x20, 0x55, 0xEE, 0xB5, 0x50, 0x84, 0x46, 0xBD, 0x59, 0x0E, 0xB9, 0xF2,
    0x4A, 0x28, 0x17, 0x23, 0xB2, 0x18, 0xED, 0x5E, 0xEA, 0xCD, 0x8E, 0xDE, 0x81, 0x7A, 0x6A, 0xF5,
    0x12, 0xA7, 0x34, 0x9E, 0x0B, 0xD9, 0xEF, 0xCA, 0x3A, 0x89, 0x3A, 0xD3, 0xA0, 0xF7, 0x55, 0xA4,
    0xAB, 0xEB, 0x38, 0x64, 0xCF, 0xBF, 0x1D, 0x80, 0xE2, 0xC2, 0x10, 0x94, 0x4E, 0x33, 0x38, 0x53,
    0x21, 0xF0, 0xF4, 0xB5, 0x95, 0xE5, 0x5E, 0x28, 0xB7, 0x7E, 0xFB, 0x1D, 0xD9, 0x64, 0x28, 0xB3,
    0xDF, 0xD5, 0xB3, 0x1B, 0x42, 0x99, 0xDA, 0x51, 0xCE, 0xDA, 0xA1, 0xDC, 0x65, 0xCB, 0x35, 0xA9,
    0x50, 0x7E, 0x3B, 0x69, 0x3B, 0xB9, 0x50, 0x3E, 0xF9, 0x8F, 0xD6, 0x16, 0x2C, 0x20, 0xD4, 0xB7,
    0x5D, 0x56, 0xD4, 0x81, 0xCF, 0x52, 0x6E, 0x81, 0x72, 0xC6, 0xE5, 0x36, 0xBB, 0x1B, 0xFB, 0xB0,
    0x96, 0x13, 0xEB, 0x2B, 0x17, 0x78, 0xF5, 0x16, 0x6A, 0xED, 0xC5, 0xAD, 0x37, 0xA2, 0x74, 0x8E,
    0xDA, 0xAE, 0x04, 0x94, 0xFE, 0x80, 0x5A, 0x0D, 0x52, 0xE7, 0x99, 0x24, 0xD4, 0xF6, 0xC4, 0x15,
    0xEA, 0xD0, 0x8E, 0xB5, 0xEA, 0x50, 0x97, 0x74, 0x0D, 0xF8, 0xF5, 0x6F, 0x5A, 0x34, 0x02, 0x4F,
    0xA0, 0xBE, 0xA2, 0x4D, 0x69, 0x27, 0x68, 0x7D, 0xA4, 0xD3, 0x70, 0x0C, 0x27, 0xDD, 0xDA, 0xD6,
    0xD6, 0xBC, 0x4E, 0xA4, 0x3F, 0x3C, 0x93, 0xB8, 0xCA, 0x17, 0xE9, 0x03, 0x73, 0x0F, 0x95, 0xD3,
    0xA2, 0xFB, 0xFB, 0xC3, 0xC3, 0xEF, 0xBC, 0xDC, 0xB5, 0x0E, 0x4D, 0x4C, 0x3C, 0x84, 0x1C, 0x77,
    0xC9, 0xAD, 0x9D, 0x47, 0xE8, 0x84, 0x9D, 0xA3, 0x89, 0x21, 0x3A, 0x31, 0xA4, 0xAD, 0x83, 0x5C,
    0x75, 0x2B, 0xD6, 0xD8, 0xD7, 0xD0, 0xEC, 0x7B, 0x2A, 0xA1, 0xB6, 0xDF, 0xAA, 0xE1, 0xD6, 0x6E,
    0x6A, 0x0C, 0x09, 0x51, 0xAC, 0x87, 0x77, 0x94, 0x40, 0x2F, 0xA3, 0xDE, 0xCF, 0x8B, 0x81, 0x45,
    0xF6, 0x62, 0x07, 0x38, 0x2A, 0xDA, 0xF0, 0x8F, 0x86, 0x37, 0x42, 0x6A, 0xEE, 0x14, 0xF2, 0xB5,
    0xC1, 0x77, 0xDE, 0x3D, 0x7C, 0x43, 0x38, 0x60, 0x21, 0x61, 0x15, 0xED, 0x0D, 0x60, 0xEC, 0x0F,
    0x8C, 0x1F, 0x73, 0x18, 0x2F, 0x4E, 0x85, 0x53, 0x7C, 0x50, 0x48, 0x09, 0x91, 0xF0, 0xED, 0x49,
    0x94, 0x70, 0xE5, 0x3B, 0x48, 0x6A, 0x5C, 0x44, 0xAB, 0x1E, 0xC5, 0x54, 0x1E, 0xC5, 0xC0, 0xE9,
    0xCA, 0x1D, 0x38, 0xFD, 0x3D, 0x3F, 0x89, 0xF4, 0x76, 0x31, 0x68, 0x53, 0x3C, 0xCC, 0x24, 0xFC,
    0x78, 0x22, 0x51, 0x64, 0x0E, 0xCB, 0x14, 0x3E, 0xC6, 0x64, 0x5B, 0x0D, 0x35, 0x9C, 0x71, 0xD5,
    0xE5, 0xC3, 0xC3, 0x9B, 0x6A, 0x61, 0x0A, 0xF8, 0x3A, 0x25, 0x8E, 0x27, 0x5D, 0x15, 0xF0, 0x32,
    0x23, 0x71, 0x9A, 0x25, 0xF3, 0xF3, 0x18, 0x19, 0x4E, 0x32, 0xCF, 0x15, 0xE6, 0x1C, 0xB0, 0x4E,
    0xA8, 0x8A, 0x6A, 0xDB, 0x79, 0x68, 0xA8, 0xD4, 0xF2, 0x2F, 0xE9, 0x0D, 0x5C, 0x05, 0x57, 0xC5,
    0x55, 0xF2, 0x11, 0x2E, 0x7A, 0xA9, 0x71, 0xF7, 0x0F, 0x47, 0xB0, 0x52, 0x54, 0xBB, 0xDA, 0x61,
    0x93, 0x50, 0x63, 0xD9, 0xAD, 0xE4, 0x6E, 0x9A, 0x17, 0x34, 0xA1, 0xC0, 0x87, 0x14, 0x81, 0x28,
    0xD0, 0x20, 0xEA, 0x3B, 0x4A, 0x24, 0x26, 0x0D, 0xBD, 0x44, 0x6C, 0xA1, 0x4D, 0x0B, 0xA9, 0x60,
    0x42, 0x0B, 0xA9, 0x60, 0xB7, 0x46, 0x6B, 0x3B, 0x38, 0xCC, 0xA1, 0xC1, 0x5E, 0xCF, 0x90, 0x68,
    0x41, 0x20, 0xB5, 0x08, 0xDA, 0x02, 0x1E, 0xE0, 0x1D, 0x83, 0x04, 0x6C, 0x9A, 0xB8, 0x6B, 0x1E,
    0xBA, 0xD5, 0x2A, 0x58, 0x02, 0xBA, 0xEB, 0x61, 0xF5, 0x21, 0x66, 0x28, 0xF0, 0x59, 0x2B, 0xAE,
    0x7F, 0x9E, 0x63, 0x0F, 0xDC, 0x73, 0xB8, 0x31, 0x8F, 0x20, 0xC7, 0x16, 0x83, 0xA5, 0x8E, 0x83,
    0x61, 0x5F, 0xEB, 0x93, 0x84, 0xB0, 0xB9, 0x9E, 0xB0, 0x5F, 0xCD, 0x9C, 0xBC, 0x98, 0x60, 0xBD,
    0x86, 0x50, 0x5E, 0xC3, 0x0A, 0xC3, 0x28, 0xAD, 0x19, 0xD3, 0x7B, 0xE9, 0x7C, 0x6E, 0x13, 0xAF,
    0xA3, 0x23, 0xA3, 0xCB, 0xCA, 0x12, 0xF1, 0x74, 0x18, 0xE1, 0x5D, 0xED, 0xA2, 0x87, 0x83, 0xDD,
    0xA9, 0x0B, 0x0D, 0x0E, 0xEC, 0x6E, 0x57, 0x61, 0xFA, 0x4C, 0x3D, 0x97, 0x73, 0xA7, 0xEC, 0x9E,
    0xDF, 0x4E, 0xAE, 0x35, 0x1E, 0xA6, 0xB3, 0xA9, 0xC9, 0x01, 0x93, 0x78, 0xC8, 0x9A, 0x6B, 0x5F,
    0xA8, 0x42, 0xBF, 0x59, 0x4A, 0x42, 0xD1, 0xEA, 0xB7, 0x9C, 0x62, 0x47, 0x37, 0xC5, 0xB1, 0xF6,
    0x9B, 0xEE, 0x88, 0x35, 0x6A, 0x39, 0x03, 0x46, 0x98, 0x04, 0xFB, 0x0B, 0xD5, 0x69, 0xD0, 0xA3,
    0xAD, 0x58, 0x7E, 0x94, 0xDA, 0x1D, 0x35, 0x69, 0x4D, 0x2F, 0x8B, 0x9A, 0xE1, 0xB7, 0x56, 0xE5,
    0xEB, 0xF7, 0xB8, 0x09, 0x7A, 0xA3, 0x14, 0x9F, 0x47, 0x81, 0xC9, 0xA6, 0x3E, 0x81, 0x6D, 0x4C,
    0x39, 0x1B, 0xFB, 0xF4, 0xD0, 0x0E, 0xFB, 0x61, 0xD2, 0x08, 0x8B, 0x30, 0x68, 0x17, 0x8B, 0xBA,
    0x8C, 0xBA, 0x8A, 0xF6, 0x1D, 0x65, 0x18, 0x5D, 0x9D, 0x19, 0x80, 0x81, 0x7E, 0x1C, 0x1C, 0xDB,
    0x13, 0x1D, 0xB4, 0x6C, 0xD4, 0x4E, 0x3E, 0xA5, 0x4E, 0x8A, 0x0A, 0x1E, 0x23, 0x71, 0x10, 0xC6,
    0xA7, 0x37, 0xB0, 0x9B, 0x4C, 0xE3, 0xA3, 0x4E, 0xB0, 0x91, 0xB3, 0xA8, 0x0E, 0x3C, 0x0E, 0xE5,
    0xA4, 0xAB, 0x93, 0xBB, 0xE8, 0x17, 0x9A, 0xB0, 0xE4, 0x76, 0x3F, 0xB5, 0xEE, 0xB4, 0x7F, 0xBB,
    0xF8, 0xB0, 0xF8, 0x7A, 0x90, 0x75, 0x8B, 0xFB, 0xF6, 0x41, 0x31, 0x59, 0xE6, 0x58, 0x10, 0x5A,
    0x3A, 0xA7, 0x95, 0x29, 0x26, 0x6C, 0xEC, 0x99, 0xA6, 0x6F, 0x39, 0x6A, 0xA5, 0x6A, 0x54, 0x7D,
    0x8F, 0xCF, 0xF6, 0x71, 0x14, 0xE2, 0x88, 0x37, 0xA2, 0x6D, 0xCA, 0x69, 0x27, 0x75, 0x6D, 0x88,
    0x9D, 0x5E, 0xA4, 0xC0, 0x75, 0x1C, 0xF0, 0x01, 0x86, 0x14, 0x42, 0x32, 0x80, 0xDF, 0x92, 0x5F,
    0x10, 0x6A, 0x8D, 0x2B, 0xAE, 0x83, 0xEA, 0xA3, 0x7A, 0xEB, 0x75, 0x02, 0x76, 0x2F, 0x6C, 0xC6,
    0xFA, 0x50, 0xA0, 0x6D, 0xDA, 0xE6, 0x5A, 0x72, 0x1F, 0xF4, 0x35, 0x9F, 0x71, 0xC7, 0xE2, 0xFA,
    0x02, 0xAE, 0xB3, 0x9F, 0x4F, 0xD9, 0xE1, 0xFA, 0x76, 0x0B, 0x68, 0x08, 0x15, 0xA7, 0xB5, 0x23,
    0x83, 0xA2, 0xB6, 0x14, 0x10, 0x2E, 0xC5, 0x6B, 0x67, 0x9F, 0xA7, 0x50, 0x44, 0x31, 0x40, 0xF6,
    0xDF, 0x19, 0x31, 0x90, 0x75, 0xC9, 0x93, 0x04, 0xDE, 0xA1, 0x28, 0x87, 0x34, 0x30, 0xA7, 0xEC,
    0x91, 0x7C, 0x95, 0xA7, 0x11, 0x9A, 0xC3, 0x65, 0xB5, 0x2C, 0x3C, 0xAE, 0xCE, 0x27, 0x1A, 0x98,
    0x07, 0xA8, 0x47, 0x70, 0x7C, 0x41, 0x49, 0x45, 0x26, 0x7B, 0x7B, 0x82, 0x86, 0x90, 0x1E, 0xBD,
    0xDC, 0xC8, 0x3F, 0x63, 0x90, 0x55, 0x9C, 0x35, 0x06, 0x97, 0x9C, 0x75, 0xCF, 0xC9, 0xD2, 0x45,
    0x5A, 0x06, 0xE2, 0xAF, 0xFD, 0x15, 0x34, 0x47, 0x4E, 0xF3, 0x5E, 0x07, 0xBF, 0x5A, 0xD2, 0xED,
    0xD3, 0x83, 0xB1, 0x86, 0x18, 0xFF, 0x11, 0x18, 0xC5, 0x77, 0xB5, 0x77, 0x0B, 0x7A, 0xD3, 0x9B,
    0x20, 0x0E, 0xC1, 0x1F, 0xA2, 0xC5, 0xEB, 0x51, 0xF8, 0xC6, 0x67, 0xB1, 0xAA, 0x37, 0xFF, 0x3D,
    0xF6, 0x4C, 0x56, 0x22, 0x41, 0x67, 0x4F, 0x61, 0xDF, 0x7C, 0xE8, 0x5E, 0x18, 0xD0, 0x4E, 0xE7,
    0x21, 0xB9, 0x47, 0x00, 0x2C, 0x8C, 0xA4, 0x3F, 0xEF, 0xA6, 0xE6, 0x94, 0xDA, 0xD4, 0x7C, 0x82,
    0xEA, 0xEB, 0xE8, 0xE0, 0xFD, 0x2A, 0x9D, 0xFD, 0x3C, 0x75, 0x33, 0x45, 0xB5, 0xA9, 0x84, 0x0F,
    0x4C, 0x71, 0xBE, 0xE2, 0xB2, 0x0E, 0xC5, 0x87, 0x62, 0x80, 0x98, 0x39, 0xE7, 0x48, 0x95, 0xC6,
    0x1D, 0x31, 0x9C, 0x53, 0x6D, 0x2A, 0x71, 0x32, 0x6A, 0x6B, 0x4A, 0xA7, 0x62, 0x07, 0x1D, 0x0D,
    0x3B, 0x62, 0x46, 0x6B, 0x5B, 0xAA, 0x5F, 0x79, 0x53, 0x73, 0xBC, 0x98, 0xCE, 0x86, 0x2C, 0x58,
    0xA5, 0xCB, 0x88, 0xEF, 0x0D, 0xA6, 0xD3, 0x57, 0x62, 0xA3, 0x61, 0x3A, 0x9D, 0xAE, 0x87, 0x00,
    0x5A, 0xF8, 0x25, 0x3D, 0x04, 0xAB, 0x09, 0x5C, 0xE9, 0xF4, 0x10, 0xB8, 0xC2, 0x8D, 0x85, 0xDC,
    0x08, 0x7D, 0x4B, 0xFB, 0x45, 0x06, 0x41, 0x81, 0x41, 0x21, 0xDE, 0x37, 0x14, 0x7F, 0x8B, 0x9F,
    0xC5, 0x39, 0xE3, 0x72, 0x71, 0x2D, 0xED, 0x5C, 0x67, 0xAD, 0x85, 0x5A, 0x9C, 0x97, 0x6A, 0xBD,
    0x86, 0x4B, 0x8C, 0x59, 0x8C, 0xA7, 0xC2, 0x1A, 0xE7, 0x5E, 0xC7, 0x5B, 0x05, 0xCE, 0x80, 0x11,
    0xDA, 0x70, 0xDF, 0x99, 0x87, 0x04, 0xFE, 0x8D, 0x40, 0x77, 0x06, 0xD2, 0x1D, 0x5A, 0xE3, 0x36,
    0x07, 0x43, 0x7A, 0x3E, 0x24, 0x4F, 0x9D, 0x2D, 0xE3, 0x4C, 0x0F, 0x07, 0x61, 0x72, 0xCD, 0x98,
    0x0D, 0xC5, 0xD5, 0x28, 0xAE, 0xC2, 0x5E, 0x4C, 0x26, 0xD7, 0x0C, 0xD8, 0x30, 0x60, 0x97, 0xFA,
    0x20, 0x75, 0xA3, 0x8A, 0xD2, 0xC7, 0x66, 0x6F, 0x5A, 0x59, 0xDF, 0xB2, 0x2F, 0x8D, 0x1D, 0xD2,
    0x4D, 0x9E, 0x3A, 0xBA, 0xEB, 0xD9, 0x70, 0x40, 0x7B, 0xE9, 0x21, 0x98, 0x9A, 0x84, 0xDB, 0xA7,
    0x61, 0x20, 0xA4, 0xFD, 0xD0, 0xAB, 0x6B, 0x69, 0xAE, 0x02, 0xBD, 0x63, 0xF0, 0xD2, 0xD7, 0x60,
    0x20, 0xFB, 0xCE, 0xA7, 0x76, 0xDD, 0x53, 0xB2, 0xE4, 0xCE, 0x9D, 0xA8, 0x23, 0xDF, 0xA4, 0x3B,
    0xEF, 0x9D, 0x3F, 0xD0, 0xCE, 0x01, 0x9C, 0xFF, 0xF6, 0xA9, 0x00, 0x3C, 0xCF, 0x19, 0xA4, 0x1D,
    0x4D, 0xA6, 0x18, 0x83, 0x01, 0x43, 0xE8, 0xFE, 0x24, 0x0C, 0xED, 0x16, 0x5A, 0x50, 0x64, 0x8A,
    0x0E, 0x46, 0xE9, 0x26, 0x6D, 0x61, 0x98, 0xD2, 0x03, 0x43, 0x24, 0xFF, 0x21, 0x84, 0xEA, 0x56,
    0xD7, 0xC4, 0x27, 0x14, 0xBD, 0x8D, 0xF5, 0x35, 0xE7, 0xEB, 0xC2, 0x2D, 0xAB, 0xBA, 0xC3, 0xE7,
    0x83, 0xC6, 0x2C, 0xB5, 0x67, 0xBF, 0x9F, 0xCF, 0xEA, 0x23, 0x96, 0xAD, 0xAB, 0xB3, 0xD6, 0x48,
    0x3E, 0x28, 0x5E, 0xCD, 0xD3, 0x0D, 0xF9, 0xD9, 0x55, 0xC0, 0x79, 0xAE, 0x54, 0x8A, 0xFB, 0x95,
    0x6A, 0xC1, 0x6D, 0xA5, 0xCF, 0x85, 0x13, 0x55, 0xCE, 0xD3, 0x76, 0x30, 0x20, 0xCA, 0x32, 0x45,
    0x1F, 0xE5, 0x31, 0x0E, 0x5D, 0x43, 0x07, 0xD5, 0xE8, 0xFB, 0x4B, 0x7D, 0xCE, 0x6A, 0x44, 0x71,
    0x85, 0x5E, 0x2A, 0x0A, 0x94, 0x0B, 0x5D, 0x29, 0xDE, 0x73, 0xDF, 0x67, 0x90, 0x9A, 0xB2, 0x46,
    0x9F, 0x61, 0x6D, 0x25, 0x30, 0x58, 0xFA, 0xAD, 0x59, 0xCF, 0xB6, 0x94, 0xF6, 0xD2, 0x24, 0xC4,
    0xA6, 0x54, 0xE3, 0x09, 0x1F, 0xDE, 0x2C, 0x9D, 0xC3, 0x85, 0x92, 0x44, 0xA7, 0x00, 0x03, 0x14,
    0x34, 0x26, 0x74, 0xA0, 0xBD, 0x41, 0x76, 0x1F, 0xA2, 0xDB, 0x8D, 0x99, 0x13, 0xB3, 0xA0, 0x4D,
    0x7F, 0x47, 0x46, 0xD7, 0x13, 0xFC, 0x57, 0x84, 0x74, 0x0F, 0x5F, 0x7D, 0x05, 0x7D, 0xE8, 0xA4,
    0x05, 0xDA, 0x50, 0x4E, 0x1F, 0x34, 0x1B, 0xB6, 0xA0, 0xB2, 0x9D, 0xA7, 0x2D, 0x1A, 0x96, 0x37,
    0xE7, 0x1A, 0x74, 0xDC, 0x44, 0xAE, 0x54, 0xDB, 0xA5, 0xBE, 0x68, 0x2F, 0x0C, 0x6F, 0xED, 0x19,
    0xE5, 0xBD, 0x30, 0xA2, 0xBE, 0xB5, 0xA7, 0xF1, 0x4F, 0x43, 0xB5, 0xA6, 0x0A, 0x57, 0xA1, 0x0A,
    0x41, 0xAF, 0x11, 0xC4, 0x7F, 0x34, 0x8F, 0x05, 0xEC, 0x71, 0x50, 0x70, 0xE1, 0x25, 0xFE, 0xE5,
    0x24, 0x5C, 0xF8, 0x74, 0x7C, 0x4D, 0xCA, 0xC1, 0x18, 0x11, 0xA4, 0x79, 0xA7, 0xBB, 0x46, 0x43,
    0x16, 0x33, 0x35, 0x0E, 0x53, 0x49, 0x3D, 0x30, 0x0F, 0xB9, 0x24, 0x21, 0xC6, 0xB8, 0xEF, 0xC7,
    0x88, 0x27, 0x37, 0xDD, 0xC6, 0x07, 0x26, 0x66, 0xB8, 0x48, 0x11, 0x7A, 0xBE, 0x21, 0xEC, 0x39,
    0xD7, 0x8C, 0x50, 0xB4, 0x96, 0xDE, 0x27, 0x0B, 0x96, 0x84, 0xBE, 0x6F, 0x8A, 0x96, 0xA2, 0x4B,
    0x76, 0x35, 0xFF, 0x25, 0xB1, 0xC8, 0x3F, 0x3B, 0xF1, 0x57, 0x3E, 0xC6, 0xE5, 0xE5, 0x92, 0x26,
    0x4D, 0x6C, 0x44, 0x8D, 0x6D, 0x5D, 0x19, 0x9A, 0x42, 0x3A, 0x67, 0x62, 0x80, 0x82, 0x66, 0xEC,
    0xE9, 0xBA, 0xBE, 0x42, 0x91, 0x9B, 0x81, 0x21, 0x9D, 0x9B, 0xCB, 0xF6, 0x84, 0x03, 0x7D, 0x7C,
    0x0C, 0x0A, 0x73, 0xE6, 0xC6, 0xE3, 0xCB, 0xA8, 0x03, 0x02, 0xF8, 0x08, 0xED, 0x4E, 0xA2, 0x7D,
    0x5A, 0x63, 0xAC, 0x29, 0xE5, 0x5C, 0xF8, 0x70, 0x00, 0xA3, 0xF9, 0xB8, 0x87, 0xA6, 0x28, 0xA4,
    0xEB, 0xD1, 0xB7, 0x94, 0x4A, 0x30, 0xB6, 0xED, 0x86, 0x92, 0x3A, 0x32, 0x05, 0x96, 0xE8, 0x81,
    0xED, 0x66, 0x31, 0xF7, 0xA3, 0xFC, 0x3F, 0x0B, 0x29, 0x1C, 0x0C, 0xE3, 0xDF, 0x0D, 0xD7, 0xAB,
    0xBE, 0xF3, 0x87, 0x86, 0x3A, 0x3B, 0x91, 0xB7, 0xE4, 0x68, 0x3E, 0x56, 0x11, 0x22, 0x46, 0x1F,
    0x15, 0xAC, 0x5C, 0x11, 0x93, 0xB8, 0xD9, 0x3B, 0x99, 0xE7, 0xBD, 0x3F, 0xFF, 0x4C, 0xBE, 0x19,
    0x3A, 0x36, 0xAE, 0x1F, 0x75, 0x88, 0xEE, 0x06, 0xDB, 0x97, 0x56, 0x31, 0x07, 0xD1, 0x60, 0x18,
    0x47, 0x29, 0x8C, 0x8A, 0xF0, 0x76, 0xE4, 0x4B, 0x68, 0xF9, 0xEB, 0x4F, 0x09, 0xB5, 0xB3, 0xDE,
    0x53, 0x11, 0x17, 0xB5, 0xA8, 0x0B, 0xB5, 0xDB, 0x5F, 0xF2, 0x7D, 0x98, 0x73, 0x40, 0x3F, 0x2A,
    0xC0, 0x38, 0xE0, 0x83, 0xE5, 0x86, 0x5C, 0x9E, 0xEA, 0xA1, 0xFA, 0xA8, 0x5E, 0xDE, 0x1A, 0xCD,
    0x9A, 0x52, 0x34, 0x31, 0xB1, 0xC7, 0x2D, 0x91, 0x59, 0xFA, 0xAA, 0x13, 0x1C, 0xE1, 0x86, 0x64,
    0xDE, 0x4D, 0xC5, 0x47, 0x60, 0x34, 0x26, 0x4F, 0x53, 0x00, 0x23, 0x87, 0x28, 0x4F, 0x4C, 0x38,
    0x35, 0xAE, 0xAB, 0x29, 0x6E, 0x66, 0xFB, 0x74, 0xD8, 0x15, 0xAD, 0xA4, 0x91, 0x4A, 0x80, 0x58,
    0xEF, 0x0F, 0x01, 0x29, 0x42, 0x73, 0x07, 0x90, 0x60, 0x82, 0x14, 0x4E, 0x91, 0x54, 0x90, 0x92,
    0xBE, 0x05, 0x59, 0xD7, 0x90, 0xA1, 0xE1, 0xDE, 0x8E, 0x0C, 0xAD, 0x6A, 0x88, 0xAF, 0x12, 0xAB,
    0x9C, 0xF3, 0x8F, 0x22, 0xA8, 0xAC, 0xF2, 0x67, 0x10, 0x94, 0x8D, 0x60, 0x06, 0x27, 0x51, 0x48,
    0x20, 0x83, 0xBD, 0x1F, 0x1C, 0x7D, 0x41, 0x80, 0x6F, 0xF8, 0xBB, 0xB1, 0xCE, 0x2D, 0x06, 0x2A,
    0x84, 0x14, 0x44, 0x24, 0xB2, 0xD8, 0x61, 0xE9, 0x94, 0x43, 0xDB, 0x7E, 0x72, 0x8F, 0x60, 0x0B,
    0xBE, 0x26, 0x7F, 0x0A, 0x46, 0x75, 0xDB, 0x75, 0x64, 0xB9, 0x07, 0xCD, 0xEC, 0x86, 0x1D, 0xC4,
    0xFB, 0xE4, 0xCE, 0xA1, 0x90, 0xF9, 0x73, 0xA3, 0xC6, 0x17, 0x9C, 0x83, 0xF1, 0x84, 0x92, 0x77,
    0xFA, 0x0F, 0xF9, 0x1C, 0x0C, 0xAD, 0xC4, 0x9B, 0x28, 0xF5, 0x5B, 0x9C, 0x11, 0x92, 0x46, 0x96,
    0x40, 0x79, 0x87, 0x1A, 0xB7, 0x8F, 0xF2, 0x4E, 0x40, 0x4B, 0x6E, 0x3D, 0xDC, 0x5E, 0x46, 0xB6,
    0xA1, 0x3B, 0x7B, 0x9F, 0x40, 0xF0, 0x9C, 0xFB, 0xA4, 0x81, 0xE6, 0xC9, 0x94, 0x10, 0x4D, 0x57,
    0x93, 0x3A, 0x21, 0x88, 0xD8, 0x74, 0x04, 0x6F, 0x54, 0xF2, 0x4E, 0xBF, 0x8F, 0xE5, 0x9D, 0xA9,
    0x0E, 0xF1, 0xD0, 0x7C, 0x75, 0x70, 0x27, 0x69, 0xC4, 0x3D, 0xC4, 0xE9, 0x48, 0xDE, 0xA1, 0xC6,
    0x40, 0xE1, 0x62, 0xC8, 0xE5, 0x58, 0xDE, 0x4D, 0x91, 0xCC, 0xC3, 0xA9, 0xA7, 0xE4, 0xDD, 0x65,
    0xD3, 0xF3, 0x71, 0xE2, 0x34, 0xAB, 0xE3, 0xC3, 0xBF, 0xE8, 0x6B, 0x26, 0x8F, 0x3D, 0x9C, 0xC9,
    0xDB, 0x37, 0x8A, 0x4C, 0xBE, 0xD7, 0xA0, 0x44, 0xF7, 0x33, 0xF9, 0xE4, 0x75, 0x78, 0x65, 0x4A,
    0x7C, 0x00, 0x93, 0x94, 0x14, 0xCF, 0x93, 0x78, 0x4E, 0x2D, 0xE1, 0xAF, 0x58, 0x95, 0x3A, 0xFC,
    0xAB, 0x79, 0xE2, 0x7E, 0x6C, 0xE4, 0xEE, 0xE1, 0xE1, 0x9B, 0x60, 0xD9, 0x26, 0xD0, 0xAE, 0x81,
    0x3F, 0x82, 0xE5, 0xCE, 0x32, 0x67, 0x07, 0xB8, 0x4B, 0x5B, 0x96, 0xEE, 0xA0, 0xEB, 0xFC, 0x24,
    0xDD, 0xF7, 0xEF, 0xFC, 0xD4, 0xF0, 0xA6, 0xF7, 0x2E, 0xBD, 0xEB, 0x86, 0x89, 0x07, 0xFF, 0x78,
    0xE9, 0x5D, 0xDF, 0x86, 0xDF, 0xBA, 0x75, 0xE9, 0xDB, 0xBE, 0x0B, 0x6F, 0xFA, 0xA0, 0xB3, 0xEC,
    0x6D, 0xF0, 0xA6, 0x0B, 0x18, 0x4D, 0x24, 0x0E, 0xAE, 0x6D, 0x41, 0x9D, 0x1B, 0x97, 0xAF, 0xFB,
    0x23, 0xAC, 0xD3, 0x5D, 0xBA, 0xC4, 0xA1, 0xDA, 0x96, 0x2C, 0x75, 0x37, 0x62, 0xE6, 0x8D, 0x1F,
    0xD3, 0x86, 0x37, 0x69, 0x4B, 0xB7, 0x63, 0xA9, 0x77, 0x2C, 0xBD, 0xAB, 0x69, 0xE2, 0xEE, 0x37,
    0x2C, 0xBD, 0xF7, 0xBB, 0xF0, 0x86, 0x5B, 0x37, 0x3E, 0x80, 0x75, 0x7E, 0x28, 0xFF, 0xD7, 0x9F,
    0x85, 0x0B, 0xB0, 0xAD, 0xE6, 0x89, 0x07, 0xDF, 0x10, 0xB7, 0xF5, 0x27, 0xF5, 0xB6, 0x7E, 0x8B,
    0x0E, 0x9E, 0x23, 0xA5, 0x47, 0xB5, 0xB5, 0x52, 0xCE, 0x32, 0x89, 0x22, 0x15, 0xA4, 0x68, 0x0F,
    0xBE, 0xB3, 0x4D, 0x6E, 0xDD, 0x33, 0x27, 0x1E, 0x95, 0x27, 0xBD, 0x97, 0x7C, 0xEF, 0x46, 0x19,
    0x6D, 0xF6, 0x1F, 0x99, 0x1D, 0xBE, 0x21, 0xF2, 0x3D, 0x7C, 0xDF, 0x3D, 0xFE, 0xC3, 0x98, 0xFE,
    0xC4, 0x7F, 0xF8, 0x4A, 0xF9, 0x93, 0xBB, 0x44, 0x0A, 0xD3, 0x5D, 0x8E, 0x39, 0x27, 0x9F, 0x2B,
    0x53, 0x4C, 0xEA, 0x59, 0x87, 0x6B, 0xC3, 0xA1, 0x9C, 0x75, 0x2E, 0xC4, 0xDA, 0x6E, 0x90, 0xB3,
    0x49, 0xE7, 0x0E, 0xE9, 0xC9, 0x67, 0xB0, 0xB6, 0x09, 0x6F, 0xCE, 0xF7, 0xB6, 0xCA, 0x68, 0x4F,
    0x5E, 0xD5, 0xB6, 0x6F, 0xAB, 0x94, 0x37, 0xFA, 0x0F, 0xE3, 0x75, 0xC5, 0x7F, 0xF8, 0x6A, 0x59,
    0xBD, 0xCB, 0xFF, 0x26, 0xD6, 0xF6, 0xC9, 0xFC, 0xDE, 0x6F, 0xCA, 0x9F, 0x9C, 0xF4, 0x1F, 0x99,
    0x90, 0x67, 0x1F, 0xF2, 0x1F, 0xCE, 0x4D, 0xEC, 0xF9, 0x89, 0x7F, 0xEB, 0xCB, 0xB5, 0x85, 0xBD,
    0xD1, 0x70, 0x9C, 0x69, 0xA9, 0xE1, 0x80, 0xD3, 0x90, 0x9D, 0x4F, 0xA5, 0xFA, 0x69, 0x9A, 0x09,
    0x16, 0x8C, 0x6B, 0xF9, 0x90, 0xCC, 0xB4, 0x73, 0x81, 0x88, 0x0F, 0x35, 0x85, 0x74, 0xAB, 0x3A,
    0x95, 0x94, 0x82, 0x78, 0xBA, 0x93, 0xEB, 0x3F, 0x06, 0x57, 0xD3, 0xA1, 0xA6, 0x2E, 0x1D, 0x6A,
    0xFA, 0x49, 0x9E, 0xC0, 0x53, 0xCC, 0x61, 0xD7, 0xF2, 0x26, 0xD5, 0xFA, 0xA1, 0xA6, 0x7C, 0xAD,
    0xA9, 0x43, 0x4D, 0xFD, 0x86, 0x43, 0x4D, 0xED, 0x57, 0x38, 0xD4, 0xB4, 0x16, 0x09, 0xA7, 0xCE,
    0xD6, 0x19, 0x54, 0xEE, 0x3C, 0xB8, 0x74, 0xE7, 0xF5, 0xCA, 0x11, 0xF0, 0x48, 0x2B, 0x9B, 0x2B,
    0x89, 0x6C, 0xE4, 0xF1, 0xD1, 0xA3, 0xC1, 0xAA, 0x1D, 0x7C, 0x84, 0x9E, 0xA3, 0x9D, 0xA2, 0xC3,
    0x57, 0x9E, 0x03, 0xED, 0x85, 0xCD, 0x0E, 0xF4, 0xE3, 0x7B, 0x38, 0xD8, 0x92, 0x9D, 0x20, 0x59,
    0x3E, 0x42, 0xC6, 0x5C, 0xB7, 0x92, 0xEE, 0x74, 0xB4, 0x17, 0xEA, 0x82, 0x83, 0x14, 0xFE, 0x8C,
    0xE6, 0xDB, 0xB1, 0x22, 0x1F, 0x23, 0xA6, 0x6F, 0xF7, 0xF1, 0xFD, 0x50, 0x2F, 0xA4, 0x53, 0x91,
    0x60, 0x95, 0x6B, 0xCC, 0xC6, 0xA7, 0xA8, 0x16, 0xA0, 0xC1, 0xE1, 0x50, 0xF3, 0x38, 0x60, 0x85,
    0xA3, 0x4A, 0xA9, 0x50, 0x27, 0x16, 0xD6, 0xD4, 0x45, 0x9D, 0x02, 0x79, 0xDC, 0x84, 0xD6, 0x86,
    0x6F, 0x9E, 0x81, 0xCE, 0x25, 0x6D, 0xB4, 0x13, 0x71, 0x2D, 0xC9, 0x1E, 0x37, 0xD8, 0x48, 0x62,
    0xDD, 0xE1, 0x43, 0x73, 0xB1, 0x73, 0x47, 0xD2, 0x89, 0x4E, 0x13, 0x9C, 0xA5, 0xA4, 0xA5, 0x60,
    0x21, 0x2C, 0xD5, 0x6A, 0x18, 0xDA, 0x4E, 0xA7, 0x9F, 0xD4, 0x0A, 0x58, 0xDA, 0xB5, 0x64, 0x19,
    0xCD, 0x6F, 0x67, 0x64, 0x29, 0xE8, 0xEB, 0x1C, 0xA1, 0x58, 0x8B, 0xE6, 0x76, 0x2D, 0x6B, 0x69,
    0x31, 0x21, 0x9F, 0x86, 0xEE, 0x25, 0x58, 0x1B, 0x55, 0xD6, 0x6A, 0xE8, 0xDA, 0x76, 0x14, 0x03,
    0xE4, 0x9E, 0xC7, 0x52, 0x2D, 0xA8, 0xF3, 0xF8, 0xF3, 0xA5, 0x56, 0x74, 0x89, 0x99, 0x96, 0x79,
    0x15, 0x0F, 0x47, 0x49, 0xDF, 0x2C, 0x2B, 0x1B, 0x61, 0x2D, 0x6A, 0x97, 0xCD, 0xC8, 0x4E, 0x72,
    0xC8, 0x50, 0x0D, 0x4C, 0xD3, 0xB0, 0x24, 0x7B, 0x46, 0x2E, 0x81, 0x65, 0xF6, 0x99, 0x4A, 0x13,
    0x74, 0xA6, 0x5E, 0x8A, 0x56, 0xB3, 0x92, 0x19, 0x72, 0xAC, 0xAD, 0x60, 0x9A, 0xF7, 0x39, 0x0D,
    0xE2, 0x6B, 0x75, 0x9F, 0x8F, 0x3D, 0x22, 0x33, 0xA4, 0xCA, 0x07, 0x76, 0x2D, 0x70, 0x68, 0xAF,
    0x52, 0xCA, 0xE5, 0x24, 0x33, 0x77, 0x94, 0x6D, 0x4A, 0xA5, 0xA7, 0xD1, 0x20, 0x8D, 0x02, 0xAF,
    0xEC, 0x6B, 0x04, 0x91, 0x49, 0x8F, 0xB2, 0xDF, 0x51, 0x23, 0x45, 0xA0, 0x97, 0x50, 0xE6, 0x9B,
    0xC1, 0x1A, 0xF6, 0xB0, 0xF4, 0xAB, 0x23, 0x88, 0x13, 0xE9, 0x46, 0xD0, 0xB9, 0x86, 0x4F, 0xEA,
    0x98, 0x6C, 0xE6, 0xB0, 0x54, 0x8A, 0x43, 0x67, 0xCF, 0xD0, 0x8A, 0x66, 0xA3, 0x82, 0x6F, 0x34,
    0xD0, 0x0A, 0x9D, 0x36, 0x40, 0x25, 0x01, 0xE9, 0x2C, 0x40, 0xD9, 0x2E, 0xFB, 0x43, 0x34, 0x04,
    0x97, 0xB8, 0xE4, 0x68, 0xCC, 0x5F, 0xAD, 0xEC, 0x69, 0xB6, 0xEE, 0x0D, 0x3F, 0x33, 0x7F, 0x0A,
    0xEC, 0xFC, 0xCA, 0xA2, 0x8F, 0xE3, 0xED, 0xD3, 0xA9, 0x76, 0x23, 0x7C, 0xE4, 0xB1, 0x56, 0xFB,
    0xB8, 0x19, 0xE6, 0xAC, 0xBA, 0xD3, 0x8D, 0x43, 0x6B, 0x3B, 0x7D, 0xA0, 0x9D, 0x0E, 0xE3, 0x93,
    0x44, 0x54, 0x39, 0x4F, 0x9D, 0xCA, 0xC1, 0xA7, 0xDA, 0x65, 0xE7, 0x3F, 0xB5, 0x53, 0xEF, 0x9C,
    0x14, 0x07, 0x2B, 0xA3, 0xC8, 0x92, 0xF3, 0xE5, 0x30, 0x6F, 0x25, 0xAF, 0xBB, 0xAD, 0x6E, 0x5B,
    0xD0, 0xE4, 0x76, 0xF7, 0x37, 0xB9, 0x85, 0x8E, 0xA6, 0x1D, 0xAE, 0xF1, 0xF1, 0xBF, 0x03, 0x78,
    0x1A, 0x25, 0xC6, 0xE0, 0x17, 0x01, 0xEE, 0xDF, 0xE9, 0xE8, 0x1F, 0x77, 0xFD, 0xB6, 0x26, 0x77,
    0x6D, 0x77, 0x93, 0xDB, 0x5A, 0x68, 0xCA, 0xEB, 0x4E, 0x2B, 0x95, 0x2B, 0xE2, 0x8B, 0x8C, 0xA3,
    0xF4, 0x49, 0x21, 0xE5, 0x9B, 0x62, 0x1C, 0x34, 0xD2, 0x17, 0xEE, 0x70, 0xF9, 0xE4, 0x3E, 0xF8,
    0x6F, 0x38, 0x49, 0x4F, 0x97, 0xF0, 0xE9, 0x1D, 0xF8, 0x34, 0xE9, 0x50, 0x3E, 0xCA, 0x6F, 0xD2,
    0x90, 0xB4, 0x53, 0x98, 0x75, 0x0F, 0xBD, 0x77, 0x4E, 0xC5, 0x3A, 0x87, 0x71, 0x72, 0xD5, 0x0D,
    0x7C, 0x96, 0x96, 0x5F, 0x77, 0x65, 0xDA, 0xF5, 0x03, 0xD0, 0x68, 0xA6, 0xE9, 0xA7, 0x49, 0x9E,
    0xFB, 0xE3, 0x34, 0x79, 0x53, 0x64, 0xD0, 0xDB, 0x2E, 0x54, 0xC0, 0x08, 0x88, 0x1E, 0x4A, 0xA6,
    0x32, 0x48, 0x7E, 0xFD, 0xD6, 0x45, 0xDA, 0x8A, 0x56, 0x81, 0x24, 0x81, 0x08, 0x0D, 0x66, 0xDA,
    0x98, 0x16, 0xEF, 0x4F, 0x73, 0xBC, 0xCA, 0x25, 0xF2, 0xFB, 0x59, 0x81, 0x48, 0xAD, 0x74, 0x73,
    0x42, 0x3A, 0x43, 0x8E, 0x2E, 0x85, 0x7C, 0x77, 0x36, 0xDA, 0xA5, 0x76, 0xAB, 0x1D, 0xAE, 0x03,
    0x4F, 0x81, 0x5C, 0x95, 0xB6, 0xB0, 0xB9, 0xD9, 0x28, 0x49, 0xBB, 0xDC, 0x52, 0xD2, 0x8A, 0xB2,
    0x14, 0x6F, 0xBE, 0xBF, 0xE0, 0x51, 0x6C, 0x6C, 0xD9, 0x7C, 0xD5, 0xFB, 0xD3, 0x6A, 0x14, 0xCB,
    0x9A, 0x91, 0xF5, 0xF4, 0x2C, 0xBB, 0xC3, 0x48, 0x3E, 0xE2, 0x3B, 0xB2, 0x62, 0x3E, 0xA8, 0x74,
    0xB3, 0x51, 0xE5, 0xC6, 0xF2, 0xD9, 0xF7, 0xA3, 0x6F, 0xE7, 0x9B, 0x86, 0xC5, 0x56, 0x67, 0x6B,
    0xE7, 0x57, 0x29, 0x67, 0x62, 0x64, 0x88, 0xFC, 0xB0, 0x2B, 0x84, 0x45, 0xBD, 0x7C, 0x91, 0x43,
    0x6C, 0x85, 0x4E, 0x15, 0x0F, 0x46, 0xD8, 0xAE, 0xC8, 0xA8, 0x43, 0x7F, 0x13, 0x26, 0xB3, 0x42,
    0x53, 0x13, 0x0D, 0x86, 0x2A, 0x14, 0x3A, 0x15, 0xFB, 0x33, 0xD5, 0x69, 0xCE, 0xEA, 0x21, 0x2F,
    0x7D, 0xCD, 0xE7, 0xF9, 0xA0, 0x5F, 0xF3, 0xE5, 0xD5, 0x8D, 0x53, 0x9A, 0x5E, 0x97, 0xDE, 0xC2,
    0x47, 0x05, 0xE2, 0xA8, 0x1F, 0xF6, 0xE9, 0x7C, 0xDF, 0x6A, 0x01, 0xB4, 0x43, 0x34, 0xBA, 0x5A,
    0x44, 0x26, 0xF4, 0x50, 0xB1, 0xF9, 0x41, 0x54, 0xA1, 0xB2, 0x12, 0x67, 0x5F, 0x3F, 0x6D, 0x60,
    0xE8, 0x27, 0x7D, 0xB5, 0x1F, 0x50, 0x32, 0x0C, 0x15, 0x30, 0x57, 0xB2, 0x74, 0x9C, 0xB6, 0xF0,
    0x3C, 0x45, 0xBD, 0x82, 0xD6, 0xD4, 0xCD, 0xBB, 0x7D, 0x9D, 0x76, 0xEB, 0x92, 0x6A, 0xBF, 0x7C,
    0xB8, 0x71, 0xE3, 0x6F, 0x68, 0xF0, 0xEE, 0xCE, 0x50, 0x9F, 0x43, 0x70, 0x3A, 0xD0, 0x4E, 0x0B,
    0xD6, 0x45, 0xF0, 0xED, 0x90, 0xD3, 0xE7, 0x91, 0xD3, 0x59, 0x84, 0x0F, 0xB1, 0x5C, 0x9C, 0xF5,
    0x2D, 0x7C, 0x8E, 0x18, 0x34, 0xE3, 0x0C, 0x4F, 0x49, 0xD0, 0xE9, 0xAC, 0x5C, 0x3A, 0x9F, 0x2B,
    0x20, 0xA0, 0x89, 0xFD, 0x27, 0xC8, 0x77, 0x23, 0xD8, 0x2A, 0xD3, 0xC4, 0x20, 0xF7, 0xBF, 0x63,
    0xCD, 0x6E, 0xD4, 0x6E, 0xC4, 0xC1, 0x5B, 0x29, 0xE5, 0x2F, 0x94, 0xF4, 0x40, 0xC1, 0xC1, 0xF3,
    0x7B, 0x6D, 0xFD, 0x08, 0xC8, 0x82, 0x5A, 0x4D, 0xEB, 0x57, 0xA6, 0x5B, 0x87, 0x22, 0x53, 0xFD,
    0x54, 0x34, 0xD5, 0x10, 0xF0, 0xDE, 0x7C, 0xDF, 0x79, 0x56, 0xF3, 0xD1, 0x36, 0x84, 0xBE, 0x10,
    0xE6, 0xDC, 0x81, 0x01, 0x63, 0x46, 0x8C, 0xDA, 0xB6, 0xEE, 0x17, 0xF5, 0x01, 0xB2, 0x28, 0x43,
    0x08, 0x8A, 0xC6, 0x77, 0xB5, 0x00, 0xEF, 0x69, 0x7E, 0x3F, 0x3D, 0xED, 0xA5, 0x7C, 0x5C, 0xC2,
    0x08, 0x16, 0x2E, 0xBC, 0xF3, 0x02, 0x53, 0x8B, 0x68, 0x4E, 0x63, 0xD2, 0x96, 0xFE, 0xC1, 0xBF,
    0x8B, 0x8F, 0x0E, 0x1C, 0xCA, 0xB8, 0xDF, 0x79, 0xF3, 0x7F, 0xBD, 0xFC, 0x9A, 0xB7, 0x5F, 0x71,
    0xC9, 0xEF, 0x19, 0x1D, 0xCF, 0x34, 0xA7, 0x8D, 0xC4, 0x1B, 0x3B, 0xFA, 0x31, 0x79, 0xF3, 0x95,
    0x86, 0xFD, 0xF0, 0xA7, 0x2F, 0xBB, 0xE6, 0xAD, 0x57, 0x1C, 0x1A, 0x75, 0xFF, 0xF5, 0xAA, 0xC7,
    0xFE, 0x44, 0xF4, 0xF5, 0x73, 0xD9, 0xEF, 0x7F, 0x0E, 0xAF, 0xF8, 0xDE, 0xA7, 0x2F, 0xC7, 0xA7,
    0x94, 0xEF, 0x4C, 0x1B, 0x95, 0x68, 0xCE, 0x60, 0xC2, 0xB5, 0xFC, 0x11, 0xD5, 0xC7, 0x35, 0x73,
    0x1B, 0xDC, 0x1A, 0x97, 0xAD, 0x9F, 0xA1, 0xEC, 0xCE, 0xC7, 0xED, 0x37, 0xEC, 0x3A, 0x9B, 0xF7,
    0x46, 0xA8, 0xB8, 0xFD, 0x78, 0x5F, 0x62, 0x2A, 0xDE, 0xCB, 0xD9, 0x18, 0xDF, 0xE3, 0xC7, 0xFE,
    0x07, 0x8F, 0x27, 0xFB, 0x22, 0x90, 0x5B, 0x10, 0x5A, 0x13, 0x83, 0x58, 0xD8, 0xC5, 0x75, 0x2E,
    0xDA, 0x6E, 0x16, 0xEF, 0x8A, 0x8C, 0xF7, 0x48, 0xC6, 0x3B, 0x26, 0x6B, 0xCE, 0x72, 0x15, 0x01,
    0x7C, 0x31, 0x29, 0xAA, 0x43, 0x90, 0xAC, 0x62, 0x72, 0xFB, 0x9C, 0x33, 0x04, 0xEF, 0x79, 0x1E,
    0x13, 0xB4, 0xBD, 0xB6, 0x81, 0x71, 0x84, 0xF6, 0x36, 0x7E, 0x82, 0x36, 0x76, 0x6C, 0x38, 0x79,
    0x1F, 0x26, 0xB4, 0x82, 0xCC, 0x57, 0x87, 0xE8, 0xDE, 0x71, 0x7A, 0xCA, 0xF9, 0xC2, 0x25, 0x43,
    0x4B, 0x8D, 0xD0, 0xDA, 0x56, 0x34, 0x42, 0xE4, 0x0F, 0x78, 0xCF, 0xA3, 0x07, 0x3D, 0x0B, 0x5C,
    0xB7, 0xEA, 0x10, 0x31, 0x8A, 0x1E, 0x57, 0x88, 0xA1, 0x2A, 0x51, 0xDE, 0x86, 0x63, 0x19, 0xF6,
    0x65, 0xFD, 0xE4, 0xBF, 0x7F, 0x20, 0x5B, 0xCA, 0x56, 0xF6, 0x65, 0x2B, 0x1E, 0x26, 0x11, 0x5F,
    0x25, 0x2B, 0x7B, 0xAF, 0x2E, 0x99, 0x95, 0x49, 0x1C, 0xF1, 0xCA, 0xA3, 0xC4, 0xDC, 0xE8, 0xB5,
    0xB8, 0x2C, 0xD7, 0xC2, 0xF5, 0xA9, 0x9A, 0xD9, 0xE0, 0x3A, 0x46, 0xD5, 0xAF, 0x13, 0x24, 0xCC,
    0x46, 0x88, 0x65, 0xBE, 0x1B, 0xE0, 0xE8, 0xF6, 0x83, 0x88, 0xEE, 0x91, 0xFD, 0xA2, 0xFD, 0x8D,
    0x9F, 0x12, 0x23, 0x19, 0x7C, 0xDA, 0x99, 0xC7, 0xA4, 0x79, 0x04, 0x93, 0xF6, 0x4E, 0xE3, 0x2D,
    0xDF, 0xCE, 0x98, 0xC6, 0xB5, 0xA1, 0xAF, 0xCD, 0x5C, 0x33, 0xE3, 0xC0, 0x07, 0x49, 0x0A, 0x26,
    0x88, 0x98, 0xD9, 0x27, 0xC0, 0xF5, 0xC5, 0xB1, 0xEF, 0x8A, 0x61, 0xFA, 0x8B, 0x12, 0xBD, 0x16,
    0xC1, 0xEF, 0x27, 0x6B, 0xA7, 0x3F, 0xA9, 0xF3, 0xC4, 0x5E, 0x7B, 0x12, 0xFB, 0xFF, 0xB6, 0xE0,
    0x24, 0x54, 0x09, 0x4E, 0x47, 0x8D, 0xAE, 0x8C, 0x00, 0x13, 0x3A, 0x3F, 0x2B, 0xA0, 0xB3, 0x5F,
    0x83, 0x41, 0xC0, 0xAF, 0x53, 0x94, 0xD0, 0x46, 0x35, 0x4C, 0xB6, 0xD4, 0x13, 0x78, 0xB9, 0x7B,
    0xB5, 0xAF, 0x1E, 0x31, 0x1E, 0xA2, 0xA3, 0x88, 0x1C, 0x52, 0x11, 0x4D, 0xC6, 0x8B, 0xE1, 0xF5,
    0xFD, 0xE3, 0xB2, 0x5C, 0x8B, 0x17, 0x27, 0x5A, 0x34, 0x1F, 0x06, 0x44, 0x87, 0x5B, 0xD5, 0xB7,
    0x66, 0x94, 0x69, 0x1D, 0xC4, 0x0A, 0x29, 0xB0, 0xD2, 0xA6, 0xE3, 0x12, 0xD0, 0x5A, 0xA2, 0xA9,
    0x9B, 0xE3, 0xE1, 0xC3, 0x42, 0x59, 0x47, 0xAF, 0x90, 0xB7, 0x98, 0x7C, 0xAD, 0x76, 0x40, 0x0B,
    0xFB, 0x66, 0x89, 0x7C, 0xC7, 0x7A, 0x25, 0x4B, 0x4C, 0x23, 0xE2, 0x41, 0xCE, 0xB1, 0x31, 0x97,
    0x65, 0x29, 0x61, 0xB3, 0x86, 0x6C, 0xF9, 0xF5, 0x03, 0x58, 0x90, 0xC1, 0x22, 0x34, 0xC4, 0x8A,
    0x86, 0x94, 0xEE, 0x58, 0x2E, 0xA5, 0x7D, 0x9C, 0x8B, 0xD6, 0x6D, 0x5D, 0x62, 0xCA, 0x86, 0x4B,
    0xAB, 0xFD, 0x86, 0xBB, 0x06, 0x79, 0x98, 0x41, 0x61, 0x9D, 0x98, 0xB2, 0x3F, 0x73, 0x61, 0xCA,
    0x35, 0xD4, 0xD3, 0x15, 0x0D, 0x29, 0xDE, 0xE1, 0x80, 0x15, 0xD2, 0x83, 0xA7, 0x3D, 0xC2, 0x73,
    0x97, 0x00, 0xEB, 0xBB, 0x3B, 0x43, 0x48, 0xB5, 0xB8, 0x15, 0x98, 0x6E, 0x71, 0xB3, 0x7A, 0xD8,
    0xE2, 0xDA, 0x87, 0x44, 0x0B, 0x1A, 0xBD, 0xD0, 0xE2, 0x42, 0x15, 0x13, 0x9D, 0xAE, 0xAC, 0x9F,
    0xE3, 0xBD, 0x94, 0x81, 0x4F, 0xA7, 0xA1, 0xD2, 0xB2, 0x23, 0x84, 0x6C, 0xCB, 0x27, 0x04, 0xD8,
    0xDF, 0xE5, 0x5A, 0x54, 0x7D, 0x54, 0xF3, 0xCD, 0x13, 0x6F, 0x99, 0x78, 0xC0, 0x0B, 0x20, 0x55,
    0xF1, 0x1C, 0x30, 0x2A, 0x1E, 0xE2, 0x3B, 0xFD, 0x08, 0x05, 0xC9, 0x7F, 0x99, 0x74, 0x64, 0x17,
    0x2D, 0xCD, 0x84, 0x9B, 0x74, 0x61, 0x89, 0xC3, 0xBF, 0x0D, 0xA1, 0x96, 0x23, 0xB6, 0x91, 0xCF,
    0x1D, 0x6F, 0xBA, 0xA8, 0xA6, 0x2D, 0x41, 0x5B, 0xBD, 0xDC, 0x82, 0x0C, 0x79, 0x1B, 0x9D, 0xD6,
    0x99, 0x9C, 0xC6, 0x9A, 0xCD, 0x8A, 0x47, 0xBB, 0x29, 0xB0, 0xD2, 0x64, 0xE5, 0xE6, 0x07, 0xB1,
    0xFA, 0xE6, 0x09, 0xFC, 0xF7, 0xD9, 0xDA, 0xAA, 0x64, 0xB5, 0x36, 0x70, 0xD1, 0x39, 0x17, 0x74,
    0xA5, 0x2E, 0xEE, 0x14, 0xF1, 0x05, 0x0A, 0x4F, 0x75, 0xE1, 0x06, 0xB5, 0x8B, 0x30, 0xBE, 0xC0,
    0x9A, 0xE2, 0x0B, 0x39, 0x7F, 0x61, 0xC4, 0x17, 0x4E, 0xFD, 0x02, 0x51, 0x01, 0x3E, 0x74, 0x05,
    0xF4, 0x4A, 0x6D, 0x8D, 0x63, 0xA3, 0x5A, 0x96, 0x20, 0x7C, 0x2A, 0xB6, 0x74, 0xD2, 0x09, 0x83,
    0x12, 0x22, 0x92, 0x04, 0xB1, 0x11, 0x5A, 0xD2, 0x49, 0xD7, 0x13, 0xA8, 0x27, 0xE7, 0xBB, 0xF7,
    0xF2, 0x4F, 0x95, 0xEF, 0xD1, 0xAD, 0x87, 0xED, 0x2A, 0x33, 0x9B, 0x13, 0x51, 0x33, 0xBB, 0xD8,
    0x7E, 0xE1, 0x65, 0x92, 0x47, 0xEB, 0xF9, 0xF2, 0x54, 0x32, 0x4F, 0x62, 0x2D, 0x4F, 0xD4, 0x84,
    0xDA, 0x5E, 0x00, 0x79, 0x0B, 0xCD, 0x82, 0x7C, 0xD6, 0xE9, 0x80, 0x3C, 0xBE, 0x9A, 0xFB, 0x19,
    0x7C, 0x2D, 0x8E, 0x7C, 0x2C, 0xAB, 0x63, 0x6D, 0xB4, 0x2A, 0xE8, 0x7B, 0x9D, 0xBA, 0xE3, 0x69,
    0xDE, 0x83, 0x3F, 0xDA, 0x1F, 0x56, 0xFA, 0x8B, 0x95, 0x85, 0x1E, 0xFC, 0x26, 0xA5, 0xD8, 0xF5,
    0xDA, 0xA6, 0x9B, 0xB3, 0x91, 0xCD, 0xE3, 0x87, 0xAE, 0x69, 0x35, 0x91, 0x0E, 0xD4, 0xB0, 0xCF,
    0x7A, 0xA8, 0x9D, 0xDA, 0x28, 0x90, 0x0D, 0x7F, 0x0A, 0xA5, 0xF8, 0x24, 0xD0, 0xF1, 0x26, 0x10,
    0xA2, 0x75, 0x17, 0x8E, 0xA3, 0x30, 0xA4, 0x1F, 0x58, 0xB0, 0xFD, 0x9C, 0xC3, 0x3F, 0xC3, 0xB0,
    0xE8, 0x77, 0x1E, 0x5A, 0xEA, 0xFB, 0xD8, 0x6A, 0xAB, 0xD1, 0xAC, 0x70, 0xC3, 0x15, 0x9C, 0xFE,
    0x57, 0x96, 0xCC, 0x9F, 0x72, 0x63, 0x4A, 0x00, 0xFB, 0x86, 0x1F, 0x3D, 0x3D, 0x0E, 0xFA, 0xE3,
    0xCE, 0x9F, 0x63, 0x2D, 0xB7, 0xC3, 0xD5, 0xB4, 0xC7, 0x89, 0x99, 0xA0, 0x75, 0x84, 0x08, 0x2D,
    0x91, 0x23, 0x7B, 0xAF, 0x33, 0x4B, 0x2A, 0xD7, 0xC5, 0xC7, 0x7F, 0x4C, 0xA3, 0xE8, 0xE4, 0x98,
    0x4D, 0xDA, 0xEC, 0x89, 0xD5, 0x17, 0x6B, 0x70, 0xAF, 0xA6, 0x75, 0x8D, 0x5B, 0xAF, 0xA0, 0xCE,
    0x69, 0x0F, 0x6F, 0x3A, 0x52, 0x6F, 0xFD, 0x56, 0x75, 0x28, 0x28, 0xB7, 0xDE, 0xF6, 0x29, 0x7A,
    0xA9, 0xC4, 0x18, 0xB7, 0x6E, 0x73, 0xEB, 0x8F, 0xFF, 0x7F, 0x6A, 0x3D, 0xCF, 0x6B, 0x44, 0x87,
    0xE9, 0xDD, 0xDF, 0xF1, 0x2F, 0xC3, 0xF5, 0xD6, 0xC7, 0xE0, 0x0A, 0x7E, 0x77, 0xB2, 0x47, 0xF4,
    0x23, 0xB4, 0xF8, 0x9D, 0xB8, 0x8E, 0x5B, 0x1F, 0xE0, 0xD6, 0x9F, 0x7C, 0xA5, 0xD6, 0x1D, 0xFE,
    0xDB, 0xC2, 0x46, 0xB7, 0x7A, 0x7A, 0xB5, 0x43, 0xBF, 0x1B, 0xD3, 0x7D, 0xFC, 0x7B, 0x6C, 0x23,
    0xF3, 0x56, 0xE0, 0xDB, 0xDF, 0xCD, 0x2B, 0x7B, 0xBC, 0x54, 0x4C, 0x27, 0xA0, 0xC2, 0x37, 0xE1,
    0x4A, 0xE4, 0x58, 0x07, 0xDC, 0x42, 0x08, 0x49, 0x1C, 0x85, 0x3B, 0xE0, 0x92, 0x89, 0xB9, 0x93,
    0x13, 0xF1, 0xE8, 0x60, 0x77, 0x38, 0xF3, 0x98, 0xF7, 0x35, 0xBC, 0x51, 0xA2, 0xE1, 0x4D, 0x6B,
    0x1C, 0x98, 0x85, 0x3F, 0x2D, 0x27, 0xD9, 0x10, 0xEA, 0x79, 0x4C, 0x8C, 0xA0, 0x96, 0x98, 0x98,
    0x9C, 0xA1, 0x33, 0xA6, 0x39, 0x79, 0x7E, 0xF7, 0xD9, 0x5D, 0x0D, 0x4F, 0x4B, 0x94, 0x4C, 0x93,
    0x26, 0x9B, 0xA2, 0xC9, 0x61, 0xD1, 0x39, 0x67, 0x5A, 0x99, 0xFC, 0xDF, 0x59, 0xDE, 0xF2, 0xB6,
    0xF8, 0x17, 0x44, 0xA2, 0xD8, 0x3F, 0x4E, 0x87, 0x4E, 0x6B, 0x5B, 0xA5, 0xF8, 0x30, 0xCF, 0xEF,
    0x67, 0x9C, 0x6E, 0x6D, 0xB7, 0x3C, 0xFB, 0x59, 0x13, 0x3A, 0x18, 0xE7, 0x77, 0x83, 0xEE, 0xC9,
    0xD3, 0xAC, 0xAC, 0x25, 0x0A, 0x6F, 0x76, 0xEF, 0x21, 0xA4, 0xF3, 0x17, 0x39, 0x04, 0x3B, 0x0B,
    0x17, 0x39, 0xFF, 0x4A, 0x1B, 0x9E, 0xA7, 0xDF, 0xBC, 0xF3, 0x18, 0xF2, 0xD6, 0xD0, 0x7E, 0x51,
    0x42, 0x09, 0xE2, 0xE8, 0x82, 0x79, 0x48, 0x41, 0x82, 0xC7, 0x4A, 0xCA, 0x8B, 0xFE, 0xAF, 0xF0,
    0xFA, 0x61, 0x47, 0xC8, 0xEB, 0xFA, 0x90, 0x0A, 0xD5, 0x16, 0xBF, 0x64, 0x0C, 0x9B, 0x90, 0xFD,
    0x0C, 0xCF, 0x73, 0x08, 0xD5, 0x9B, 0x2C, 0x80, 0xE2, 0x6B, 0x5E, 0xA0, 0x82, 0x2B, 0xD5, 0x12,
    0xB9, 0xA8, 0xAF, 0x67, 0x19, 0xBC, 0x8E, 0x65, 0xA9, 0x6D, 0x9A, 0xA4, 0x0E, 0xD7, 0xD2, 0x35,
    0xDD, 0x7C, 0x12, 0x13, 0x0D, 0xD4, 0x95, 0x6B, 0x7E, 0x17, 0x07, 0xF0, 0x28, 0xAC, 0x45, 0x95,
    0x77, 0x3D, 0xAC, 0xED, 0xA7, 0xDD, 0x45, 0x6B, 0x3B, 0x20, 0x83, 0xA9, 0xE1, 0x5E, 0xFE, 0xD5,
    0xE4, 0xDA, 0x33, 0xCE, 0x15, 0x57, 0x5C, 0x7D, 0xFF, 0xC3, 0x70, 0xC5, 0xAD, 0x57, 0x52, 0x7A,
    0xE6, 0xEA, 0xFB, 0xCF, 0xC4, 0x69, 0xDA, 0xC8, 0xDE, 0x67, 0xC4, 0x33, 0x73, 0xF9, 0x70, 0xBC,
    0xD2, 0xCF, 0x63, 0x1C, 0xC5, 0xC9, 0x34, 0x85, 0xA7, 0x51, 0xB2, 0x1C, 0x93, 0x4D, 0x68, 0x62,
    0x65, 0x23, 0x4E, 0x88, 0xB3, 0x0D, 0xBD, 0xCE, 0x44, 0x31, 0x63, 0x43, 0xFD, 0xA2, 0x4B, 0x6D,
    0x27, 0x31, 0x5F, 0xB1, 0xBB, 0x17, 0xEE, 0x3B, 0x47, 0x1F, 0x68, 0x73, 0x60, 0xA5, 0x93, 0x0D,
    0x20, 0x17, 0x20, 0x0B, 0x95, 0xA1, 0x57, 0xC2, 0x24, 0x17, 0xF2, 0xB6, 0x00, 0x92, 0xF7, 0x0D,
    0x01, 0x61, 0xFD, 0x71, 0xA2, 0x43, 0xBF, 0xE6, 0x1A, 0xE2, 0x0E, 0x53, 0xC0, 0x1C, 0x45, 0x47,
    0x65, 0xD7, 0x55, 0x80, 0x7D, 0xDB, 0xC8, 0x70, 0xD7, 0xC0, 0x30, 0xDA, 0xA4, 0x9B, 0x90, 0x8F,
    0xD9, 0x11, 0xFF, 0x6A, 0x07, 0x4C, 0x12, 0xAD, 0x0F, 0xD0, 0x02, 0x6C, 0xEE, 0x9E, 0x0A, 0x68,
    0x2F, 0xC9, 0x2F, 0x91, 0x47, 0xDE, 0xC0, 0x9A, 0xFB, 0xC1, 0x99, 0xAF, 0xB4, 0xD6, 0x8E, 0x39,
    0x9F, 0x6E, 0x31, 0x79, 0x41, 0x75, 0x15, 0xB9, 0xBD, 0xFB, 0xE8, 0xB4, 0x40, 0xB0, 0x82, 0xAD,
    0xCE, 0x52, 0xB4, 0x96, 0x2D, 0x37, 0x83, 0x2D, 0x19, 0x22, 0x33, 0x7C, 0x0B, 0xE8, 0x4F, 0x8F,
    0x62, 0xAF, 0x69, 0xB2, 0x54, 0xEC, 0xA5, 0x55, 0x85, 0x22, 0x6D, 0x71, 0x85, 0x22, 0x07, 0xF9,
    0x82, 0x3D, 0x4B, 0x12, 0x78, 0xD0, 0x7B, 0x11, 0xC9, 0x77, 0xD2, 0x72, 0x50, 0xA9, 0x5A, 0x6A,
    0x72, 0x48, 0x45, 0x43, 0x2B, 0xAF, 0xFA, 0xDD, 0xEE, 0xA0, 0x77, 0x93, 0xF8, 0x6E, 0x4F, 0xCA,
    0x0D, 0xF8, 0x6E, 0x92, 0xDE, 0xAD, 0xFB, 0x55, 0xBE, 0x5B, 0x4C, 0x83, 0xF5, 0x5F, 0x44, 0x82,
    0x2B, 0x63, 0xB5, 0xF1, 0x98, 0x5A, 0x3E, 0x36, 0x3E, 0xA1, 0x16, 0x8E, 0xEC, 0x3B, 0x55, 0xFC,
    0x53, 0x72, 0xBF, 0x3A, 0x3B, 0xFC, 0x6A, 0xF1, 0x94, 0x62, 0x7A, 0xE2, 0x71, 0x26, 0xDC, 0xAF,
    0xEE, 0xF7, 0xB9, 0xC0, 0xCC, 0xFE, 0xE3, 0x34, 0xDC, 0xFA, 0x9D, 0x3B, 0x25, 0x19, 0xAA, 0x86,
    0x6D, 0x49, 0xF2, 0x52, 0xB4, 0xD9, 0x49, 0x8A, 0x16, 0x84, 0x1E, 0x7B, 0x8F, 0x4F, 0xEA, 0xD8,
    0x73, 0x56, 0x04, 0xDE, 0x69, 0x30, 0x36, 0xDF, 0x59, 0xA6, 0xC3, 0xE7, 0xDB, 0x6C, 0x3A, 0xF4,
    0x42, 0xBA, 0xDD, 0xB6, 0xDC, 0x2E, 0x23, 0x4F, 0x8C, 0xD8, 0xBE, 0x79, 0xAC, 0x9A, 0x13, 0x4F,
    0x3F, 0xB4, 0x52, 0xCE, 0x54, 0xB2, 0x2C, 0x02, 0x67, 0xAA, 0x59, 0x9F, 0x4E, 0xA0, 0x3F, 0x26,
    0xF9, 0xD0, 0x26, 0xA9, 0x9C, 0x9D, 0x8B, 0xFF, 0x31, 0xBF, 0xD4, 0xBC, 0x39, 0x7A, 0x96, 0xCC,
    0xA7, 0x4A, 0x7C, 0x36, 0x98, 0xFC, 0x19, 0x9F, 0xC0, 0x27, 0x11, 0xD5, 0x0E, 0xD2, 0xF5, 0x47,
    0xD8, 0x5C, 0x0D, 0x3B, 0xF9, 0x00, 0xE6, 0x52, 0x1B, 0xE4, 0x7C, 0x0A, 0x53, 0x04, 0xF8, 0x28,
    0x02, 0xAC, 0x00, 0x6D, 0x9E, 0xB2, 0xC6, 0x3A, 0x59, 0x99, 0x75, 0xF6, 0x23, 0x0A, 0x88, 0x5C,
    0x99, 0x96, 0xF3, 0x44, 0xFF, 0x2A, 0x0E, 0xFA, 0x60, 0x1F, 0x28, 0xDB, 0xAD, 0xCD, 0x1E, 0x39,
    0x8B, 0x61, 0xD6, 0x31, 0x2F, 0xF4, 0x4E, 0x7A, 0xC2, 0xFC, 0x3B, 0xD6, 0x1F, 0x39, 0xD2, 0xC3,
    0x10, 0x1D, 0x9D, 0x0C, 0x74, 0x9A, 0xCD, 0xB1, 0x07, 0xAA, 0xA6, 0xB2, 0xCC, 0x2F, 0xE8, 0x50,
    0xFC, 0x8D, 0x6E, 0x6E, 0xA7, 0x28, 0x9D, 0x8F, 0xF6, 0xD2, 0x8F, 0x07, 0x3D, 0x76, 0x05, 0x5A,
    0x0C, 0xAD, 0xFF, 0xF9, 0xCB, 0x5B, 0xB0, 0x76, 0x3B, 0x40, 0xA6, 0xF0, 0xC6, 0xAD, 0xB3, 0x3F,
    0x04, 0xB8, 0x68, 0xF7, 0x8F, 0x3F, 0x87, 0xBA, 0xC7, 0x9D, 0xDF, 0xA1, 0xDF, 0x51, 0xD9, 0xDE,
    0x8C, 0x55, 0x77, 0x2E, 0xDF, 0x84, 0xAC, 0xA1, 0xC5, 0x8B, 0x90, 0x20, 0x97, 0x48, 0x49, 0xE9,
    0xE6, 0xA7, 0x28, 0xDD, 0x30, 0xD3, 0x05, 0xDA, 0x3F, 0x49, 0xF9, 0x7B, 0x4E, 0x72, 0xA3, 0x2D,
    0x2E, 0x2C, 0x65, 0x5A, 0x52, 0xE1, 0xDA, 0x9E, 0xF4, 0x8A, 0x54, 0xB0, 0xA2, 0x93, 0x83, 0x4F,
    0xA7, 0x93, 0xB3, 0x8E, 0xB6, 0xB5, 0xC4, 0xB6, 0x23, 0x7B, 0x76, 0x50, 0xD7, 0x48, 0xB1, 0xD3,
    0x44, 0xF3, 0x1A, 0x8F, 0x7B, 0x8A, 0xE9, 0x22, 0x8E, 0x3B, 0x38, 0x18, 0xFF, 0xCC, 0xD7, 0xA5,
    0x15, 0x65, 0xE6, 0xB1, 0x67, 0x4D, 0xC4, 0xE1, 0x3D, 0x2A, 0x3A, 0x4D, 0xC5, 0xA0, 0xC2, 0xAF,
    0x1A, 0x7F, 0x9C, 0xEA, 0x3C, 0x3F, 0xD7, 0x45, 0xBD, 0x46, 0x8C, 0xC1, 0x81, 0x1F, 0x97, 0x39,
    0x9B, 0xB0, 0xE2, 0x33, 0x3C, 0xC6, 0x70, 0x6A, 0xA2, 0x8C, 0xE8, 0x40, 0x45, 0x05, 0x81, 0xE1,
    0xB0, 0xDF, 0x03, 0x7B, 0xBB, 0x5B, 0x15, 0x6D, 0x57, 0xDF, 0x0C, 0xF5, 0xB3, 0x67, 0xFC, 0xBB,
    0x59, 0x1C, 0x35, 0xD9, 0x5C, 0x62, 0xFF, 0x76, 0x74, 0x1E, 0xB2, 0x30, 0x54, 0xC8, 0x25, 0x18,
    0xC6, 0xFB, 0x94, 0xAB, 0xC5, 0x18, 0x56, 0x3F, 0x45, 0x25, 0x9B, 0x38, 0x77, 0xA6, 0x5B, 0xA3,
    0x11, 0x84, 0x37, 0x3F, 0xB8, 0xB1, 0x79, 0x9A, 0xA2, 0x33, 0x2E, 0xFE, 0xF3, 0x8F, 0x25, 0xA8,
    0xFA, 0x6E, 0x68, 0x42, 0xF9, 0x6C, 0x65, 0xFB, 0x7F, 0x9F, 0x96, 0x93, 0x7B, 0xB3, 0xDD, 0xD7,
    0xBF, 0x43, 0xC7, 0x4E, 0x5F, 0x96, 0x01, 0xED, 0x42, 0x17, 0xFA, 0x1F, 0xCD, 0xBC, 0x8D, 0x3B,
    0xA1, 0x9A, 0x7E, 0xDB, 0x7B, 0x2E, 0x74, 0x92, 0x73, 0x92, 0x8E, 0x7B, 0x87, 0xB5, 0xCF, 0xC8,
    0xBD, 0xF2, 0xE4, 0x0D, 0xC4, 0x62, 0x27, 0xB7, 0xFF, 0xF5, 0xB3, 0x7E, 0x7A, 0xF9, 0xCD, 0x9E,
    0x3C, 0xB9, 0x33, 0x4F, 0xF6, 0xBC, 0xF6, 0x2E, 0xAF, 0xFE, 0xF3, 0x6A, 0x6B, 0x63, 0xB8, 0x22,
    0x86, 0xF1, 0x96, 0x7E, 0xD1, 0x16, 0xBB, 0x80, 0xE3, 0x55, 0x42, 0x67, 0x5E, 0x7B, 0xAE, 0xFF,
    0x5B, 0xD6, 0xE0, 0x3E, 0xE7, 0x91, 0x61, 0xE5, 0x57, 0xFD, 0x4C, 0x10, 0x5C, 0xF5, 0x08, 0xA5,
    0xDF, 0x78, 0x98, 0x82, 0xC6, 0x0E, 0x7C, 0x90, 0x16, 0xAE, 0x0C, 0x8A, 0xAB, 0x68, 0x37, 0x68,
    0x29, 0xB9, 0xDF, 0x18, 0x41, 0x43, 0x76, 0xC4, 0x18, 0xA1, 0x18, 0x6B, 0x63, 0x64, 0x05, 0xAD,
    0x66, 0x6F, 0x21, 0x07, 0x8C, 0x51, 0x68, 0xA3, 0x33, 0x5F, 0x0A, 0x26, 0xB4, 0xA1, 0xF2, 0x67,
    0x38, 0xED, 0xA8, 0x16, 0xEA, 0x6E, 0x3B, 0x6F, 0x99, 0x48, 0xE6, 0xD9, 0x57, 0xA8, 0x3F, 0x88,
    0xE9, 0x5F, 0x6C, 0xA8, 0xFE, 0xC0, 0xE5, 0xC0, 0x7B, 0x3A, 0x98, 0xE4, 0x86, 0xDD, 0xB2, 0xCC,
    0xE3, 0x32, 0x60, 0xC5, 0xBE, 0x01, 0x66, 0x26, 0x15, 0xF0, 0x4A, 0xC8, 0xFC, 0xBC, 0x0A, 0x79,
    0xCA, 0x78, 0x23, 0xEE, 0xA2, 0xA4, 0xE7, 0x65, 0xCD, 0xC0, 0x62, 0xBC, 0xFD, 0xB7, 0xB1, 0x04,
    0xD7, 0xC2, 0xF5, 0x71, 0xCD, 0xEA, 0x08, 0x40, 0x72, 0x35, 0x35, 0x78, 0xF8, 0x3C, 0x15, 0xFD,
    0xC2, 0x3D, 0xD5, 0xEB, 0x10, 0xDA, 0x4F, 0xEE, 0x63, 0x29, 0x37, 0x7B, 0x3F, 0x7B, 0xEE, 0x3F,
    0x8F, 0xF8, 0x3F, 0x2B, 0x67, 0x27, 0x99, 0x1C, 0xBE, 0xC4, 0x88, 0x2A, 0x5A, 0xD9, 0x2A, 0xC3,
    0xDA, 0x91, 0x09, 0x9A, 0x6B, 0xC9, 0x9D, 0x25, 0x68, 0xCD, 0x77, 0x94, 0xD1, 0x88, 0xE0, 0x28,
    0x94, 0xA8, 0x99, 0x87, 0x27, 0xF7, 0x17, 0x79, 0xCE, 0xC4, 0x87, 0xBD, 0x5B, 0xB3, 0xBC, 0x54,
    0x60, 0xFD, 0x98, 0xDB, 0x6F, 0x55, 0x3F, 0x1A, 0x72, 0x0F, 0xD5, 0xA5, 0x7F, 0x9E, 0xE3, 0x06,
    0xF5, 0x0B, 0xDD, 0x86, 0xF0, 0xC6, 0x79, 0x07, 0x5E, 0x55, 0x2D, 0x15, 0x5E, 0xCB, 0xA5, 0x4F,
    0x18, 0x0B, 0x4E, 0x6C, 0xE5, 0xB7, 0x48, 0x03, 0xC7, 0xB2, 0x8F, 0x28, 0x3E, 0xE6, 0xAB, 0xDF,
    0x4A, 0x13, 0xF0, 0x9F, 0xD8, 0x73, 0xC6, 0x0E, 0x40, 0xDD, 0x61, 0x33, 0xD5, 0xA0, 0xDF, 0x4F,
    0x51, 0x82, 0xA2, 0x4F, 0x6D, 0x9B, 0x7E, 0x3E, 0xE4, 0x6F, 0x1B, 0x4B, 0xB4, 0x25, 0x0D, 0x90,
    0x09, 0x19, 0x5B, 0x51, 0xF3, 0x43, 0x63, 0xDF, 0xD9, 0x47, 0xA7, 0xDB, 0x18, 0xCE, 0x3A, 0x7C,
    0xDB, 0x84, 0xBE, 0x3D, 0x7A, 0x8B, 0x87, 0xBC, 0x68, 0xDF, 0x5B, 0xA3, 0xE1, 0x77, 0x4D, 0xA1,
    0x88, 0x58, 0x45, 0xEF, 0x3D, 0xCD, 0xC7, 0x5A, 0x64, 0xE5, 0xC9, 0xBB, 0x37, 0xBB, 0x63, 0xCB,
    0x77, 0xCB, 0xFA, 0xE6, 0x89, 0x8D, 0xF5, 0x6D, 0xC7, 0xB1, 0x98, 0x56, 0x2B, 0xA1, 0xA0, 0x7E,
    0xAE, 0x6A, 0x31, 0xB0, 0x95, 0x4B, 0xCE, 0xE0, 0xDF, 0xA5, 0x22, 0xEF, 0x50, 0xA0, 0x8C, 0xC1,
    0x2A, 0x8F, 0x0B, 0xFD, 0x76, 0x9B, 0x41, 0x27, 0x72, 0x08, 0xCD, 0x7B, 0x49, 0x56, 0x2C, 0x61,
    0xC8, 0x9D, 0xB2, 0xA2, 0xA1, 0x4E, 0xA0, 0xAB, 0xD3, 0x12, 0x34, 0x45, 0xE3, 0x0C, 0xAC, 0xD0,
    0x20, 0xD0, 0x7D, 0xAF, 0x02, 0xFF, 0xC3, 0x94, 0x72, 0x35, 0xE4, 0xE6, 0x2C, 0xD4, 0xF8, 0xF0,
    0x9B, 0x15, 0x7A, 0xD2, 0xE9, 0xBE, 0xD7, 0x0A, 0x92, 0xA7, 0x68, 0x4F, 0xAF, 0xE2, 0x31, 0xA9,
    0xA0, 0x31, 0xB0, 0xA2, 0xA6, 0x4C, 0xDE, 0xAF, 0xC4, 0xC2, 0xC7, 0xDF, 0xC7, 0xC8, 0x60, 0xB7,
    0x19, 0x19, 0xF5, 0xC3, 0x5E, 0x6D, 0x9D, 0x2A, 0xF8, 0x83, 0xE3, 0x7B, 0xF1, 0xBA, 0xBB, 0x4D,
    0xC5, 0x84, 0xA4, 0x0D, 0x15, 0x2D, 0x52, 0xD8, 0xE1, 0xA8, 0x9F, 0x95, 0xD8, 0xCF, 0xDB, 0xD9,
    0xF5, 0x1D, 0x01, 0x9F, 0x87, 0x6B, 0x18, 0xE9, 0x11, 0xEA, 0xE8, 0xB6, 0xB6, 0x2E, 0x3E, 0xD5,
    0x37, 0xD1, 0xBE, 0xA2, 0x93, 0xE4, 0x6C, 0xF7, 0x60, 0x67, 0x3B, 0x59, 0x65, 0xE9, 0xF1, 0x0E,
    0x3E, 0x26, 0xA4, 0x50, 0xB1, 0xD7, 0x8F, 0x0C, 0x42, 0xF3, 0x81, 0x8A, 0x75, 0x24, 0xD4, 0x03,
    0x6B, 0x67, 0x75, 0xCF, 0x2C, 0x9A, 0xF3, 0x5F, 0xB0, 0xE9, 0xB0, 0x17, 0x22, 0xBA, 0x12, 0x9F,
    0x61, 0xA9, 0x2D, 0x58, 0x93, 0x70, 0xC0, 0x3C, 0xBB, 0x27, 0x24, 0x03, 0x6D, 0x9A, 0xB4, 0x77,
    0x5A, 0x98, 0x47, 0x3D, 0xDE, 0xA3, 0x38, 0x4D, 0x94, 0x9E, 0x65, 0xA0, 0x38, 0x18, 0x8A, 0x10,
    0xF1, 0x55, 0xC2, 0x5F, 0x2D, 0x17, 0x25, 0x1C, 0x65, 0x51, 0x99, 0x07, 0xA8, 0x18, 0x57, 0x60,
    0xCE, 0xDE, 0x18, 0xC6, 0x87, 0xF5, 0x91, 0x26, 0xCA, 0xEB, 0x9B, 0xE7, 0xAC, 0xC4, 0xAB, 0x11,
    0x72, 0xE2, 0x64, 0x9E, 0x61, 0x0A, 0x52, 0x98, 0x17, 0x26, 0xEF, 0xFB, 0xC5, 0xCA, 0xB3, 0xAE,
    0x8C, 0x52, 0x52, 0xDC, 0xFC, 0xE0, 0xCA, 0x09, 0x67, 0x1E, 0xEB, 0x13, 0xF4, 0x6B, 0x21, 0x0E,
    0xDC, 0x02, 0xA6, 0x93, 0xA0, 0xB0, 0x9B, 0x4E, 0x58, 0x26, 0xE5, 0x19, 0x54, 0x8E, 0xBA, 0x7E,
    0x34, 0x7C, 0xEB, 0xE3, 0x0F, 0x40, 0x97, 0x80, 0xCB, 0x5F, 0xEC, 0x84, 0xAE, 0xC3, 0xD5, 0xCB,
    0x2B, 0xAD, 0xFC, 0xAD, 0x7C, 0x15, 0x7F, 0x7B, 0xE1, 0x72, 0xE8, 0xFA, 0x97, 0x4D, 0x97, 0x3F,
    0x7F, 0x09, 0x74, 0x49, 0xF9, 0xFC, 0xD1, 0x29, 0xD2, 0xAA, 0xF4, 0xFD, 0x45, 0x06, 0xC8, 0x25,
    0xBB, 0xCC, 0x2A, 0x83, 0x15, 0xE6, 0x35, 0x01, 0x82, 0xF4, 0xF6, 0x03, 0xE5, 0x2D, 0xD0, 0x75,
    0xD9, 0xE9, 0x03, 0x3F, 0xF5, 0xA1, 0xEB, 0xF2, 0xD3, 0x07, 0x0E, 0x0A, 0xE8, 0xFA, 0xED, 0x63,
    0xD7, 0xA0, 0xBC, 0xA1, 0x9C, 0x07, 0x55, 0xB9, 0x43, 0xDD, 0x0C, 0xBE, 0x97, 0xE0, 0xB9, 0x7F,
    0xB0, 0x93, 0x19, 0xD7, 0x97, 0x0B, 0xD0, 0xC0, 0x9D, 0x62, 0x7B, 0xA6, 0xF1, 0x24, 0xEE, 0xBB,
    0x87, 0x73, 0xE4, 0x13, 0x49, 0x2A, 0xC7, 0x08, 0x26, 0xBD, 0x03, 0x98, 0xF4, 0x51, 0xB2, 0x84,
    0x92, 0xA6, 0x0A, 0xDA, 0xF2, 0xD9, 0x8A, 0x37, 0x7B, 0xC3, 0xD9, 0xCA, 0x64, 0x4E, 0x06, 0x03,
    0x45, 0x6D, 0x13, 0x8C, 0xEF, 0x43, 0x42, 0xAA, 0x78, 0xD1, 0xEE, 0xC5, 0x87, 0x7A, 0x2B, 0xF7,
    0xDB, 0xA3, 0xC3, 0xC3, 0xEF, 0x44, 0xC3, 0x1A, 0x75, 0x3F, 0xBE, 0x5A, 0xE4, 0x9C, 0xE3, 0x07,
    0x8B, 0x9E, 0xEE, 0x9B, 0x98, 0x98, 0xC8, 0x4F, 0xD5, 0xB7, 0x37, 0x2C, 0x4A, 0xFE, 0x2F, 0x63,
    0x60, 0x60, 0x48, 0x61, 0x60, 0x75, 0xFC, 0xCB, 0xB0, 0xFF, 0xE1, 0x5F, 0xC6, 0xFF, 0x0F, 0xFE,
    0x30, 0xFF, 0x6C, 0x60, 0x60, 0xFE, 0xC0, 0x00, 0xC6, 0xF6, 0xFF, 0x0F, 0xFC, 0x81, 0x61, 0x20,
    0x9F, 0x28, 0xCC, 0xC0, 0xEA, 0xB0, 0x04, 0x68, 0xD6, 0x1F, 0xC6, 0xFF, 0x0F, 0x81, 0x66, 0x35,
    0x02, 0xC5, 0x18, 0xC1, 0xD8, 0xFE, 0xFF, 0x41, 0x38, 0x86, 0x89, 0x11, 0xC2, 0x00, 0xCD, 0x5B,
    0x0F, 0x70, 0x1C, 0x57, 0x79, 0xFF, 0xDE, 0xAE, 0x7C, 0x1B, 0xDD, 0xEE, 0xE9, 0x34, 0xAD, 0x4D,
    0x15, 0xEB, 0xA4, 0xCB, 0x4C, 0x14, 0xB8, 0x0C, 0xB2, 0x6E, 0x21, 0x07, 0x51, 0xB0, 0xEC, 0x5B,
    0xDB, 0x6D, 0x93, 0x3A, 0x01, 0xD4, 0x69, 0x5C, 0x1A, 0x42, 0xA7, 0xA2, 0x40, 0x9B, 0xA4, 0x14,
    0x5D, 0xC6, 0x1A, 0x2A, 0x1A, 0x3B, 0x5A, 0x3B, 0x0C, 0x19, 0x86, 0x40, 0x2F, 0x2D, 0x65, 0xDA,
    0x92, 0x29, 0x07, 0x31, 0x2D, 0x71, 0x1B, 0xA2, 0x50, 0x4D, 0x6B, 0x93, 0xD8, 0x7A, 0x96, 0x06,
    0x3B, 0x29, 0x66, 0xBC, 0x31, 0x99, 0xF1, 0xB4, 0x84, 0x76, 0x93, 0x88, 0x81, 0xE6, 0x9F, 0x0F,
    0xFB, 0x20, 0x67, 0x47, 0xBA, 0xED, 0xEF, 0x7B, 0x6F, 0x65, 0x49, 0x96, 0x14, 0x8C, 0xED, 0x38,
    0x48, 0xA3, 0xFB, 0x74, 0xB7, 0xBB, 0xEF, 0xFD, 0xBE, 0x3F, 0xEF, 0xFB, 0xF7, 0xDE, 0x11, 0xC5,
    0x3F, 0x83, 0x0D, 0x0F, 0xAF, 0x76, 0x59, 0xEC, 0x01, 0x19, 0xC6, 0x7F, 0x1E, 0x89, 0x80, 0xF8,
    0xCF, 0xE2, 0x0B, 0x05, 0x4A, 0xF1, 0x5D, 0x19, 0xCA, 0x31, 0x49, 0x92, 0xCB, 0xC4, 0xA4, 0x92,
    0x11, 0xD0, 0x98, 0xE1, 0x57, 0xCC, 0x2A, 0x4D, 0x0B, 0x19, 0x30, 0x21, 0x29, 0xF1, 0xD0, 0x10,
    0x88, 0x1A, 0x77, 0x96, 0x04, 0x1F, 0x23, 0x7A, 0x8B, 0x2F, 0x2B, 0x07, 0xC7, 0xA3, 0x5D, 0x07,
    0x64, 0xE9, 0x21, 0xBC, 0xDB, 0xE9, 0xBB, 0xC5, 0x28, 0x8A, 0x4C, 0xCA, 0xA5, 0xA3, 0x68, 0x26,
    0x49, 0x29, 0xA3, 0x26, 0xC2, 0x0C, 0x99, 0x5E, 0xFE, 0x34, 0xE6, 0x8B, 0x67, 0x8F, 0xB1, 0xCC,
    0x22, 0x8B, 0x71, 0x9E, 0xF5, 0x33, 0x18, 0xF9, 0xCB, 0x80, 0x37, 0x17, 0x80, 0xEF, 0x5E, 0x08,
    0x9E, 0x89, 0x02, 0x8F, 0x89, 0x65, 0x90, 0xCA, 0x59, 0x19, 0xC0, 0xBD, 0xAC, 0xA9, 0xA9, 0x69,
    0x11, 0xF8, 0xFD, 0x5F, 0x5C, 0xF1, 0x08, 0xC0, 0xCB, 0x17, 0x1B, 0x01, 0xC0, 0x87, 0x52, 0xEE,
    0x9C, 0xF0, 0x0B, 0x77, 0x05, 0x07, 0xA2, 0x7B, 0xA8, 0x3B, 0xF7, 0xE2, 0xE9, 0x83, 0x00, 0x9F,
    0x90, 0xF2, 0x1B, 0x0C, 0x7E, 0x17, 0xAE, 0x60, 0xE6, 0xC4, 0x2E, 0x46, 0xD0, 0x7B, 0x16, 0xF8,
    0x68, 0x09, 0xF0, 0x24, 0xC6, 0x35, 0x4F, 0xD9, 0x72, 0xA2, 0xC6, 0x14, 0x2F, 0x59, 0x06, 0x08,
    0x9E, 0x0C, 0x00, 0x68, 0xE1, 0xCF, 0x46, 0x31, 0x56, 0x13, 0x51, 0x13, 0x38, 0x28, 0x31, 0x83,
    0x60, 0xE8, 0x29, 0x5C, 0x13, 0x87, 0x48, 0x4C, 0xF0, 0xF5, 0xDF, 0xF3, 0x0C, 0x3F, 0x2B, 0xC5,
    0x8C, 0xE1, 0x9B, 0x9E, 0x5B, 0x32, 0xAF, 0x17, 0xD2, 0x5C, 0xC1, 0x9F, 0xAF, 0x92, 0xE6, 0x2B,
    0x4C, 0xF3, 0x32, 0xE5, 0x30, 0x6D, 0x1B, 0x2A, 0x64, 0x58, 0x13, 0x37, 0x65, 0xDC, 0x1C, 0xAB,
    0xE2, 0xB0, 0xE3, 0xBA, 0x5F, 0x27, 0x5A, 0xFD, 0x59, 0xA7, 0x33, 0x64, 0x65, 0x58, 0x63, 0x62,
    0x34, 0x1B, 0x45, 0xD3, 0x2D, 0x1E, 0xF5, 0x1A, 0x55, 0x2B, 0xC4, 0x7C, 0x29, 0x82, 0x3E, 0x20,
    0x2B, 0x8B, 0xF1, 0x04, 0x73, 0xF8, 0x28, 0xDB, 0xBF, 0xA2, 0x36, 0x1F, 0xFF, 0xD9, 0x4A, 0xF9,
    0x25, 0x2D, 0x4A, 0x84, 0x22, 0x84, 0x52, 0xCC, 0x2A, 0xF4, 0xC1, 0x4A, 0x31, 0xAB, 0xCA, 0xA2,
    0x60, 0x53, 0x52, 0xC6, 0x44, 0x04, 0x78, 0xFA, 0x8C, 0x52, 0x3E, 0x4A, 0x94, 0xF0, 0x16, 0x58,
    0xD4, 0xC4, 0x62, 0x8B, 0x32, 0xB5, 0x45, 0x35, 0x2E, 0xA9, 0x45, 0x59, 0xA1, 0xB6, 0xA8, 0x4C,
    0x4B, 0xEA, 0x6C, 0x53, 0x9A, 0x05, 0x7F, 0xFB, 0x12, 0xCB, 0xA1, 0xA0, 0xC1, 0x77, 0x9F, 0x05,
    0xBE, 0x7D, 0xFE, 0x72, 0x38, 0x17, 0x8B, 0x8A, 0xC1, 0x07, 0x62, 0x8F, 0x45, 0xD4, 0x07, 0xCD,
    0xBD, 0xCF, 0xE7, 0x47, 0xA9, 0x1E, 0x28, 0xF0, 0xAE, 0xAB, 0xC0, 0x57, 0xBA, 0x14, 0x78, 0xE9,
    0x14, 0x34, 0x29, 0x69, 0x52, 0x31, 0x42, 0x51, 0x2B, 0x15, 0x82, 0x54, 0x77, 0xB2, 0x23, 0x1B,
    0x2C, 0x0D, 0x1E, 0x16, 0x94, 0x88, 0xC1, 0xEF, 0x90, 0xA5, 0xBD, 0x73, 0x92, 0xDF, 0x34, 0x0F,
    0xBC, 0x51, 0x55, 0xE0, 0x1B, 0xE7, 0x07, 0xFE, 0x9C, 0x25, 0xDF, 0x8A, 0x6B, 0x90, 0xFC, 0x3A,
    0xD8, 0x23, 0x4B, 0x3E, 0x10, 0x2C, 0x79, 0x7A, 0x3C, 0xED, 0x03, 0x6E, 0xB6, 0x2C, 0xF6, 0x83,
    0x74, 0x01, 0xEE, 0xEB, 0x3B, 0xA2, 0x45, 0x92, 0xB7, 0xC2, 0xF3, 0x01, 0xBF, 0x3A, 0x8A, 0x4E,
    0x41, 0xDC, 0x30, 0xA8, 0xC1, 0x1A, 0xE5, 0x7D, 0xDC, 0x32, 0x4E, 0x45, 0x40, 0xDA, 0x93, 0xF7,
    0x8A, 0xDB, 0xF0, 0xE8, 0x08, 0xA5, 0x4F, 0xF7, 0x8B, 0x5B, 0x67, 0xC8, 0xC4, 0x74, 0x51, 0x95,
    0xAC, 0xC4, 0x78, 0x34, 0x95, 0xD3, 0x1C, 0x39, 0xE0, 0x09, 0x3F, 0xCD, 0x7A, 0x3D, 0x58, 0x54,
    0x30, 0x6B, 0xF8, 0x25, 0x37, 0x95, 0x69, 0x76, 0xCC, 0x59, 0x03, 0x8B, 0x49, 0x41, 0x93, 0xF8,
    0xCE, 0x0C, 0x4D, 0x19, 0x41, 0x33, 0xAF, 0xD3, 0x06, 0x46, 0xB1, 0xF8, 0xC3, 0x9C, 0xF2, 0x1E,
    0x6C, 0x8F, 0x21, 0xC0, 0x4B, 0x65, 0x05, 0x36, 0xDF, 0x1C, 0x2C, 0x06, 0x3F, 0xA0, 0x5E, 0xBB,
    0xA6, 0x29, 0x1B, 0x05, 0x34, 0xFD, 0x5D, 0x63, 0x8A, 0x3E, 0x61, 0xDE, 0x77, 0x00, 0x5E, 0xC3,
    0x78, 0xD9, 0x09, 0xBA, 0xF8, 0x86, 0x4C, 0x45, 0xDD, 0x92, 0x53, 0x16, 0x42, 0x05, 0x35, 0x3B,
    0x95, 0xD4, 0xEC, 0x54, 0x89, 0x49, 0xFC, 0xA1, 0x2B, 0x30, 0x1F, 0x2C, 0xCC, 0x08, 0xA9, 0x07,
    0x84, 0xF6, 0x89, 0x3A, 0x93, 0x86, 0x98, 0x66, 0xF2, 0x38, 0xC2, 0x83, 0x5B, 0xA0, 0x56, 0xFC,
    0xCE, 0x3E, 0xEE, 0xA8, 0x77, 0x32, 0x49, 0x3D, 0x22, 0x64, 0xE7, 0x65, 0x34, 0x3C, 0x4B, 0x21,
    0x66, 0xA9, 0x0C, 0x91, 0xFA, 0xEB, 0xD4, 0x8E, 0x87, 0x91, 0x29, 0xBF, 0x13, 0x95, 0xCF, 0xC7,
    0x6C, 0x4C, 0xA9, 0xCC, 0xA6, 0x43, 0x9B, 0x8D, 0x7B, 0x66, 0xC1, 0x36, 0xC1, 0x6C, 0x30, 0x7C,
    0x9F, 0xF2, 0x36, 0x22, 0xD4, 0xDE, 0x66, 0x8A, 0xBD, 0x4D, 0x59, 0x7C, 0x70, 0xCE, 0x6C, 0x34,
    0x51, 0x92, 0x10, 0xB2, 0x24, 0x3C, 0x1A, 0x30, 0xE0, 0xE8, 0x6B, 0x89, 0x00, 0x66, 0x43, 0xED,
    0x33, 0x18, 0x33, 0x36, 0xCC, 0x78, 0xBE, 0x37, 0xD2, 0xE6, 0xCF, 0xF2, 0x36, 0xB3, 0xF1, 0x2B,
    0xE9, 0x00, 0x6E, 0xD3, 0x82, 0xF8, 0x75, 0x95, 0x4F, 0xBF, 0xE6, 0xC9, 0xE0, 0x16, 0x8F, 0xAE,
    0x82, 0xCD, 0x73, 0x04, 0x01, 0x78, 0xFD, 0x5C, 0x81, 0xA6, 0x12, 0x92, 0xC1, 0x67, 0x1B, 0x17,
    0x08, 0x9E, 0xD5, 0x61, 0x3D, 0x2D, 0xF6, 0x81, 0x60, 0x19, 0x5A, 0x52, 0x59, 0x1D, 0x42, 0x96,
    0x1A, 0x2C, 0xA3, 0x03, 0x98, 0xAD, 0xCD, 0xDB, 0xF4, 0x0A, 0xB1, 0x04, 0xD5, 0xB3, 0x41, 0xC5,
    0xAE, 0x52, 0x83, 0x2A, 0x41, 0xAE, 0xDB, 0xDC, 0xE9, 0x97, 0x34, 0x6A, 0x77, 0x21, 0xF9, 0xBE,
    0x5A, 0x1D, 0xA5, 0xAF, 0xF1, 0xDB, 0xDE, 0x4A, 0x89, 0x87, 0x1E, 0x0B, 0x0A, 0x40, 0x66, 0xFC,
    0x8F, 0xCC, 0x60, 0x6C, 0xDB, 0xF4, 0x5B, 0x8C, 0x29, 0xF1, 0x18, 0x42, 0x9E, 0xD7, 0x1E, 0x6D,
    0xF4, 0x24, 0x66, 0x87, 0xF5, 0x4B, 0xC6, 0x02, 0x93, 0x62, 0x64, 0xEC, 0x07, 0x81, 0xF3, 0xCB,
    0xF5, 0xF3, 0x97, 0x7C, 0xD6, 0xA3, 0x75, 0x90, 0x3C, 0xAC, 0xD1, 0xBC, 0x87, 0x4A, 0x7C, 0x6D,
    0xA3, 0x1F, 0x1B, 0x43, 0x6C, 0x1A, 0xB2, 0xD0, 0x65, 0x5A, 0x20, 0xF0, 0xBB, 0x33, 0xCB, 0x99,
    0xCD, 0xAC, 0xE4, 0x5B, 0x59, 0x7F, 0xDD, 0xD4, 0x6B, 0x7B, 0x2C, 0x79, 0xBB, 0xFE, 0x06, 0x9B,
    0x0D, 0x47, 0x92, 0x24, 0xBD, 0x23, 0x9A, 0x4E, 0x47, 0xCF, 0xD3, 0x56, 0x26, 0x27, 0xFC, 0x07,
    0x99, 0xFC, 0x4C, 0x7E, 0x3F, 0x9A, 0xB6, 0xA3, 0xAA, 0x3C, 0x10, 0xD5, 0xCC, 0x28, 0x90, 0x72,
    0x24, 0x14, 0x91, 0x27, 0x65, 0xC2, 0xA7, 0x8F, 0x2E, 0x06, 0x9F, 0x8F, 0x14, 0xF8, 0x62, 0xE4,
    0x33, 0x78, 0xBC, 0x63, 0xF0, 0xD6, 0x79, 0x82, 0x6F, 0x8F, 0xA6, 0x78, 0xD8, 0x1A, 0x0D, 0xE2,
    0x62, 0x1A, 0xC8, 0x43, 0xF5, 0x1C, 0xDB, 0x78, 0xA0, 0xEC, 0x45, 0x79, 0x30, 0xD3, 0xB7, 0xB6,
    0xE0, 0xDA, 0xEF, 0x07, 0xEC, 0xA0, 0x91, 0x97, 0x14, 0x8F, 0x44, 0xD1, 0xC9, 0xA8, 0x9E, 0x1F,
    0x8C, 0x26, 0x7F, 0x10, 0xD5, 0xF2, 0xE3, 0xD1, 0xC6, 0xE3, 0x51, 0x0D, 0xD7, 0x28, 0x8A, 0xEA,
    0xC5, 0xA8, 0xC1, 0x64, 0x6D, 0x34, 0x0D, 0x88, 0x3F, 0xB9, 0x6A, 0x3C, 0x24, 0xBB, 0xD1, 0xA5,
    0xDD, 0x4C, 0x21, 0x43, 0xFD, 0x74, 0x19, 0x9C, 0x29, 0x8C, 0x62, 0x0F, 0x55, 0x2C, 0x4A, 0x40,
    0x74, 0x32, 0x9E, 0x21, 0x9E, 0x6F, 0x76, 0xF6, 0x18, 0x4B, 0x8C, 0x2C, 0xC6, 0x79, 0x81, 0x0B,
    0x76, 0x35, 0xD1, 0xE5, 0x58, 0xB0, 0x48, 0x97, 0xAC, 0x09, 0xFF, 0xAB, 0x7C, 0xCB, 0x87, 0xCF,
    0x98, 0x4D, 0x3E, 0x14, 0x0D, 0x90, 0x5F, 0xAF, 0x8A, 0x22, 0x88, 0x72, 0x9C, 0xCB, 0x99, 0x0D,
    0x7C, 0xB1, 0xA9, 0xC6, 0x0C, 0xD4, 0x82, 0xB5, 0x7C, 0x96, 0x7C, 0xB1, 0x71, 0x49, 0xBD, 0x0D,
    0x67, 0xFC, 0x73, 0xA9, 0xFE, 0x52, 0x19, 0xFF, 0xD2, 0xE0, 0x11, 0xF2, 0xA6, 0xCD, 0xD9, 0x31,
    0xDF, 0x2C, 0x57, 0x19, 0x2F, 0xD8, 0x74, 0xDD, 0x6C, 0x2C, 0x97, 0x98, 0x2D, 0x09, 0xDE, 0x7E,
    0x53, 0xC1, 0x0F, 0x22, 0xE6, 0xED, 0xF4, 0x2B, 0x0C, 0xED, 0xCE, 0x79, 0x66, 0x43, 0xE3, 0x3E,
    0x9B, 0x0D, 0xBD, 0x5F, 0x2A, 0xB3, 0xB1, 0xFD, 0xE5, 0xCD, 0x46, 0x79, 0x1B, 0x5B, 0xFB, 0xF9,
    0x5E, 0x43, 0x9E, 0x0F, 0xF8, 0x2B, 0x34, 0xF8, 0xD7, 0xD4, 0x2D, 0xC6, 0x03, 0xEA, 0x01, 0x2B,
    0xA9, 0x1E, 0x4F, 0x99, 0x6A, 0xB0, 0x0C, 0x9C, 0x2D, 0xC0, 0x77, 0xC1, 0xF5, 0x62, 0xA2, 0x02,
    0x13, 0x93, 0x86, 0x39, 0x96, 0x1B, 0xFE, 0xC3, 0x9C, 0xF3, 0x0B, 0x79, 0x74, 0x66, 0x09, 0x91,
    0xCF, 0x4A, 0x3E, 0x0F, 0x17, 0x04, 0xF0, 0xAD, 0x24, 0xC4, 0xD9, 0xE0, 0x33, 0x64, 0x9F, 0xC2,
    0x98, 0x2D, 0x74, 0x9D, 0xE5, 0x5D, 0x12, 0xC9, 0x23, 0x60, 0x64, 0x20, 0x79, 0x4E, 0xDA, 0x36,
    0x6A, 0xC9, 0xDF, 0x7F, 0x46, 0xF2, 0x0B, 0x09, 0xBC, 0xFE, 0x26, 0x44, 0xD8, 0x74, 0x48, 0x33,
    0xCB, 0x4A, 0x3E, 0x36, 0x9B, 0x6C, 0x74, 0x49, 0xCD, 0xE6, 0xDC, 0x6B, 0xF3, 0x59, 0xB3, 0x31,
    0xA2, 0x90, 0xC1, 0xF7, 0x78, 0xB7, 0x31, 0xF8, 0x50, 0x81, 0x37, 0xBC, 0x5F, 0x81, 0x05, 0xCB,
    0x49, 0x3E, 0xE0, 0x22, 0x11, 0xEC, 0x51, 0x3E, 0x52, 0xA5, 0x69, 0x48, 0xF2, 0x03, 0x36, 0x9B,
    0x32, 0xED, 0x57, 0x66, 0x43, 0xF3, 0xCD, 0x06, 0x49, 0x10, 0xC0, 0xAF, 0xE8, 0xE9, 0xB9, 0x0C,
    0xE0, 0xAD, 0x93, 0x27, 0x6A, 0x0C, 0xDE, 0xF7, 0xFD, 0x4B, 0x25, 0xF9, 0xEA, 0x5C, 0x63, 0x81,
    0x89, 0x96, 0x7C, 0x65, 0x09, 0xC9, 0x57, 0xF5, 0x82, 0xCD, 0x68, 0xB3, 0xC9, 0x68, 0xB3, 0xE9,
    0xD5, 0x66, 0xE3, 0x68, 0xC9, 0x67, 0xB4, 0xE4, 0xAB, 0x17, 0x5D, 0xF2, 0x3C, 0x04, 0xC0, 0xF7,
    0x6A, 0xF0, 0x28, 0x04, 0x9A, 0x34, 0xF8, 0x75, 0x0A, 0x3C, 0x0A, 0x72, 0x06, 0x6F, 0x4D, 0xE9,
    0xCA, 0xFB, 0x83, 0x0B, 0xC0, 0x5B, 0x01, 0x83, 0xAF, 0xA5, 0xAB, 0x1E, 0x83, 0x4F, 0x47, 0x1E,
    0xC0, 0xA3, 0x7C, 0x92, 0x05, 0x4D, 0x90, 0xEC, 0x39, 0x20, 0x48, 0xCF, 0xB6, 0xA5, 0x23, 0x9E,
    0xAF, 0x9C, 0xD8, 0xA5, 0x66, 0x27, 0x4F, 0x97, 0xA4, 0xBE, 0x2A, 0x50, 0xF7, 0xCD, 0xE1, 0x7C,
    0x83, 0x5A, 0x3A, 0x3A, 0x25, 0xA6, 0xA6, 0x5F, 0x35, 0xC9, 0x07, 0x74, 0x0A, 0xE0, 0x31, 0xA1,
    0xB5, 0xF9, 0x6C, 0xF0, 0x76, 0x68, 0xD4, 0x01, 0x3E, 0x97, 0xB3, 0xAC, 0x45, 0xDE, 0xE6, 0x4C,
    0x3E, 0x5F, 0xD5, 0xF9, 0x7C, 0xA6, 0xE9, 0x0D, 0x00, 0x3F, 0xAF, 0x6F, 0xD3, 0xBB, 0x08, 0xFC,
    0xD0, 0xAC, 0xE4, 0x33, 0x5A, 0xF2, 0x85, 0xF9, 0xE0, 0xBD, 0x65, 0xD2, 0x83, 0x32, 0xA7, 0x93,
    0x0B, 0xBD, 0x4D, 0xF9, 0x6A, 0x54, 0xDE, 0x3B, 0x64, 0x69, 0x1C, 0x69, 0xDD, 0x51, 0xDF, 0x1D,
    0xF9, 0xCE, 0xD4, 0xC8, 0xA4, 0x97, 0x2B, 0x22, 0x05, 0xBD, 0x97, 0x52, 0x69, 0x29, 0xEF, 0x46,
    0x6A, 0x69, 0x48, 0x39, 0x9C, 0xC3, 0xCC, 0xD2, 0x1F, 0x18, 0x85, 0x20, 0x03, 0x7A, 0x10, 0x63,
    0xD8, 0x21, 0x2A, 0x06, 0xFC, 0xEC, 0xB1, 0x42, 0x55, 0x58, 0xCC, 0x5C, 0x18, 0x78, 0xA3, 0x0E,
    0xF0, 0x57, 0x20, 0x86, 0x01, 0xBC, 0x4D, 0x5D, 0x63, 0x3B, 0x64, 0x60, 0x84, 0x5D, 0x75, 0xC4,
    0xD4, 0xBB, 0x47, 0xBB, 0x06, 0x10, 0x61, 0x3D, 0x8E, 0x6F, 0x0C, 0xDE, 0xA8, 0xCF, 0x81, 0xBF,
    0xFD, 0xDC, 0xC0, 0xF7, 0xCE, 0x81, 0x97, 0xF4, 0xA0, 0xAF, 0xC0, 0xCF, 0x5C, 0x44, 0xF0, 0x4A,
    0xF2, 0xEC, 0xF9, 0x00, 0x1E, 0xCE, 0x31, 0xBB, 0x81, 0xC1, 0x8B, 0x9A, 0x72, 0x8E, 0x36, 0xB7,
    0xCA, 0xE0, 0x1C, 0x47, 0x90, 0xCF, 0xF3, 0x2D, 0xDE, 0xB9, 0x4A, 0x7E, 0x64, 0x21, 0xF8, 0xCA,
    0x12, 0xE0, 0x83, 0xA5, 0xC0, 0x5F, 0x04, 0x3F, 0x4F, 0x4B, 0xA7, 0x07, 0x82, 0xCD, 0x46, 0x8C,
    0x99, 0x4F, 0x63, 0xC1, 0x16, 0x3D, 0x1A, 0xDC, 0xB0, 0x38, 0xB7, 0x39, 0xA5, 0x6C, 0xFE, 0x3A,
    0x9D, 0x12, 0xBF, 0x01, 0x41, 0x0A, 0xB9, 0x4D, 0x09, 0xE0, 0x7B, 0x88, 0x3A, 0xE3, 0xA6, 0xD3,
    0xA6, 0xB3, 0xC1, 0x8B, 0x70, 0xB6, 0x7B, 0xB0, 0xA8, 0x65, 0xB9, 0x4C, 0x62, 0x86, 0xC2, 0x8F,
    0xC1, 0x0F, 0xDB, 0x3E, 0x83, 0xF7, 0xC9, 0x7F, 0xF3, 0x22, 0x6C, 0x2C, 0x6B, 0xEE, 0x10, 0x70,
    0x0D, 0xEB, 0xD3, 0x36, 0x06, 0x8F, 0xBA, 0x11, 0xE0, 0xCD, 0x3A, 0xAA, 0x74, 0x59, 0x31, 0x54,
    0x4B, 0xB6, 0x84, 0x4A, 0xCA, 0x9F, 0x2F, 0xF9, 0xBA, 0x92, 0xFC, 0xA7, 0x6C, 0x05, 0x1E, 0x3C,
    0x5C, 0x00, 0xF8, 0x6D, 0xFD, 0x0A, 0xFC, 0xF1, 0x4F, 0x2B, 0xF0, 0x18, 0x10, 0xE0, 0x5B, 0x38,
    0xA4, 0x00, 0x3C, 0x93, 0x24, 0xBD, 0x93, 0x3F, 0x04, 0xF8, 0xFC, 0xA7, 0x15, 0xF8, 0x2B, 0xCA,
    0xCB, 0x83, 0x37, 0x2E, 0x31, 0xF8, 0xDE, 0xA5, 0x24, 0x2F, 0xB4, 0xE4, 0x6D, 0x65, 0x36, 0xAA,
    0x69, 0x71, 0x0F, 0x95, 0xB8, 0xE3, 0x36, 0x71, 0x4E, 0x95, 0x94, 0xA5, 0xCD, 0x26, 0xAD, 0x92,
    0xE7, 0x52, 0x9B, 0x4A, 0xA5, 0x0B, 0xEE, 0x23, 0x0D, 0x0F, 0x29, 0xF1, 0x40, 0x41, 0x54, 0x91,
    0x12, 0x07, 0x4A, 0x3C, 0xA6, 0xCC, 0xF1, 0x7C, 0x24, 0xBB, 0x14, 0x82, 0x8A, 0xAB, 0xC0, 0xAF,
    0xAF, 0x2A, 0x64, 0xE2, 0xC2, 0x22, 0xAC, 0xF0, 0xA9, 0x1F, 0x66, 0xC3, 0x15, 0xB2, 0xA9, 0x76,
    0x1F, 0xAC, 0x45, 0xAD, 0x0F, 0x00, 0xEC, 0x66, 0xF0, 0xA1, 0xC1, 0x4E, 0x47, 0x3C, 0x6E, 0x97,
    0x01, 0xBE, 0xC7, 0xA3, 0x4F, 0x2C, 0x4E, 0xCC, 0x62, 0x9B, 0x8F, 0x5B, 0x1F, 0xAD, 0xE7, 0x99,
    0x55, 0xE6, 0x23, 0x9E, 0x3A, 0xEE, 0x08, 0xC6, 0xFD, 0xC1, 0x47, 0xF1, 0xF8, 0x10, 0x89, 0x09,
    0x54, 0xD0, 0x29, 0x35, 0x47, 0x68, 0x61, 0x86, 0x15, 0xC2, 0x33, 0xFC, 0x8C, 0xC6, 0x19, 0xF7,
    0x1C, 0xDD, 0x26, 0x7C, 0xE8, 0x95, 0x5C, 0xBB, 0x61, 0x44, 0xBE, 0xEA, 0x04, 0x12, 0xB9, 0xBA,
    0x21, 0x85, 0x77, 0xFD, 0xB4, 0x92, 0xDC, 0xF7, 0xD8, 0x92, 0xD2, 0x3B, 0x47, 0xDF, 0x7D, 0x5A,
    0x52, 0xCB, 0xFE, 0xD1, 0xF2, 0xA6, 0xEB, 0xA3, 0xEB, 0x9B, 0xBA, 0xCA, 0xE6, 0x1A, 0xF1, 0x3C,
    0x75, 0x95, 0x92, 0x8A, 0x13, 0x56, 0x8E, 0xE9, 0xB5, 0x49, 0x93, 0x4D, 0xC9, 0xF9, 0xDA, 0xBD,
    0x20, 0x9B, 0x73, 0x3D, 0xC8, 0x68, 0x8C, 0xD3, 0x21, 0x21, 0x69, 0x52, 0xDD, 0x83, 0x7C, 0x14,
    0x2E, 0xDB, 0xFA, 0x38, 0x45, 0x59, 0x5F, 0xB3, 0x5A, 0x55, 0x39, 0x11, 0x75, 0xA8, 0x7D, 0x1E,
    0x8A, 0xFB, 0x9F, 0xDC, 0xCF, 0x1A, 0xC2, 0xE5, 0x20, 0x09, 0x2C, 0xA2, 0x56, 0x4A, 0x35, 0xA9,
    0x4E, 0x86, 0xA3, 0x7B, 0xB1, 0x9A, 0xA3, 0x4C, 0xAE, 0xD2, 0x0D, 0xF6, 0x9D, 0xAB, 0x6B, 0xEB,
    0xA9, 0x48, 0x4E, 0x3E, 0xA3, 0x48, 0x67, 0x32, 0x87, 0xB1, 0x32, 0x19, 0x25, 0xD7, 0x5C, 0x41,
    0xB0, 0x9E, 0x0B, 0x2E, 0xD7, 0x63, 0x54, 0x02, 0x19, 0xF7, 0x28, 0x28, 0x88, 0xC9, 0x1D, 0x48,
    0xEF, 0x3A, 0x90, 0x7D, 0x14, 0x2C, 0xB2, 0x1A, 0x7A, 0x76, 0xCE, 0xCA, 0x18, 0xC1, 0x5E, 0x85,
    0x8C, 0xEC, 0x8B, 0xD1, 0xFA, 0x58, 0xD2, 0xDB, 0xB0, 0xE9, 0xCF, 0xD9, 0xFC, 0x82, 0x2C, 0x61,
    0x39, 0x57, 0xD9, 0x50, 0x2A, 0x1D, 0x89, 0x54, 0xEB, 0x23, 0x8A, 0x54, 0x7F, 0x1E, 0xEF, 0x2E,
    0x9A, 0xAB, 0xBC, 0x51, 0xD2, 0x7A, 0x44, 0x58, 0x7C, 0x98, 0x78, 0x46, 0x83, 0xDF, 0xFC, 0x4B,
    0x81, 0x57, 0xEB, 0x76, 0x11, 0xF8, 0x7E, 0x05, 0x1E, 0x85, 0x1F, 0x83, 0x2F, 0x46, 0x92, 0xC1,
    0x8F, 0x47, 0x81, 0x06, 0x2F, 0x19, 0x7C, 0x93, 0xF8, 0x85, 0xE0, 0xC5, 0xCD, 0x7A, 0x9B, 0x4D,
    0xD9, 0x52, 0x7A, 0xD7, 0x61, 0xD6, 0xD6, 0x5D, 0x5D, 0x87, 0x8F, 0xC0, 0x2C, 0x4E, 0x74, 0x1D,
    0xFE, 0x5E, 0x95, 0xAC, 0xBF, 0xD8, 0x75, 0xF8, 0xE5, 0x6D, 0x94, 0x1E, 0xF9, 0xE8, 0xE1, 0xFF,
    0xDD, 0x4F, 0xF9, 0x6F, 0xE1, 0xC3, 0x93, 0x74, 0xED, 0x3B, 0x41, 0xB6, 0xFA, 0x25, 0x8D, 0x45,
    0xB7, 0xF0, 0x03, 0x06, 0x5F, 0xA3, 0x32, 0x50, 0x8B, 0x69, 0xAA, 0xCC, 0x12, 0x55, 0x9A, 0x54,
    0x34, 0xF8, 0xB2, 0xBE, 0x53, 0x83, 0x17, 0x52, 0x81, 0xE7, 0x05, 0x04, 0xF0, 0x26, 0x0A, 0x70,
    0x88, 0x3C, 0xC5, 0x4D, 0xA7, 0x88, 0x17, 0x13, 0xC0, 0x73, 0x95, 0x18, 0xE7, 0xF3, 0xD6, 0xF9,
    0xE6, 0xF3, 0x05, 0x53, 0x99, 0x4D, 0x85, 0x1B, 0x13, 0xDD, 0xA6, 0x4F, 0x43, 0x8B, 0xCD, 0xA6,
    0xCB, 0x52, 0xDE, 0xA6, 0xC4, 0x8D, 0x5D, 0x99, 0x96, 0xB4, 0x6F, 0x5E, 0x7A, 0x90, 0xAC, 0xAB,
    0xAC, 0x72, 0x0C, 0x18, 0xE0, 0xE7, 0x7D, 0x1A, 0x85, 0xE4, 0xB1, 0x36, 0x0B, 0x73, 0x7D, 0x9B,
    0x34, 0x08, 0x24, 0xCF, 0x04, 0x92, 0xBF, 0x71, 0x2A, 0x31, 0xFD, 0xCB, 0x99, 0x4D, 0x76, 0x09,
    0x6F, 0xA3, 0xF7, 0x26, 0xD4, 0x4A, 0xED, 0xD0, 0xA6, 0x6F, 0x51, 0x12, 0xEE, 0xDE, 0x30, 0x7C,
    0x07, 0x59, 0x82, 0x08, 0x65, 0x8E, 0x25, 0xD9, 0x1D, 0xCC, 0xEE, 0x8C, 0xC4, 0xFE, 0x25, 0x95,
    0xA2, 0x40, 0xBA, 0xAE, 0x55, 0x43, 0x62, 0x36, 0xEB, 0x7B, 0x98, 0xD8, 0x0D, 0x97, 0xEF, 0x1C,
    0x36, 0xAA, 0xEC, 0xA5, 0xC6, 0xC8, 0x75, 0x48, 0xCC, 0x38, 0xD4, 0x96, 0x24, 0x2B, 0xBA, 0x97,
    0xDA, 0x4C, 0xCF, 0x8E, 0x26, 0xFC, 0x36, 0x21, 0x8D, 0x2F, 0x79, 0x61, 0x49, 0xCD, 0x5E, 0x94,
    0x8C, 0x85, 0x7B, 0x95, 0xB3, 0x3B, 0x23, 0xED, 0x4B, 0x79, 0x9B, 0xD7, 0x93, 0x7C, 0x89, 0xAD,
    0x33, 0x85, 0x80, 0xB9, 0x07, 0x92, 0xE7, 0xF0, 0x39, 0x27, 0x79, 0x24, 0x89, 0xAB, 0x21, 0xF9,
    0x44, 0x68, 0x4C, 0x71, 0x6E, 0x53, 0xB3, 0xD8, 0xB3, 0xDB, 0xDA, 0xCF, 0xC7, 0x81, 0xF6, 0x12,
    0x48, 0xFE, 0x3C, 0xBD, 0x0D, 0x84, 0xA2, 0x0B, 0x70, 0x51, 0xD7, 0xDB, 0x3A, 0xF5, 0xE5, 0x0A,
    0xF0, 0x6C, 0x14, 0x35, 0x00, 0xFE, 0x1A, 0x9A, 0x5C, 0x85, 0x94, 0xF8, 0xAE, 0xFD, 0xAF, 0x8D,
    0x4F, 0xF8, 0x85, 0x8F, 0xD0, 0xE4, 0xCA, 0x49, 0xEA, 0x5E, 0x7B, 0xFB, 0x8F, 0x07, 0x37, 0x53,
    0x6A, 0xC5, 0xEE, 0xDD, 0xBB, 0x2E, 0x3C, 0x31, 0x5B, 0x32, 0x3D, 0x68, 0x23, 0x6A, 0x06, 0xF8,
    0x31, 0xA8, 0xF0, 0x3F, 0xE9, 0x5A, 0xBE, 0x7B, 0x2B, 0x95, 0x56, 0x7B, 0x74, 0x35, 0xC0, 0xEF,
    0xAD, 0xD2, 0xAB, 0x07, 0x64, 0x50, 0x0A, 0xE8, 0xDF, 0x90, 0xC1, 0xBB, 0x12, 0x97, 0xE6, 0xC8,
    0xC1, 0x5D, 0x20, 0x81, 0xDB, 0xB8, 0xF5, 0x24, 0xF2, 0x79, 0x17, 0xB7, 0x40, 0xF2, 0x20, 0x5B,
    0x0D, 0xC4, 0xB3, 0x28, 0x3A, 0x69, 0x52, 0x8E, 0x09, 0x24, 0xEF, 0x36, 0xFE, 0xE5, 0xA4, 0x43,
    0x56, 0x09, 0xCF, 0x0D, 0x91, 0x59, 0x05, 0xA9, 0x62, 0x15, 0x87, 0x34, 0x8A, 0xE4, 0x87, 0x86,
    0x4D, 0x1F, 0x25, 0xA3, 0x9F, 0x55, 0xD5, 0xFB, 0xF8, 0x8F, 0xB6, 0x8C, 0xFB, 0x97, 0xB4, 0xE9,
    0xD4, 0xAF, 0x5C, 0x25, 0x3C, 0xBB, 0xDE, 0x5C, 0xF0, 0xF5, 0xE6, 0x82, 0x9C, 0xE7, 0xE7, 0x8B,
    0x91, 0xEA, 0x55, 0xDA, 0x17, 0xB1, 0xC5, 0x7D, 0xAB, 0x4F, 0x7B, 0x01, 0x1E, 0x22, 0xB7, 0x1E,
    0x58, 0x6E, 0x43, 0x0D, 0x2E, 0x88, 0xBB, 0xC4, 0x52, 0x81, 0x8F, 0x89, 0xE5, 0xBD, 0x4E, 0x8B,
    0xDB, 0xA8, 0xE9, 0x20, 0x35, 0xAD, 0xFC, 0x7C, 0x5A, 0xEF, 0x06, 0xA6, 0xA7, 0x55, 0x6E, 0x63,
    0xD5, 0x35, 0x78, 0xEF, 0x17, 0x83, 0x5F, 0x15, 0x7B, 0x9B, 0x53, 0x3C, 0xEC, 0xCC, 0x13, 0xC7,
    0xF1, 0x80, 0xFD, 0xC0, 0x13, 0xC7, 0x70, 0x6B, 0x3E, 0xF3, 0xC4, 0xB1, 0xF5, 0x44, 0xDF, 0x02,
    0xB9, 0xD2, 0x13, 0x27, 0xFA, 0x9E, 0xF8, 0xC1, 0x95, 0xD2, 0xDC, 0xFA, 0xD2, 0x13, 0xC7, 0x4E,
    0x56, 0xAC, 0xB5, 0x1F, 0x7A, 0xE2, 0xD8, 0x5D, 0xA5, 0x66, 0x9D, 0x17, 0xE8, 0xF4, 0x20, 0xE3,
    0x00, 0x46, 0x0B, 0x39, 0x6D, 0xC1, 0x7A, 0xCA, 0x93, 0x73, 0x79, 0x75, 0x1D, 0x93, 0x6C, 0x77,
    0x1B, 0x35, 0x93, 0x93, 0x52, 0x1B, 0x72, 0x4E, 0xC6, 0x54, 0x77, 0x76, 0x19, 0xFE, 0x16, 0xA2,
    0x2E, 0x97, 0x0E, 0x45, 0x55, 0xF6, 0x44, 0x47, 0x22, 0x44, 0x84, 0x82, 0x00, 0xE1, 0xF4, 0xE0,
    0xC6, 0x17, 0x6B, 0x96, 0x37, 0x3F, 0x3D, 0x18, 0x53, 0xE9, 0x41, 0xFB, 0x12, 0xE9, 0xC1, 0x2A,
    0xCD, 0x8A, 0x1D, 0xE9, 0xF3, 0x14, 0xFB, 0x3F, 0xF2, 0xBE, 0x2A, 0x4B, 0xF5, 0x87, 0x57, 0xDE,
    0xF0, 0x32, 0x68, 0xCB, 0xE7, 0xAF, 0xBC, 0xE1, 0x08, 0x9E, 0x5A, 0x07, 0xFA, 0x24, 0xF8, 0x7A,
    0x88, 0x29, 0x6E, 0x78, 0x92, 0xE9, 0x6D, 0x64, 0x3C, 0xF9, 0xCD, 0x2B, 0x37, 0xFF, 0xDF, 0x87,
    0x20, 0xBE, 0x63, 0x5E, 0xEA, 0xE3, 0x2D, 0x94, 0x30, 0x36, 0xC8, 0x42, 0xD2, 0xA2, 0x66, 0x94,
    0xDE, 0xAE, 0x69, 0xCE, 0xA3, 0x42, 0xE6, 0x2C, 0x93, 0xEC, 0x0D, 0x87, 0xBC, 0x96, 0x0E, 0x9B,
    0x3A, 0xAA, 0xDB, 0x21, 0xFC, 0xD7, 0xFC, 0xDE, 0x67, 0x28, 0x4D, 0xC6, 0x3F, 0x87, 0xBD, 0x7F,
    0x4F, 0x79, 0xDF, 0xBA, 0xA6, 0xF2, 0xAE, 0x6B, 0xBC, 0xA2, 0xEC, 0xF8, 0xD3, 0x81, 0x6B, 0x73,
    0x41, 0x51, 0x0E, 0x3D, 0x59, 0xBE, 0xFA, 0x86, 0xAE, 0x91, 0xA3, 0xC1, 0x4D, 0xD2, 0xA1, 0xCB,
    0x8A, 0x87, 0x48, 0xA0, 0xDE, 0x32, 0xF2, 0x9F, 0xC7, 0x6C, 0xA6, 0x67, 0x34, 0x65, 0xD8, 0x94,
    0x03, 0x03, 0xCA, 0x82, 0x76, 0xD6, 0xC1, 0x71, 0xB1, 0xA2, 0xAC, 0xDA, 0xAA, 0x8D, 0x8D, 0x73,
    0xCE, 0x1C, 0xEA, 0x05, 0x95, 0x39, 0x58, 0x1F, 0x5A, 0xB4, 0x1C, 0x42, 0xDE, 0xD6, 0x3E, 0xFB,
    0x34, 0x4B, 0x68, 0x30, 0x21, 0x0F, 0xBF, 0x73, 0x16, 0x65, 0x84, 0xCA, 0xA2, 0x9A, 0xDB, 0x94,
    0x45, 0x39, 0x8E, 0xB2, 0xA8, 0x74, 0x6C, 0x51, 0xD3, 0xF3, 0x2D, 0x0A, 0x84, 0x2D, 0xCA, 0xAA,
    0x69, 0x8B, 0xEA, 0xBF, 0x90, 0xE5, 0x30, 0x18, 0xD2, 0xF8, 0xD0, 0x32, 0x6B, 0x39, 0xEF, 0xD3,
    0x08, 0x52, 0x7D, 0xE9, 0x0A, 0xFF, 0x7E, 0x79, 0x34, 0x71, 0x99, 0xD9, 0xE6, 0xCA, 0xC9, 0xF4,
    0x7D, 0xE6, 0x7A, 0x57, 0x4E, 0xD8, 0x37, 0x98, 0x6B, 0x5C, 0x29, 0xF9, 0x5A, 0x59, 0x06, 0x7C,
    0xA7, 0x77, 0x66, 0x39, 0x70, 0x93, 0x6A, 0xA3, 0x5F, 0xB8, 0x05, 0x7E, 0xEC, 0x9E, 0xD9, 0xB0,
    0x92, 0x22, 0x6B, 0xFA, 0xBC, 0x1B, 0xC8, 0x08, 0x50, 0x76, 0x20, 0xCA, 0x86, 0xE4, 0x07, 0x9A,
    0x6C, 0xF5, 0x68, 0xFB, 0x1A, 0x1E, 0x6C, 0x8D, 0x93, 0xF0, 0x00, 0x3E, 0xD5, 0xAB, 0xB6, 0xEE,
    0x4A, 0xAB, 0x14, 0xF8, 0x8F, 0xCF, 0xEB, 0x47, 0x2D, 0xBD, 0x45, 0x1B, 0xBE, 0xCE, 0x16, 0xAD,
    0xE0, 0x9C, 0xCD, 0x9D, 0x5D, 0xCB, 0x59, 0xBD, 0xCB, 0x99, 0xD7, 0xAD, 0xFB, 0xE6, 0xE6, 0x8B,
    0x5E, 0x9B, 0x5B, 0x21, 0xD5, 0x21, 0xF9, 0xEB, 0x16, 0x76, 0x02, 0x91, 0x58, 0xC1, 0x6C, 0x7A,
    0x7B, 0xCD, 0xEB, 0x37, 0xC8, 0xC0, 0x0E, 0xE9, 0x65, 0x65, 0x36, 0xC4, 0x9D, 0x9D, 0x96, 0x3E,
    0xEB, 0x0F, 0x41, 0xDA, 0x9A, 0x90, 0x70, 0xCC, 0x81, 0x37, 0xEB, 0x0A, 0x7C, 0x76, 0x76, 0x8B,
    0xD6, 0xD3, 0x09, 0xA7, 0x3F, 0x0F, 0x7C, 0xE2, 0x1B, 0xBF, 0x02, 0x1B, 0x85, 0x4B, 0x74, 0x02,
    0x5F, 0x7F, 0xD3, 0xE4, 0x12, 0xEF, 0x3B, 0x60, 0x15, 0xEE, 0x59, 0x14, 0xBF, 0xC8, 0xA7, 0x2B,
    0x98, 0x0C, 0x36, 0x50, 0xD7, 0xD6, 0xF8, 0x54, 0x91, 0x25, 0x8F, 0xD7, 0x80, 0xB6, 0x21, 0x2B,
    0x80, 0x6D, 0x20, 0x73, 0xC0, 0xF3, 0x02, 0x36, 0x0F, 0x62, 0x6C, 0xA2, 0x6E, 0x26, 0xC8, 0x1C,
    0xC0, 0x8B, 0x09, 0x9F, 0xF6, 0x0A, 0x92, 0xC6, 0x1A, 0x89, 0xA3, 0x53, 0xE2, 0x67, 0x0C, 0x3E,
    0xDB, 0xB8, 0x71, 0x39, 0xF0, 0x7B, 0x54, 0x67, 0x9D, 0xC4, 0x77, 0xF1, 0xD9, 0x1A, 0x84, 0x95,
    0x0D, 0x90, 0xD4, 0x68, 0x81, 0xCC, 0x56, 0x98, 0xE5, 0x81, 0x2E, 0x32, 0xFB, 0x7A, 0xA2, 0xD7,
    0xD2, 0x39, 0x32, 0x8B, 0xE9, 0x93, 0x33, 0x79, 0xD0, 0xFC, 0xCE, 0x93, 0xD5, 0x22, 0xE8, 0x1A,
    0x71, 0xA2, 0x9A, 0xC6, 0xF5, 0x9B, 0xE9, 0x59, 0x69, 0x14, 0xC8, 0x50, 0x43, 0xBA, 0xA4, 0x2A,
    0x3F, 0x56, 0x88, 0xD4, 0x07, 0x7D, 0x7A, 0xFC, 0xFD, 0x94, 0x96, 0x77, 0x91, 0x75, 0x74, 0xA7,
    0xD7, 0x35, 0x50, 0xA7, 0xB7, 0xFA, 0xE0, 0x9C, 0xFE, 0xDD, 0x6B, 0x0F, 0x29, 0x4B, 0xE2, 0xB4,
    0x87, 0xFB, 0x5B, 0xF8, 0x39, 0x23, 0x5C, 0x3F, 0xF8, 0xC8, 0x8E, 0x2A, 0x65, 0x83, 0xDB, 0x9F,
    0xD9, 0x2D, 0x23, 0x3C, 0xDA, 0x77, 0xDF, 0xAD, 0x1B, 0x0E, 0x40, 0x6A, 0xE9, 0x57, 0x66, 0x58,
    0x7C, 0x29, 0xBA, 0xA3, 0xDC, 0x12, 0x9F, 0x51, 0x1C, 0xE6, 0xB1, 0xF7, 0x79, 0xED, 0x4A, 0x9B,
    0x89, 0xA8, 0xBE, 0x24, 0x1F, 0x41, 0xCC, 0xC7, 0xE8, 0xB9, 0xF1, 0xB1, 0x72, 0x69, 0x3E, 0xC4,
    0x02, 0x3E, 0xD6, 0x9E, 0xE1, 0xE3, 0x6D, 0x7F, 0x0B, 0x3E, 0x56, 0x7E, 0xD2, 0x6B, 0x8F, 0xC0,
    0x47, 0xFE, 0xB4, 0x67, 0xFD, 0x36, 0xF8, 0xC8, 0xE4, 0x28, 0xD5, 0x0C, 0x3E, 0xEE, 0x4B, 0xC1,
    0x99, 0xDE, 0xFE, 0xCC, 0x43, 0x4F, 0x26, 0x28, 0xD5, 0xDD, 0x77, 0xDF, 0x07, 0xAE, 0x47, 0xFD,
    0x52, 0xB7, 0x5F, 0x99, 0x41, 0x5C, 0xC6, 0x5D, 0x77, 0x94, 0xB9, 0x92, 0xE6, 0x84, 0x9E, 0x0B,
    0x5F, 0xDA, 0xEE, 0xA9, 0xD0, 0x06, 0x3E, 0xA6, 0x96, 0xE0, 0xC3, 0x64, 0x7D, 0x54, 0x62, 0x3E,
    0x26, 0x98, 0x8F, 0xF5, 0x31, 0x1F, 0x76, 0xCC, 0xC7, 0xA6, 0x33, 0x7C, 0x84, 0xE0, 0xC3, 0xB8,
    0x99, 0xFA, 0x7D, 0x31, 0x8B, 0xDF, 0x3D, 0xA3, 0x07, 0xE1, 0xF7, 0xC1, 0x1E, 0x4B, 0xF4, 0x16,
    0x1F, 0x45, 0x9B, 0xFF, 0x2E, 0x7A, 0x7B, 0x88, 0xF7, 0x1B, 0x4E, 0x7B, 0xE0, 0x37, 0xCF, 0xF7,
    0x65, 0xAB, 0xC8, 0xEC, 0x8D, 0x06, 0x5D, 0xE5, 0xA7, 0x06, 0x6F, 0xA1, 0x4F, 0x7A, 0x34, 0x65,
    0x3F, 0x57, 0x4F, 0x54, 0x38, 0xCD, 0x40, 0x05, 0x57, 0xA3, 0x64, 0x89, 0x8A, 0x9E, 0x78, 0x86,
    0xD4, 0x09, 0x30, 0xD6, 0x47, 0x8B, 0x3E, 0x2F, 0x45, 0x7C, 0xC6, 0x69, 0x6C, 0x21, 0x1F, 0x3F,
    0x59, 0x8E, 0x8F, 0xF9, 0xFA, 0xE8, 0x9E, 0xE3, 0xE3, 0x94, 0xE2, 0x63, 0xE3, 0x09, 0xCD, 0x07,
    0xF4, 0xA0, 0xF8, 0x58, 0x41, 0x2B, 0x0D, 0xF0, 0xB1, 0x73, 0xDC, 0x1F, 0x19, 0x03, 0x1F, 0x47,
    0x22, 0x39, 0x3E, 0x3D, 0x10, 0x53, 0xE8, 0xE5, 0x73, 0x91, 0x57, 0x9C, 0x76, 0xA9, 0xF8, 0xFD,
    0x88, 0xF2, 0xD5, 0x71, 0xCF, 0x08, 0xB6, 0x5D, 0x6E, 0x6F, 0x18, 0xC3, 0x6A, 0xA6, 0x22, 0xF3,
    0x93, 0xAF, 0x36, 0x31, 0x3F, 0xDE, 0x4A, 0x99, 0x7E, 0x75, 0x86, 0x3E, 0x4C, 0x54, 0x17, 0x41,
    0x00, 0xC7, 0x67, 0x8D, 0x22, 0x6C, 0xA0, 0x02, 0x6D, 0xE2, 0x1D, 0x28, 0xF3, 0x37, 0x35, 0x1F,
    0x2D, 0x67, 0xF1, 0x21, 0x97, 0xE7, 0xC3, 0x38, 0x9B, 0x8F, 0x33, 0xFA, 0x48, 0x2F, 0xA7, 0x8F,
    0xFB, 0x95, 0x5D, 0xCD, 0xEA, 0xE3, 0xCC, 0xFA, 0xC0, 0x58, 0xA8, 0x94, 0x85, 0xFF, 0x38, 0xF4,
    0x01, 0x3E, 0x02, 0xD6, 0x0F, 0xF8, 0x28, 0xD3, 0x6A, 0x36, 0x0C, 0xE8, 0xA3, 0x87, 0xF5, 0x81,
    0xF5, 0xE2, 0x18, 0xAC, 0x8F, 0xA7, 0xA9, 0x39, 0x25, 0x2A, 0x24, 0x6A, 0x62, 0xBC, 0x66, 0x55,
    0xC9, 0x1E, 0xE5, 0x5A, 0xF9, 0x25, 0x76, 0x4C, 0xAB, 0xFD, 0x59, 0x7D, 0xCC, 0xF2, 0x31, 0x74,
    0x31, 0xF9, 0x30, 0x4E, 0x84, 0xD9, 0x73, 0x59, 0xE7, 0xFB, 0x66, 0xD7, 0x39, 0x15, 0xB0, 0x3E,
    0xD6, 0x06, 0x6C, 0x57, 0x8F, 0x79, 0x98, 0x12, 0xEB, 0xFC, 0x67, 0x7C, 0x3F, 0x62, 0xA9, 0xAB,
    0x53, 0x0E, 0x83, 0xD7, 0x39, 0xBF, 0x6F, 0x50, 0x13, 0x54, 0x2A, 0x05, 0xAF, 0x73, 0x58, 0x95,
    0x5E, 0xE7, 0x31, 0x1F, 0xCB, 0xAC, 0xF3, 0x9C, 0x72, 0xD9, 0x44, 0x11, 0x37, 0x26, 0x42, 0x32,
    0xFE, 0x03, 0xFF, 0x5F, 0xEB, 0x92, 0x79, 0x27, 0x06, 0x7E, 0x10, 0x83, 0xB8, 0x7F, 0x19, 0x9D,
    0x9E, 0x04, 0xEE, 0x82, 0x7D, 0xB2, 0x61, 0x82, 0x66, 0xC4, 0xC9, 0x6A, 0x12, 0x34, 0x45, 0x27,
    0xC2, 0x14, 0xF8, 0xD8, 0x46, 0xAD, 0xBE, 0x05, 0x3E, 0x38, 0x53, 0x14, 0x55, 0xBD, 0x41, 0x48,
    0x55, 0xEA, 0x92, 0x7D, 0x10, 0xDD, 0x9F, 0x90, 0x2D, 0x8B, 0xE0, 0x63, 0x1F, 0x96, 0xE7, 0xE5,
    0x90, 0x51, 0x95, 0x8A, 0x3E, 0xF4, 0x40, 0x23, 0x7E, 0x22, 0xC0, 0xFA, 0x10, 0x63, 0xCC, 0x87,
    0xA3, 0xF8, 0x0F, 0x41, 0x35, 0x1F, 0x83, 0x65, 0xF0, 0xB1, 0x12, 0x65, 0xC8, 0xB0, 0x38, 0x08,
    0x7D, 0x08, 0x6A, 0x5A, 0x92, 0x8F, 0xB3, 0xF4, 0x11, 0xFF, 0x58, 0x35, 0xFD, 0x92, 0xE2, 0xC5,
    0xF3, 0xA9, 0x0C, 0x06, 0xAD, 0x92, 0x79, 0xC0, 0x21, 0x67, 0x4F, 0x36, 0x9A, 0x49, 0x3B, 0xD4,
    0x3C, 0xB2, 0xE9, 0xE7, 0xB5, 0xBB, 0xDB, 0x28, 0x51, 0x34, 0x7E, 0x5E, 0x5D, 0x07, 0xFE, 0xDA,
    0xE8, 0xA7, 0xA1, 0xC3, 0xB6, 0x43, 0x03, 0x3E, 0x8A, 0xAA, 0xB8, 0x6F, 0x07, 0x5C, 0xBC, 0xE3,
    0x08, 0xA1, 0x7A, 0xDB, 0x29, 0x8D, 0x1C, 0xC4, 0xF4, 0xD8, 0xAE, 0x4A, 0xE0, 0xA7, 0x95, 0x84,
    0x01, 0x7D, 0xA8, 0x13, 0xD4, 0x6B, 0x3D, 0x33, 0x00, 0x2A, 0xC4, 0x18, 0xDB, 0x0B, 0x9A, 0xD9,
    0xE0, 0x7B, 0x1E, 0xAD, 0x76, 0x52, 0xF2, 0x9B, 0xD4, 0xFA, 0xFC, 0xD0, 0x27, 0xA5, 0x79, 0x80,
    0xC4, 0xB1, 0x8C, 0x5F, 0x86, 0x6F, 0x32, 0xF7, 0x81, 0x01, 0x73, 0x94, 0x8C, 0x6E, 0xB8, 0xEB,
    0x8E, 0x2B, 0x90, 0xBC, 0x27, 0xF5, 0xFA, 0xB0, 0x3F, 0xA1, 0xD7, 0xB9, 0xF8, 0x27, 0xED, 0xAF,
    0xB6, 0x91, 0x3A, 0x7F, 0x27, 0xFE, 0x9B, 0x13, 0xFC, 0x51, 0x6E, 0x36, 0xAB, 0xCE, 0x9F, 0x5A,
    0xEF, 0x25, 0xC8, 0xBB, 0xEB, 0xAB, 0x77, 0xFC, 0x2E, 0xEB, 0x63, 0x4D, 0xFE, 0xD5, 0x28, 0xAD,
    0xED, 0xAA, 0xC6, 0x76, 0xD5, 0x63, 0x9C, 0xA8, 0xC2, 0xAE, 0x8C, 0x3F, 0x58, 0xF9, 0xEC, 0x81,
    0x04, 0xF4, 0xB1, 0xE3, 0x15, 0xEA, 0x0C, 0xB0, 0x3E, 0x26, 0x37, 0x7A, 0xAE, 0x5B, 0xA2, 0xD6,
    0x49, 0xAE, 0x2B, 0xEF, 0xA4, 0xEC, 0xCE, 0x7B, 0x57, 0x14, 0x4A, 0x45, 0xE8, 0x63, 0x5F, 0xD1,
    0xF6, 0x6B, 0x58, 0x0F, 0xFD, 0x29, 0x51, 0x7E, 0xB7, 0xF7, 0xF6, 0x63, 0x0F, 0xA7, 0xD2, 0x7B,
    0x1A, 0x9E, 0xF8, 0xAC, 0x95, 0xCA, 0xB1, 0x3C, 0x5E, 0x32, 0xF3, 0x85, 0x54, 0x8D, 0x3A, 0x7F,
    0x68, 0x16, 0x87, 0x9C, 0xE3, 0x10, 0xB7, 0x39, 0xB2, 0x2B, 0x05, 0x0C, 0x3D, 0x56, 0xF1, 0xEF,
    0xF8, 0xEC, 0x78, 0x4B, 0x32, 0xEF, 0xF0, 0x41, 0xCC, 0x66, 0xF6, 0xCD, 0x8C, 0xB5, 0x65, 0xCB,
    0x9F, 0x33, 0xCD, 0x74, 0x46, 0x2F, 0x24, 0xDF, 0x8C, 0x93, 0x0F, 0x71, 0x06, 0xD2, 0xDE, 0xF0,
    0x90, 0x81, 0x88, 0x5A, 0xA2, 0x8A, 0x0C, 0x44, 0x78, 0xD4, 0xFA, 0x66, 0x64, 0x20, 0xE7, 0x0B,
    0x1E, 0x70, 0xE7, 0xC0, 0x33, 0x2B, 0x97, 0x06, 0xBC, 0x9A, 0xC8, 0xD5, 0xD3, 0xC6, 0x20, 0x5E,
    0x77, 0x3B, 0x2F, 0x6E, 0xF3, 0x6A, 0xC6, 0x62, 0x36, 0x63, 0xA6, 0xDF, 0xAC, 0xDC, 0x8F, 0xEB,
    0x01, 0x80, 0x2F, 0xBE, 0x64, 0x45, 0xA8, 0x77, 0xBE, 0x72, 0x30, 0x35, 0x73, 0x40, 0x06, 0x13,
    0x9B, 0x9C, 0x2E, 0x14, 0x38, 0xD2, 0xE4, 0x23, 0x04, 0xB2, 0x92, 0x4C, 0x09, 0x90, 0xDE, 0x6E,
    0xF3, 0x7A, 0xE2, 0x8C, 0x5C, 0xBC, 0x01, 0xA7, 0x7D, 0x66, 0x2B, 0xE8, 0x17, 0xF4, 0xC6, 0x6A,
    0xAF, 0x3A, 0x4A, 0xAB, 0x8E, 0x43, 0x8E, 0xC6, 0x71, 0x3E, 0xA7, 0xC6, 0xD6, 0xFE, 0x2C, 0x03,
    0xDF, 0xC6, 0xFB, 0x43, 0x05, 0xDB, 0x5F, 0xC7, 0x3E, 0x78, 0xD4, 0x42, 0x56, 0x11, 0xC4, 0x39,
    0x12, 0x62, 0xFC, 0x66, 0xA8, 0xE5, 0x8E, 0x6E, 0x6A, 0xB9, 0x7A, 0x7B, 0xD6, 0xFA, 0xEB, 0x2F,
    0xA0, 0xD0, 0x37, 0xBF, 0xD0, 0x0D, 0x87, 0x50, 0x68, 0xA1, 0xD1, 0xC0, 0x46, 0xB4, 0x33, 0x64,
    0xD6, 0xEB, 0x25, 0x39, 0x40, 0x43, 0x16, 0xD2, 0x33, 0x30, 0x93, 0xA2, 0x57, 0x31, 0x59, 0xE9,
    0xBA, 0x71, 0x3F, 0xFB, 0x25, 0x4F, 0xBA, 0x89, 0xFE, 0x90, 0x6E, 0x17, 0xB2, 0x5B, 0x55, 0x56,
    0xA6, 0x07, 0xDC, 0x83, 0x3E, 0xAD, 0x21, 0x11, 0x45, 0x81, 0xEA, 0x44, 0xAF, 0xE8, 0x27, 0xBA,
    0x79, 0x9E, 0xEF, 0xFC, 0x0E, 0x7D, 0x00, 0x53, 0x3B, 0x8F, 0x4D, 0x3E, 0x3C, 0xC0, 0x47, 0x10,
    0x0E, 0xB2, 0x41, 0x77, 0xD1, 0x21, 0xDE, 0x95, 0x0A, 0xAD, 0x8D, 0x12, 0x8E, 0xCE, 0x1B, 0xA6,
    0x61, 0xC3, 0x4F, 0x22, 0xD4, 0x58, 0x7E, 0x90, 0x69, 0x11, 0xBB, 0xBD, 0x8A, 0x5B, 0xC8, 0xDD,
    0xBD, 0x65, 0x4F, 0x21, 0xE7, 0xBE, 0x33, 0x20, 0xEB, 0x26, 0x67, 0xE0, 0x1F, 0x30, 0xD2, 0x7F,
    0x39, 0x65, 0x84, 0x52, 0x7A, 0x4F, 0xB3, 0xAC, 0x36, 0x51, 0x6B, 0x36, 0x21, 0x83, 0x1E, 0xAA,
    0xD9, 0x09, 0xE9, 0x75, 0x52, 0x55, 0x24, 0xF4, 0xD9, 0xEF, 0x66, 0x7D, 0x6A, 0xDD, 0x71, 0x55,
    0x33, 0xCB, 0x81, 0xCB, 0x82, 0x28, 0xBB, 0x74, 0xF3, 0xA3, 0x64, 0xEB, 0x5E, 0xB7, 0xA1, 0xCE,
    0xA9, 0x78, 0xCA, 0xE1, 0xAF, 0x61, 0xA1, 0x53, 0x7B, 0xA8, 0x84, 0x7E, 0x6A, 0x7E, 0x6F, 0x3D,
    0x4E, 0x02, 0xCC, 0x58, 0x70, 0x86, 0xA7, 0x82, 0x6A, 0xAB, 0xF0, 0x4D, 0xB8, 0x70, 0x7D, 0xC4,
    0xBE, 0x97, 0x83, 0xC7, 0x60, 0x9D, 0xA0, 0x6F, 0x61, 0x3D, 0xDD, 0x2E, 0x3D, 0x3D, 0xA0, 0x0A,
    0xEC, 0xA1, 0x0E, 0x2C, 0xAC, 0x00, 0x56, 0x90, 0x1D, 0x2B, 0x4C, 0x6D, 0xCF, 0x0C, 0xC5, 0x49,
    0x65, 0x87, 0xFA, 0x1E, 0x8F, 0x12, 0x22, 0xE6, 0x83, 0x5B, 0x09, 0x32, 0xD4, 0x5C, 0x4E, 0x56,
    0xC8, 0xD5, 0xBD, 0x61, 0xCA, 0xB9, 0x50, 0x35, 0x82, 0x81, 0x33, 0xE0, 0x32, 0xCD, 0x38, 0x25,
    0x75, 0xA1, 0xDB, 0x71, 0x6D, 0x60, 0x1D, 0x0C, 0x91, 0xCA, 0xBE, 0x25, 0xB4, 0xBF, 0xC8, 0xBA,
    0xA3, 0xEB, 0x6E, 0xC3, 0xA8, 0xC6, 0x0B, 0xBB, 0xBF, 0xFD, 0xCD, 0xDD, 0x8F, 0xF8, 0xB4, 0x7A,
    0x77, 0x39, 0xB1, 0x7B, 0x97, 0xB2, 0x25, 0xCD, 0x95, 0x5D, 0xFE, 0x8D, 0x20, 0xC6, 0x3C, 0x1C,
    0x63, 0x49, 0xC7, 0xC6, 0xC3, 0xC1, 0x2F, 0x11, 0x7F, 0xE6, 0x14, 0xA7, 0x06, 0xEB, 0xE0, 0xA7,
    0xE3, 0x58, 0x23, 0x7A, 0x3F, 0x0C, 0x38, 0xFA, 0xAD, 0x16, 0xB9, 0xB3, 0x41, 0xE6, 0x7B, 0xB9,
    0xC9, 0xF3, 0xA8, 0x4C, 0x16, 0x98, 0xF6, 0x56, 0x9A, 0x61, 0x15, 0x88, 0x51, 0x03, 0x30, 0xC4,
    0xC7, 0xF6, 0x92, 0x19, 0x98, 0x94, 0xDD, 0x91, 0x98, 0x12, 0xB2, 0xC5, 0x08, 0xA3, 0x99, 0xAC,
    0x57, 0xC9, 0x74, 0x06, 0xD1, 0x8C, 0x33, 0xEA, 0xE6, 0xFA, 0x4A, 0xAB, 0xCB, 0x85, 0xC7, 0x73,
    0xEE, 0xB1, 0x4E, 0x2F, 0xF1, 0xD4, 0xC1, 0x8C, 0x3B, 0xB1, 0x63, 0x7C, 0xC6, 0xDC, 0xE4, 0xB8,
    0x3F, 0x46, 0x64, 0xCF, 0x7E, 0xD9, 0x71, 0xB7, 0x67, 0xFB, 0x13, 0xB5, 0x19, 0xA7, 0x8B, 0x92,
    0xE3, 0x0D, 0xC9, 0xBB, 0x57, 0xDD, 0x2C, 0x1B, 0xD7, 0x46, 0x50, 0xA7, 0x1E, 0x11, 0x08, 0x5E,
    0x08, 0x46, 0x43, 0xED, 0x72, 0xE8, 0xA6, 0x52, 0x8F, 0xF7, 0x47, 0x9E, 0x96, 0x2F, 0x37, 0xB8,
    0x15, 0xF6, 0x5E, 0x9A, 0x4B, 0xAC, 0x32, 0x23, 0xFE, 0x38, 0x07, 0xB7, 0x77, 0x05, 0x8F, 0xED,
    0x38, 0xEA, 0x93, 0x79, 0x02, 0x11, 0xF7, 0x5B, 0x75, 0x4A, 0xBD, 0x15, 0x0F, 0x6D, 0xB5, 0x29,
    0xF3, 0xD6, 0x7B, 0x64, 0xDF, 0x83, 0x9B, 0xBC, 0xDC, 0x3B, 0x0E, 0xC9, 0xBE, 0x89, 0x9D, 0x7E,
    0xCE, 0x9D, 0xF0, 0xDA, 0x40, 0x33, 0xEF, 0x86, 0x1D, 0xE2, 0xF3, 0xCC, 0xDB, 0xF8, 0x3E, 0xD3,
    0xCB, 0x5D, 0x2B, 0xA2, 0xDA, 0x35, 0xA8, 0xDB, 0xB6, 0x6E, 0x8C, 0xEA, 0x77, 0x1E, 0x90, 0xA5,
    0x9F, 0x06, 0x23, 0x4F, 0x3D, 0x55, 0x0D, 0xBE, 0x76, 0xDB, 0xA7, 0xA8, 0x7D, 0xD3, 0x6D, 0x95,
    0xC9, 0x54, 0x22, 0xAA, 0xB5, 0x38, 0xEE, 0xE4, 0x5F, 0x61, 0xFE, 0xBB, 0xBB, 0xDD, 0x03, 0xF5,
    0xBD, 0x5E, 0xFB, 0xB1, 0x9A, 0x5B, 0xA6, 0xCE, 0xE8, 0x35, 0x64, 0x5A, 0x2E, 0xAF, 0x6D, 0x49,
    0xB2, 0x83, 0x0B, 0x88, 0x61, 0xCB, 0x53, 0x2C, 0xD8, 0x75, 0xD5, 0x06, 0x53, 0x66, 0x75, 0x4A,
    0x3C, 0xAE, 0x8D, 0x50, 0x1F, 0xB5, 0x52, 0xB2, 0x77, 0x75, 0xAE, 0xF6, 0xEC, 0x8C, 0x98, 0x86,
    0x14, 0x0E, 0x19, 0xAF, 0x58, 0x48, 0x5E, 0x3E, 0x0B, 0xBF, 0xB9, 0x99, 0xB2, 0xBF, 0x03, 0x31,
    0xDC, 0x1B, 0x94, 0x92, 0x7D, 0x74, 0xC2, 0x2B, 0x1C, 0xB3, 0xFA, 0xE8, 0xA4, 0x79, 0xD3, 0x11,
    0xAB, 0x69, 0xE5, 0x26, 0xF3, 0xF0, 0x0F, 0x92, 0x94, 0x33, 0x37, 0xDD, 0x57, 0x72, 0xEC, 0x89,
    0xFB, 0xFD, 0x42, 0xD6, 0xD9, 0x56, 0xDC, 0x3B, 0x19, 0x18, 0xEF, 0x0B, 0xE9, 0xC8, 0x67, 0x48,
    0xDC, 0xEB, 0xD3, 0xE4, 0x7B, 0x89, 0x50, 0x69, 0xCA, 0x69, 0x3E, 0xBA, 0x4C, 0x72, 0x0D, 0x4F,
    0x79, 0xAB, 0xC7, 0x1B, 0xC3, 0xE9, 0xE3, 0x01, 0x8D, 0xBA, 0x34, 0x1E, 0xF1, 0x77, 0x31, 0x20,
    0x49, 0x9B, 0xDC, 0x5C, 0x07, 0xEF, 0x1C, 0x8C, 0xDA, 0x2C, 0xDB, 0xBC, 0x4F, 0x4A, 0xD4, 0x0A,
    0x37, 0x65, 0x94, 0x6F, 0x2C, 0xA8, 0x57, 0x37, 0xAD, 0x5E, 0xB5, 0x13, 0x53, 0xA6, 0x5D, 0x18,
    0x6E, 0x87, 0x9D, 0xB9, 0xE5, 0x53, 0x1F, 0x08, 0xC8, 0xFD, 0x1B, 0x98, 0x08, 0xB9, 0x0F, 0xB7,
    0x42, 0x23, 0xEE, 0xD8, 0x30, 0xC7, 0xAE, 0xD1, 0xE1, 0x16, 0xC3, 0xC7, 0xD2, 0x4C, 0xAB, 0x78,
    0xA4, 0xCE, 0x26, 0x21, 0xAB, 0x93, 0xA8, 0x68, 0x1E, 0xE6, 0x57, 0xBA, 0x59, 0xBB, 0x49, 0x08,
    0x5E, 0x2D, 0x39, 0x47, 0xFD, 0x9F, 0x8C, 0x37, 0x3B, 0x39, 0x3A, 0xB0, 0x93, 0xC4, 0x5A, 0xDA,
    0x4E, 0xBC, 0xA1, 0x91, 0x88, 0x96, 0xFA, 0xA6, 0x47, 0xF3, 0x42, 0x9A, 0x69, 0x56, 0x7D, 0x4C,
    0x4A, 0x36, 0x2B, 0xC8, 0x48, 0xF7, 0x72, 0xBC, 0xE9, 0x5E, 0xE4, 0x8C, 0x14, 0x69, 0xEE, 0x49,
    0x8C, 0xF0, 0xF1, 0x1A, 0x99, 0x5B, 0x91, 0x59, 0xBF, 0xF4, 0x0C, 0xE5, 0xAF, 0x41, 0xB6, 0xF8,
    0xC0, 0x11, 0xEF, 0x5A, 0x45, 0xBF, 0x27, 0xAF, 0x51, 0xF4, 0xF0, 0x19, 0xBA, 0x15, 0xD9, 0xAB,
    0xF8, 0x47, 0xD0, 0x1F, 0xBD, 0xA3, 0xFC, 0xB1, 0xCF, 0x4C, 0xCB, 0x3F, 0xA6, 0xF5, 0x8F, 0x1E,
    0xF7, 0x2F, 0x93, 0x03, 0x46, 0x6D, 0xF4, 0x68, 0x1D, 0x5E, 0xB2, 0xC5, 0xF4, 0x7B, 0x93, 0x14,
    0x54, 0x72, 0x26, 0x65, 0x4C, 0x2F, 0x28, 0x61, 0x45, 0x81, 0x0B, 0xC9, 0x21, 0xC5, 0x56, 0xFB,
    0x64, 0x70, 0x45, 0x92, 0x39, 0xC3, 0xE2, 0x0A, 0xF8, 0x1A, 0xE6, 0x2F, 0xCF, 0x52, 0x2B, 0xFE,
    0xDC, 0x9A, 0xC7, 0x4E, 0x62, 0xBF, 0x32, 0x94, 0xF5, 0x5B, 0xD4, 0x4E, 0x7D, 0xA0, 0x3C, 0x08,
    0x64, 0xC1, 0x1E, 0x83, 0x19, 0xAA, 0x28, 0xF7, 0xCB, 0x4E, 0xD4, 0x55, 0x21, 0x8B, 0x82, 0x2D,
    0x62, 0x4B, 0x12, 0xF2, 0xBA, 0x43, 0x3C, 0x64, 0xEA, 0x2F, 0xFB, 0x08, 0x89, 0x1B, 0x57, 0xAA,
    0xAF, 0xE2, 0x58, 0x2F, 0x4A, 0xCE, 0xF7, 0x9A, 0xA0, 0xD0, 0xF8, 0x4B, 0x3B, 0x29, 0x1D, 0x84,
    0x93, 0x9A, 0x34, 0xEB, 0x5D, 0x6E, 0x47, 0x05, 0x29, 0x1A, 0xB2, 0xCB, 0xBA, 0x0E, 0x19, 0xF9,
    0xFA, 0x96, 0x3F, 0x63, 0xF7, 0x71, 0xC7, 0xB7, 0x1F, 0x3A, 0x9F, 0x40, 0xA4, 0xF6, 0xBE, 0x80,
    0x11, 0x01, 0x48, 0x05, 0x22, 0x5B, 0xAE, 0x9B, 0x1F, 0x88, 0x3C, 0x5A, 0x41, 0xAA, 0x1D, 0x4D,
    0x8F, 0x85, 0x5C, 0x97, 0x23, 0x3D, 0xBE, 0x42, 0x7D, 0x89, 0x69, 0x15, 0x7E, 0xB9, 0xEC, 0x7A,
    0xE1, 0xB9, 0x1F, 0x55, 0x11, 0x88, 0x4C, 0x6F, 0x1D, 0x2E, 0x22, 0x25, 0x60, 0x8F, 0x8E, 0x40,
    0xB4, 0x76, 0x83, 0x9F, 0xFD, 0x8A, 0x94, 0xEE, 0x8A, 0x17, 0xA9, 0x74, 0x0B, 0x07, 0xA2, 0x95,
    0x10, 0xCA, 0x2F, 0x0E, 0x44, 0xB3, 0xE7, 0x92, 0x52, 0x2F, 0x28, 0x92, 0xD6, 0x5D, 0x5C, 0xE7,
    0xC7, 0x8A, 0x74, 0x46, 0x8A, 0x74, 0xBC, 0xAA, 0xFD, 0xEE, 0xF3, 0x8A, 0xD1, 0xAE, 0xE7, 0x14,
    0x29, 0x3C, 0xA7, 0xCB, 0xC2, 0x67, 0x35, 0xF0, 0x50, 0x91, 0x4A, 0xA8, 0x24, 0x17, 0x84, 0x4A,
    0x9C, 0x32, 0x64, 0x01, 0xAE, 0x90, 0x21, 0x5B, 0xF1, 0x88, 0x17, 0xE6, 0xA1, 0xAF, 0x1F, 0x52,
    0x98, 0xDC, 0x4E, 0xBD, 0x09, 0x0A, 0x1D, 0x8B, 0xF1, 0xF1, 0x77, 0x26, 0x49, 0x1C, 0xFA, 0x57,
    0x25, 0xEA, 0x7D, 0xB6, 0x7A, 0xBC, 0x27, 0xAD, 0x66, 0x48, 0x77, 0xAA, 0x69, 0xFB, 0x2C, 0x5F,
    0xBB, 0xB6, 0xCA, 0x19, 0xCC, 0xFF, 0x0F,
};

static const EpdGlyph lexenddeca_12_regularGlyphs[] = {
    { 0, 0, 234, 0, 0, 0, 0 }, // U+0000
    { 0, 0, 111, 0, 0, 0, 0 }, // U+000D
    { 0, 0, 118, 0, 0, 0, 0 }, // U+0020
    { 5, 19, 105, 1, 18, 24, 0 }, // !
    { 10, 7, 174, 1, 18, 18, 24 }, // "
    { 17, 18, 279, 0, 18, 77, 42 }, // #
    { 14, 23, 251, 1, 20, 81, 119 }, // $
    { 20, 19, 354, 1, 18, 95, 200 }, // %
    { 18, 19, 301, 1, 18, 86, 295 }, // &
    { 4, 7, 88, 1, 18, 7, 381 }, // '
    { 8, 23, 150, 1, 18, 46, 388 }, // (
    { 9, 23, 150, 0, 18, 52, 434 }, // )
    { 10, 9, 162, 0, 18, 23, 486 }, // *
    { 13, 13, 237, 1, 14, 43, 509 }, // +
    { 5, 9, 110, 1, 4, 12, 552 }, // ,
    { 9, 4, 165, 1, 9, 9, 564 }, // -
    { 4, 5, 95, 1, 4, 5, 573 }, // .
    { 14, 22, 228, 0, 18, 77, 578 }, // /
    { 14, 19, 252, 1, 18, 67, 655 }, // 0
    { 10, 18, 209, 2, 18, 45, 722 }, // 1
    { 13, 18, 219, 1, 18, 59, 767 }, // 2
    { 13, 19, 220, 0, 18, 62, 826 }, // 3
    { 15, 18, 254, 0, 18, 68, 888 }, // 4
    { 14, 19, 231, 0, 18, 67, 956 }, // 5
    { 14, 18, 226, 0, 18, 63, 1023 }, // 6
    { 12, 18, 218, 1, 18, 54, 1086 }, // 7
    { 13, 19, 234, 1, 18, 62, 1140 }, // 8
    { 14, 18, 224, 0, 18, 63, 1202 }, // 9
    { 4, 15, 95, 1, 14, 15, 1265 }, // :
    { 5, 19, 109, 1, 14, 24, 1280 }, // ;
    { 11, 14, 210, 1, 13, 39, 1304 }, // <
    { 13, 8, 234, 1, 11, 26, 1343 }, // =
    { 12, 14, 210, 1, 13, 42, 1369 }, // >
    { 12, 19, 208, 0, 18, 57, 1411 }, // ?
    { 23, 23, 386, 1, 18, 133, 1468 }, // @
    { 18, 18, 279, 0, 18, 81, 1601 }, // A
    { 15, 18, 275, 2, 18, 68, 1682 }, // B
    { 16, 19, 274, 1, 18, 76, 1750 }, // C
    { 16, 18, 303, 2, 18, 72, 1826 }, // D
    { 12, 18, 250, 2, 18, 54, 1898 }, // E
    { 12, 18, 243, 2, 18, 54, 1952 }, // F
    { 18, 19, 308, 1, 18, 86, 2006 }, // G
    { 15, 18, 307, 2, 18, 68, 2092 }, // H
    { 10, 18, 202, 1, 18, 45, 2160 }, // I
    { 14, 19, 260, 1, 18, 67, 2205 }, // J
    { 16, 18, 294, 2, 18, 72, 2272 }, // K
    { 12, 18, 241, 2, 18, 54, 2344 }, // L
    { 18, 18, 348, 2, 18, 81, 2398 }, // M
    { 16, 18, 319, 2, 18, 72, 2479 }, // N
    { 18, 19, 317, 1, 18, 86, 2551 }, // O
    { 13, 18, 258, 2, 18, 59, 2637 }, // P
    { 18, 21, 317, 1, 18, 95, 2696 }, // Q
    { 15, 19, 279, 2, 18, 72, 2791 }, // R
    { 15, 19, 251, 0, 18, 72, 2863 }, // S
    { 15, 18, 242, 0, 18, 68, 2935 }, // T
    { 15, 19, 300, 2, 18, 72, 3003 }, // U
    { 18, 18, 286, 0, 18, 81, 3075 }, // V
    { 25, 18, 398, 0, 18, 113, 3156 }, // W
    { 17, 18, 277, 0, 18, 77, 3269 }, // X
    { 17, 18, 268, 0, 18, 77, 3346 }, // Y
    { 15, 18, 267, 1, 18, 68, 3423 }, // Z
    { 7, 23, 164, 2, 18, 41, 3491 }, // [
    { 14, 21, 227, 0, 18, 74, 3532 }, // <backslash>
    { 8, 23, 164, 1, 18, 46, 3606 }, // ]
    { 15, 10, 234, 0, 19, 38, 3652 }, // ^
    { 15, 4, 276, 1, -1, 15, 3690 }, // _
    { 7, 6, 200, 3, 20, 11, 3705 }, // `
    { 15, 15, 257, 0, 14, 57, 3716 }, // a
    { 15, 20, 256, 1, 19, 75, 3773 }, // b
    { 13, 15, 216, 0, 14, 49, 3848 }, // c
    { 15, 20, 256, 0, 19, 75, 3897 }, // d
    { 14, 15, 234, 0, 14, 53, 3972 }, // e
    { 10, 19, 157, 0, 19, 48, 4025 }, // f
    { 15, 20, 262, 0, 14, 75, 4073 }, // g
    { 13, 19, 244, 1, 19, 62, 4148 }, // h
    { 5, 20, 117, 1, 20, 25, 4210 }, // i
    { 7, 26, 113, -1, 20, 46, 4235 }, // j
    { 14, 19, 236, 1, 19, 67, 4281 }, // k
    { 4, 19, 108, 1, 19, 19, 4348 }, // l
    { 21, 14, 374, 1, 14, 74, 4367 }, // m
    { 13, 14, 244, 1, 14, 46, 4441 }, // n
    { 15, 15, 250, 0, 14, 57, 4487 }, // o
    { 15, 20, 256, 1, 14, 75, 4544 }, // p
    { 15, 20, 256, 0, 14, 75, 4619 }, // q
    { 10, 14, 168, 1, 14, 35, 4694 }, // r
    { 12, 15, 194, 0, 14, 45, 4729 }, // s
    { 10, 17, 156, 0, 17, 43, 4774 }, // t
    { 13, 15, 247, 1, 14, 49, 4817 }, // u
    { 15, 14, 234, 0, 14, 53, 4866 }, // v
    { 20, 14, 325, 0, 14, 70, 4919 }, // w
    { 15, 14, 231, 0, 14, 53, 4989 }, // x
    { 15, 20, 238, 0, 14, 75, 5042 }, // y
    { 11, 14, 203, 1, 14, 39, 5117 }, // z
    { 9, 24, 166, 1, 18, 54, 5156 }, // {
    { 4, 24, 105, 1, 19, 24, 5210 }, // |
    { 10, 24, 166, 0, 18, 60, 5234 }, // }
    { 13, 5, 211, 0, 10, 17, 5294 }, // ~
    { 0, 0, 0, 0, 0, 0, 5311 }, // U+007F
    { 0, 0, 118, 0, 0, 0, 0 }, // U+00A0
    { 5, 19, 105, 1, 14, 24, 0 }, // U+00A1
    { 13, 18, 218, 1, 18, 59, 24 }, // U+00A2
    { 16, 19, 248, 0, 18, 76, 83 }, // U+00A3
    { 12, 13, 222, 1, 14, 39, 159 }, // U+00A4
    { 17, 18, 268, 0, 18, 77, 198 }, // U+00A5
    { 4, 25, 108, 1, 19, 25, 275 }, // U+00A6
    { 13, 22, 223, 1, 18, 72, 300 }, // U+00A7
    { 10, 5, 200, 1, 20, 13, 372 }, // U+00A8
    { 19, 19, 315, 0, 18, 91, 385 }, // U+00A9
    { 9, 10, 150, 0, 19, 23, 476 }, // U+00AA
    { 12, 11, 205, 0, 12, 33, 499 }, // U+00AB
    { 15, 9, 268, 1, 11, 34, 532 }, // U+00AC
    { 9, 4, 166, 1, 9, 9, 566 }, // U+00AD
    { 13, 12, 203, 0, 18, 39, 575 }, // U+00AE
    { 9, 4, 170, 2, 19, 9, 614 }, // U+00AF
    { 9, 9, 213, 2, 18, 21, 623 }, // U+00B0
    { 13, 15, 241, 1, 14, 49, 644 }, // U+00B1
    { 7, 10, 141, 1, 20, 18, 693 }, // U+00B2
    { 7, 10, 139, 1, 20, 18, 711 }, // U+00B3
    { 7, 6, 200, 3, 20, 11, 729 }, // U+00B4
    { 13, 18, 242, 1, 14, 59, 740 }, // U+00B5
    { 15, 18, 292, 1, 18, 68, 799 }, // U+00B6
    { 4, 5, 95, 1, 11, 5, 867 }, // U+00B7
    { 6, 8, 200, 3, 1, 12, 872 }, // U+00B8
    { 6, 10, 114, 0, 20, 15, 884 }, // U+00B9
    { 9, 9, 148, 0, 18, 21, 899 }, // U+00BA
    { 13, 11, 207, 0, 12, 36, 920 }, // U+00BB
    { 19, 19, 321, 1, 18, 91, 956 }, // U+00BC
    { 19, 18, 320, 1, 18, 86, 1047 }, // U+00BD
    { 20, 19, 325, 0, 18, 95, 1133 }, // U+00BE
    { 12, 19, 208, 0, 14, 57, 1228 }, // U+00BF
    { 18, 24, 279, 0, 24, 108, 1285 }, // U+00C0
    { 18, 24, 279, 0, 24, 108, 1393 }, // U+00C1
    { 18, 23, 279, 0, 23, 104, 1501 }, // U+00C2
    { 18, 23, 279, 0, 23, 104, 1605 }, // U+00C3
    { 18, 23, 279, 0, 23, 104, 1709 }, // U+00C4
    { 18, 23, 279, 0, 23, 104, 1813 }, // U+00C5
    { 24, 18, 403, 0, 18, 108, 1917 }, // U+00C6
    { 16, 25, 274, 1, 18, 100, 2025 }, // U+00C7
    { 12, 24, 250, 2, 24, 72, 2125 }, // U+00C8
    { 12, 24, 250, 2, 24, 72, 2197 }, // U+00C9
    { 12, 23, 250, 2, 23, 69, 2269 }, // U+00CA
    { 12, 23, 250, 2, 23, 69, 2338 }, // U+00CB
    { 10, 24, 202, 1, 24, 60, 2407 }, // U+00CC
    { 10, 24, 202, 1, 24, 60, 2467 }, // U+00CD
    { 10, 23, 202, 1, 23, 58, 2527 }, // U+00CE
    { 10, 23, 202, 1, 23, 58, 2585 }, // U+00CF
    { 17, 18, 303, 1, 18, 77, 2643 }, // U+00D0
    { 16, 23, 319, 2, 23, 92, 2720 }, // U+00D1
    { 18, 25, 317, 1, 24, 113, 2812 }, // U+00D2
    { 18, 25, 317, 1, 24, 113, 2925 }, // U+00D3
    { 18, 24, 317, 1, 23, 108, 3038 }, // U+00D4
    { 18, 24, 317, 1, 23, 108, 3146 }, // U+00D5
    { 18, 24, 317, 1, 23, 108, 3254 }, // U+00D6
    { 12, 12, 200, 0, 13, 36, 3362 }, // U+00D7
    { 18, 20, 313, 1, 19, 90, 3398 }, // U+00D8
    { 15, 25, 300, 2, 24, 94, 3488 }, // U+00D9
    { 15, 25, 300, 2, 24, 94, 3582 }, // U+00DA
    { 15, 24, 300, 2, 23, 90, 3676 }, // U+00DB
    { 15, 24, 300, 2, 23, 90, 3766 }, // U+00DC
    { 17, 24, 268, 0, 24, 102, 3856 }, // U+00DD
    { 13, 18, 258, 2, 18, 59, 3958 }, // U+00DE
    { 16, 20, 266, 0, 19, 80, 4017 }, // U+00DF
    { 15, 21, 257, 0, 20, 79, 4097 }, // U+00E0
    { 15, 21, 257, 0, 20, 79, 4176 }, // U+00E1
    { 15, 21, 257, 0, 20, 79, 4255 }, // U+00E2
    { 15, 20, 257, 0, 19, 75, 4334 }, // U+00E3
    { 15, 21, 257, 0, 20, 79, 4409 }, // U+00E4
    { 15, 22, 257, 0, 21, 83, 4488 }, // U+00E5
    { 22, 15, 360, 0, 14, 83, 4571 }, // U+00E6
    { 13, 21, 216, 0, 14, 69, 4654 }, // U+00E7
    { 14, 21, 234, 0, 20, 74, 4723 }, // U+00E8
    { 14, 21, 234, 0, 20, 74, 4797 }, // U+00E9
    { 14, 21, 234, 0, 20, 74, 4871 }, // U+00EA
    { 14, 21, 234, 0, 20, 74, 4945 }, // U+00EB
    { 7, 20, 104, -1, 20, 35, 5019 }, // U+00EC
    { 7, 20, 104, 0, 20, 35, 5054 }, // U+00ED
    { 10, 20, 104, -2, 20, 50, 5089 }, // U+00EE
    { 10, 20, 104, -2, 20, 50, 5139 }, // U+00EF
    { 14, 20, 233, 0, 19, 70, 5189 }, // U+00F0
    { 13, 19, 244, 1, 19, 62, 5259 }, // U+00F1
    { 15, 21, 250, 0, 20, 79, 5321 }, // U+00F2
    { 15, 21, 250, 0, 20, 79, 5400 }, // U+00F3
    { 15, 21, 250, 0, 20, 79, 5479 }, // U+00F4
    { 15, 20, 250, 0, 19, 75, 5558 }, // U+00F5
    { 15, 21, 250, 0, 20, 79, 5633 }, // U+00F6
    { 13, 13, 239, 1, 13, 43, 5712 }, // U+00F7
    { 15, 15, 250, 0, 14, 57, 5755 }, // U+00F8
    { 13, 21, 247, 1, 20, 69, 5812 }, // U+00F9
    { 13, 21, 247, 1, 20, 69, 5881 }, // U+00FA
    { 13, 21, 247, 1, 20, 69, 5950 }, // U+00FB
    { 13, 21, 247, 1, 20, 69, 6019 }, // U+00FC
    { 15, 26, 238, 0, 20, 98, 6088 }, // U+00FD
    { 15, 25, 256, 1, 19, 94, 6186 }, // U+00FE
    { 15, 26, 238, 0, 20, 98, 6280 }, // U+00FF
    { 18, 22, 279, 0, 22, 99, 0 }, // U+0100
    { 15, 20, 257, 0, 19, 75, 99 }, // U+0101
    { 18, 23, 279, 0, 23, 104, 174 }, // U+0102
    { 15, 20, 257, 0, 19, 75, 278 }, // U+0103
    { 18, 24, 279, 0, 18, 108, 353 }, // U+0104
    { 15, 20, 257, 0, 14, 75, 461 }, // U+0105
    { 16, 25, 274, 1, 24, 100, 536 }, // U+0106
    { 13, 21, 216, 0, 20, 69, 636 }, // U+0107
    { 16, 24, 274, 1, 23, 96, 705 }, // U+0108
    { 13, 21, 216, 0, 20, 69, 801 }, // U+0109
    { 16, 24, 274, 1, 23, 96, 870 }, // U+010A
    { 13, 21, 216, 0, 20, 69, 966 }, // U+010B
    { 16, 24, 274, 1, 23, 96, 1035 }, // U+010C
    { 13, 21, 216, 0, 20, 69, 1131 }, // U+010D
    { 16, 23, 303, 2, 23, 92, 1200 }, // U+010E
    { 20, 20, 276, 0, 19, 100, 1292 }, // U+010F
    { 17, 18, 303, 1, 18, 77, 1392 }, // U+0110
    { 16, 20, 256, 0, 19, 80, 1469 }, // U+0111
    { 12, 22, 250, 2, 22, 66, 1549 }, // U+0112
    { 14, 20, 234, 0, 19, 70, 1615 }, // U+0113
    { 12, 23, 250, 2, 23, 69, 1685 }, // U+0114
    { 14, 20, 234, 0, 19, 70, 1754 }, // U+0115
    { 12, 23, 250, 2, 23, 69, 1824 }, // U+0116
    { 14, 21, 234, 0, 20, 74, 1893 }, // U+0117
    { 12, 24, 250, 2, 18, 72, 1967 }, // U+0118
    { 14, 20, 234, 0, 14, 70, 2039 }, // U+0119
    { 12, 23, 250, 2, 23, 69, 2109 }, // U+011A
    { 14, 21, 234, 0, 20, 74, 2178 }, // U+011B
    { 18, 24, 308, 1, 23, 108, 2252 }, // U+011C
    { 15, 26, 262, 0, 20, 98, 2360 }, // U+011D
    { 18, 24, 308, 1, 23, 108, 2458 }, // U+011E
    { 15, 25, 262, 0, 19, 94, 2566 }, // U+011F
    { 18, 24, 308, 1, 23, 108, 2660 }, // U+0120
    { 15, 26, 262, 0, 20, 98, 2768 }, // U+0121
    { 18, 25, 308, 1, 18, 113, 2866 }, // U+0122
    { 15, 27, 262, 0, 21, 102, 2979 }, // U+0123
    { 15, 23, 307, 2, 23, 87, 3081 }, // U+0124
    { 13, 24, 244, 1, 24, 78, 3168 }, // U+0125
    { 19, 18, 338, 1, 18, 86, 3246 }, // U+0126
    { 14, 19, 244, 0, 19, 67, 3332 }, // U+0127
    { 10, 23, 202, 1, 23, 58, 3399 }, // U+0128
    { 9, 19, 104, -1, 19, 43, 3457 }, // U+0129
    { 10, 22, 202, 1, 22, 55, 3500 }, // U+012A
    { 8, 19, 104, -1, 19, 38, 3555 }, // U+012B
    { 10, 23, 202, 1, 23, 58, 3593 }, // U+012C
    { 9, 19, 104, -1, 19, 43, 3651 }, // U+012D
    { 10, 24, 202, 1, 18, 60, 3694 }, // U+012E
    { 7, 26, 104, -1, 20, 46, 3754 }, // U+012F
    { 10, 23, 202, 1, 23, 58, 3800 }, // U+0130
    { 4, 14, 104, 1, 14, 14, 3858 }, // U+0131
    { 27, 19, 462, 1, 18, 129, 3872 }, // U+0132
    { 12, 26, 230, 1, 20, 78, 4001 }, // U+0133
    { 14, 24, 260, 1, 23, 84, 4079 }, // U+0134
    { 9, 26, 112, -1, 20, 59, 4163 }, // U+0135
    { 16, 25, 294, 2, 18, 100, 4222 }, // U+0136
    { 14, 26, 236, 1, 19, 91, 4322 }, // U+0137
    { 13, 15, 232, 1, 14, 49, 4413 }, // U+0138
    { 13, 24, 241, 1, 24, 78, 4462 }, // U+0139
    { 7, 25, 108, 0, 25, 44, 4540 }, // U+013A
    { 12, 25, 241, 2, 18, 75, 4584 }, // U+013B
    { 5, 26, 108, 1, 19, 33, 4659 }, // U+013C
    { 12, 18, 241, 2, 18, 54, 4692 }, // U+013D
    { 10, 19, 127, 1, 19, 48, 4746 }, // U+013E
    { 12, 18, 241, 2, 18, 54, 4794 }, // U+013F
    { 10, 19, 154, 1, 19, 48, 4848 }, // U+0140
    { 15, 18, 254, 0, 18, 68, 4896 }, // U+0141
    { 9, 19, 119, -1, 19, 43, 4964 }, // U+0142
    { 16, 24, 319, 2, 24, 96, 5007 }, // U+0143
    { 13, 20, 244, 1, 20, 65, 5103 }, // U+0144
    { 16, 25, 319, 2, 18, 100, 5168 }, // U+0145
    { 13, 21, 244, 1, 14, 69, 5268 }, // U+0146
    { 16, 23, 319, 2, 23, 92, 5337 }, // U+0147
    { 13, 20, 244, 1, 20, 65, 5429 }, // U+0148
    { 17, 18, 259, -2, 18, 77, 5494 }, // U+0149
    { 16, 23, 319, 2, 18, 92, 5571 }, // U+014A
    { 13, 19, 244, 1, 14, 62, 5663 }, // U+014B
    { 18, 23, 317, 1, 22, 104, 5725 }, // U+014C
    { 15, 20, 250, 0, 19, 75, 5829 }, // U+014D
    { 18, 24, 317, 1, 23, 108, 5904 }, // U+014E
    { 15, 20, 250, 0, 19, 75, 6012 }, // U+014F
    { 18, 25, 317, 1, 24, 113, 6087 }, // U+0150
    { 15, 21, 250, 0, 20, 79, 6200 }, // U+0151
    { 24, 18, 418, 1, 18, 108, 6279 }, // U+0152
    { 25, 15, 405, 0, 14, 94, 6387 }, // U+0153
    { 15, 25, 279, 2, 24, 94, 6481 }, // U+0154
    { 10, 20, 168, 1, 20, 50, 6575 }, // U+0155
    { 15, 25, 279, 2, 18, 94, 6625 }, // U+0156
    { 10, 21, 168, 1, 14, 53, 6719 }, // U+0157
    { 15, 24, 279, 2, 23, 90, 6772 }, // U+0158
    { 10, 20, 168, 1, 20, 50, 6862 }, // U+0159
    { 15, 25, 251, 0, 24, 94, 6912 }, // U+015A
    { 12, 21, 194, 0, 20, 63, 7006 }, // U+015B
    { 15, 24, 251, 0, 23, 90, 7069 }, // U+015C
    { 12, 21, 194, 0, 20, 63, 7159 }, // U+015D
    { 15, 25, 251, 0, 18, 94, 7222 }, // U+015E
    { 12, 21, 194, 0, 14, 63, 7316 }, // U+015F
    { 15, 24, 251, 0, 23, 90, 7379 }, // U+0160
    { 12, 21, 194, 0, 20, 63, 7469 }, // U+0161
    { 15, 25, 242, 0, 18, 94, 7532 }, // U+0162
    { 10, 24, 156, 0, 17, 60, 7626 }, // U+0163
    { 15, 23, 242, 0, 23, 87, 7686 }, // U+0164
    { 12, 21, 156, 0, 21, 63, 7773 }, // U+0165
    { 15, 18, 242, 0, 18, 68, 7836 }, // U+0166
    { 10, 17, 156, 0, 17, 43, 7904 }, // U+0167
    { 15, 24, 300, 2, 23, 90, 7947 }, // U+0168
    { 13, 20, 247, 1, 19, 65, 8037 }, // U+0169
    { 15, 23, 300, 2, 22, 87, 8102 }, // U+016A
    { 13, 20, 247, 1, 19, 65, 8189 }, // U+016B
    { 15, 24, 300, 2, 23, 90, 8254 }, // U+016C
    { 13, 20, 247, 1, 19, 65, 8344 }, // U+016D
    { 15, 24, 300, 2, 23, 90, 8409 }, // U+016E
    { 13, 22, 247, 1, 21, 72, 8499 }, // U+016F
    { 15, 25, 300, 2, 24, 94, 8571 }, // U+0170
    { 13, 21, 247, 1, 20, 69, 8665 }, // U+0171
    { 15, 24, 300, 2, 18, 90, 8734 }, // U+0172
    { 13, 20, 247, 1, 14, 65, 8824 }, // U+0173
    { 25, 23, 398, 0, 23, 144, 8889 }, // U+0174
    { 20, 20, 325, 0, 20, 100, 9033 }, // U+0175
    { 17, 23, 268, 0, 23, 98, 9133 }, // U+0176
    { 15, 26, 238, 0, 20, 98, 9231 }, // U+0177
    { 17, 23, 268, 0, 23, 98, 9329 }, // U+0178
    { 15, 24, 267, 1, 24, 90, 9427 }, // U+0179
    { 11, 20, 203, 1, 20, 55, 9517 }, // U+017A
    { 15, 23, 267, 1, 23, 87, 9572 }, // U+017B
    { 11, 20, 203, 1, 20, 55, 9659 }, // U+017C
    { 15, 23, 267, 1, 23, 87, 9714 }, // U+017D
    { 11, 20, 203, 1, 20, 55, 9801 }, // U+017E
    { 18, 22, 317, 1, 21, 99, 0 }, // U+01A0
    { 15, 18, 250, 0, 17, 68, 99 }, // U+01A1
    { 18, 22, 300, 2, 21, 99, 167 }, // U+01AF
    { 15, 18, 247, 1, 17, 68, 266 }, // U+01B0
    { 32, 23, 552, 2, 23, 184, 334 }, // U+01C4
    { 29, 20, 505, 2, 20, 145, 518 }, // U+01C5
    { 28, 21, 460, 0, 20, 147, 663 }, // U+01C6
    { 28, 19, 501, 2, 18, 133, 810 }, // U+01C7
    { 19, 26, 354, 2, 20, 124, 943 }, // U+01C8
    { 12, 26, 216, 1, 20, 78, 1067 }, // U+01C9
    { 33, 19, 579, 2, 18, 157, 1145 }, // U+01CA
    { 24, 26, 432, 2, 20, 156, 1302 }, // U+01CB
    { 20, 26, 357, 1, 20, 130, 1458 }, // U+01CC
    { 18, 23, 279, 0, 23, 104, 1588 }, // U+01CD
    { 15, 21, 257, 0, 20, 79, 1692 }, // U+01CE
    { 10, 23, 202, 1, 23, 58, 1771 }, // U+01CF
    { 9, 20, 104, -1, 20, 45, 1829 }, // U+01D0
    { 18, 24, 317, 1, 23, 108, 1874 }, // U+01D1
    { 15, 21, 250, 0, 20, 79, 1982 }, // U+01D2
    { 15, 24, 300, 2, 23, 90, 2061 }, // U+01D3
    { 13, 21, 247, 1, 20, 69, 2151 }, // U+01D4
    { 18, 24, 308, 1, 23, 108, 2220 }, // U+01E6
    { 15, 26, 262, 0, 20, 98, 2328 }, // U+01E7
    { 18, 24, 317, 1, 18, 108, 2426 }, // U+01EA
    { 15, 20, 250, 0, 14, 75, 2534 }, // U+01EB
    { 32, 18, 552, 2, 18, 144, 2609 }, // U+01F1
    { 29, 18, 505, 2, 18, 131, 2753 }, // U+01F2
    { 18, 28, 279, 0, 28, 126, 2884 }, // U+01FA
    { 15, 27, 257, 0, 26, 102, 3010 }, // U+01FB
    { 24, 24, 403, 0, 24, 144, 3112 }, // U+01FC
    { 22, 21, 360, 0, 20, 116, 3256 }, // U+01FD
    { 18, 25, 313, 1, 24, 113, 3372 }, // U+01FE
    { 15, 21, 250, 0, 20, 79, 3485 }, // U+01FF
    { 18, 24, 279, 0, 24, 108, 3564 }, // U+0200
    { 15, 21, 257, 0, 20, 79, 3672 }, // U+0201
    { 18, 23, 279, 0, 23, 104, 3751 }, // U+0202
    { 15, 21, 257, 0, 20, 79, 3855 }, // U+0203
    { 13, 24, 250, 1, 24, 78, 3934 }, // U+0204
    { 14, 21, 234, 0, 20, 74, 4012 }, // U+0205
    { 12, 23, 250, 2, 23, 69, 4086 }, // U+0206
    { 14, 21, 234, 0, 20, 74, 4155 }, // U+0207
    { 12, 24, 202, -1, 24, 72, 4229 }, // U+0208
    { 11, 20, 104, -4, 20, 55, 4301 }, // U+0209
    { 10, 23, 202, 1, 23, 58, 4356 }, // U+020A
    { 9, 20, 104, -1, 20, 45, 4414 }, // U+020B
    { 18, 25, 317, 1, 24, 113, 4459 }, // U+020C
    { 15, 21, 250, 0, 20, 79, 4572 }, // U+020D
    { 18, 24, 317, 1, 23, 108, 4651 }, // U+020E
    { 15, 21, 250, 0, 20, 79, 4759 }, // U+020F
    { 16, 25, 279, 1, 24, 100, 4838 }, // U+0210
    { 12, 20, 168, -1, 20, 60, 4938 }, // U+0211
    { 15, 24, 279, 2, 23, 90, 4998 }, // U+0212
    { 10, 20, 168, 1, 20, 50, 5088 }, // U+0213
    { 15, 25, 300, 2, 24, 94, 5138 }, // U+0214
    { 14, 21, 247, 0, 20, 74, 5232 }, // U+0215
    { 15, 24, 300, 2, 23, 90, 5306 }, // U+0216
    { 13, 21, 247, 1, 20, 69, 5396 }, // U+0217
    { 15, 25, 251, 0, 18, 94, 5465 }, // U+0218
    { 12, 21, 194, 0, 14, 63, 5559 }, // U+0219
    { 15, 25, 242, 0, 18, 94, 5622 }, // U+021A
    { 10, 24, 156, 0, 17, 60, 5716 }, // U+021B
    { 7, 6, 0, 3, 20, 11, 0 }, // U+0300
    { 7, 6, 0, 3, 20, 11, 11 }, // U+0301
    { 9, 5, 0, 2, 20, 12, 22 }, // U+0302
    { 9, 4, 0, 2, 19, 9, 34 }, // U+0303
    { 9, 4, 0, 2, 19, 9, 43 }, // U+0304
    { 9, 5, 0, 2, 19, 12, 52 }, // U+0306
    { 5, 5, 0, 4, 20, 7, 64 }, // U+0307
    { 10, 5, 0, 1, 20, 13, 71 }, // U+0308
    { 6, 6, 0, 3, 20, 9, 84 }, // U+0309
    { 7, 6, 0, 3, 21, 11, 93 }, // U+030A
    { 12, 6, 0, 0, 20, 18, 104 }, // U+030B
    { 9, 5, 0, 2, 20, 12, 122 }, // U+030C
    { 12, 6, 0, 0, 20, 18, 134 }, // U+030F
    { 9, 5, 0, 2, 20, 12, 152 }, // U+0311
    { 5, 6, 0, 4, 21, 8, 164 }, // U+0312
    { 6, 5, 0, 3, 16, 8, 172 }, // U+031B
    { 5, 5, 0, 4, -1, 7, 180 }, // U+0323
    { 10, 5, 0, 1, -1, 13, 187 }, // U+0324
    { 5, 6, 0, 4, -1, 8, 200 }, // U+0326
    { 6, 8, 0, 3, 1, 12, 208 }, // U+0327
    { 7, 8, 0, 3, 2, 14, 220 }, // U+0328
    { 9, 5, 0, 2, -1, 12, 234 }, // U+032E
    { 8, 3, 0, 2, -2, 6, 246 }, // U+0331
    { 8, 3, 0, 2, 9, 6, 252 }, // U+0335
    { 18, 19, 284, 0, 19, 86, 0 }, // U+0394
    { 17, 18, 278, 0, 18, 77, 86 }, // U+03A9
    { 13, 18, 242, 1, 14, 59, 163 }, // U+03BC
    { 15, 14, 250, 0, 14, 53, 222 }, // U+03C0
    { 18, 24, 279, 0, 18, 108, 0 }, // U+1EA0
    { 15, 20, 257, 0, 14, 75, 108 }, // U+1EA1
    { 18, 25, 279, 0, 25, 113, 183 }, // U+1EA2
    { 15, 21, 257, 0, 20, 79, 296 }, // U+1EA3
    { 18, 27, 279, 0, 27, 122, 375 }, // U+1EA4
    { 16, 25, 257, 0, 24, 100, 497 }, // U+1EA5
    { 18, 27, 279, 0, 27, 122, 597 }, // U+1EA6
    { 15, 25, 257, 0, 24, 94, 719 }, // U+1EA7
    { 18, 27, 279, 0, 27, 122, 813 }, // U+1EA8
    { 15, 25, 257, 0, 24, 94, 935 }, // U+1EA9
    { 18, 27, 279, 0, 27, 122, 1029 }, // U+1EAA
    { 15, 25, 257, 0, 24, 94, 1151 }, // U+1EAB
    { 18, 29, 279, 0, 23, 131, 1245 }, // U+1EAC
    { 15, 26, 257, 0, 20, 98, 1376 }, // U+1EAD
    { 18, 27, 279, 0, 27, 122, 1474 }, // U+1EAE
    { 15, 25, 257, 0, 24, 94, 1596 }, // U+1EAF
    { 18, 27, 279, 0, 27, 122, 1690 }, // U+1EB0
    { 15, 25, 257, 0, 24, 94, 1812 }, // U+1EB1
    { 18, 28, 279, 0, 28, 126, 1906 }, // U+1EB2
    { 15, 26, 257, 0, 25, 98, 2032 }, // U+1EB3
    { 18, 27, 279, 0, 27, 122, 2130 }, // U+1EB4
    { 15, 25, 257, 0, 24, 94, 2252 }, // U+1EB5
    { 18, 29, 279, 0, 23, 131, 2346 }, // U+1EB6
    { 15, 25, 257, 0, 19, 94, 2477 }, // U+1EB7
    { 12, 24, 250, 2, 18, 72, 2571 }, // U+1EB8
    { 14, 20, 234, 0, 14, 70, 2643 }, // U+1EB9
    { 12, 25, 250, 2, 25, 75, 2713 }, // U+1EBA
    { 14, 21, 234, 0, 20, 74, 2788 }, // U+1EBB
    { 12, 23, 250, 2, 23, 69, 2862 }, // U+1EBC
    { 14, 20, 234, 0, 19, 70, 2931 }, // U+1EBD
    { 14, 27, 250, 2, 27, 95, 3001 }, // U+1EBE
    { 16, 25, 234, 0, 24, 100, 3096 }, // U+1EBF
    { 12, 27, 250, 2, 27, 81, 3196 }, // U+1EC0
    { 14, 25, 234, 0, 24, 88, 3277 }, // U+1EC1
    { 13, 27, 250, 2, 27, 88, 3365 }, // U+1EC2
    { 15, 25, 234, 0, 24, 94, 3453 }, // U+1EC3
    { 12, 27, 250, 2, 27, 81, 3547 }, // U+1EC4
    { 14, 25, 234, 0, 24, 88, 3628 }, // U+1EC5
    { 12, 29, 250, 2, 23, 87, 3716 }, // U+1EC6
    { 14, 26, 234, 0, 20, 91, 3803 }, // U+1EC7
    { 10, 25, 202, 1, 25, 63, 3894 }, // U+1EC8
    { 6, 20, 104, 0, 20, 30, 3957 }, // U+1EC9
    { 10, 24, 202, 1, 18, 60, 3987 }, // U+1ECA
    { 5, 26, 117, 1, 20, 33, 4047 }, // U+1ECB
    { 18, 24, 317, 1, 18, 108, 4080 }, // U+1ECC
    { 15, 20, 250, 0, 14, 75, 4188 }, // U+1ECD
    { 18, 26, 317, 1, 25, 117, 4263 }, // U+1ECE
    { 15, 21, 250, 0, 20, 79, 4380 }, // U+1ECF
    { 18, 28, 317, 1, 27, 126, 4459 }, // U+1ED0
    { 16, 25, 250, 0, 24, 100, 4585 }, // U+1ED1
    { 18, 28, 317, 1, 27, 126, 4685 }, // U+1ED2
    { 15, 25, 250, 0, 24, 94, 4811 }, // U+1ED3
    { 18, 28, 317, 1, 27, 126, 4905 }, // U+1ED4
    { 15, 25, 250, 0, 24, 94, 5031 }, // U+1ED5
    { 18, 28, 317, 1, 27, 126, 5125 }, // U+1ED6
    { 15, 25, 250, 0, 24, 94, 5251 }, // U+1ED7
    { 18, 29, 317, 1, 23, 131, 5345 }, // U+1ED8
    { 15, 26, 250, 0, 20, 98, 5476 }, // U+1ED9
    { 18, 25, 317, 1, 24, 113, 5574 }, // U+1EDA
    { 15, 21, 250, 0, 20, 79, 5687 }, // U+1EDB
    { 18, 25, 317, 1, 24, 113, 5766 }, // U+1EDC
    { 15, 21, 250, 0, 20, 79, 5879 }, // U+1EDD
    { 18, 26, 317, 1, 25, 117, 5958 }, // U+1EDE
    { 15, 21, 250, 0, 20, 79, 6075 }, // U+1EDF
    { 18, 24, 317, 1, 23, 108, 6154 }, // U+1EE0
    { 15, 20, 250, 0, 19, 75, 6262 }, // U+1EE1
    { 18, 27, 317, 1, 21, 122, 6337 }, // U+1EE2
    { 15, 23, 250, 0, 17, 87, 6459 }, // U+1EE3
    { 15, 24, 300, 2, 18, 90, 6546 }, // U+1EE4
    { 13, 20, 247, 1, 14, 65, 6636 }, // U+1EE5
    { 15, 26, 300, 2, 25, 98, 6701 }, // U+1EE6
    { 13, 21, 247, 1, 20, 69, 6799 }, // U+1EE7
    { 18, 25, 300, 2, 24, 113, 6868 }, // U+1EE8
    { 15, 21, 247, 1, 20, 79, 6981 }, // U+1EE9
    { 18, 25, 300, 2, 24, 113, 7060 }, // U+1EEA
    { 15, 21, 247, 1, 20, 79, 7173 }, // U+1EEB
    { 18, 26, 300, 2, 25, 117, 7252 }, // U+1EEC
    { 15, 21, 247, 1, 20, 79, 7369 }, // U+1EED
    { 18, 24, 300, 2, 23, 108, 7448 }, // U+1EEE
    { 15, 20, 247, 1, 19, 75, 7556 }, // U+1EEF
    { 18, 27, 300, 2, 21, 122, 7631 }, // U+1EF0
    { 15, 23, 247, 1, 17, 87, 7753 }, // U+1EF1
    { 17, 24, 268, 0, 24, 102, 7840 }, // U+1EF2
    { 15, 26, 238, 0, 20, 98, 7942 }, // U+1EF3
    { 17, 24, 268, 0, 18, 102, 8040 }, // U+1EF4
    { 15, 20, 238, 0, 14, 75, 8142 }, // U+1EF5
    { 17, 25, 268, 0, 25, 107, 8217 }, // U+1EF6
    { 15, 26, 238, 0, 20, 98, 8324 }, // U+1EF7
    { 17, 23, 268, 0, 23, 98, 8422 }, // U+1EF8
    { 15, 25, 238, 0, 19, 94, 8520 }, // U+1EF9
    { 0, 0, 220, 0, 0, 0, 0 }, // U+2007
    { 0, 0, 104, 0, 0, 0, 0 }, // U+2008
    { 0, 0, 82, 0, 0, 0, 0 }, // U+2009
    { 0, 0, 41, 0, 0, 0, 0 }, // U+200A
    { 0, 0, 0, 0, 0, 0, 0 }, // U+200B
    { 0, 0, 0, 0, 0, 0, 0 }, // U+200D
    { 9, 4, 165, 1, 9, 9, 0 }, // U+2010
    { 12, 4, 216, 1, 9, 12, 9 }, // U+2012
    { 12, 4, 217, 1, 9, 12, 21 }, // U+2013
    { 20, 4, 356, 1, 9, 20, 33 }, // U+2014
    { 20, 4, 355, 1, 9, 20, 53 }, // U+2015
    { 5, 8, 101, 1, 19, 10, 73 }, // U+2018
    { 6, 8, 101, 0, 19, 12, 83 }, // U+2019
    { 5, 9, 110, 1, 4, 12, 95 }, // U+201A
    { 11, 8, 188, 1, 19, 22, 107 }, // U+201C
    { 11, 8, 186, 0, 19, 22, 129 }, // U+201D
    { 11, 9, 200, 1, 4, 25, 151 }, // U+201E
    { 9, 14, 176, 1, 19, 32, 176 }, // U+2020
    { 9, 15, 164, 1, 19, 34, 208 }, // U+2021
    { 8, 8, 138, 0, 13, 16, 242 }, // U+2022
    { 15, 5, 261, 1, 4, 19, 258 }, // U+2026
    { 29, 19, 499, 1, 18, 138, 277 }, // U+2030
    { 10, 7, 176, 1, 18, 18, 415 }, // U+2033
    { 7, 11, 115, 0, 12, 20, 433 }, // U+2039
    { 7, 11, 116, 0, 12, 20, 453 }, // U+203A
    { 16, 27, 508, 8, 22, 108, 473 }, // U+203C
    { 15, 18, 242, 0, 18, 68, 581 }, // U+2044
    { 24, 27, 508, 4, 22, 162, 649 }, // U+2049
    { 9, 11, 152, 0, 21, 25, 0 }, // U+2070
    { 9, 11, 159, 0, 21, 25, 25 }, // U+2074
    { 7, 10, 145, 1, 20, 18, 50 }, // U+2075
    { 8, 11, 142, 0, 21, 22, 68 }, // U+2076
    { 7, 9, 131, 1, 20, 16, 90 }, // U+2077
    { 8, 11, 146, 1, 21, 22, 106 }, // U+2078
    { 8, 11, 138, 0, 21, 22, 128 }, // U+2079
    { 9, 11, 152, 0, 5, 25, 150 }, // U+2080
    { 6, 10, 114, 0, 4, 15, 175 }, // U+2081
    { 7, 10, 141, 1, 5, 18, 190 }, // U+2082
    { 7, 10, 139, 1, 4, 18, 208 }, // U+2083
    { 9, 11, 159, 0, 5, 25, 226 }, // U+2084
    { 7, 10, 145, 1, 4, 18, 251 }, // U+2085
    { 8, 11, 142, 0, 5, 22, 269 }, // U+2086
    { 7, 9, 131, 1, 4, 16, 291 }, // U+2087
    { 8, 11, 146, 1, 5, 22, 307 }, // U+2088
    { 8, 11, 138, 0, 5, 22, 329 }, // U+2089
    { 16, 24, 274, 1, 20, 96, 0 }, // U+20A1
    { 14, 18, 243, 0, 18, 63, 96 }, // U+20A3
    { 15, 19, 248, 0, 18, 72, 159 }, // U+20A4
    { 21, 18, 326, 0, 18, 95, 231 }, // U+20A6
    { 17, 18, 315, 2, 18, 77, 326 }, // U+20A7
    { 25, 18, 400, 0, 18, 113, 403 }, // U+20A9
    { 12, 19, 204, 1, 18, 57, 516 }, // U+20AB
    { 16, 19, 263, 0, 18, 76, 573 }, // U+20AC
    { 19, 18, 304, 0, 18, 86, 649 }, // U+20AD
    { 17, 18, 316, 2, 18, 77, 735 }, // U+20B1
    { 18, 24, 308, 1, 20, 108, 812 }, // U+20B2
    { 16, 23, 274, 1, 20, 92, 920 }, // U+20B5
    { 13, 19, 225, 1, 18, 62, 1012 }, // U+20B9
    { 15, 19, 246, 0, 18, 72, 1074 }, // U+20BA
    { 15, 21, 306, 2, 21, 79, 1146 }, // U+20BC
    { 15, 18, 288, 2, 18, 68, 1225 }, // U+20BD
    { 19, 7, 400, 3, 12, 34, 0 }, // U+2190
    { 7, 18, 200, 3, 18, 32, 34 }, // U+2191
    { 19, 7, 400, 3, 12, 34, 66 }, // U+2192
    { 7, 18, 200, 3, 18, 32, 100 }, // U+2193
    { 27, 27, 508, 2, 22, 183, 132 }, // U+2194
    { 26, 27, 508, 3, 22, 176, 315 }, // U+2195
    { 26, 26, 508, 3, 22, 169, 491 }, // U+2196
    { 26, 26, 508, 3, 22, 169, 660 }, // U+2197
    { 26, 27, 508, 3, 22, 176, 829 }, // U+2198
    { 26, 27, 508, 3, 22, 176, 1005 }, // U+2199
    { 26, 27, 508, 3, 22, 176, 1181 }, // U+21A9
    { 26, 27, 508, 3, 22, 176, 1357 }, // U+21AA
    { 9, 15, 210, 2, 14, 34, 1533 }, // U+21AF
    { 19, 15, 326, 1, 16, 72, 1567 }, // U+21E6
    { 15, 19, 265, 1, 18, 72, 1639 }, // U+21E7
    { 19, 15, 326, 1, 16, 72, 1711 }, // U+21E8
    { 15, 19, 265, 1, 17, 72, 1783 }, // U+21E9
    { 15, 21, 265, 1, 18, 79, 1855 }, // U+21EA
    { 15, 21, 265, 1, 18, 79, 1934 }, // U+21EB
    { 15, 20, 265, 1, 17, 75, 2013 }, // U+21EC
    { 15, 21, 265, 1, 18, 79, 2088 }, // U+21ED
    { 15, 24, 265, 1, 21, 90, 2167 }, // U+21EE
    { 15, 24, 265, 1, 21, 90, 2257 }, // U+21EF
    { 21, 14, 361, 1, 15, 74, 2347 }, // U+21F0
    { 15, 23, 265, 1, 20, 87, 2421 }, // U+21F3
    { 14, 20, 239, 0, 19, 70, 0 }, // U+2202
    { 15, 15, 250, 0, 14, 57, 70 }, // U+2205
    { 18, 19, 284, 0, 19, 86, 127 }, // U+2206
    { 18, 23, 288, 0, 18, 104, 213 }, // U+220F
    { 12, 18, 209, 1, 17, 54, 317 }, // U+2211
    { 13, 3, 232, 1, 9, 10, 371 }, // U+2212
    { 14, 22, 222, 0, 19, 77, 381 }, // U+2215
    { 5, 4, 110, 1, 11, 5, 458 }, // U+2218
    { 5, 5, 112, 1, 10, 7, 463 }, // U+2219
    { 18, 22, 281, 0, 18, 99, 470 }, // U+221A
    { 20, 11, 352, 1, 12, 55, 569 }, // U+221E
    { 16, 23, 230, -1, 19, 92, 624 }, // U+222B
    { 13, 10, 230, 1, 12, 33, 716 }, // U+2248
    { 13, 14, 236, 1, 14, 46, 749 }, // U+2260
    { 14, 14, 251, 1, 14, 49, 795 }, // U+2264
    { 14, 14, 251, 1, 14, 49, 844 }, // U+2265
    { 21, 20, 358, 1, 19, 105, 893 }, // U+2299
    { 6, 6, 119, 1, 12, 9, 998 }, // U+22C4
    { 4, 4, 92, 1, 11, 4, 1007 }, // U+22C5
    { 7, 7, 142, 1, 13, 13, 1011 }, // U+22C6
    { 26, 27, 508, 3, 22, 176, 0 }, // U+2600
    { 30, 21, 508, 1, 19, 158, 176 }, // U+2601
    { 26, 25, 508, 3, 21, 163, 334 }, // U+2602
    { 22, 27, 508, 5, 22, 149, 497 }, // U+2603
    { 26, 25, 508, 3, 21, 163, 646 }, // U+2604
    { 22, 22, 384, 1, 21, 121, 809 }, // U+2605
    { 24, 24, 414, 1, 22, 144, 930 }, // U+2606
    { 10, 18, 191, 1, 17, 45, 1074 }, // U+2607
    { 17, 18, 302, 1, 18, 77, 1119 }, // U+2608
    { 20, 21, 348, 1, 19, 105, 1196 }, // U+2609
    { 19, 19, 334, 1, 19, 91, 1301 }, // U+260A
    { 19, 19, 334, 1, 19, 91, 1392 }, // U+260B
    { 13, 17, 238, 1, 18, 56, 1483 }, // U+260C
    { 18, 17, 312, 1, 18, 77, 1539 }, // U+260D
    { 32, 27, 508, 0, 22, 216, 1616 }, // U+260E
    { 21, 16, 357, 1, 16, 84, 1832 }, // U+260F
    { 19, 18, 328, 1, 18, 86, 1916 }, // U+2610
    { 26, 27, 508, 3, 22, 176, 2002 }, // U+2611
    { 19, 18, 328, 1, 18, 86, 2178 }, // U+2612
    { 13, 19, 238, 1, 19, 62, 2264 }, // U+2613
    { 26, 26, 508, 3, 22, 169, 2326 }, // U+2614
    { 24, 27, 508, 4, 22, 162, 2495 }, // U+2615
    { 14, 15, 251, 1, 14, 53, 2657 }, // U+2616
    { 14, 14, 251, 1, 14, 49, 2710 }, // U+2617
    { 26, 27, 508, 3, 22, 176, 2759 }, // U+2618
    { 21, 18, 370, 1, 16, 95, 2935 }, // U+2619
    { 29, 15, 488, 1, 15, 109, 3030 }, // U+261A
    { 29, 15, 488, 1, 15, 109, 3139 }, // U+261B
    { 30, 15, 488, 0, 14, 113, 3248 }, // U+261C
    { 18, 27, 508, 7, 22, 122, 3361 }, // U+261D
    { 30, 15, 488, 0, 14, 113, 3483 }, // U+261E
    { 16, 29, 320, 2, 25, 116, 3596 }, // U+261F
    { 26, 27, 508, 3, 22, 176, 3712 }, // U+2620
    { 15, 18, 268, 1, 18, 68, 3888 }, // U+2621
    { 26, 27, 508, 3, 22, 176, 3956 }, // U+2622
    { 26, 27, 508, 3, 22, 176, 4132 }, // U+2623
    { 16, 21, 282, 1, 20, 84, 4308 }, // U+2624
    { 11, 18, 209, 1, 18, 50, 4392 }, // U+2625
    { 26, 26, 508, 3, 21, 169, 4442 }, // U+2626
    { 17, 18, 295, 1, 18, 77, 4611 }, // U+2627
    { 10, 19, 193, 1, 19, 48, 4688 }, // U+2628
    { 19, 18, 326, 1, 18, 86, 4736 }, // U+2629
    { 26, 27, 508, 3, 22, 176, 4822 }, // U+262A
    { 20, 20, 347, 1, 18, 100, 4998 }, // U+262B
    { 15, 19, 269, 1, 19, 72, 5098 }, // U+262C
    { 19, 20, 326, 1, 19, 95, 5170 }, // U+262D
    { 26, 27, 508, 3, 22, 176, 5265 }, // U+262E
    { 26, 25, 508, 3, 21, 163, 5441 }, // U+262F
    { 20, 14, 376, 2, 16, 70, 5604 }, // U+2630
    { 20, 14, 376, 2, 16, 70, 5674 }, // U+2631
    { 20, 14, 376, 2, 16, 70, 5744 }, // U+2632
    { 20, 14, 376, 2, 16, 70, 5814 }, // U+2633
    { 20, 14, 376, 2, 16, 70, 5884 }, // U+2634
    { 20, 14, 376, 2, 16, 70, 5954 }, // U+2635
    { 20, 14, 376, 2, 16, 70, 6024 }, // U+2636
    { 20, 14, 376, 2, 16, 70, 6094 }, // U+2637
    { 26, 25, 508, 3, 21, 163, 6164 }, // U+2638
    { 26, 27, 508, 3, 22, 176, 6327 }, // U+2639
    { 26, 27, 508, 3, 22, 176, 6503 }, // U+263A
    { 18, 18, 318, 1, 18, 81, 6679 }, // U+263B
    { 24, 23, 508, 4, 21, 138, 6760 }, // U+263C
    { 12, 18, 224, 1, 18, 54, 6898 }, // U+263D
    { 12, 18, 224, 1, 18, 54, 6952 }, // U+263E
    { 11, 22, 207, 1, 20, 61, 7006 }, // U+263F
    { 18, 27, 508, 7, 22, 122, 7067 }, // U+2640
    { 11, 18, 207, 1, 17, 50, 7189 }, // U+2641
    { 26, 27, 508, 3, 22, 176, 7239 }, // U+2642
    { 15, 18, 275, 1, 18, 68, 7415 }, // U+2643
    { 13, 20, 241, 1, 20, 65, 7483 }, // U+2644
    { 18, 19, 308, 1, 18, 86, 7548 }, // U+2645
    { 19, 21, 325, 1, 19, 100, 7634 }, // U+2646
    { 11, 18, 199, 1, 18, 50, 7734 }, // U+2647
    { 26, 26, 508, 3, 22, 169, 7784 }, // U+2648
    { 26, 27, 508, 3, 22, 176, 7953 }, // U+2649
    { 26, 25, 508, 3, 21, 163, 8129 }, // U+264A
    { 26, 25, 508, 3, 21, 163, 8292 }, // U+264B
    { 26, 26, 508, 3, 22, 169, 8455 }, // U+264C
    { 26, 26, 508, 3, 21, 169, 8624 }, // U+264D
    { 26, 26, 508, 3, 21, 169, 8793 }, // U+264E
    { 26, 27, 508, 3, 22, 176, 8962 }, // U+264F
    { 26, 26, 508, 3, 22, 169, 9138 }, // U+2650
    { 26, 26, 508, 3, 22, 169, 9307 }, // U+2651
    { 26, 26, 508, 3, 21, 169, 9476 }, // U+2652
    { 26, 26, 508, 3, 21, 169, 9645 }, // U+2653
    { 15, 20, 400, 5, 19, 75, 9814 }, // U+2654
    { 19, 20, 400, 3, 19, 95, 9889 }, // U+2655
    { 17, 18, 400, 4, 18, 77, 9984 }, // U+2656
    { 19, 20, 400, 3, 19, 95, 10061 }, // U+2657
    { 17, 20, 400, 4, 19, 85, 10156 }, // U+2658
    { 17, 20, 400, 4, 19, 85, 10241 }, // U+2659
    { 15, 20, 400, 5, 19, 75, 10326 }, // U+265A
    { 19, 20, 400, 3, 19, 95, 10401 }, // U+265B
    { 17, 18, 400, 4, 18, 77, 10496 }, // U+265C
    { 19, 20, 400, 3, 19, 95, 10573 }, // U+265D
    { 17, 19, 400, 4, 19, 81, 10668 }, // U+265E
    { 17, 26, 508, 7, 22, 111, 10749 }, // U+265F
    { 23, 27, 508, 4, 22, 156, 10860 }, // U+2660
    { 17, 19, 296, 1, 19, 81, 11016 }, // U+2661
    { 13, 20, 242, 1, 19, 65, 11097 }, // U+2662
    { 26, 26, 508, 3, 22, 169, 11162 }, // U+2663
    { 16, 19, 291, 1, 18, 76, 11331 }, // U+2664
    { 28, 27, 508, 2, 22, 189, 11407 }, // U+2665
    { 19, 27, 508, 6, 22, 129, 11596 }, // U+2666
    { 20, 21, 350, 1, 20, 105, 11725 }, // U+2667
    { 28, 27, 508, 2, 22, 189, 11830 }, // U+2668
    { 6, 17, 124, 1, 17, 26, 12019 }, // U+2669
    { 9, 17, 180, 1, 17, 39, 12045 }, // U+266A
    { 14, 18, 256, 1, 17, 63, 12084 }, // U+266B
    { 14, 18, 256, 1, 17, 63, 12147 }, // U+266C
    { 7, 16, 139, 1, 15, 28, 12210 }, // U+266D
    { 7, 17, 143, 1, 11, 30, 12238 }, // U+266E
    { 12, 21, 221, 1, 15, 63, 12268 }, // U+266F
    { 16, 20, 278, 1, 19, 80, 12331 }, // U+2670
    { 16, 20, 278, 1, 19, 80, 12411 }, // U+2671
    { 21, 21, 366, 1, 19, 111, 12491 }, // U+2672
    { 22, 21, 376, 1, 19, 116, 12602 }, // U+2673
    { 22, 21, 376, 1, 19, 116, 12718 }, // U+2674
    { 22, 21, 376, 1, 19, 116, 12834 }, // U+2675
    { 22, 21, 376, 1, 19, 116, 12950 }, // U+2676
    { 22, 21, 376, 1, 19, 116, 13066 }, // U+2677
    { 22, 21, 376, 1, 19, 116, 13182 }, // U+2678
    { 22, 21, 376, 1, 19, 116, 13298 }, // U+2679
    { 22, 21, 376, 1, 19, 116, 13414 }, // U+267A
    { 28, 27, 508, 2, 22, 189, 13530 }, // U+267B
    { 22, 21, 376, 1, 19, 116, 13719 }, // U+267C
    { 22, 21, 376, 1, 19, 116, 13835 }, // U+267D
    { 25, 25, 508, 3, 21, 157, 13951 }, // U+267E
    { 26, 26, 508, 3, 21, 169, 14108 }, // U+267F
    { 18, 19, 311, 1, 18, 86, 14277 }, // U+2680
    { 18, 19, 311, 1, 18, 86, 14363 }, // U+2681
    { 18, 19, 311, 1, 18, 86, 14449 }, // U+2682
    { 18, 19, 311, 1, 18, 86, 14535 }, // U+2683
    { 18, 19, 311, 1, 18, 86, 14621 }, // U+2684
    { 18, 19, 311, 1, 18, 86, 14707 }, // U+2685
    { 18, 17, 318, 1, 17, 77, 14793 }, // U+2686
    { 18, 17, 318, 1, 17, 77, 14870 }, // U+2687
    { 18, 18, 318, 1, 18, 81, 14947 }, // U+2688
    { 18, 18, 318, 1, 18, 81, 15028 }, // U+2689
    { 20, 3, 376, 2, 10, 15, 15109 }, // U+268A
    { 20, 3, 376, 2, 10, 15, 15124 }, // U+268B
    { 20, 9, 376, 2, 14, 45, 15139 }, // U+268C
    { 20, 9, 376, 2, 14, 45, 15184 }, // U+268D
    { 20, 9, 376, 2, 14, 45, 15229 }, // U+268E
    { 20, 9, 376, 2, 14, 45, 15274 }, // U+268F
    { 17, 18, 301, 1, 18, 77, 15319 }, // U+2690
    { 17, 18, 301, 1, 18, 77, 15396 }, // U+2691
    { 29, 27, 508, 1, 22, 196, 15473 }, // U+2692
    { 26, 27, 508, 3, 22, 176, 15669 }, // U+2693
    { 26, 26, 508, 3, 22, 169, 15845 }, // U+2694
    { 20, 27, 508, 6, 22, 135, 16014 }, // U+2695
    { 28, 27, 508, 2, 22, 189, 16149 }, // U+2696
    { 26, 27, 508, 3, 22, 176, 16338 }, // U+2697
    { 15, 20, 259, 1, 19, 75, 16514 }, // U+2698
    { 26, 27, 508, 3, 22, 176, 16589 }, // U+2699
    { 21, 23, 365, 1, 21, 121, 16765 }, // U+269A
    { 26, 25, 508, 3, 21, 163, 16886 }, // U+269B
    { 26, 26, 508, 3, 22, 169, 17049 }, // U+269C
    { 23, 21, 370, 0, 20, 121, 17218 }, // U+269D
    { 16, 19, 292, 1, 18, 76, 17339 }, // U+269E
    { 16, 19, 292, 1, 18, 76, 17415 }, // U+269F
    { 26, 27, 508, 3, 22, 176, 17491 }, // U+26A0
    { 22, 27, 508, 5, 22, 149, 17667 }, // U+26A1
    { 17, 17, 304, 1, 17, 73, 17816 }, // U+26A2
    { 18, 18, 324, 1, 18, 81, 17889 }, // U+26A3
    { 16, 24, 288, 1, 20, 96, 17970 }, // U+26A4
    { 14, 20, 247, 1, 20, 70, 18066 }, // U+26A5
    { 14, 14, 247, 1, 14, 49, 18136 }, // U+26A6
    { 26, 26, 508, 3, 22, 169, 18185 }, // U+26A7
    { 11, 17, 207, 1, 17, 47, 18354 }, // U+26A8
    { 17, 11, 304, 1, 11, 47, 18401 }, // U+26A9
    { 26, 27, 508, 3, 22, 176, 18448 }, // U+26AA
    { 26, 27, 508, 3, 22, 176, 18624 }, // U+26AB
    { 11, 12, 211, 1, 15, 33, 18800 }, // U+26AC
    { 17, 12, 295, 1, 15, 51, 18833 }, // U+26AD
    { 24, 12, 408, 1, 15, 72, 18884 }, // U+26AE
    { 26, 12, 448, 1, 15, 78, 18956 }, // U+26AF
    { 26, 27, 508, 3, 22, 176, 19034 }, // U+26B0
    { 16, 27, 508, 8, 22, 108, 19210 }, // U+26B1
    { 11, 17, 207, 1, 17, 47, 19318 }, // U+26B2
    { 10, 17, 207, 2, 17, 43, 19365 }, // U+26B3
    { 12, 17, 212, 1, 17, 51, 19408 }, // U+26B4
    { 11, 17, 200, 1, 17, 47, 19459 }, // U+26B5
    { 17, 19, 299, 1, 18, 81, 19506 }, // U+26B6
    { 11, 20, 207, 1, 19, 55, 19587 }, // U+26B7
    { 8, 17, 154, 1, 17, 34, 19642 }, // U+26B8
    { 14, 14, 255, 1, 15, 49, 19676 }, // U+26B9
    { 13, 12, 229, 1, 12, 39, 19725 }, // U+26BA
    { 13, 12, 229, 1, 12, 39, 19764 }, // U+26BB
    { 17, 23, 302, 1, 17, 98, 19803 }, // U+26BC
    { 26, 27, 508, 3, 22, 176, 19901 }, // U+26BD
    { 26, 27, 508, 3, 22, 176, 20077 }, // U+26BE
    { 19, 18, 328, 1, 18, 86, 20253 }, // U+26BF
    { 22, 14, 379, 1, 14, 77, 20339 }, // U+26C0
    { 22, 18, 379, 1, 18, 99, 20416 }, // U+26C1
    { 22, 13, 379, 1, 13, 72, 20515 }, // U+26C2
    { 22, 18, 379, 1, 18, 99, 20587 }, // U+26C3
    { 21, 27, 508, 5, 22, 142, 20686 }, // U+26C4
    { 31, 24, 508, 0, 21, 186, 20828 }, // U+26C5
    { 22, 25, 381, 1, 18, 138, 21014 }, // U+26C6
    { 21, 19, 366, 1, 18, 100, 21152 }, // U+26C7
    { 28, 27, 508, 2, 22, 189, 21252 }, // U+26C8
    { 14, 14, 251, 1, 13, 49, 21441 }, // U+26C9
    { 14, 14, 251, 1, 13, 49, 21490 }, // U+26CA
    { 16, 15, 284, 1, 15, 60, 21539 }, // U+26CB
    { 14, 13, 252, 1, 13, 46, 21599 }, // U+26CC
    { 20, 19, 350, 1, 19, 95, 21645 }, // U+26CD
    { 26, 26, 508, 3, 21, 169, 21740 }, // U+26CE
    { 26, 27, 508, 3, 22, 176, 21909 }, // U+26CF
    { 19, 19, 325, 1, 19, 91, 22085 }, // U+26D0
    { 26, 27, 508, 3, 22, 176, 22176 }, // U+26D1
    { 18, 17, 318, 1, 17, 77, 22352 }, // U+26D2
    { 20, 27, 508, 6, 22, 135, 22429 }, // U+26D3
    { 26, 25, 508, 3, 21, 163, 22564 }, // U+26D4
    { 19, 21, 332, 1, 20, 100, 22727 }, // U+26D5
    { 20, 19, 352, 1, 19, 95, 22827 }, // U+26D6
    { 20, 20, 352, 1, 19, 100, 22922 }, // U+26D7
    { 18, 19, 316, 1, 19, 86, 23022 }, // U+26D8
    { 18, 20, 320, 1, 20, 90, 23108 }, // U+26D9
    { 20, 19, 348, 1, 19, 95, 23198 }, // U+26DA
    { 24, 20, 411, 1, 20, 120, 23293 }, // U+26DB
    { 21, 19, 366, 1, 19, 100, 23413 }, // U+26DC
    { 20, 19, 344, 1, 19, 95, 23513 }, // U+26DD
    { 20, 20, 344, 1, 20, 100, 23608 }, // U+26DE
    { 33, 17, 552, 1, 16, 141, 23708 }, // U+26DF
    { 20, 19, 344, 1, 19, 95, 23849 }, // U+26E0
    { 20, 20, 344, 1, 20, 100, 23944 }, // U+26E1
    { 11, 17, 207, 1, 17, 47, 24044 }, // U+26E2
    { 14, 21, 258, 1, 20, 74, 24091 }, // U+26E3
    { 21, 21, 400, 2, 20, 111, 24165 }, // U+26E4
    { 21, 21, 400, 2, 20, 111, 24276 }, // U+26E5
    { 21, 21, 400, 2, 20, 111, 24387 }, // U+26E6
    { 21, 21, 400, 2, 18, 111, 24498 }, // U+26E7
    { 17, 20, 294, 1, 19, 85, 24609 }, // U+26E8
    { 29, 27, 508, 1, 22, 196, 24694 }, // U+26E9
    { 21, 27, 508, 5, 22, 142, 24890 }, // U+26EA
    { 20, 20, 352, 1, 20, 100, 25032 }, // U+26EB
    { 19, 17, 326, 1, 18, 81, 25132 }, // U+26EC
    { 20, 20, 350, 1, 20, 100, 25213 }, // U+26ED
    { 23, 20, 396, 1, 20, 115, 25313 }, // U+26EE
    { 20, 20, 350, 1, 20, 100, 25428 }, // U+26EF
    { 30, 25, 508, 1, 21, 188, 25528 }, // U+26F0
    { 28, 27, 508, 2, 22, 189, 25716 }, // U+26F1
    { 24, 26, 508, 4, 21, 156, 25905 }, // U+26F2
    { 25, 27, 508, 3, 22, 169, 26061 }, // U+26F3
    { 30, 27, 508, 1, 22, 203, 26230 }, // U+26F4
    { 24, 27, 508, 4, 22, 162, 26433 }, // U+26F5
    { 20, 19, 342, 1, 19, 95, 26595 }, // U+26F6
    { 26, 25, 508, 3, 21, 163, 26690 }, // U+26F7
    { 27, 27, 508, 2, 22, 183, 26853 }, // U+26F8
    { 26, 27, 508, 3, 22, 176, 27036 }, // U+26F9
    { 31, 21, 508, 0, 19, 163, 27212 }, // U+26FA
    { 17, 20, 298, 1, 19, 85, 27375 }, // U+26FB
    { 17, 16, 306, 1, 16, 68, 27460 }, // U+26FC
    { 26, 27, 508, 3, 22, 176, 27528 }, // U+26FD
    { 19, 18, 339, 1, 18, 86, 27704 }, // U+26FE
    { 18, 18, 316, 1, 18, 81, 27790 }, // U+26FF
    { 16, 20, 274, 0, 20, 80, 0 }, // U+FB01
    { 15, 19, 265, 0, 19, 72, 80 }, // U+FB02
    { 26, 27, 508, 3, 22, 176, 0 }, // U+1F600
    { 26, 27, 508, 3, 22, 176, 176 }, // U+1F601
    { 32, 27, 508, 0, 22, 216, 352 }, // U+1F602
    { 26, 27, 508, 3, 22, 176, 568 }, // U+1F603
    { 26, 27, 508, 3, 22, 176, 744 }, // U+1F604
    { 27, 27, 508, 2, 22, 183, 920 }, // U+1F605
    { 26, 27, 508, 3, 22, 176, 1103 }, // U+1F606
    { 25, 27, 508, 3, 22, 169, 1279 }, // U+1F607
    { 27, 27, 508, 2, 22, 183, 1448 }, // U+1F608
    { 26, 27, 508, 3, 22, 176, 1631 }, // U+1F609
    { 26, 27, 508, 3, 22, 176, 1807 }, // U+1F60A
    { 26, 27, 508, 3, 22, 176, 1983 }, // U+1F60B
    { 26, 27, 508, 3, 22, 176, 2159 }, // U+1F60C
    { 26, 27, 508, 3, 22, 176, 2335 }, // U+1F60D
    { 27, 27, 508, 2, 22, 183, 2511 }, // U+1F60E
    { 26, 27, 508, 3, 22, 176, 2694 }, // U+1F60F
    { 26, 27, 508, 3, 22, 176, 2870 }, // U+1F610
    { 26, 27, 508, 3, 22, 176, 3046 }, // U+1F611
    { 26, 27, 508, 3, 22, 176, 3222 }, // U+1F612
    { 26, 27, 508, 3, 22, 176, 3398 }, // U+1F613
    { 26, 27, 508, 3, 22, 176, 3574 }, // U+1F614
    { 26, 27, 508, 3, 22, 176, 3750 }, // U+1F615
    { 26, 27, 508, 3, 22, 176, 3926 }, // U+1F616
    { 26, 27, 508, 3, 22, 176, 4102 }, // U+1F617
    { 26, 27, 508, 3, 22, 176, 4278 }, // U+1F618
    { 26, 27, 508, 3, 22, 176, 4454 }, // U+1F619
    { 26, 27, 508, 3, 22, 176, 4630 }, // U+1F61A
    { 26, 27, 508, 3, 22, 176, 4806 }, // U+1F61B
    { 26, 27, 508, 3, 22, 176, 4982 }, // U+1F61C
    { 26, 27, 508, 3, 22, 176, 5158 }, // U+1F61D
    { 26, 27, 508, 3, 22, 176, 5334 }, // U+1F61E
    { 26, 27, 508, 3, 22, 176, 5510 }, // U+1F61F
    { 26, 27, 508, 3, 22, 176, 5686 }, // U+1F620
    { 26, 27, 508, 3, 22, 176, 5862 }, // U+1F621
    { 26, 27, 508, 3, 22, 176, 6038 }, // U+1F622
    { 26, 27, 508, 3, 22, 176, 6214 }, // U+1F623
    { 27, 27, 508, 2, 22, 183, 6390 }, // U+1F624
    { 27, 27, 508, 2, 22, 183, 6573 }, // U+1F625
    { 26, 27, 508, 3, 22, 176, 6756 }, // U+1F626
    { 26, 27, 508, 3, 22, 176, 6932 }, // U+1F627
    { 26, 27, 508, 3, 22, 176, 7108 }, // U+1F628
    { 26, 27, 508, 3, 22, 176, 7284 }, // U+1F629
    { 27, 27, 508, 2, 22, 183, 7460 }, // U+1F62A
    { 26, 27, 508, 3, 22, 176, 7643 }, // U+1F62B
    { 26, 27, 508, 3, 22, 176, 7819 }, // U+1F62C
    { 26, 27, 508, 3, 22, 176, 7995 }, // U+1F62D
    { 26, 27, 508, 3, 22, 176, 8171 }, // U+1F62E
    { 26, 27, 508, 3, 22, 176, 8347 }, // U+1F62F
    { 28, 27, 508, 2, 22, 189, 8523 }, // U+1F630
    { 30, 27, 508, 1, 22, 203, 8712 }, // U+1F631
    { 26, 27, 508, 3, 22, 176, 8915 }, // U+1F632
    { 26, 27, 508, 3, 22, 176, 9091 }, // U+1F633
    { 26, 27, 508, 3, 22, 176, 9267 }, // U+1F634
    { 26, 27, 508, 3, 22, 176, 9443 }, // U+1F635
    { 26, 27, 508, 3, 22, 176, 9619 }, // U+1F636
    { 26, 27, 508, 3, 22, 176, 9795 }, // U+1F637
    { 29, 25, 508, 1, 21, 182, 9971 }, // U+1F638
    { 29, 25, 508, 1, 21, 182, 10153 }, // U+1F639
    { 29, 25, 508, 1, 21, 182, 10335 }, // U+1F63A
    { 29, 25, 508, 1, 21, 182, 10517 }, // U+1F63B
    { 29, 25, 508, 1, 21, 182, 10699 }, // U+1F63C
    { 29, 25, 508, 1, 21, 182, 10881 }, // U+1F63D
    { 29, 25, 508, 1, 21, 182, 11063 }, // U+1F63E
    { 29, 25, 508, 1, 21, 182, 11245 }, // U+1F63F
    { 29, 25, 508, 1, 21, 182, 11427 }, // U+1F640
    { 26, 27, 508, 3, 22, 176, 11609 }, // U+1F641
    { 26, 27, 508, 3, 22, 176, 11785 }, // U+1F642
    { 26, 27, 508, 3, 22, 176, 11961 }, // U+1F643
    { 26, 27, 508, 3, 22, 176, 12137 }, // U+1F644
    { 30, 23, 508, 1, 20, 173, 12313 }, // U+1F645
    { 28, 27, 508, 2, 22, 189, 12486 }, // U+1F646
    { 32, 25, 508, 0, 21, 200, 12675 }, // U+1F647
    { 31, 25, 508, 0, 21, 194, 12875 }, // U+1F648
    { 30, 25, 508, 1, 21, 188, 13069 }, // U+1F649
    { 28, 25, 508, 2, 21, 175, 13257 }, // U+1F64A
    { 22, 27, 508, 5, 22, 149, 13432 }, // U+1F64B
    { 30, 27, 508, 1, 22, 203, 13581 }, // U+1F64C
    { 28, 21, 508, 2, 19, 147, 13784 }, // U+1F64D
    { 30, 23, 508, 1, 20, 173, 13931 }, // U+1F64E
    { 26, 27, 508, 3, 22, 176, 14104 }, // U+1F64F
};

static const EpdUnicodeInterval lexenddeca_12_regularIntervals[] = {
    { 0x0, 0x0, 0x0 },
    { 0xD, 0xD, 0x1 },
    { 0x20, 0x7F, 0x2 },
    { 0xA0, 0xFF, 0x62 },
    { 0x100, 0x17E, 0xC2 },
    { 0x1A0, 0x1A1, 0x141 },
    { 0x1AF, 0x1B0, 0x143 },
    { 0x1C4, 0x1D4, 0x145 },
    { 0x1E6, 0x1E7, 0x156 },
    { 0x1EA, 0x1EB, 0x158 },
    { 0x1F1, 0x1F2, 0x15A },
    { 0x1FA, 0x21B, 0x15C },
    { 0x300, 0x304, 0x17E },
    { 0x306, 0x30C, 0x183 },
    { 0x30F, 0x30F, 0x18A },
    { 0x311, 0x312, 0x18B },
    { 0x31B, 0x31B, 0x18D },
    { 0x323, 0x324, 0x18E },
    { 0x326, 0x328, 0x190 },
    { 0x32E, 0x32E, 0x193 },
    { 0x331, 0x331, 0x194 },
    { 0x335, 0x335, 0x195 },
    { 0x394, 0x394, 0x196 },
    { 0x3A9, 0x3A9, 0x197 },
    { 0x3BC, 0x3BC, 0x198 },
    { 0x3C0, 0x3C0, 0x199 },
    { 0x1EA0, 0x1EF9, 0x19A },
    { 0x2007, 0x200B, 0x1F4 },
    { 0x200D, 0x200D, 0x1F9 },
    { 0x2010, 0x2010, 0x1FA },
    { 0x2012, 0x2015, 0x1FB },
    { 0x2018, 0x201A, 0x1FF },
    { 0x201C, 0x201E, 0x202 },
    { 0x2020, 0x2022, 0x205 },
    { 0x2026, 0x2026, 0x208 },
    { 0x2030, 0x2030, 0x209 },
    { 0x2033, 0x2033, 0x20A },
    { 0x2039, 0x203A, 0x20B },
    { 0x203C, 0x203C, 0x20D },
    { 0x2044, 0x2044, 0x20E },
    { 0x2049, 0x2049, 0x20F },
    { 0x2070, 0x2070, 0x210 },
    { 0x2074, 0x2079, 0x211 },
    { 0x2080, 0x2089, 0x217 },
    { 0x20A1, 0x20A1, 0x221 },
    { 0x20A3, 0x20A4, 0x222 },
    { 0x20A6, 0x20A7, 0x224 },
    { 0x20A9, 0x20A9, 0x226 },
    { 0x20AB, 0x20AD, 0x227 },
    { 0x20B1, 0x20B2, 0x22A },
    { 0x20B5, 0x20B5, 0x22C },
    { 0x20B9, 0x20BA, 0x22D },
    { 0x20BC, 0x20BD, 0x22F },
    { 0x2190, 0x2199, 0x231 },
    { 0x21A9, 0x21AA, 0x23B },
    { 0x21AF, 0x21AF, 0x23D },
    { 0x21E6, 0x21F0, 0x23E },
    { 0x21F3, 0x21F3, 0x249 },
    { 0x2202, 0x2202, 0x24A },
    { 0x2205, 0x2206, 0x24B },
    { 0x220F, 0x220F, 0x24D },
    { 0x2211, 0x2212, 0x24E },
    { 0x2215, 0x2215, 0x250 },
    { 0x2218, 0x221A, 0x251 },
    { 0x221E, 0x221E, 0x254 },
    { 0x222B, 0x222B, 0x255 },
    { 0x2248, 0x2248, 0x256 },
    { 0x2260, 0x2260, 0x257 },
    { 0x2264, 0x2265, 0x258 },
    { 0x2299, 0x2299, 0x25A },
    { 0x22C4, 0x22C6, 0x25B },
    { 0x2600, 0x26FF, 0x25E },
    { 0xFB01, 0xFB02, 0x35E },
    { 0x1F600, 0x1F64F, 0x360 },
};

static const EpdFontGroup lexenddeca_12_regularGroups[] = {
    { 0, 2800, 5896, 98, 0 },
    { 2800, 2461, 7047, 96, 98 },
    { 5261, 3056, 10818, 127, 194 },
    { 8317, 2150, 6229, 61, 321 },
    { 10467, 243, 311, 24, 382 },
    { 10710, 174, 313, 4, 406 },
    { 10884, 1670, 9433, 90, 410 },
    { 12554, 493, 883, 28, 500 },
    { 13047, 185, 400, 17, 528 },
    { 13232, 784, 1401, 16, 545 },
    { 14016, 807, 2687, 25, 561 },
    { 14823, 611, 1137, 20, 586 },
    { 15434, 15269, 29891, 256, 606 },
    { 30703, 63, 156, 2, 862 },
    { 30766, 5769, 15240, 80, 864 },
};

static const EpdKernClassEntry lexenddeca_12_regularKernLeftClasses[] = {
    { 0x0026, 1 }, // &
    { 0x0028, 2 }, // (
    { 0x002A, 3 }, // *
    { 0x002C, 4 }, // ,
    { 0x002E, 5 }, // .
    { 0x002F, 6 }, // /
    { 0x0030, 7 }, // 0
    { 0x0031, 8 }, // 1
    { 0x0032, 9 }, // 2
    { 0x0033, 10 }, // 3
    { 0x0034, 11 }, // 4
    { 0x0035, 12 }, // 5
    { 0x0036, 13 }, // 6
    { 0x0037, 14 }, // 7
    { 0x0038, 15 }, // 8
    { 0x0039, 16 }, // 9
    { 0x003C, 17 }, // <
    { 0x003E, 18 }, // >
    { 0x003F, 19 }, // ?
    { 0x0040, 20 }, // @
    { 0x0041, 21 }, // A
    { 0x0042, 22 }, // B
    { 0x0043, 23 }, // C
    { 0x0044, 24 }, // D
    { 0x0045, 25 }, // E
    { 0x0046, 26 }, // F
    { 0x0047, 27 }, // G
    { 0x0049, 28 }, // I
    { 0x004A, 29 }, // J
    { 0x004B, 30 }, // K
    { 0x004C, 31 }, // L
    { 0x004F, 24 }, // O
    { 0x0050, 32 }, // P
    { 0x0051, 33 }, // Q
    { 0x0052, 34 }, // R
    { 0x0053, 35 }, // S
    { 0x0054, 36 }, // T
    { 0x0055, 37 }, // U
    { 0x0056, 38 }, // V
    { 0x0057, 39 }, // W
    { 0x0058, 40 }, // X
    { 0x0059, 41 }, // Y
    { 0x005A, 42 }, // Z
    { 0x005B, 43 }, // [
    { 0x005C, 44 }, // <backslash>
    { 0x005F, 45 }, // _
    { 0x0061, 46 }, // a
    { 0x0062, 47 }, // b
    { 0x0063, 48 }, // c
    { 0x0064, 49 }, // d
    { 0x0065, 50 }, // e
    { 0x0066, 51 }, // f
    { 0x0067, 52 }, // g
    { 0x0068, 53 }, // h
    { 0x0069, 54 }, // i
    { 0x006A, 55 }, // j
    { 0x006B, 56 }, // k
    { 0x006C, 57 }, // l
    { 0x006D, 53 }, // m
    { 0x006E, 53 }, // n
    { 0x006F, 47 }, // o
    { 0x0070, 47 }, // p
    { 0x0071, 58 }, // q
    { 0x0072, 59 }, // r
    { 0x0073, 60 }, // s
    { 0x0074, 61 }, // t
    { 0x0075, 62 }, // u
    { 0x0076, 63 }, // v
    { 0x0077, 64 }, // w
    { 0x0078, 65 }, // x
    { 0x0079, 66 }, // y
    { 0x007A, 67 }, // z
    { 0x007B, 68 }, // {
    { 0x007D, 69 }, // }
    { 0x00A1, 70 }, // U+00A1
    { 0x00A3, 71 }, // U+00A3
    { 0x00B7, 72 }, // U+00B7
    { 0x00BF, 73 }, // U+00BF
    { 0x00C0, 21 }, // U+00C0
    { 0x00C1, 21 }, // U+00C1
    { 0x00C2, 21 }, // U+00C2
    { 0x00C3, 21 }, // U+00C3
    { 0x00C4, 21 }, // U+00C4
    { 0x00C5, 21 }, // U+00C5
    { 0x00C6, 25 }, // U+00C6
    { 0x00C8, 25 }, // U+00C8
    { 0x00C9, 25 }, // U+00C9
    { 0x00CA, 25 }, // U+00CA
    { 0x00CB, 25 }, // U+00CB
    { 0x00D0, 24 }, // U+00D0
    { 0x00D2, 24 }, // U+00D2
    { 0x00D3, 24 }, // U+00D3
    { 0x00D4, 24 }, // U+00D4
    { 0x00D5, 24 }, // U+00D5
    { 0x00D6, 24 }, // U+00D6
    { 0x00D8, 24 }, // U+00D8
    { 0x00D9, 37 }, // U+00D9
    { 0x00DA, 37 }, // U+00DA
    { 0x00DB, 37 }, // U+00DB
    { 0x00DC, 37 }, // U+00DC
    { 0x00DD, 41 }, // U+00DD
    { 0x00DE, 74 }, // U+00DE
    { 0x00DF, 75 }, // U+00DF
    { 0x00E0, 46 }, // U+00E0
    { 0x00E1, 46 }, // U+00E1
    { 0x00E2, 46 }, // U+00E2
    { 0x00E3, 46 }, // U+00E3
    { 0x00E4, 46 }, // U+00E4
    { 0x00E5, 46 }, // U+00E5
    { 0x00E7, 48 }, // U+00E7
    { 0x00E8, 50 }, // U+00E8
    { 0x00E9, 50 }, // U+00E9
    { 0x00EA, 50 }, // U+00EA
    { 0x00EB, 50 }, // U+00EB
    { 0x00EC, 54 }, // U+00EC
    { 0x00ED, 54 }, // U+00ED
    { 0x00EE, 54 }, // U+00EE
    { 0x00EF, 54 }, // U+00EF
    { 0x00F0, 76 }, // U+00F0
    { 0x00F1, 53 }, // U+00F1
    { 0x00F2, 47 }, // U+00F2
    { 0x00F3, 47 }, // U+00F3
    { 0x00F4, 47 }, // U+00F4
    { 0x00F5, 47 }, // U+00F5
    { 0x00F6, 47 }, // U+00F6
    { 0x00F8, 47 }, // U+00F8
    { 0x00F9, 62 }, // U+00F9
    { 0x00FA, 62 }, // U+00FA
    { 0x00FB, 62 }, // U+00FB
    { 0x00FC, 62 }, // U+00FC
    { 0x00FD, 66 }, // U+00FD
    { 0x00FE, 47 }, // U+00FE
    { 0x00FF, 66 }, // U+00FF
    { 0x0100, 21 }, // U+0100
    { 0x0101, 46 }, // U+0101
    { 0x0102, 21 }, // U+0102
    { 0x0103, 46 }, // U+0103
    { 0x0104, 21 }, // U+0104
    { 0x0105, 46 }, // U+0105
    { 0x0107, 48 }, // U+0107
    { 0x0109, 48 }, // U+0109
    { 0x010B, 48 }, // U+010B
    { 0x010D, 48 }, // U+010D
    { 0x010E, 24 }, // U+010E
    { 0x010F, 77 }, // U+010F
    { 0x0110, 24 }, // U+0110
    { 0x0111, 49 }, // U+0111
    { 0x0112, 25 }, // U+0112
    { 0x0113, 50 }, // U+0113
    { 0x0114, 25 }, // U+0114
    { 0x0115, 50 }, // U+0115
    { 0x0116, 25 }, // U+0116
    { 0x0117, 50 }, // U+0117
    { 0x0118, 25 }, // U+0118
    { 0x0119, 50 }, // U+0119
    { 0x011A, 25 }, // U+011A
    { 0x011B, 50 }, // U+011B
    { 0x011C, 27 }, // U+011C
    { 0x011D, 78 }, // U+011D
    { 0x011E, 27 }, // U+011E
    { 0x011F, 78 }, // U+011F
    { 0x0120, 27 }, // U+0120
    { 0x0121, 78 }, // U+0121
    { 0x0122, 27 }, // U+0122
    { 0x0123, 78 }, // U+0123
    { 0x0125, 53 }, // U+0125
    { 0x0127, 53 }, // U+0127
    { 0x0129, 54 }, // U+0129
    { 0x012B, 54 }, // U+012B
    { 0x012D, 54 }, // U+012D
    { 0x012F, 54 }, // U+012F
    { 0x0131, 54 }, // U+0131
    { 0x0132, 29 }, // U+0132
    { 0x0133, 55 }, // U+0133
    { 0x0134, 29 }, // U+0134
    { 0x0135, 55 }, // U+0135
    { 0x0136, 30 }, // U+0136
    { 0x0137, 56 }, // U+0137
    { 0x0138, 56 }, // U+0138
    { 0x0139, 31 }, // U+0139
    { 0x013A, 57 }, // U+013A
    { 0x013B, 31 }, // U+013B
    { 0x013C, 57 }, // U+013C
    { 0x013D, 31 }, // U+013D
    { 0x013E, 77 }, // U+013E
    { 0x013F, 31 }, // U+013F
    { 0x0140, 57 }, // U+0140
    { 0x0141, 31 }, // U+0141
    { 0x0142, 57 }, // U+0142
    { 0x0144, 53 }, // U+0144
    { 0x0146, 53 }, // U+0146
    { 0x0148, 53 }, // U+0148
    { 0x0149, 53 }, // U+0149
    { 0x014B, 53 }, // U+014B
    { 0x014C, 24 }, // U+014C
    { 0x014D, 47 }, // U+014D
    { 0x014E, 24 }, // U+014E
    { 0x014F, 47 }, // U+014F
    { 0x0150, 24 }, // U+0150
    { 0x0151, 47 }, // U+0151
    { 0x0152, 25 }, // U+0152
    { 0x0153, 50 }, // U+0153
    { 0x0154, 79 }, // U+0154
    { 0x0155, 59 }, // U+0155
    { 0x0156, 79 }, // U+0156
    { 0x0157, 59 }, // U+0157
    { 0x0158, 79 }, // U+0158
    { 0x0159, 59 }, // U+0159
    { 0x015A, 35 }, // U+015A
    { 0x015B, 60 }, // U+015B
    { 0x015C, 35 }, // U+015C
    { 0x015D, 60 }, // U+015D
    { 0x015E, 35 }, // U+015E
    { 0x015F, 60 }, // U+015F
    { 0x0160, 35 }, // U+0160
    { 0x0161, 60 }, // U+0161
    { 0x0162, 36 }, // U+0162
    { 0x0163, 61 }, // U+0163
    { 0x0164, 36 }, // U+0164
    { 0x0165, 61 }, // U+0165
    { 0x0166, 36 }, // U+0166
    { 0x0167, 61 }, // U+0167
    { 0x0168, 37 }, // U+0168
    { 0x0169, 62 }, // U+0169
    { 0x016A, 37 }, // U+016A
    { 0x016B, 62 }, // U+016B
    { 0x016C, 37 }, // U+016C
    { 0x016D, 62 }, // U+016D
    { 0x016E, 37 }, // U+016E
    { 0x016F, 62 }, // U+016F
    { 0x0170, 37 }, // U+0170
    { 0x0171, 62 }, // U+0171
    { 0x0172, 37 }, // U+0172
    { 0x0173, 62 }, // U+0173
    { 0x0174, 39 }, // U+0174
    { 0x0175, 64 }, // U+0175
    { 0x0176, 41 }, // U+0176
    { 0x0177, 66 }, // U+0177
    { 0x0178, 41 }, // U+0178
    { 0x0179, 42 }, // U+0179
    { 0x017A, 67 }, // U+017A
    { 0x017B, 42 }, // U+017B
    { 0x017C, 67 }, // U+017C
    { 0x017D, 42 }, // U+017D
    { 0x017E, 67 }, // U+017E
    { 0x01A0, 24 }, // U+01A0
    { 0x01A1, 47 }, // U+01A1
    { 0x01AF, 37 }, // U+01AF
    { 0x01B0, 62 }, // U+01B0
    { 0x01C4, 42 }, // U+01C4
    { 0x01C5, 67 }, // U+01C5
    { 0x01C6, 67 }, // U+01C6
    { 0x01C7, 29 }, // U+01C7
    { 0x01C8, 55 }, // U+01C8
    { 0x01C9, 57 }, // U+01C9
    { 0x01CA, 29 }, // U+01CA
    { 0x01CB, 55 }, // U+01CB
    { 0x01CC, 55 }, // U+01CC
    { 0x01CD, 21 }, // U+01CD
    { 0x01CE, 46 }, // U+01CE
    { 0x01D0, 54 }, // U+01D0
    { 0x01D1, 24 }, // U+01D1
    { 0x01D2, 47 }, // U+01D2
    { 0x01D3, 37 }, // U+01D3
    { 0x01D4, 62 }, // U+01D4
    { 0x01E6, 27 }, // U+01E6
    { 0x01E7, 78 }, // U+01E7
    { 0x01EA, 24 }, // U+01EA
    { 0x01EB, 47 }, // U+01EB
    { 0x01F1, 42 }, // U+01F1
    { 0x01F2, 67 }, // U+01F2
    { 0x01FA, 21 }, // U+01FA
    { 0x01FB, 46 }, // U+01FB
    { 0x01FC, 25 }, // U+01FC
    { 0x01FE, 24 }, // U+01FE
    { 0x01FF, 47 }, // U+01FF
    { 0x0200, 21 }, // U+0200
    { 0x0201, 46 }, // U+0201
    { 0x0202, 21 }, // U+0202
    { 0x0203, 46 }, // U+0203
    { 0x0204, 25 }, // U+0204
    { 0x0205, 50 }, // U+0205
    { 0x0206, 25 }, // U+0206
    { 0x0207, 50 }, // U+0207
    { 0x0209, 54 }, // U+0209
    { 0x020B, 54 }, // U+020B
    { 0x020C, 24 }, // U+020C
    { 0x020D, 47 }, // U+020D
    { 0x020E, 24 }, // U+020E
    { 0x020F, 47 }, // U+020F
    { 0x0210, 79 }, // U+0210
    { 0x0211, 59 }, // U+0211
    { 0x0212, 79 }, // U+0212
    { 0x0213, 59 }, // U+0213
    { 0x0214, 37 }, // U+0214
    { 0x0215, 62 }, // U+0215
    { 0x0216, 37 }, // U+0216
    { 0x0217, 62 }, // U+0217
    { 0x0218, 35 }, // U+0218
    { 0x0219, 60 }, // U+0219
    { 0x021A, 36 }, // U+021A
    { 0x021B, 61 }, // U+021B
    { 0x0394, 21 }, // U+0394
    { 0x1EA0, 21 }, // U+1EA0
    { 0x1EA1, 46 }, // U+1EA1
    { 0x1EA2, 21 }, // U+1EA2
    { 0x1EA3, 46 }, // U+1EA3
    { 0x1EA4, 21 }, // U+1EA4
    { 0x1EA5, 46 }, // U+1EA5
    { 0x1EA6, 21 }, // U+1EA6
    { 0x1EA7, 46 }, // U+1EA7
    { 0x1EA8, 21 }, // U+1EA8
    { 0x1EA9, 46 }, // U+1EA9
    { 0x1EAA, 21 }, // U+1EAA
    { 0x1EAB, 46 }, // U+1EAB
    { 0x1EAC, 21 }, // U+1EAC
    { 0x1EAD, 46 }, // U+1EAD
    { 0x1EAE, 21 }, // U+1EAE
    { 0x1EAF, 46 }, // U+1EAF
    { 0x1EB0, 21 }, // U+1EB0
    { 0x1EB1, 46 }, // U+1EB1
    { 0x1EB2, 21 }, // U+1EB2
    { 0x1EB3, 46 }, // U+1EB3
    { 0x1EB4, 21 }, // U+1EB4
    { 0x1EB5, 46 }, // U+1EB5
    { 0x1EB6, 21 }, // U+1EB6
    { 0x1EB7, 46 }, // U+1EB7
    { 0x1EB8, 25 }, // U+1EB8
    { 0x1EB9, 50 }, // U+1EB9
    { 0x1EBA, 25 }, // U+1EBA
    { 0x1EBB, 50 }, // U+1EBB
    { 0x1EBC, 25 }, // U+1EBC
    { 0x1EBD, 50 }, // U+1EBD
    { 0x1EBE, 25 }, // U+1EBE
    { 0x1EBF, 50 }, // U+1EBF
    { 0x1EC0, 25 }, // U+1EC0
    { 0x1EC1, 50 }, // U+1EC1
    { 0x1EC2, 25 }, // U+1EC2
    { 0x1EC3, 50 }, // U+1EC3
    { 0x1EC4, 25 }, // U+1EC4
    { 0x1EC5, 50 }, // U+1EC5
    { 0x1EC6, 25 }, // U+1EC6
    { 0x1EC7, 50 }, // U+1EC7
    { 0x1EC9, 54 }, // U+1EC9
    { 0x1ECB, 54 }, // U+1ECB
    { 0x1ECC, 24 }, // U+1ECC
    { 0x1ECD, 47 }, // U+1ECD
    { 0x1ECE, 24 }, // U+1ECE
    { 0x1ECF, 47 }, // U+1ECF
    { 0x1ED0, 24 }, // U+1ED0
    { 0x1ED1, 47 }, // U+1ED1
    { 0x1ED2, 24 }, // U+1ED2
    { 0x1ED3, 47 }, // U+1ED3
    { 0x1ED4, 24 }, // U+1ED4
    { 0x1ED5, 47 }, // U+1ED5
    { 0x1ED6, 24 }, // U+1ED6
    { 0x1ED7, 47 }, // U+1ED7
    { 0x1ED8, 24 }, // U+1ED8
    { 0x1ED9, 47 }, // U+1ED9
    { 0x1EDA, 24 }, // U+1EDA
    { 0x1EDB, 47 }, // U+1EDB
    { 0x1EDC, 24 }, // U+1EDC
    { 0x1EDD, 47 }, // U+1EDD
    { 0x1EDE, 24 }, // U+1EDE
    { 0x1EDF, 47 }, // U+1EDF
    { 0x1EE0, 24 }, // U+1EE0
    { 0x1EE1, 47 }, // U+1EE1
    { 0x1EE2, 24 }, // U+1EE2
    { 0x1EE3, 47 }, // U+1EE3
    { 0x1EE4, 37 }, // U+1EE4
    { 0x1EE5, 62 }, // U+1EE5
    { 0x1EE6, 37 }, // U+1EE6
    { 0x1EE7, 62 }, // U+1EE7
    { 0x1EE8, 37 }, // U+1EE8
    { 0x1EE9, 62 }, // U+1EE9
    { 0x1EEA, 37 }, // U+1EEA
    { 0x1EEB, 62 }, // U+1EEB
    { 0x1EEC, 37 }, // U+1EEC
    { 0x1EED, 62 }, // U+1EED
    { 0x1EEE, 37 }, // U+1EEE
    { 0x1EEF, 62 }, // U+1EEF
    { 0x1EF0, 37 }, // U+1EF0
    { 0x1EF1, 62 }, // U+1EF1
    { 0x1EF2, 41 }, // U+1EF2
    { 0x1EF3, 66 }, // U+1EF3
    { 0x1EF4, 41 }, // U+1EF4
    { 0x1EF5, 66 }, // U+1EF5
    { 0x1EF6, 41 }, // U+1EF6
    { 0x1EF7, 66 }, // U+1EF7
    { 0x1EF8, 41 }, // U+1EF8
    { 0x1EF9, 66 }, // U+1EF9
    { 0x2018, 80 }, // U+2018
    { 0x2019, 81 }, // U+2019
    { 0x201C, 82 }, // U+201C
    { 0x201D, 83 }, // U+201D
    { 0x2022, 84 }, // U+2022
    { 0x2206, 85 }, // U+2206
    { 0x221E, 86 }, // U+221E
    { 0x222B, 87 }, // U+222B
    { 0xFB01, 54 }, // U+FB01
    { 0xFB02, 57 }, // U+FB02
};

static const EpdKernClassEntry lexenddeca_12_regularKernRightClasses[] = {
    { 0x0021, 1 }, // !
    { 0x0026, 2 }, // &
    { 0x0029, 3 }, // )
    { 0x002A, 4 }, // *
    { 0x002C, 5 }, // ,
    { 0x002D, 6 }, // -
    { 0x002E, 7 }, // .
    { 0x002F, 8 }, // /
    { 0x0030, 9 }, // 0
    { 0x0031, 10 }, // 1
    { 0x0032, 11 }, // 2
    { 0x0034, 12 }, // 4
    { 0x0036, 13 }, // 6
    { 0x0037, 14 }, // 7
    { 0x0038, 15 }, // 8
    { 0x0039, 16 }, // 9
    { 0x003C, 17 }, // <
    { 0x003F, 18 }, // ?
    { 0x0040, 19 }, // @
    { 0x0041, 20 }, // A
    { 0x0042, 21 }, // B
    { 0x0043, 22 }, // C
    { 0x0044, 21 }, // D
    { 0x0045, 21 }, // E
    { 0x0046, 21 }, // F
    { 0x0047, 22 }, // G
    { 0x0048, 21 }, // H
    { 0x0049, 23 }, // I
    { 0x004A, 24 }, // J
    { 0x004B, 21 }, // K
    { 0x004C, 21 }, // L
    { 0x004D, 21 }, // M
    { 0x004E, 21 }, // N
    { 0x004F, 22 }, // O
    { 0x0050, 21 }, // P
    { 0x0051, 22 }, // Q
    { 0x0052, 21 }, // R
    { 0x0053, 25 }, // S
    { 0x0054, 26 }, // T
    { 0x0055, 27 }, // U
    { 0x0056, 28 }, // V
    { 0x0057, 29 }, // W
    { 0x0058, 30 }, // X
    { 0x0059, 31 }, // Y
    { 0x005A, 32 }, // Z
    { 0x005B, 33 }, // [
    { 0x005C, 34 }, // <backslash>
    { 0x005D, 35 }, // ]
    { 0x005F, 36 }, // _
    { 0x0061, 37 }, // a
    { 0x0062, 38 }, // b
    { 0x0063, 37 }, // c
    { 0x0064, 37 }, // d
    { 0x0065, 37 }, // e
    { 0x0066, 39 }, // f
    { 0x0067, 40 }, // g
    { 0x0068, 38 }, // h
    { 0x006A, 41 }, // j
    { 0x006B, 38 }, // k
    { 0x006C, 38 }, // l
    { 0x006D, 42 }, // m
    { 0x006E, 42 }, // n
    { 0x006F, 37 }, // o
    { 0x0070, 43 }, // p
    { 0x0071, 37 }, // q
    { 0x0072, 42 }, // r
    { 0x0073, 44 }, // s
    { 0x0074, 45 }, // t
    { 0x0075, 46 }, // u
    { 0x0076, 47 }, // v
    { 0x0077, 48 }, // w
    { 0x0078, 49 }, // x
    { 0x0079, 50 }, // y
    { 0x007A, 51 }, // z
    { 0x007B, 33 }, // {
    { 0x007D, 52 }, // }
    { 0x00A1, 53 }, // U+00A1
    { 0x00B7, 54 }, // U+00B7
    { 0x00BF, 55 }, // U+00BF
    { 0x00C0, 56 }, // U+00C0
    { 0x00C1, 56 }, // U+00C1
    { 0x00C2, 56 }, // U+00C2
    { 0x00C3, 56 }, // U+00C3
    { 0x00C4, 56 }, // U+00C4
    { 0x00C5, 56 }, // U+00C5
    { 0x00C6, 57 }, // U+00C6
    { 0x00C7, 22 }, // U+00C7
    { 0x00C8, 21 }, // U+00C8
    { 0x00C9, 21 }, // U+00C9
    { 0x00CA, 21 }, // U+00CA
    { 0x00CB, 21 }, // U+00CB
    { 0x00D0, 21 }, // U+00D0
    { 0x00D1, 21 }, // U+00D1
    { 0x00D2, 22 }, // U+00D2
    { 0x00D3, 22 }, // U+00D3
    { 0x00D4, 22 }, // U+00D4
    { 0x00D5, 22 }, // U+00D5
    { 0x00D6, 22 }, // U+00D6
    { 0x00D8, 22 }, // U+00D8
    { 0x00D9, 27 }, // U+00D9
    { 0x00DA, 27 }, // U+00DA
    { 0x00DB, 27 }, // U+00DB
    { 0x00DC, 27 }, // U+00DC
    { 0x00DD, 58 }, // U+00DD
    { 0x00DE, 21 }, // U+00DE
    { 0x00DF, 59 }, // U+00DF
    { 0x00E0, 37 }, // U+00E0
    { 0x00E1, 37 }, // U+00E1
    { 0x00E2, 37 }, // U+00E2
    { 0x00E3, 37 }, // U+00E3
    { 0x00E4, 37 }, // U+00E4
    { 0x00E5, 37 }, // U+00E5
    { 0x00E7, 37 }, // U+00E7
    { 0x00E8, 37 }, // U+00E8
    { 0x00E9, 37 }, // U+00E9
    { 0x00EA, 37 }, // U+00EA
    { 0x00EB, 37 }, // U+00EB
    { 0x00F0, 60 }, // U+00F0
    { 0x00F1, 42 }, // U+00F1
    { 0x00F2, 37 }, // U+00F2
    { 0x00F3, 37 }, // U+00F3
    { 0x00F4, 37 }, // U+00F4
    { 0x00F5, 37 }, // U+00F5
    { 0x00F6, 37 }, // U+00F6
    { 0x00F8, 37 }, // U+00F8
    { 0x00F9, 46 }, // U+00F9
    { 0x00FA, 46 }, // U+00FA
    { 0x00FB, 46 }, // U+00FB
    { 0x00FC, 46 }, // U+00FC
    { 0x00FD, 50 }, // U+00FD
    { 0x00FE, 61 }, // U+00FE
    { 0x00FF, 50 }, // U+00FF
    { 0x0100, 56 }, // U+0100
    { 0x0101, 37 }, // U+0101
    { 0x0102, 56 }, // U+0102
    { 0x0103, 37 }, // U+0103
    { 0x0104, 56 }, // U+0104
    { 0x0105, 37 }, // U+0105
    { 0x0106, 22 }, // U+0106
    { 0x0107, 37 }, // U+0107
    { 0x0108, 22 }, // U+0108
    { 0x0109, 37 }, // U+0109
    { 0x010A, 22 }, // U+010A
    { 0x010B, 37 }, // U+010B
    { 0x010C, 22 }, // U+010C
    { 0x010D, 37 }, // U+010D
    { 0x010E, 21 }, // U+010E
    { 0x010F, 37 }, // U+010F
    { 0x0110, 21 }, // U+0110
    { 0x0111, 37 }, // U+0111
    { 0x0112, 21 }, // U+0112
    { 0x0113, 37 }, // U+0113
    { 0x0114, 21 }, // U+0114
    { 0x0115, 37 }, // U+0115
    { 0x0116, 21 }, // U+0116
    { 0x0117, 37 }, // U+0117
    { 0x0118, 21 }, // U+0118
    { 0x0119, 37 }, // U+0119
    { 0x011A, 21 }, // U+011A
    { 0x011B, 37 }, // U+011B
    { 0x011C, 22 }, // U+011C
    { 0x011D, 40 }, // U+011D
    { 0x011E, 22 }, // U+011E
    { 0x011F, 40 }, // U+011F
    { 0x0120, 22 }, // U+0120
    { 0x0121, 40 }, // U+0121
    { 0x0122, 22 }, // U+0122
    { 0x0123, 40 }, // U+0123
    { 0x0124, 21 }, // U+0124
    { 0x0125, 38 }, // U+0125
    { 0x0127, 38 }, // U+0127
    { 0x0134, 24 }, // U+0134
    { 0x0135, 41 }, // U+0135
    { 0x0136, 21 }, // U+0136
    { 0x0137, 38 }, // U+0137
    { 0x0138, 38 }, // U+0138
    { 0x0139, 21 }, // U+0139
    { 0x013A, 38 }, // U+013A
    { 0x013B, 21 }, // U+013B
    { 0x013C, 38 }, // U+013C
    { 0x013D, 21 }, // U+013D
    { 0x013E, 38 }, // U+013E
    { 0x013F, 21 }, // U+013F
    { 0x0140, 38 }, // U+0140
    { 0x0141, 21 }, // U+0141
    { 0x0142, 38 }, // U+0142
    { 0x0143, 21 }, // U+0143
    { 0x0144, 42 }, // U+0144
    { 0x0145, 21 }, // U+0145
    { 0x0146, 42 }, // U+0146
    { 0x0147, 21 }, // U+0147
    { 0x0148, 42 }, // U+0148
    { 0x014A, 21 }, // U+014A
    { 0x014B, 42 }, // U+014B
    { 0x014C, 22 }, // U+014C
    { 0x014D, 37 }, // U+014D
    { 0x014E, 22 }, // U+014E
    { 0x014F, 37 }, // U+014F
    { 0x0150, 22 }, // U+0150
    { 0x0151, 37 }, // U+0151
    { 0x0152, 22 }, // U+0152
    { 0x0153, 37 }, // U+0153
    { 0x0154, 21 }, // U+0154
    { 0x0155, 42 }, // U+0155
    { 0x0156, 21 }, // U+0156
    { 0x0157, 42 }, // U+0157
    { 0x0158, 21 }, // U+0158
    { 0x0159, 42 }, // U+0159
    { 0x015A, 25 }, // U+015A
    { 0x015B, 44 }, // U+015B
    { 0x015C, 25 }, // U+015C
    { 0x015D, 44 }, // U+015D
    { 0x015E, 25 }, // U+015E
    { 0x015F, 44 }, // U+015F
    { 0x0160, 25 }, // U+0160
    { 0x0161, 44 }, // U+0161
    { 0x0162, 62 }, // U+0162
    { 0x0163, 45 }, // U+0163
    { 0x0164, 62 }, // U+0164
    { 0x0165, 45 }, // U+0165
    { 0x0166, 62 }, // U+0166
    { 0x0167, 45 }, // U+0167
    { 0x0168, 27 }, // U+0168
    { 0x0169, 46 }, // U+0169
    { 0x016A, 27 }, // U+016A
    { 0x016B, 46 }, // U+016B
    { 0x016C, 27 }, // U+016C
    { 0x016D, 46 }, // U+016D
    { 0x016E, 27 }, // U+016E
    { 0x016F, 46 }, // U+016F
    { 0x0170, 27 }, // U+0170
    { 0x0171, 46 }, // U+0171
    { 0x0172, 27 }, // U+0172
    { 0x0173, 46 }, // U+0173
    { 0x0174, 63 }, // U+0174
    { 0x0175, 48 }, // U+0175
    { 0x0176, 58 }, // U+0176
    { 0x0177, 50 }, // U+0177
    { 0x0178, 58 }, // U+0178
    { 0x0179, 32 }, // U+0179
    { 0x017A, 51 }, // U+017A
    { 0x017B, 32 }, // U+017B
    { 0x017C, 51 }, // U+017C
    { 0x017D, 32 }, // U+017D
    { 0x017E, 51 }, // U+017E
    { 0x01A0, 22 }, // U+01A0
    { 0x01A1, 37 }, // U+01A1
    { 0x01AF, 27 }, // U+01AF
    { 0x01B0, 46 }, // U+01B0
    { 0x01C4, 21 }, // U+01C4
    { 0x01C5, 21 }, // U+01C5
    { 0x01C6, 37 }, // U+01C6
    { 0x01C7, 21 }, // U+01C7
    { 0x01C8, 21 }, // U+01C8
    { 0x01C9, 38 }, // U+01C9
    { 0x01CA, 21 }, // U+01CA
    { 0x01CB, 21 }, // U+01CB
    { 0x01CC, 42 }, // U+01CC
    { 0x01CD, 56 }, // U+01CD
    { 0x01CE, 37 }, // U+01CE
    { 0x01D1, 22 }, // U+01D1
    { 0x01D2, 37 }, // U+01D2
    { 0x01D3, 27 }, // U+01D3
    { 0x01D4, 46 }, // U+01D4
    { 0x01E6, 22 }, // U+01E6
    { 0x01E7, 40 }, // U+01E7
    { 0x01EA, 22 }, // U+01EA
    { 0x01EB, 37 }, // U+01EB
    { 0x01F1, 21 }, // U+01F1
    { 0x01F2, 21 }, // U+01F2
    { 0x01FA, 56 }, // U+01FA
    { 0x01FB, 37 }, // U+01FB
    { 0x01FC, 57 }, // U+01FC
    { 0x01FE, 22 }, // U+01FE
    { 0x01FF, 37 }, // U+01FF
    { 0x0200, 56 }, // U+0200
    { 0x0201, 37 }, // U+0201
    { 0x0202, 56 }, // U+0202
    { 0x0203, 37 }, // U+0203
    { 0x0204, 21 }, // U+0204
    { 0x0205, 37 }, // U+0205
    { 0x0206, 21 }, // U+0206
    { 0x0207, 37 }, // U+0207
    { 0x020C, 22 }, // U+020C
    { 0x020D, 37 }, // U+020D
    { 0x020E, 22 }, // U+020E
    { 0x020F, 37 }, // U+020F
    { 0x0210, 21 }, // U+0210
    { 0x0211, 42 }, // U+0211
    { 0x0212, 21 }, // U+0212
    { 0x0213, 42 }, // U+0213
    { 0x0214, 27 }, // U+0214
    { 0x0215, 46 }, // U+0215
    { 0x0216, 27 }, // U+0216
    { 0x0217, 46 }, // U+0217
    { 0x0218, 25 }, // U+0218
    { 0x0219, 44 }, // U+0219
    { 0x021A, 62 }, // U+021A
    { 0x021B, 45 }, // U+021B
    { 0x0394, 56 }, // U+0394
    { 0x03BC, 46 }, // U+03BC
    { 0x1EA0, 56 }, // U+1EA0
    { 0x1EA1, 37 }, // U+1EA1
    { 0x1EA2, 56 }, // U+1EA2
    { 0x1EA3, 37 }, // U+1EA3
    { 0x1EA4, 56 }, // U+1EA4
    { 0x1EA5, 37 }, // U+1EA5
    { 0x1EA6, 56 }, // U+1EA6
    { 0x1EA7, 37 }, // U+1EA7
    { 0x1EA8, 56 }, // U+1EA8
    { 0x1EA9, 37 }, // U+1EA9
    { 0x1EAA, 56 }, // U+1EAA
    { 0x1EAB, 37 }, // U+1EAB
    { 0x1EAC, 56 }, // U+1EAC
    { 0x1EAD, 37 }, // U+1EAD
    { 0x1EAE, 56 }, // U+1EAE
    { 0x1EAF, 37 }, // U+1EAF
    { 0x1EB0, 56 }, // U+1EB0
    { 0x1EB1, 37 }, // U+1EB1
    { 0x1EB2, 56 }, // U+1EB2
    { 0x1EB3, 37 }, // U+1EB3
    { 0x1EB4, 56 }, // U+1EB4
    { 0x1EB5, 37 }, // U+1EB5
    { 0x1EB6, 56 }, // U+1EB6
    { 0x1EB7, 37 }, // U+1EB7
    { 0x1EB8, 21 }, // U+1EB8
    { 0x1EB9, 37 }, // U+1EB9
    { 0x1EBA, 21 }, // U+1EBA
    { 0x1EBB, 37 }, // U+1EBB
    { 0x1EBC, 21 }, // U+1EBC
    { 0x1EBD, 37 }, // U+1EBD
    { 0x1EBE, 21 }, // U+1EBE
    { 0x1EBF, 37 }, // U+1EBF
    { 0x1EC0, 21 }, // U+1EC0
    { 0x1EC1, 37 }, // U+1EC1
    { 0x1EC2, 21 }, // U+1EC2
    { 0x1EC3, 37 }, // U+1EC3
    { 0x1EC4, 21 }, // U+1EC4
    { 0x1EC5, 37 }, // U+1EC5
    { 0x1EC6, 21 }, // U+1EC6
    { 0x1EC7, 37 }, // U+1EC7
    { 0x1ECC, 22 }, // U+1ECC
    { 0x1ECD, 37 }, // U+1ECD
    { 0x1ECE, 22 }, // U+1ECE
    { 0x1ECF, 37 }, // U+1ECF
    { 0x1ED0, 22 }, // U+1ED0
    { 0x1ED1, 37 }, // U+1ED1
    { 0x1ED2, 22 }, // U+1ED2
    { 0x1ED3, 37 }, // U+1ED3
    { 0x1ED4, 22 }, // U+1ED4
    { 0x1ED5, 37 }, // U+1ED5
    { 0x1ED6, 22 }, // U+1ED6
    { 0x1ED7, 37 }, // U+1ED7
    { 0x1ED8, 22 }, // U+1ED8
    { 0x1ED9, 37 }, // U+1ED9
    { 0x1EDA, 22 }, // U+1EDA
    { 0x1EDB, 37 }, // U+1EDB
    { 0x1EDC, 22 }, // U+1EDC
    { 0x1EDD, 37 }, // U+1EDD
    { 0x1EDE, 22 }, // U+1EDE
    { 0x1EDF, 37 }, // U+1EDF
    { 0x1EE0, 22 }, // U+1EE0
    { 0x1EE1, 37 }, // U+1EE1
    { 0x1EE2, 22 }, // U+1EE2
    { 0x1EE3, 37 }, // U+1EE3
    { 0x1EE4, 27 }, // U+1EE4
    { 0x1EE5, 46 }, // U+1EE5
    { 0x1EE6, 27 }, // U+1EE6
    { 0x1EE7, 46 }, // U+1EE7
    { 0x1EE8, 27 }, // U+1EE8
    { 0x1EE9, 46 }, // U+1EE9
    { 0x1EEA, 27 }, // U+1EEA
    { 0x1EEB, 46 }, // U+1EEB
    { 0x1EEC, 27 }, // U+1EEC
    { 0x1EED, 46 }, // U+1EED
    { 0x1EEE, 27 }, // U+1EEE
    { 0x1EEF, 46 }, // U+1EEF
    { 0x1EF0, 27 }, // U+1EF0
    { 0x1EF1, 46 }, // U+1EF1
    { 0x1EF2, 58 }, // U+1EF2
    { 0x1EF3, 50 }, // U+1EF3
    { 0x1EF4, 58 }, // U+1EF4
    { 0x1EF5, 50 }, // U+1EF5
    { 0x1EF6, 58 }, // U+1EF6
    { 0x1EF7, 50 }, // U+1EF7
    { 0x1EF8, 58 }, // U+1EF8
    { 0x1EF9, 50 }, // U+1EF9
    { 0x2013, 64 }, // U+2013
    { 0x2014, 65 }, // U+2014
    { 0x2018, 66 }, // U+2018
    { 0x2019, 67 }, // U+2019
    { 0x201C, 68 }, // U+201C
    { 0x201D, 69 }, // U+201D
    { 0x2022, 70 }, // U+2022
    { 0x2206, 71 }, // U+2206
    { 0x222B, 72 }, // U+222B
    { 0xFB01, 39 }, // U+FB01
    { 0xFB02, 39 }, // U+FB02
};

static const int8_t lexenddeca_12_regularKernMatrix[] = {
       0,    0,   -6,    0,    0,    0,    0,    0,    0,    0,    0,    0,    0,    0,    0,    0,    0,    0,    0,    0,    0,    0,    0,    0,    0,  -22,    0,  -24,  -16,    0,  -20,    0,    0,    0,    0,    0,    0,    0,    0,    0,    0,    0,    0,    0,    0,    0,  -12,  -12,    0,  -12,    0,    0,    0,    0,    0,    0,    0,  -20,    0,   -4,    0,  -22,  -16,    0,    0,    0,    0,    0,    0,    0,    0,    0,
       0,    0,    0,    0,    0,    0,    0,    0,    0,    0,    0,    0,    0,    0,    0,    0,    0,    0,    0,    0,    0,  -12,    0,  -16,    0,    0,    0,    0,    0,    0,    0,    0,    0,    0,    0,    0,  -10,    0,    0,  -10,   12,    0,   12,    0,    0,    0,    0,    0,    0,    0,    0,    0,    0,    0,    0,    0,    0,    0,    0,  -10,    6,    0,    0,    0,    0,    0,    0,    0,    0,    0,    0,    0,
       0,    0,    0,    0,    0,    0,    0,    0,    0,    0,    0,    0,    0,    0,    0,    0,    0,    0,    0,  -30,    0,    0,    0,    0,    0,    0,    0,    0,    0,    0,    0,    0,    0,    0,    0,    0,    0,    0,    0,    0,    0,    0,    0,    0,    0,    0,    2,    0,    0,    0,    0,    0,    0,    0,    0,  -30,    0,    0,    0,  -10,    0,    0,    0,    0,    0,    0,    0,    0,    0,    0,    0,    0,
       0,    0,    0,    0,    0,    0,    0,    0,    0,    0,    0,  -10,    0,    0,    0,    0,    0,    0,    0,    0,    0,   -8,    0,    0,    0,  -40,    0,  -48,  -32,    0,  -48,    0,    0,    0,    0,    0,    0,    0,    0,    0,    0,    0,    0,    0,    0,    0,  -32,  -16,    0,  -16,    0,    0,    0,    0,    0,    0,    0,  -48,    0,    0,    0,  -40,  -32,    0,    0,    0,    0,    0,    0,    0,    0,    0,
       0,    0,    0,    0,    0,    0,    0,    0,    0,    0,    0,  -10,    0,    0,    0,    0,    0,    0,    0,    0,    0,   -8,    0,    0,    0,  -40,    0,  -40,  -32,    0,  -48,    0,    0,    0,    0,    0,    0,    0,    0,    0,    0,    0,    0,    0,    0,    0,  -32,  -16,    0,  -16,    0,    0,    0,    0,    0,    0,    0,  -48,    0,    0,    0,  -40,  -32,    0,    0,    0,    0,    0,    0,    0,    0,    0,
       0,    0,    0,    0,    0,    0,    0,  -37,  -20,  -12,  -12,  -24,  -20,    0,    0,    0,    0,    0,    0,  -40,    0,  -16,    0,  -20,    0,    0,    0,    0,    0,    0,    0,    0,    0,    0,    0,    0,  -20,    0,    0,  -20,    0,    0,    0,  -12,    0,    0,    0,    0,   -2,    0,    0,    0,    0,    0,    0,  -40,    0,    0,   -5,  -13,    0,    0,    0,    0,    0,    0,    0,    0,    0,    0,    0,    0,
       0,    0,    0,    0,    0,    0,    0,  -20,    0,    0,    0,    0,    0,    0,    0,    0,    0,    0,    0,    0,    0,    0,    0,    0,    0,    0,    0,    0,    0,    0,    0,    0,    0,    0,    0,    0,    0,    0,    0,    0,    0,    0,    0,    0,    0,    0,    0,    0,    0,    0,    0,    0,    0,    0,    0,    0,    0,    0,    0,    0,    0,    0,    0,    0,    0,    0,    0,    0,    0,    0,  -20,    0,
       0,    0,    0,    0,    0,    0,    0,    0,    0,    0,    0,    0,    0,    0,    0,    0,  -16,    0,    0,    0,    0,    0,    0,    0,    0,    0,    0,    0,    0,    0,    0,    0,    0,    0,    0,    0,    0,    0,    0,    0,    0,    0,    0,    0,    0,    0,    0,    0,    0,    0,    0,    0,    0,    0,    0,    0,    0,    0,    0,    0,    0,    0,    0,    0,    0,    0,    0,    0,    0,    0,    0,    0,
       0,    0,    0,    0,    0,    0,    0,    0,    0,    0,    0,   -8,    0,    0,    0,    0,    0,    0,    0,    0,    0,    0,    0,    0,    0,    0,    0,    0,    0,    0,    0,    0,    0,    0,    0,    0,    0,    0,    0,    0,    0,    0,    0,    0,    0,    0,    0,    0,    0,    0,    0,    4,    0,    0,    0,    0,    0,    0,    0,    0,    0,    0,    0,    0,    0,    0,    0,    0,    0,    0,    0,    0,
       0,    0,    0,    0,    0,    0,    0,  -10,    0,    0,    0,    0,    0,    0,    0,    0,    0,    0,    0,    0,    0,    0,    0,    0,    0,    0,    0,    0,    0,    0,    0,    0,    0,    0,    0,    0,    0,    0,    0,    0,    0,    0,    0,    0,    0,    0,    0,    0,    0,    0,    0,    0,    0,    0,    0,    0,    0,    0,    0,    0,    0,    0,    0,    0,    0,    0,    0,    0,    0,    0,  -12,    0,
       0,    0,    0,    0,    0,    0,    0,    0,    0,    0,   -8,    0,    0,   -8,    0,    0,    0,    0,    0,    0,    0,    0,    0,    0,    0,    0,    0,    0,    0,    0,    0,    0,    0,    0,    0,    0,    0,    0,    0,    0,    0,    0,    0,    0,    0,    0,    0,    0,    0,    0,    0,    0,    0,    0,    0,    0,    0,    0,    0,    0,    0,    0,    0,    0,    0,    0,    0,    0,    0,    0,    0,  -24,
       0,    0,    0,    0,    0,    0,    0,  -16,    0,    0,    0,    0,    0,    0,    0,    0,    0,    0,    0,    0,    0,    0,    0,    0,    0,    0,    0,    0,    0,    0,    0,    0,    0,    0,    0,    0,    0,    0,    0,    0,    0,    0,    0,    0,    0,    0,    0,    0,    0,    0,    0,    0,    0,    0,    0,    0,    0,    0,    0,    0,    0,    0,    0,    0,    0,    0,    0,    0,    0,    0,   -8,    0,
       0,    0,    0,    0,    0,    0,    0,    0,    0,    0,    0,    0,    0,    0,    0,    0,    0,    0,    0,    0,    0,    0,    0,    0,    0,    0,    0,    0,    0,    0,    0,    0,    0,    0,    0,    0,    0,    0,    0,    0,    0,    0,    0,    0,    0,    0,    0,    0,    0,    0,    0,    0,    0,    0,    0,    0,    0,    0,    0,    0,    0,    0,    0,    0,    0,    0,    0,    0,    0,    0,   -8,    0,
       0,    0,    0,    0,  -40,    0,  -32,  -48,    0,   -6,   -8,  -10,   -8,    0,   -8,    0,  -20,    0,    0,    0,    0,    0,    0,    0,    0,    0,    0,    0,    0,    0,    0,    0,    0,    0,    0,    0,    0,    0,    0,    0,    0,    0,    0,    0,    0,    0,    0,    0,    0,    0,    0,    0,    0,    0,    0,    0,    0,    0,    0,    0,    0,    0,    0,    0,    0,    0,    0,    0,    0,    0,  -36,    0,
       0,    0,    0,    0,    0,    0,    0,    0,    0,    0,    0,    0,    0,    0,    0,    0,    0,    0,    0,    0,    0,    0,    0,    0,    0,    0,    0,    0,    0,    0,    0,    0,    0,    0,    0,    0,    0,    0,    0,    0,    0,    0,    0,    0,    0,    0,    0,    0,    0,    0,    0,    0,    0,    0,    0,    0,    0,    0,    0,    0,    0,    0,    0,    0,    0,    0,    0,    0,    0,    0,  -12,    0,
       0,    0,    0,    0,    0,    0,    0,  -20,    0,    0,    0,    0,    0,    0,    0,    0,    0,    0,    0,    0,    0,    0,    0,    0,    0,    0,    0,    0,    0,    0,    0,    0,    0,    0,    0,    0,    0,    0,    0,    0,    0,    0,    0,    0,    0,    0,    0,    0,    0,    0,    0,    0,    0,    0,    0,    0,    0,    0,    0,    0,    0,    0,    0,    0,    0,    0,    0,    0,    0,    0,  -16,    0,
       0,    0,    0,    0,    0,    0,    0,    0,    0,   -8,    0,    0,    0,    0,    0,    0,    0,    0,    0,    0,    0,    0,    0,    0,    0,    0,    0,    0,    0,    0,    0,    0,    0,    0,    0,    0,    0,    0,    0,    0,    0,    0,    0,    0,    0,    0,    0,    0,    0,    0,    0,    0,    0,    0,    0,    0,    0,    0,    0,    0,    0,    0,    0,    0,    0,    0,    0,    0,    0,    0,    0,    0,
       0,    0,    0,    0,    0,    0,    0,    0,    0,  -24,  -12,    0,    0,  -20,    0,    0,    0,    0,    0,    0,    0,    0,    0,    0,    0,    0,    0,    0,    0,    0,    0,    0,    0,    0,    0,    0,    0,    0,    0,    0,    0,    0,    0,    0,    0,    0,    0,    0,    0,    0,    0,    0,    0,    0,    0,    0,    0,    0,    0,    0,    0,    0,    0,    0,    0,    0,    0,    0,    0,    0,    0,    0,
       0,    0,    0,    0,    0,    0,    0,    0,    0,    0,    0,    0,    0,    0,    0,    0,    0,    0,    0,  -16,    0,    0,    0,  -30,    0,    0,    0,    0,    0,    0,    0,    0,    0,    0,    0,    0,    0,    0,    0,    0,    0,    0,    0,    0,    0,    0,    0,    0,    0,    0,    0,    0,    0,    0,    0,  -16,    0,    0,    0,   -6,    0,    0,    0,    0,    0,    0,    0,    0,    0,    0,    0,    0,
       0,    0,    0,    0,    0,    0,    0,    0,    0,    0,    0,    0,    0,    0,    0,    0,    0,    0,    0,    0,    0,    0,    0,    0,    0,    0,    0,   -2,    0,    0,    0,    0,    0,    0,    0,    0,    0,    0,    0,    0,    0,    0,    0,    0,    0,    0,    0,    0,   -1,    0,    0,    0,    0,    0,    0,    0,    0,    0,    0,    0,    0,    0,    0,    0,    0,    0,    0,    0,    0,    0,    0,    0,
       0,    0,    0,  -30,    0,  -20,    0,    0,    0,    0,    0,    0,    0,    0,    0,    0,    0,    0,    0,    0,    0,   -8,    0,    0,    0,  -20,   -8,  -30,  -16,    0,  -32,    0,    0,  -40,    0,    0,   -8,    0,   -8,   -4,    0,    0,    0,    0,   -2,   -4,  -20,  -18,    0,  -10,    0,    0,    0,    0,    0,    0,    0,  -32,   -8,   -8,    0,  -20,  -16,  -20,  -20,  -52,  -54,  -28,  -30,    0,    0,    0,
       0,    0,   -8,    0,    0,    0,    0,  -16,    0,    0,    0,    0,    0,    0,    0,    0,    0,    0,    0,    0,    0,    0,    0,    0,    0,   -6,    0,   -3,   -2,   -5,   -9,    0,    0,    0,    0,    0,    0,   -1,    0,   -2,    0,    0,    0,    0,    0,    0,    0,    0,   -1,    0,    0,    0,    0,    0,    0,    0,    0,   -9,    0,    0,   -1,   -6,   -2,    0,    0,    0,    0,    0,    0,    0,    0,    0,
       0,    0,    8,    0,    0,    0,    0,    0,    0,    0,    0,    0,    0,    0,    0,    0,    0,    0,    0,    0,    0,    0,    0,    0,    0,    0,    0,    0,    0,    0,    0,    0,    0,    0,    0,    0,    0,    0,    0,    0,    0,    0,    0,    0,    0,    0,    0,    0,    0,    0,    0,    0,    0,    0,    0,    0,    0,    0,    0,    0,    0,    0,    0,    0,    0,    0,   16,    0,   16,    0,    0,    0,
       0,    0,  -12,    0,    0,    0,   -8,  -16,    0,    0,    0,    0,    0,    0,    0,    0,    0,    0,    0,   -8,    0,    0,   -6,   -6,    0,  -12,    0,  -12,   -2,  -14,  -14,  -18,    0,  -20,    0,    0,    0,    0,    0,    0,    0,    0,    0,    0,    0,    0,    0,    0,   -4,    0,    0,  -10,    0,    0,    0,   -8,    0,  -14,    0,    0,    0,  -12,   -2,    0,    0,    0,    0,    0,    0,    0,    0,    0,
       0,    0,    0,    0,    0,    0,    0,    0,    0,    0,    0,    0,    0,    0,    0,    0,    0,    0,    0,    0,    0,    0,    0,   -4,    0,    0,    0,    0,    0,    0,    0,    0,    0,    0,    0,    0,   -2,    0,    0,   -4,    0,    0,    0,    0,    0,   -4,   -6,    0,    0,   -4,    0,    0,    0,    0,    0,    0,    0,    0,    0,   -2,    0,    0,    0,    0,    0,    0,    0,    0,    0,    0,    0,    0,
       0,    0,    0,    0,  -32,    0,  -32,    0,    0,    0,    0,    0,    0,    0,    0,    0,    0,    0,    0,  -24,    0,   -4,    0,  -48,   -2,    6,    0,    0,    0,   -2,    0,    0,    0,    0,    0,    0,   -6,    0,    0,   -4,    0,   -4,   -4,   -4,    0,   -6,   -2,    0,   -6,    0,   -2,    0,    0,    0,    0,  -24,  -46,    0,    0,   -6,    0,    6,    0,    0,    0,    0,    0,    0,    0,    0,    0,    0,
       0,    0,    0,    0,    0,    0,    0,  -16,    0,    0,    0,    0,    0,    0,    0,    0,    0,    0,    0,   -4,    0,    0,   -4,    0,    0,  -10,    0,   -6,   -4,    0,  -10,    0,    0,  -20,    0,    0,    0,    0,    0,    0,    0,    0,    0,    0,    0,    0,    0,    0,    0,    0,    0,    0,    0,    0,    0,   -4,    0,  -10,    0,    0,    0,  -10,   -4,    0,    0,    0,    0,    0,    0,    0,    0,    0,
       0,    0,    0,    0,    0,    0,    0,    0,    0,    0,    0,    0,    0,    0,    0,    0,    0,    0,    0,    0,    0,   -6,    0,    0,    0,    0,    0,    0,    0,    0,    0,    0,    0,    0,    0,    0,    0,    0,    0,    0,    0,    0,    0,    0,    0,    0,    0,    0,    0,    0,    0,    0,    0,    0,    0,    0,    0,    0,    0,    0,    0,    0,    0,    0,    0,    0,    0,    0,    0,    0,    0,    0,
       0,    0,   16,    0,  -28,    0,  -20,  -20,    0,    0,    0,    0,    0,    0,    0,    0,    0,    0,    0,  -30,    0,  -12,    0,  -20,    0,    0,    0,    0,    0,    0,    0,    0,    0,    0,   12,    0,  -20,    0,  -20,  -20,    0,  -16,  -16,  -16,    0,  -20,  -16,   -8,    0,  -16,   -8,   16,    0,    0,    0,  -30,    0,    0,  -20,  -20,    0,    0,    0,    0,    0,   24,   32,   24,   32,    0,    0,    0,
       0,    0,    0,    0,    0,  -36,    0,    0,    0,    0,    0,    0,    0,    0,    0,    0,    0,    0,    0,    0,    0,  -18,    0,  -12,   -4,    0,   -6,   -2,   -2,    0,    8,    0,    0,    0,    0,    0,  -18,    0,    0,    0,    0,   -3,   -3,   -2,   -1,   -5,  -16,  -16,    0,  -16,    0,    0,    0,    0,    0,    0,    0,    8,    0,  -18,    0,    0,   -2,  -36,  -36,    0,    0,    0,    0,    0,    0,    0,
       0,    0,    0,  -30,    0,  -24,    0,    0,    0,    0,    0,    0,    0,    0,    0,    0,    0,    0,    0,    0,    0,   -8,    0,    0,    0,  -34,   -8,  -30,  -30,    0,  -48,    0,    0,  -40,    0,    0,   -8,    0,    0,    0,    0,    0,    0,    0,   -2,    0,  -10,   -2,    0,  -16,    8,    0,    0,    0,    0,    0,    0,  -48,    0,   -8,    0,  -34,  -30,  -24,  -24,  -48,  -40,  -48,  -40,    0,    0,    0,
       0,    0,    0,    0,  -52,    0,  -40,  -32,    0,    0,    0,    0,    0,    0,    0,    0,    0,    0,    0,  -26,    0,    0,    0,  -30,    0,    0,    0,    0,    3,   -6,    0,   -6,    0,  -20,    0,    0,   -4,    0,    3,   -4,    0,    0,    0,    0,    6,   -2,    4,    6,    0,    4,    0,    0,    0,    0,    0,  -26,    0,    0,    3,   -4,    0,    0,    3,    0,    0,   12,   20,   12,   20,    0,    0,    0,
       0,    0,  -12,    0,    0,    0,   -8,  -16,    0,    0,    0,    0,    0,    0,    0,    0,    0,    0,    0,   -8,    0,    0,   -6,   -6,    0,  -12,    0,  -12,   -2,  -14,  -14,  -18,    0,  -20,    0,   -4,    0,    0,    0,    0,    0,    0,    0,    0,    0,    0,    0,    0,   -4,    0,    0,  -10,    0,    0,    0,   -8,    0,  -14,    0,    0,    0,  -12,   -2,    0,    0,    0,    0,    0,    0,    0,    0,    0,
       0,    0,    0,    0,    0,  -24,    0,    0,    0,    0,    0,    0,    0,    0,    0,    0,    0,    0,    0,    0,    0,   -4,    0,  -12,    0,   -8,   -2,  -12,    0,    0,  -20,    0,    0,  -16,    0,    0,   -8,    0,    0,    0,    0,    0,    0,    0,    0,   -4,    0,    0,    0,    0,    0,    0,    0,    0,    0,    0,    0,  -20,    0,   -8,    0,   -8,    0,  -24,  -24,    0,    0,    0,    0,    0,    0,    0,
       0,    0,    0,    0,    0,    0,    0,    0,    0,    0,    0,    0,    0,    0,    0,    0,    0,    0,    0,    0,    0,    0,    0,    0,    0,    0,    0,    0,    0,   -6,   -6,    0,    0,    0,    0,    0,    0,    0,    0,    0,    0,    0,    0,    0,    0,    0,    0,    0,    0,    0,    0,    0,    0,    0,    0,    0,    0,   -6,    0,    0,    0,    0,    0,    0,    0,    0,    0,    0,    0,    0,    0,    0,
       0,  -22,    0,    0,  -40,  -40,  -40,  -24,    0,    0,    0,    0,    0,    0,    0,    0,    0,    0,    0,  -20,    0,  -12,    0,  -32,    0,   12,    0,    4,    4,    0,    4,    0,    0,    0,    0,    0,  -40,    0,    0,  -18,    0,  -24,   -8,  -40,    0,  -40,   -4,  -28,   -6,  -20,  -28,    0,    0,    0,    0,  -20,  -45,    4,    0,  -40,    0,   12,    4,  -40,  -40,    0,    0,    0,    0,    0,    0,    0,
       0,    0,    0,    0,    0,    0,    0,    0,    0,    0,    0,    0,    0,    0,    0,    0,    0,    0,    0,   -8,    0,    0,    0,   -4,   -4,    0,    0,    0,    0,   -4,   -4,    0,    0,    0,    0,    0,    0,    0,    0,    0,    0,    0,    0,    0,    0,    0,    0,    0,   -2,    0,    0,    0,    0,    0,    0,   -8,    0,   -4,    0,    0,    0,    0,    0,    0,    0,    0,    0,    0,    0,    0,    0,    0,
       0,  -20,    0,    0,  -48,    0,  -40,  -32,    0,    0,    0,    0,    0,    0,    0,    0,    0,    3,   -2,  -30,    0,  -12,    0,  -40,   -4,    4,    0,    0,    0,    0,    0,    0,  -40,    0,    0,  -12,  -24,    0,    0,   -8,    0,   -8,   -5,   -6,    0,  -10,    0,    0,    0,    0,   -2,  -40,   -2,   -5,   -8,  -30,  -50,    0,    0,  -24,    0,    4,    0,    0,  -40,    0,    0,    0,    0,   -3,    0,    0,
       0,  -12,    0,    0,  -32,    0,  -32,  -32,    0,    0,    0,    0,    0,    0,    0,    0,    0,    0,    0,  -16,    0,   -2,    0,  -32,   -4,    4,    0,    0,    0,    0,    0,    0,  -28,    0,    0,    0,  -10,    0,    0,   -8,    0,   -1,   -1,    0,    0,   -4,    0,    0,    0,    0,    0,  -28,    0,    0,    0,  -16,    0,    0,    0,  -10,    0,    4,    0,    0,  -28,    0,    0,    0,    0,    0,    0,    0,
       0,    0,    0,    0,    0,    0,    0,    0,    0,    0,    0,    0,    0,    0,    0,    0,    0,    0,    0,    0,    0,  -14,    0,    0,   -6,    0,   -4,    0,    0,    0,    0,    0,  -32,    0,    0,    0,  -10,    0,    0,   -1,    0,    0,    0,    0,    0,   -4,  -10,   -7,    0,  -10,    0,  -32,    0,    0,    0,    0,    0,    0,    0,  -10,    0,    0,    0,    0,  -32,    0,    0,    0,    0,    0,    0,    0,
       0,  -20,    0,    0,  -48,    0,  -48,  -48,    0,    0,    0,    0,    0,    0,    0,    0,    0,    0,    0,  -32,    0,  -14,    0,  -48,  -10,    4,   -4,    0,    0,    0,    0,    0,  -40,    0,    0,    0,  -32,    0,    0,  -32,    0,   -9,   -8,  -14,    0,   -8,   -4,   -4,   -8,   -4,   -4,  -40,    0,    0,    0,  -32,    0,    0,    0,  -32,    0,    4,    0,    0,  -48,    0,    0,    0,    0,    0,    0,    0,
       0,    0,    0,    0,    0,    0,    0,    0,    0,    0,    0,    0,    0,    0,    0,    0,    0,    0,    0,    0,    0,   -2,    0,    0,    0,    0,    0,    0,    0,    0,    0,    0,    0,    0,    0,    0,   -2,    0,    0,    0,    0,    0,    0,    0,    0,   -2,   -2,    0,    0,    0,    0,    0,    0,    0,    0,    0,    0,    0,    0,   -2,    0,    0,    0,    0,    0,    0,    0,    0,    0,    0,    0,    0,
       0,    0,    0,    0,    0,    0,    0,    0,    0,  -16,  -20,    0,    0,    0,    0,    0,    0,    0,    0,  -20,    0,    0,    0,  -44,    0,  -40,    0,  -40,  -28,  -32,  -48,    0,    0,    0,    0,    0,    0,    0,    0,    0,    0,    0,    0,    0,    0,    0,   -8,   -8,  -16,   -8,    0,    0,    0,    0,    0,    0,    0,    0,    0,    0,    0,    0,    0,    0,    0,    0,    0,    0,    0,    0,    0,    0,
       0,    0,    0,    0,    0,    0,    0,    0,    0,    0,    0,    0,    0,    0,    0,    0,    0,    0,    0,    0,    0,  -20,    0,    0,    0,  -24,    0,  -16,  -16,    0,  -32,    0,    0,  -37,    0,    0,    0,    0,    0,    0,   24,    0,    0,    0,    0,    0,   -3,    0,    0,    0,    0,    0,    0,    0,    0,    0,    0,  -32,   -2,   -9,    0,  -24,  -16,    0,    0,    0,    0,    0,    0,    0,    0,    0,
       0,    0,    0,    0,    0,    0,    0,    0,    0,    0,    0,    0,    0,    0,    0,    0,    0,    0,    0,    0,    0,    0,    0,    0,    0,    0,    0,  -12,    0,    0,    0,    0,    0,    0,    0,    0,    0,    0,    0,    0,    0,    0,    0,    0,    0,    0,   -8,    0,    0,    0,    0,    0,    0,    0,    0,    0,    0,    0,    0,  -14,    3,    0,    0,    0,    0,    0,    0,    0,    0,    0,    0,    0,
       0,    0,    0,    0,    0,    0,    0,    0,    0,    0,    0,    0,    0,    0,    0,    0,    0,    0,    0,    8,    0,   -8,    0,    0,    0,  -26,   -4,  -11,   -4,    0,  -21,    0,    0,  -12,    0,    0,    0,    0,    0,    0,    0,    0,    0,    0,    0,   -4,   -5,   -2,    0,   -5,    0,    0,    0,    0,    0,    8,    0,  -21,    0,    0,    0,  -26,   -4,    0,    0,    0,    0,    0,    0,    0,    0,    0,
       0,    0,  -10,    0,    0,    0,    0,  -20,    0,    0,    0,    0,    0,    0,    0,    0,    0,    0,    0,    0,    0,    0,    0,    0,    0,  -19,    0,   -9,   -6,   -6,  -16,   -4,    0,  -20,    0,    0,    0,    0,   -8,    0,    0,    0,    0,    0,    0,    0,   -6,   -8,   -8,   -8,   -4,  -10,    0,    0,    0,    0,    0,  -16,   -8,    0,    0,  -19,   -6,    0,    0,    0,    0,    0,    0,    0,    0,    0,
       0,    0,    0,    0,    0,    0,    0,    0,    0,    0,    0,    0,    0,    0,    0,    0,    0,    0,    0,    0,    0,    0,    0,    0,    0,  -12,    0,   -6,   -4,   -2,  -14,    0,    0,    0,    0,    0,    0,    0,    0,    0,    0,    0,    2,    0,    0,    0,    0,    0,    0,   -6,    0,    0,    0,    0,    0,    0,    0,  -14,    0,    0,    0,  -12,   -4,    0,    0,    0,   12,    0,   12,    0,    0,    0,
       0,    0,    0,    0,    0,    0,    0,    0,    0,    0,    0,    0,    0,    0,    0,    0,    0,    0,    0,    0,    0,    0,    0,    0,    0,    0,    0,    0,    0,    0,    0,    0,    0,    0,    0,    0,    0,    0,    0,    0,    0,    0,    0,    0,    0,    6,    0,    0,    0,    0,    0,    0,    0,    0,    0,    0,    0,    0,    0,    0,    0,    0,    0,    0,    0,    0,    0,    0,    0,    0,    0,    0,
       0,    0,    0,    0,    0,    0,    0,    0,    0,    0,    0,    0,    0,    0,    0,    0,    0,    0,    0,    0,    0,    0,    0,    0,    0,  -18,    0,   -8,   -4,   -4,  -14,    0,    0,  -16,    0,    0,    0,    0,    0,   -2,    0,    0,    0,    0,    0,    0,   -4,   -4,   -1,   -4,    0,    0,    0,    0,    0,    0,    0,  -14,    0,    0,    0,  -18,   -4,    0,    0,    0,    0,    0,    0,    0,    0,    0,
       0,    0,   12,   12,    0,    0,    0,   -8,    0,    0,    0,    0,    0,    0,    0,    0,    0,    0,    0,   -8,    0,    0,    0,    0,    0,   24,    0,   22,   20,   20,   20,   20,    0,    0,   16,    0,   -8,    0,    0,    0,    0,    0,    0,    0,    1,    0,    4,    1,    0,    0,    2,    0,    0,    0,    0,   -8,    0,   20,    0,   -8,    0,   24,   20,    0,    0,   12,   16,   12,   16,    0,    0,    0,
       0,    0,    0,    0,   -2,    0,    0,    0,    0,    0,    0,    0,    0,    0,    0,    0,    0,    0,    0,   -6,    0,   -4,    0,    0,   -2,    0,    0,    0,    0,    0,   -6,    0,    0,  -12,    0,    0,    0,    0,    0,    0,    4,    0,    0,   -4,    0,   -3,    0,    0,    0,    0,    0,    0,    0,    0,    0,   -6,    0,   -6,    0,    0,    0,    0,    0,    0,    0,    0,    0,    0,    0,    0,    0,    0,
       0,    0,    0,    0,    0,    0,    0,    0,    0,    0,    0,    0,    0,    0,    0,    0,    0,    0,    0,    0,    0,    0,    0,    0,    0,  -12,    0,  -12,    0,    0,  -10,    0,    0,  -16,    0,    0,    0,    0,    0,    0,    0,    0,    0,    0,    0,    0,    0,    0,    0,   -2,    0,    0,    0,    0,    0,    0,    0,  -10,    0,    0,    0,  -12,    0,    0,    0,    0,    0,    0,    0,    0,    0,    0,
       0,    0,    0,    0,    0,    0,    0,    0,    0,    0,    0,    0,    0,    0,    0,    0,    0,    0,    0,    0,    0,    0,    0,    0,    0,  -12,    0,    0,    0,    0,    0,    0,    0,    0,    0,    0,    0,    0,    0,    0,    0,    0,    0,    0,    0,    0,    0,    0,    0,    0,    0,    0,    0,    0,    0,    0,    0,    0,    0,    0,    0,  -12,    0,    0,    0,    0,    0,    0,    0,    0,    0,    0,
       0,    0,    0,    0,    0,    0,    0,    0,    0,    0,    0,    0,    0,    0,    0,    0,    0,    0,    0,    0,    0,    0,    0,    0,    0,  -12,   -4,    0,    0,    0,    0,    0,    0,    0,    0,    0,    0,    0,    0,    0,    2,    0,    0,    0,    0,    0,    0,    0,    0,    0,    0,    0,    0,    0,    0,    0,    0,    0,    0,    0,    0,  -12,    0,    0,    0,    0,    0,    0,    0,    0,    0,    0,
       0,    0,    0,    0,    0,    0,    0,    0,    0,    0,    0,    0,    0,    0,    0,    0,    0,    0,    0,    0,    0,   -4,    0,    0,    0,    0,    0,    0,    0,    0,   -8,    0,    0,  -16,    0,    0,   -9,   -2,    0,   -8,   -2,    0,    0,   -2,    0,   -2,    0,    0,    0,    0,    0,    0,    0,    0,    0,    0,    0,   -8,    0,   -9,   -2,    0,    0,    0,    0,    0,    0,    0,    0,    0,    0,    0,
       0,    0,    0,    0,    0,    0,    0,    0,    0,    0,    0,    0,    0,    0,    0,    0,    0,    0,    0,    0,    0,   -8,    0,    0,    0,  -10,    0,  -12,   -8,    0,  -12,    0,    0,    0,    0,    0,   -4,    0,    0,   -4,   -6,    0,    0,    0,   -1,   -2,  -10,   -6,    0,   -6,    0,    0,    0,    0,    0,    0,    0,  -12,    0,   -4,    0,  -10,   -8,    0,    0,    0,    0,    0,    0,    0,    0,    0,
       0,    0,   12,    0,    0,    0,    0,    0,    0,    0,    0,    0,    0,    0,    0,    0,    0,    0,    0,    0,    0,    0,    0,    0,    0,   -8,    0,   -7,    0,    0,   -6,    0,    0,   -2,    0,    0,    0,    0,    0,    0,    8,    0,    0,    0,    0,    0,    0,    0,    0,    0,    0,    0,    0,    0,    0,    0,    0,   -6,    0,    0,    0,   -8,    0,    0,    0,    0,    0,    0,    0,    0,    0,    0,
       0,    0,    0,    8,  -28,    0,  -46,   -8,    0,    0,    0,    0,    0,    0,    0,    0,    0,    0,    0,  -12,    0,    0,    0,    0,    0,   -4,    0,    0,    0,   -6,    0,    0,  -12,    0,    0,    0,   -9,    0,    0,   -6,   -4,    0,    0,    0,    8,    0,   20,   20,    0,    0,    0,  -12,    0,    0,    0,  -12,    0,    0,    0,   -9,    0,   -4,    0,    0,    0,    0,   20,    0,   20,    0,    0,    0,
       0,    0,    0,    0,    0,    0,    0,    0,    0,    0,    0,    0,    0,    0,    0,    0,    0,    0,    0,    0,    0,   -2,    0,    0,    0,  -18,    0,   -2,    0,   -2,   -8,    0,    0,    0,    0,    0,    0,    0,    0,    0,    0,    0,    0,    0,    0,    0,    0,    0,   -2,    0,    0,    0,    0,    0,    0,    0,    0,   -8,    0,    0,    0,  -18,    0,    0,    0,    0,    0,    0,    0,    0,    0,    0,
       0,    0,    0,    0,   -8,    0,    0,    0,    0,    0,    0,    0,    0,    0,    0,    0,    0,    0,    0,    0,    0,    0,    0,    0,    0,    0,    0,    0,    0,    0,    0,    0,    0,    0,    0,    0,   -2,    0,  -10,   -2,    0,    0,    0,    8,    0,    0,    0,    0,    0,    0,    0,    0,    0,    0,    0,    0,    0,    0,  -10,   -2,    0,    0,    0,    0,    0,    0,    0,    0,    0,    0,    0,    0,
       0,    0,    0,    0,    0,    0,    0,    0,    0,    0,    0,    0,    0,    0,    0,    0,    0,    0,    0,    0,    0,    0,    0,    0,    0,  -12,    0,   -4,   -4,    0,   -6,    0,    0,    0,    0,    0,    0,    0,    0,   -4,    0,    0,    0,    0,    0,    0,    0,    0,    0,    0,    0,    0,    0,    0,    0,    0,    0,   -6,    0,    0,    0,  -12,   -4,    0,    0,    0,    0,    0,    0,    0,    0,    0,
       0,  -12,    0,    2,  -16,    0,  -16,   -8,    0,    0,    0,    0,    0,    0,    0,    0,    0,    2,    0,  -10,    0,    0,    0,    0,    0,   -4,    0,    0,    0,  -10,   -4,   -8,   -8,    0,    0,   -8,   -6,    0,    0,   -4,    0,    0,    0,   -2,   20,    0,   20,    0,    0,    0,    0,   -8,    0,    0,   -5,  -10,    0,   -4,    0,   -8,    0,   -4,    0,    0,    0,    0,    0,    0,    0,    0,    0,    0,
       0,  -12,    0,    0,  -16,    0,  -16,   -8,    0,    0,    0,    0,    0,    0,    0,    0,    0,    0,    0,   -2,    0,    0,    0,    0,    0,   -4,    0,    0,    0,   -7,   -4,   -2,   -8,    0,    0,    0,   -6,    0,    0,   -6,    0,    0,    0,   -2,   20,    0,   16,    0,    0,    0,    0,   -8,    0,    0,    0,   -2,    0,   -4,    0,   -6,    0,   -4,    0,    0,    0,    0,    0,    0,    0,    0,    0,    0,
       0,   -1,    0,    0,    0,    0,    0,    0,    0,    0,    0,    0,    0,    0,    0,    0,    0,    0,    0,    0,    0,   -4,    0,    0,    0,   -6,   -2,    0,    0,    0,   -8,    0,  -16,   -2,    0,    0,  -12,    0,    0,    0,    0,    0,    0,   -2,    0,   -2,    0,    0,    0,    0,    0,  -16,    0,   -2,    0,    0,    0,   -8,    0,  -13,    0,   -6,    0,    0,    0,    0,    0,    0,    0,    0,    0,    0,
       0,  -12,    0,    0,    0,    0,  -16,   -8,    0,    0,    0,    0,    0,    0,    0,    0,    0,    0,    0,  -10,    0,    0,    0,    0,    0,   -4,    0,    0,    0,   -8,   -4,   -4,   -8,    0,    0,    0,   -4,    0,    0,   -6,    0,    0,    0,   -4,    0,    0,    0,    0,    0,    0,    0,   -8,    0,    0,    0,  -10,    0,   -4,    0,   -4,    0,   -4,    0,    0,    0,    0,    0,    0,    0,    0,    0,    0,
       0,    0,    0,    0,    0,    0,    0,    0,    0,    0,    0,    0,    0,    0,    0,    0,    0,    0,    0,    0,    0,    0,    0,    0,    0,   -4,    0,    0,    0,    0,   -4,    0,    0,  -16,    0,    0,   -4,    0,    0,    0,    0,    0,    0,    0,    0,    0,    0,    0,    0,    0,    0,    0,    0,    0,    0,    0,    0,   -4,    0,   -4,    0,   -4,    0,    0,    0,    0,    0,    0,    0,    0,    0,    0,
       0,    0,    0,    0,    0,    0,    0,    0,    0,  -16,  -20,    0,    0,    0,    0,    0,    0,    0,    0,  -20,    0,  -10,    0,  -40,    0,  -40,    0,  -40,  -28,  -32,  -48,    0,    0,    0,    0,    0,  -10,    0,    0,    0,    0,    0,    0,    0,    0,    0,   -8,   -8,  -16,   -8,    0,    0,    0,    0,    0,    0,    0,    0,    0,  -10,    0,    0,    0,    0,    0,    0,    0,    0,    0,    0,    0,    0,
       0,    0,    0,    0,    0,    0,    0,    0,    0,  -16,  -20,    0,    0,    0,    0,    0,    0,    0,    0,  -20,    0,    0,    0,  -20,    0,  -40,    0,  -40,  -28,  -32,  -48,    0,    0,    0,    0,    0,    0,    0,    0,    0,    0,    0,    0,    0,    0,    0,   -8,   -8,  -16,   -8,    0,    0,    0,    0,    0,    0,    0,    0,    0,    0,    0,    0,    0,    0,    0,    0,    0,    0,    0,    0,    0,    0,
       0,    0,    0,    0,    0,    0,    0,    0,    0,    0,    0,    0,    0,    0,    0,    0,    0,    0,    0,    0,    0,    0,    0,    0,    0,    0,    0,   -2,    0,    0,    0,    0,    0,    0,    0,    0,    0,    0,    0,    0,    0,    0,    0,    0,    0,    0,    0,    0,    0,    0,    0,    0,    0,    0,    0,    0,    0,    0,    0,    0,    0,    0,    0,    0,    0,    0,    0,    0,    0,    0,    0,    0,
       0,    0,    0,    0,    0,    0,    0,    0,  -16,  -12,    0,  -12,    0,    0,    0,    0,    0,    0,    0,    0,    0,    0,    0,    0,    0,    0,    0,    0,    0,    0,    0,    0,    0,    0,    0,    0,    0,    0,    0,    0,    0,    0,    0,    0,    0,    0,    0,    0,    0,    0,    0,    0,    0,    0,    0,    0,    0,    0,    0,    0,    0,    0,    0,    0,    0,    0,    0,    0,    0,    0,    0,    0,
       0,    0,    0,    0,    0,    0,    0,    0,    0,    0,    0,    0,    0,    0,    0,    0,    0,    0,    0,    0,    0,    0,    0,    0,    0,    0,    0,   -5,    0,    0,    0,    0,    0,    0,    0,    0,    0,    0,    0,    0,    0,    0,    0,    0,    0,    0,    0,    0,   -2,    0,    0,    0,    0,    0,    0,    0,    0,    0,    0,    4,    0,    0,    0,    0,    0,    0,    0,    0,    0,    0,    0,    0,
       0,    0,    0,    0,    0,    0,    0,    0,    0,    0,    0,    0,    0,    0,    0,    0,    0,    0,    0,    0,    0,    0,    0,    0,    0,    0,    0,   -7,    0,    0,    0,    0,    0,    0,    0,    0,    0,    0,    0,    0,    0,    0,    0,    0,    0,    0,   -4,    0,    0,    0,    0,    0,    0,    0,    0,    0,    0,    0,    0,  -12,    0,    0,    0,    0,    0,    0,    0,    0,    0,    0,    0,    0,
       4,    0,    0,   -2,  -52,    0,  -40,  -16,    0,    0,    0,    0,    0,    0,    0,    0,    0,    0,    0,  -26,    0,    0,    0,  -30,    0,    0,    0,    0,    3,   -6,    0,   -6,    0,   -8,    0,  -22,   -4,    0,    3,   -4,    0,    0,    0,    0,    6,   -2,    5,    6,   -1,    4,    0,    0,    8,   10,   -8,  -26,    0,    0,    3,   -4,    0,    0,    3,    0,    0,   12,   20,   12,   20,    2,    0,    0,
       0,    0,  -10,   -8,    0,    0,    0,   -5,    0,    0,    0,    0,    0,    0,    0,    0,    0,    0,    0,    0,    0,    0,    0,    0,    0,  -19,    0,   -9,   -6,   -6,  -16,   -4,    0,   -2,    0,  -14,    0,    0,   -8,    0,    0,    0,    0,    0,    0,    0,   -7,   -8,   -9,   -8,   -4,  -10,    0,    4,    0,    0,    0,  -16,   -8,    0,    0,  -19,   -6,    0,    0,    0,    0,    0,    0,    0,    0,    0,
       0,    0,  -12,   -6,    0,    0,   -8,  -12,    0,    0,    0,    0,    0,    0,    0,    0,    0,    0,    0,   -8,    0,    0,   -6,   -6,    0,  -12,    0,  -12,   -2,  -14,  -14,  -18,    0,  -20,    0,  -22,    0,    0,    0,    0,    0,    0,    0,    0,    0,    0,    0,    0,   -5,    0,    0,  -10,    0,    4,   -8,   -8,    0,  -14,    0,    0,    0,  -12,   -2,    0,    0,    0,    0,    0,    0,    0,    0,    0,
       0,    0,    0,    0,    0,    0,    0,    0,    0,    0,    0,    0,    0,    0,    0,    0,    0,    0,    0,    0,   25,    0,    0,    0,    0,    0,    0,    0,    0,    0,    0,    0,    0,    0,    0,    0,    0,   34,    0,    0,    0,    0,    0,    0,    5,    0,    0,    0,    0,    0,    0,    0,    0,    0,    0,    0,    0,    0,    0,    0,   34,    0,    0,    0,    0,    0,    0,    0,    0,    0,    0,    0,
       0,    0,    0,    0,   -1,    0,    0,    0,    0,    0,    0,    0,    0,    0,    0,    0,    0,    0,    0,   -6,    0,   -4,    0,    0,   -2,    0,    0,    0,    0,    0,   -6,    0,    0,  -12,    0,    0,    0,    0,    0,    0,    4,    0,    0,   -4,    0,   -3,    0,    0,    0,    0,    0,    0,    0,    0,    0,   -6,    0,   -6,    0,    0,    0,    0,    0,    0,    0,    0,    0,    0,    0,    0,    0,    0,
       0,    0,    0,    0,    0,  -24,    0,    0,    0,    0,    0,    0,    0,    0,    0,    0,    0,    0,    0,    0,    0,   -4,    0,  -12,    0,   -8,   -2,  -12,    0,    0,  -20,    0,    0,  -16,    0,    0,   -8,    0,    0,    0,    0,    0,    0,    0,    0,   -4,    0,    0,    0,    0,    0,    0,    0,    0,    0,    0,    0,  -20,    0,   -8,    0,   -8,    0,    0,  -24,    0,    0,    0,    0,    0,    0,    0,
       0,    0,    0,    0,    0,    0,    0,    0,    0,    0,    0,    0,    0,    0,    0,    0,    0,    0,    0,  -54,    0,    0,    0,  -96,    0,    0,    0,    0,    0,    0,    0,    0,    0,    0,    0,    0,    0,    0,    0,  -16,    0,    0,    0,  -16,    0,    0,    0,    0,    0,    0,    0,    0,    0,    0,    0,  -54,    0,    0,    0,    0,    0,    0,    0,    0,    0,    0,    0,    0,    0,    0,    0,    0,
       0,    0,    0,    0,    0,    0,    0,    0,    0,    0,    0,    0,    0,    0,    0,    0,    0,    0,    0,  -24,    0,    0,    0,  -48,    0,    0,    0,    0,    0,    0,    0,    0,    0,    0,    0,    0,  -16,    0,    0,  -20,    0,  -12,    0,    0,    0,    0,    0,    0,    0,    0,    0,    0,    0,    0,    0,  -24,    0,    0,    0,  -16,    0,    0,    0,    0,    0,    0,    0,    0,    0,    0,    0,    0,
       0,    0,    0,    0,    0,    0,    0,    0,    0,    0,    0,    0,    0,    0,    0,    0,    0,    0,    0,  -30,    0,    0,    0,  -48,    0,    0,    0,    0,    0,    0,    0,    0,    0,    0,    0,    0,    0,    0,    0,  -16,    0,    0,    0,  -16,    0,    0,    0,    0,    0,    0,    0,    0,    0,    0,    0,  -30,    0,    0,    0,    0,    0,    0,    0,    0,    0,    0,    0,    0,    0,    0,    0,    0,
       0,    0,    0,    0,    0,    0,    0,    0,    0,    0,    0,    0,    0,    0,    0,    0,    0,    0,    0,  -30,    0,    0,    0,  -40,    0,    0,    0,    0,    0,    0,    0,    0,    0,    0,    0,    0,  -16,    0,    0,  -20,    0,    0,    0,    0,    0,    0,    0,    0,    0,    0,    0,    0,    0,    0,    0,  -30,    0,    0,    0,  -16,    0,    0,    0,    0,    0,    0,    0,    0,    0,    0,    0,    0,
       0,    0,    0,    0,    0,    0,    0,    0,    0,    0,    0,    0,    0,    0,    0,    0,    0,    0,    0,    0,    0,    0,    0,    0,    0,    0,    0,   -3,    0,    0,    0,    0,    0,    0,    0,    0,    0,    0,    0,    0,    0,    0,    0,    0,    0,    0,    0,    0,    0,    0,    0,    0,    0,    0,    0,    0,    0,    0,    0,    0,    0,    0,    0,    0,    0,    0,    0,    0,    0,    0,    0,    0,
       0,    0,    0,    0,    0,    0,    0,    0,  -20,    0,    0,    0,    0,    0,  -12,  -16,    0,    0,    0,    0,    0,    0,    0,    0,    0,    0,    0,    0,    0,    0,    0,    0,    0,    0,    0,    0,    0,    0,    0,    0,    0,    0,    0,    0,    0,    0,    0,    0,    0,    0,    0,    0,    0,    0,    0,    0,    0,    0,    0,    0,    0,    0,    0,    0,    0,    0,    0,    0,    0,    0,    0,    0,
       0,    0,    0,    0,    0,    0,    0,    0,    0,  -16,    0,    0,    0,    0,    0,    0,    0,    0,    0,    0,    0,    0,    0,    0,    0,    0,    0,    0,    0,    0,    0,    0,    0,    0,    0,    0,    0,    0,    0,    0,    0,    0,    0,    0,    0,    0,    0,    0,    0,    0,    0,    0,    0,    0,    0,    0,    0,    0,    0,    0,    0,    0,    0,    0,    0,    0,    0,    0,    0,    0,    0,    0,
       0,    0,    0,    0,    0,    0,    0,    0,    0,    0,    0,  -32,    0,    0,    0,    0,    0,    0,    0,    0,    0,    0,    0,    0,    0,    0,    0,    0,    0,    0,    0,    0,    0,    0,    0,    0,    0,    0,    0,    0,    0,    0,    0,    0,    0,    0,    0,    0,    0,    0,    0,    0,    0,    0,    0,    0,    0,    0,    0,    0,    0,    0,    0,    0,    0,    0,    0,    0,    0,    0,    0,    0,
};

static const EpdLigaturePair lexenddeca_12_regularLigaturePairs[] = {
    { 0x00660069, 0xFB01 }, // f i -> U+FB01
    { 0x0066006C, 0xFB02 }, // f l -> U+FB02
};

static const EpdFontData lexenddeca_12_regular = {
    lexenddeca_12_regularBitmaps,
    lexenddeca_12_regularGlyphs,
    lexenddeca_12_regularIntervals,
    74,
    31,
    25,
    -7,
    true,
    lexenddeca_12_regularGroups,
    15,
    nullptr,
    lexenddeca_12_regularKernLeftClasses,
    lexenddeca_12_regularKernRightClasses,
    lexenddeca_12_regularKernMatrix,
    401,
    398,
    87,
    72,
    lexenddeca_12_regularLigaturePairs,
    2,
};
