/**
 * generated by fontconvert.py
 * name: lexenddeca_16_regular
 * size: 16
 * mode: 2-bit  compressed: true
 * Command used: fontconvert.py lexenddeca_16_regular 16 ../builtinFonts/source/LexendDeca/LexendDeca-Regular.ttf ../builtinFonts/source/NotoEmoji/NotoEmoji-Regular.ttf ../builtinFonts/source/NotoSymbols/NotoSansSymbols-Regular.ttf ../builtinFonts/source/NotoSymbols2/NotoSansSymbols2-Regular.ttf --additional-intervals 0x2600,0x26FF --additional-intervals 0x1F600,0x1F64F --additional-intervals 0x0370,0x03FF --2bit --compress --pnum
 */
#pragma once
#include "EpdFontData.h"

static const uint8_t lexenddeca_16_regularBitmaps[52711] = {
    0xB5, 0x5A, 0x3D, 0x6F, 0xDD, 0xD6, 0x19, 0x3E, 0x24, 0x21, 0xB1, 0x31, 0xD1, 0x30, 0x83, 0x55,
    0x04, 0x72, 0x50, 0xAE, 0x85, 0xD0, 0x94, 0x6B, 0xA7, 0xF2, 0x04, 0x19, 0x32, 0x64, 0xB0, 0x06,
    0xDD, 0x78, 0xC8, 0xE0, 0xB5, 0x50, 0x87, 0xAC, 0x1D, 0x9A, 0x90, 0x46, 0x87, 0x8C, 0xF5, 0x50,
    0x77, 0xC9, 0x10, 0x0D, 0x1E, 0xEC, 0xEB, 0xC1, 0x7F, 0xC0, 0xF6, 0x61, 0xDA, 0x21, 0x63, 0x08,
    0x04, 0xE8, 0x92, 0xC1, 0x44, 0xEB, 0xA0, 0x85, 0x16, 0x33, 0x28, 0x83, 0xD0, 0x09, 0xC9, 0xD3,
    0xE7, 0x79, 0x0F, 0x79, 0x75, 0xA5, 0x48, 0xF2, 0x47, 0x92, 0xAB, 0xCB, 0xF7, 0xEA, 0x92, 0xE7,
    0xF3, 0xFD, 0x78, 0xDE, 0x8F, 0x73, 0xB7, 0x74, 0x56, 0xE3, 0xAF, 0xE2, 0x5F, 0xEA, 0xFE, 0xCA,
    0x44, 0xFE, 0xE2, 0x32, 0x2E, 0x62, 0xAD, 0xE4, 0x95, 0x14, 0xD2, 0xAA, 0x4E, 0xCB, 0x0D, 0xB5,
    0xA5, 0x17, 0x2A, 0xAB, 0xAC, 0xCE, 0x4A, 0xAB, 0xB2, 0xC2, 0xAA, 0x5C, 0x0F, 0x2A, 0x57, 0xBD,
    0xFA, 0xC0, 0xEB, 0xD5, 0x7D, 0xAF, 0x53, 0xF7, 0xBC, 0x46, 0x5D, 0x54, 0xBB, 0x4A, 0x79, 0xBB,
    0xDE, 0x9E, 0x52, 0x51, 0x13, 0x74, 0x4A, 0xC5, 0xB5, 0xA3, 0x61, 0x0B, 0x5A, 0x85, 0x0D, 0x86,
    0xAC, 0xA2, 0x46, 0xA5, 0x16, 0xAF, 0x72, 0x9D, 0xAA, 0xBC, 0x48, 0x2A, 0x85, 0x41, 0x93, 0x12,
    0x54, 0xA5, 0xA0, 0x46, 0x65, 0xA0, 0x9C, 0x4C, 0xA9, 0x51, 0x65, 0x5A, 0x19, 0x34, 0x1C, 0x15,
    0x9B, 0xDB, 0x89, 0xFE, 0x61, 0x5C, 0xDA, 0xDB, 0x2A, 0xE8, 0xF1, 0x5C, 0x61, 0xA2, 0x01, 0xB4,
    0xF5, 0x40, 0xC3, 0xD6, 0xEF, 0x41, 0x1B, 0xD2, 0xE9, 0x95, 0xCF, 0xC4, 0x33, 0xD8, 0x5C, 0x66,
    0x07, 0xE5, 0x61, 0x84, 0x22, 0x04, 0xA9, 0xE3, 0x31, 0x37, 0x4D, 0xD2, 0x66, 0x71, 0x99, 0x34,
    0x59, 0xA0, 0x40, 0xB0, 0xCE, 0x0E, 0x24, 0xB6, 0xE8, 0x11, 0x59, 0xAB, 0x55, 0x60, 0x2D, 0xB6,
    0x80, 0x15, 0xC8, 0xF7, 0x92, 0x9D, 0x6B, 0xE5, 0x75, 0xA6, 0x01, 0x49, 0x9A, 0x0B, 0x5E, 0x17,
    0x37, 0xC9, 0xB5, 0x3E, 0x6E, 0xB2, 0xAF, 0xFA, 0xAC, 0xC9, 0xEC, 0x68, 0xAB, 0x84, 0xC3, 0x07,
    0x5C, 0xB1, 0x7A, 0x0F, 0x6D, 0x95, 0xAC, 0xC5, 0x5B, 0x11, 0xBE, 0xBC, 0xDB, 0xB8, 0xF6, 0x30,
    0x60, 0xA9, 0xC2, 0x4E, 0x25, 0xB6, 0x51, 0x71, 0xA3, 0xB2, 0x0F, 0x5B, 0x95, 0x56, 0x2A, 0x47,
    0xFB, 0xBC, 0x50, 0x0F, 0xD0, 0x18, 0x73, 0x3E, 0x50, 0xBD, 0x3F, 0xC8, 0x07, 0x1A, 0xAA, 0xDC,
    0xC3, 0x4C, 0xD8, 0xC4, 0x9B, 0x1D, 0x1A, 0x82, 0x99, 0x0D, 0x1A, 0x62, 0xAD, 0x95, 0x55, 0x7B,
    0xCA, 0x1F, 0xFD, 0x21, 0xB4, 0xF8, 0x1E, 0x76, 0x09, 0xA7, 0xC5, 0x92, 0x3E, 0x42, 0xDB, 0xB4,
    0x32, 0x94, 0x44, 0x56, 0x8C, 0x5C, 0x87, 0x55, 0x03, 0xC6, 0xC5, 0x88, 0xFC, 0xC0, 0xFD, 0x07,
    0x7E, 0xC7, 0xA9, 0xF3, 0x40, 0xA6, 0xCE, 0x1E, 0x37, 0x64, 0x7A, 0x62, 0x2B, 0x4E, 0x1D, 0x5A,
    0xA7, 0x0C, 0xAF, 0xE0, 0xDA, 0x3E, 0x00, 0xF1, 0xB9, 0x25, 0x4C, 0x87, 0x55, 0x53, 0x90, 0x5C,
    0x48, 0x9D, 0x80, 0xE6, 0x65, 0x48, 0xD9, 0x95, 0x1E, 0x19, 0x5D, 0xB2, 0x4B, 0x56, 0x93, 0xA6,
    0x2D, 0xA9, 0xE1, 0xA6, 0x03, 0xF2, 0x4F, 0xC5, 0x23, 0xD7, 0x97, 0x36, 0xA6, 0xCE, 0x4A, 0x68,
    0x5F, 0x07, 0x5A, 0x46, 0x43, 0x5E, 0xE4, 0x25, 0x9F, 0xA3, 0x2B, 0x68, 0x86, 0x65, 0x0C, 0x2A,
    0x6B, 0x55, 0x32, 0xA0, 0xFD, 0xC2, 0x58, 0x15, 0x8A, 0x9E, 0x80, 0xEF, 0x63, 0x4E, 0x05, 0xAA,
    0x13, 0x0C, 0x08, 0x3D, 0x83, 0x5E, 0x42, 0x87, 0xCB, 0xAC, 0xC8, 0x75, 0xAE, 0x3E, 0x50, 0xF7,
    0xD5, 0x3D, 0x68, 0x21, 0x5F, 0x7E, 0xAD, 0xE2, 0x8E, 0x23, 0xD8, 0xD2, 0x47, 0xEF, 0x9E, 0xDF,
    0xB0, 0x4C, 0xEE, 0xAF, 0xE4, 0x24, 0xE0, 0x19, 0x34, 0x61, 0xFD, 0x8D, 0x3B, 0x78, 0x84, 0x77,
    0x5A, 0x93, 0x1B, 0x51, 0xA7, 0x02, 0x6A, 0x09, 0x9E, 0x55, 0xDC, 0x44, 0xD4, 0x2A, 0xAF, 0x72,
    0x82, 0x8B, 0x15, 0x17, 0xC8, 0x7B, 0x03, 0xD8, 0x81, 0xCD, 0x15, 0xFC, 0x9E, 0x88, 0xFC, 0xD0,
    0x0C, 0x32, 0x82, 0x4E, 0x7E, 0xFF, 0x8D, 0xFB, 0x78, 0x8A, 0x36, 0x98, 0x00, 0xD3, 0xD8, 0x02,
    0x7D, 0xA3, 0x5E, 0x65, 0x0D, 0xBF, 0xBD, 0x3C, 0x99, 0x1C, 0x39, 0xA6, 0xD4, 0xCF, 0x93, 0x0B,
    0x2A, 0xFD, 0x38, 0x27, 0x83, 0xB5, 0x07, 0xD5, 0xF3, 0xEC, 0x23, 0xF9, 0x9F, 0xF7, 0xF8, 0x8C,
    0x6D, 0xD4, 0x36, 0xB7, 0x79, 0x93, 0x7C, 0xED, 0xCF, 0x21, 0x39, 0xF9, 0x76, 0x44, 0xB6, 0xAE,
    0x0C, 0x0B, 0x7D, 0x76, 0x0F, 0xFF, 0x96, 0x6C, 0xB0, 0x4A, 0x9B, 0xB4, 0x8D, 0xBB, 0xA0, 0x0B,
    0xDA, 0xA0, 0x89, 0xAB, 0xAC, 0x78, 0x1D, 0x77, 0x77, 0x96, 0xB7, 0x72, 0xDB, 0xBB, 0xF7, 0xD6,
    0x62, 0x2F, 0x29, 0xF2, 0xCA, 0x54, 0x39, 0xB8, 0xBF, 0xC1, 0x3E, 0x1B, 0xBB, 0xEC, 0xD8, 0x70,
    0xFD, 0x64, 0x13, 0x8D, 0x97, 0x5C, 0xA5, 0xB6, 0x29, 0xEA, 0xDA, 0x34, 0x41, 0xD4, 0xFE, 0xA8,
    0xCD, 0xBA, 0x55, 0xB3, 0x7A, 0x6E, 0xB6, 0xA3, 0x67, 0xE3, 0xA2, 0x9E, 0xD0, 0x54, 0x07, 0x6A,
    0x9E, 0x85, 0x22, 0xF9, 0xB6, 0x4C, 0x5A, 0x95, 0x57, 0x14, 0x40, 0x2D, 0x22, 0x43, 0x8F, 0xB8,
    0x81, 0x3A, 0xC4, 0x2D, 0xC4, 0x1F, 0xB5, 0x90, 0x64, 0xD4, 0x1D, 0x11, 0xB9, 0x27, 0x4F, 0xA5,
    0x9D, 0xF4, 0x48, 0x21, 0xAE, 0x3A, 0x86, 0x59, 0x96, 0x91, 0xFD, 0x48, 0x4C, 0x1C, 0x4B, 0xB2,
    0x16, 0xAB, 0xA1, 0xC5, 0x38, 0xA5, 0xDC, 0xBC, 0x0E, 0xBE, 0x57, 0xD0, 0x59, 0x68, 0xDB, 0xDA,
    0xF5, 0x1B, 0x0C, 0xA0, 0x5E, 0xE0, 0x82, 0xE4, 0xAB, 0xF5, 0x4B, 0x6D, 0x52, 0x4A, 0x06, 0x66,
    0x14, 0xD0, 0x00, 0x61, 0x8B, 0x9D, 0x4A, 0x87, 0xAB, 0x50, 0xA5, 0x1A, 0x2A, 0x9B, 0x17, 0xFE,
    0x08, 0x15, 0x05, 0xF1, 0xA8, 0xC1, 0x8A, 0xCA, 0xAF, 0xA8, 0xFE, 0x34, 0x3A, 0xF6, 0x03, 0xA7,
    0x3C, 0x5A, 0x6F, 0x48, 0x5E, 0xD2, 0x8E, 0x68, 0x26, 0xD8, 0x43, 0x45, 0x0B, 0x05, 0xF3, 0xE2,
    0x41, 0x58, 0x07, 0x75, 0xA3, 0xC6, 0xE8, 0x8C, 0x44, 0xBE, 0x6E, 0x2C, 0x16, 0x0B, 0xCE, 0x66,
    0xF5, 0x4C, 0x06, 0xB5, 0xB1, 0x78, 0xAF, 0x9B, 0x6D, 0x1D, 0x3C, 0xE3, 0xB4, 0x8A, 0x5A, 0x8D,
    0x91, 0x47, 0x4D, 0xED, 0x6B, 0x49, 0x06, 0x62, 0x2E, 0xA6, 0xBB, 0xE8, 0xD1, 0xF6, 0x1D, 0x3E,
    0x64, 0x8E, 0xF8, 0x24, 0x31, 0x6D, 0x12, 0x86, 0x60, 0x8B, 0x64, 0x7C, 0xD7, 0x12, 0x63, 0x69,
    0x59, 0xAE, 0x2F, 0x3B, 0xEC, 0x8A, 0x71, 0x2C, 0x28, 0x57, 0x2B, 0x40, 0x22, 0x10, 0x24, 0xCB,
    0x14, 0x4E, 0xF0, 0xBE, 0x9D, 0x00, 0x26, 0x7E, 0x02, 0x92, 0x7D, 0x45, 0xBB, 0xFC, 0xC4, 0xE2,
    0xFE, 0x1B, 0x30, 0xFF, 0x01, 0xDD, 0xE2, 0x0E, 0x24, 0xFB, 0x16, 0x2E, 0x43, 0x7C, 0x0E, 0xB7,
    0x60, 0x23, 0xF1, 0x23, 0x6E, 0xD0, 0x33, 0x88, 0xB7, 0x58, 0x10, 0xA3, 0x81, 0x7A, 0x42, 0x62,
    0x21, 0x5F, 0xE3, 0x5E, 0xCC, 0x2D, 0x0B, 0xA1, 0xEB, 0x52, 0xC9, 0x3F, 0x6F, 0x09, 0xD7, 0x4A,
    0x87, 0x8A, 0x31, 0x55, 0x22, 0xAC, 0x12, 0x4A, 0x81, 0x18, 0xE1, 0x34, 0x57, 0x09, 0x9A, 0x3A,
    0xA2, 0x7E, 0xC9, 0xE1, 0xB3, 0x22, 0x1C, 0x95, 0x19, 0x81, 0x8F, 0x29, 0xF7, 0x2B, 0xDE, 0x45,
    0x99, 0x61, 0xF6, 0x5B, 0xFE, 0xED, 0x95, 0x00, 0xDB, 0x59, 0xCB, 0x85, 0x7B, 0x64, 0x8B, 0xE3,
    0xC5, 0xF0, 0x8A, 0x38, 0xA5, 0x82, 0x53, 0x36, 0x50, 0x42, 0xCC, 0x9B, 0x8D, 0x57, 0xE1, 0x32,
    0x6B, 0xDF, 0xC1, 0x69, 0x21, 0xE0, 0x46, 0x52, 0xBA, 0xFF, 0x00, 0x7D, 0x05, 0x1F, 0xE8, 0xAC,
    0x85, 0x0E, 0x24, 0x64, 0x76, 0x68, 0x05, 0x65, 0xA8, 0x03, 0x80, 0x5C, 0xB5, 0xC5, 0x4D, 0x67,
    0xDC, 0x2A, 0xA5, 0xEF, 0xC8, 0xCE, 0xF2, 0xCE, 0xB9, 0x76, 0xE7, 0x96, 0xA5, 0x57, 0xCB, 0x9A,
    0x17, 0x7E, 0xB2, 0x2D, 0x99, 0x65, 0x8E, 0xB7, 0x1D, 0xE7, 0xB6, 0xF4, 0x87, 0x4E, 0xE6, 0x3E,
    0x37, 0x13, 0x71, 0x33, 0xF1, 0x10, 0x8D, 0xD0, 0x5C, 0xB4, 0x4C, 0xE9, 0x91, 0x84, 0x24, 0xFC,
    0x1A, 0x3F, 0x09, 0xC5, 0xB2, 0x3B, 0xDA, 0x5F, 0xCD, 0x2D, 0xC0, 0x8D, 0x8D, 0x77, 0xB1, 0xE6,
    0xC6, 0x67, 0xA0, 0xE2, 0x76, 0x99, 0x97, 0x33, 0x31, 0x25, 0x1F, 0x14, 0x89, 0xBD, 0x6B, 0xDD,
    0xC8, 0x9E, 0xB8, 0xAF, 0x74, 0x9C, 0xC2, 0x1D, 0x75, 0xE9, 0xBF, 0xA2, 0x47, 0x05, 0x87, 0x9A,
    0x39, 0xD9, 0x42, 0x82, 0x39, 0x5D, 0x08, 0x58, 0x67, 0x35, 0x4D, 0xBD, 0x70, 0x44, 0xBE, 0xC2,
    0x21, 0xE9, 0xBC, 0x0E, 0xC9, 0x21, 0x28, 0x61, 0x3C, 0x41, 0x0D, 0x76, 0x62, 0x1E, 0x73, 0xD7,
    0xF4, 0x8B, 0xCE, 0x34, 0x56, 0x32, 0x73, 0x00, 0x36, 0xAE, 0x33, 0xF2, 0x04, 0x90, 0xAE, 0xBD,
    0xD6, 0x9F, 0x44, 0x65, 0xDA, 0x20, 0xB6, 0x68, 0x92, 0xCA, 0x53, 0x27, 0x5F, 0x31, 0x76, 0x76,
    0x0C, 0xAF, 0xF5, 0xEB, 0xEE, 0x41, 0xC1, 0x48, 0x0C, 0xB3, 0xC3, 0x29, 0x41, 0xBE, 0xA9, 0xD5,
    0x3E, 0x3E, 0x12, 0xAC, 0x23, 0xEF, 0x04, 0xA1, 0xE4, 0x33, 0x15, 0x76, 0xB7, 0x34, 0x51, 0x8D,
    0x76, 0x58, 0xAE, 0x69, 0x5D, 0x3F, 0x25, 0x0E, 0x0F, 0xCA, 0xB0, 0x10, 0x14, 0x28, 0x8E, 0xC8,
    0x89, 0x05, 0x9C, 0x78, 0xBA, 0xB3, 0x5C, 0x2E, 0xF5, 0x4B, 0xE2, 0x48, 0xF0, 0x4C, 0xA0, 0x71,
    0x9A, 0x22, 0x95, 0x29, 0xB8, 0x24, 0xDC, 0x8D, 0x7B, 0xF9, 0xF4, 0xE7, 0xA5, 0x75, 0xD2, 0x0E,
    0x8E, 0x5F, 0xFA, 0x5D, 0x98, 0x07, 0xDF, 0xBC, 0x29, 0x60, 0x47, 0xAC, 0xA3, 0x55, 0x65, 0x5D,
    0x32, 0xA4, 0x55, 0x60, 0x23, 0x78, 0x46, 0x4F, 0x14, 0x88, 0xF6, 0x05, 0x55, 0x50, 0x29, 0xC7,
    0xA2, 0xE0, 0x4A, 0xC1, 0x30, 0xDA, 0x26, 0x07, 0xDA, 0x5C, 0x5B, 0x6D, 0x54, 0x39, 0xA9, 0x30,
    0x2A, 0x21, 0x1A, 0xB2, 0x8D, 0xE3, 0xE7, 0xC6, 0x52, 0x40, 0xC6, 0x97, 0x90, 0xCD, 0xB9, 0x4D,
    0x86, 0x6D, 0xF6, 0xAF, 0x02, 0x91, 0x84, 0x4F, 0x4E, 0xC5, 0x68, 0x94, 0xC1, 0xE8, 0xE0, 0xD8,
    0x8E, 0x88, 0xC9, 0x7C, 0xDE, 0x45, 0x55, 0x58, 0x07, 0xF6, 0x9B, 0x2E, 0xAC, 0x11, 0x3D, 0xC3,
    0x90, 0x82, 0x3A, 0xD1, 0x10, 0x15, 0x44, 0x91, 0x41, 0xE9, 0xE2, 0x26, 0x68, 0x7E, 0x07, 0xB1,
    0xE3, 0xB3, 0x7E, 0xDF, 0x1B, 0xDD, 0x27, 0x5C, 0x18, 0xC2, 0xE2, 0xEA, 0x1E, 0x94, 0x20, 0xAD,
    0xA2, 0x92, 0x9F, 0x59, 0x15, 0x17, 0xF7, 0x70, 0x1F, 0x31, 0x31, 0xA2, 0x69, 0x1B, 0xDA, 0xF2,
    0x81, 0x7A, 0x9F, 0x91, 0xEE, 0x77, 0x88, 0xB2, 0xB1, 0x9E, 0xAB, 0x58, 0x4F, 0x86, 0xC0, 0x94,
    0x11, 0x59, 0xAA, 0x67, 0xC1, 0x4F, 0xDB, 0x6A, 0xDC, 0x27, 0xAD, 0x2E, 0xE4, 0x33, 0xF3, 0xE5,
    0x42, 0x6C, 0x8C, 0x61, 0xA8, 0x16, 0x20, 0x43, 0x04, 0xB1, 0x32, 0xB0, 0xD9, 0x5D, 0x3B, 0x87,
    0xE0, 0xE0, 0x5F, 0x24, 0x02, 0xF5, 0x94, 0x10, 0x55, 0x78, 0xE0, 0x8F, 0x62, 0x9C, 0x3D, 0x07,
    0x08, 0xE9, 0x10, 0x9D, 0x1F, 0xA4, 0x23, 0xAC, 0x69, 0xCC, 0xE4, 0x23, 0xA0, 0x9B, 0x20, 0x5D,
    0x52, 0x8F, 0x11, 0x4E, 0x33, 0xB8, 0x9C, 0xB0, 0x1B, 0x88, 0x11, 0x08, 0x0D, 0xC7, 0xE5, 0xD2,
    0x16, 0x6C, 0x90, 0x97, 0x12, 0xB7, 0x56, 0x22, 0x00, 0x7A, 0x53, 0x88, 0x82, 0x86, 0x11, 0x77,
    0x84, 0x1B, 0xF6, 0x6C, 0xD5, 0x2A, 0xC8, 0xD7, 0x76, 0x79, 0xC7, 0x96, 0x34, 0x33, 0x92, 0x9C,
    0x24, 0x5B, 0xFD, 0x87, 0xA7, 0x9C, 0xC6, 0xD2, 0xD6, 0x5C, 0x63, 0xBC, 0x2A, 0x3E, 0x6D, 0x40,
    0x12, 0x92, 0xB8, 0x9D, 0x49, 0xD2, 0xBA, 0x07, 0x94, 0xA8, 0x44, 0x91, 0xF3, 0x1C, 0x34, 0xCC,
    0x5F, 0xDC, 0x74, 0x42, 0x97, 0x48, 0x9A, 0x50, 0xC2, 0x34, 0x83, 0x41, 0xEE, 0x5D, 0x66, 0x07,
    0x05, 0xE5, 0x05, 0x9E, 0xFE, 0x76, 0x0A, 0x63, 0x33, 0xC7, 0x2F, 0x31, 0x0B, 0x17, 0xE4, 0x9E,
    0x45, 0x5D, 0xF0, 0xEB, 0xDA, 0x27, 0x9D, 0xC8, 0x0A, 0x3C, 0xFD, 0x35, 0x63, 0x02, 0x6F, 0xE6,
    0x8F, 0x9B, 0x8B, 0x32, 0xEA, 0x26, 0xE0, 0xC1, 0x07, 0x98, 0x2D, 0xDC, 0xE0, 0x02, 0x1F, 0x09,
    0xB5, 0x8E, 0x02, 0xB0, 0x0F, 0xEF, 0x42, 0xBD, 0xB9, 0x99, 0x9E, 0x14, 0x0B, 0x93, 0xD4, 0x84,
    0xD4, 0x13, 0x4A, 0xBE, 0xE8, 0x09, 0x9D, 0x26, 0x6A, 0x8A, 0x93, 0x77, 0xA4, 0x8D, 0x2F, 0xED,
    0x01, 0xBC, 0xE4, 0x0F, 0x47, 0xF3, 0x4C, 0x27, 0xB3, 0x34, 0xF3, 0x5C, 0xE4, 0x2F, 0xE9, 0x75,
    0xAE, 0x67, 0xB1, 0xC7, 0xEF, 0xAB, 0xEB, 0x70, 0x79, 0xCB, 0x8D, 0x74, 0xE2, 0x72, 0x0C, 0x3E,
    0xBA, 0x4E, 0x6B, 0xE3, 0xDA, 0x8D, 0xEB, 0xD7, 0x34, 0xFE, 0xD1, 0xBD, 0xC3, 0xE5, 0xED, 0x53,
    0xFB, 0x2D, 0x97, 0x07, 0x5C, 0xE2, 0xEA, 0xBA, 0xB1, 0xD8, 0x3D, 0x73, 0x8E, 0xB5, 0x0B, 0x10,
    0x70, 0xDB, 0x49, 0xB9, 0x16, 0x6E, 0x8F, 0x8E, 0xF3, 0x40, 0xF5, 0x6F, 0xDF, 0xB5, 0x15, 0xD3,
    0xA5, 0xBC, 0xA0, 0x94, 0x5F, 0x56, 0x69, 0x77, 0xA6, 0x94, 0x11, 0xF1, 0xD2, 0x91, 0x20, 0xFA,
    0x25, 0x1D, 0x00, 0x9E, 0xA0, 0x90, 0xF2, 0xCE, 0x9D, 0x9E, 0xED, 0xC3, 0x9E, 0x30, 0x11, 0xF5,
    0x8C, 0x4A, 0x92, 0x36, 0x80, 0x3E, 0x19, 0xF8, 0x28, 0xB8, 0x9A, 0x52, 0xA0, 0x44, 0x39, 0x8F,
    0x83, 0xF4, 0x93, 0x0C, 0x45, 0x92, 0x2C, 0xD1, 0x8C, 0xB7, 0x47, 0x21, 0x0C, 0xCF, 0x4C, 0x0E,
    0xE1, 0x82, 0xED, 0x24, 0x85, 0x99, 0xDC, 0x58, 0x5C, 0x19, 0x9E, 0x6B, 0x14, 0xC0, 0x39, 0xB7,
    0xAF, 0xE7, 0x6B, 0xDF, 0x1E, 0xBA, 0xD0, 0xED, 0x05, 0xAF, 0x7C, 0x6D, 0x2C, 0x5E, 0x2E, 0x62,
    0x0A, 0x25, 0xFE, 0x59, 0x11, 0xFF, 0xCE, 0x78, 0xF3, 0x29, 0x89, 0xCA, 0xD3, 0x49, 0x2C, 0xE9,
    0x52, 0x09, 0x46, 0x67, 0x56, 0x7C, 0x06, 0xE4, 0x29, 0x91, 0x8F, 0x27, 0x01, 0xD3, 0x86, 0x76,
    0x4C, 0x5D, 0x1C, 0x19, 0x07, 0xF3, 0x3F, 0xCD, 0xC8, 0xD6, 0xEA, 0x40, 0x60, 0x83, 0x62, 0x66,
    0xDC, 0x23, 0x66, 0x00, 0x01, 0xDB, 0x37, 0x45, 0x49, 0x2E, 0xB3, 0xBF, 0x35, 0x9D, 0x9A, 0x42,
    0x79, 0x25, 0x22, 0x53, 0x56, 0x52, 0x55, 0xDB, 0x18, 0xB6, 0x64, 0x7C, 0xCA, 0x11, 0x88, 0x71,
    0x1A, 0x41, 0x9B, 0xA2, 0xCB, 0xD2, 0xAB, 0xF1, 0xA9, 0x35, 0xB3, 0x31, 0xA9, 0x68, 0x74, 0xA6,
    0xA9, 0x17, 0xEA, 0xE9, 0xEA, 0xF9, 0x5C, 0x17, 0x96, 0xB7, 0x7E, 0x49, 0x48, 0xBC, 0xC7, 0x55,
    0x46, 0x3D, 0xF7, 0x13, 0xF7, 0x92, 0x91, 0xF7, 0x44, 0x94, 0xBC, 0xE7, 0x56, 0xD8, 0x0E, 0xAA,
    0x0F, 0xAA, 0x43, 0x50, 0xF8, 0xA3, 0xEF, 0x7A, 0x9B, 0xD7, 0xE9, 0x37, 0xBD, 0xBD, 0xDC, 0x66,
    0x9F, 0xF6, 0xF6, 0xED, 0xDE, 0xBE, 0xD5, 0x83, 0x0F, 0x36, 0xEC, 0x11, 0x2B, 0xF7, 0xA0, 0xDA,
    0x74, 0xA4, 0x59, 0x43, 0x9A, 0x54, 0xA4, 0x17, 0x74, 0xE8, 0xFC, 0xC0, 0x53, 0xE8, 0x42, 0xC2,
    0x74, 0xE1, 0x9A, 0xE3, 0xAF, 0xB6, 0xC2, 0x35, 0x59, 0x89, 0xB6, 0xC2, 0x35, 0x3B, 0x01, 0x38,
    0x23, 0x50, 0x9B, 0x93, 0x6B, 0x16, 0x08, 0x09, 0x1A, 0x51, 0x66, 0x58, 0x89, 0x40, 0x94, 0x45,
    0xB0, 0xCA, 0xE0, 0x8A, 0x34, 0x6D, 0x49, 0xE3, 0x9E, 0x34, 0xB0, 0xB9, 0x66, 0x52, 0x2C, 0x30,
    0x66, 0x84, 0x66, 0x42, 0x63, 0xA1, 0xE1, 0x04, 0x6F, 0x7A, 0xE6, 0xD8, 0xB6, 0x44, 0xD0, 0x62,
    0xFA, 0xE9, 0x8C, 0x69, 0x1C, 0xE5, 0xC9, 0x7B, 0xB6, 0x8A, 0xB8, 0x92, 0x86, 0x12, 0x4D, 0x3B,
    0x02, 0x7C, 0xEC, 0x4C, 0x79, 0xA0, 0xE9, 0x07, 0x23, 0x4D, 0xDF, 0x77, 0xD4, 0x9E, 0xA4, 0xC1,
    0x48, 0x80, 0x0F, 0x06, 0xB6, 0x8F, 0x7A, 0x02, 0x7C, 0xD2, 0x13, 0xE0, 0x19, 0x51, 0x57, 0xBE,
    0xAD, 0x7D, 0x87, 0xA2, 0xA7, 0x01, 0xFC, 0xEE, 0x04, 0xF0, 0xF4, 0x58, 0x24, 0x9D, 0xC3, 0x5A,
    0x82, 0xBB, 0xA8, 0x54, 0x71, 0xCC, 0xE7, 0x09, 0x31, 0x25, 0x77, 0x5C, 0xD8, 0xC3, 0x3B, 0x76,
    0xE5, 0x20, 0xBB, 0x69, 0x80, 0x1B, 0x8B, 0x63, 0x59, 0xC5, 0xB9, 0xE4, 0x27, 0xE2, 0xC6, 0x1F,
    0xC9, 0x0D, 0x7F, 0x20, 0x37, 0x10, 0x96, 0x91, 0x1B, 0xF6, 0x21, 0xB9, 0x81, 0xE4, 0x2F, 0x64,
    0xC6, 0xFA, 0x3D, 0x6E, 0xD0, 0x64, 0x65, 0xF5, 0xE0, 0x86, 0x03, 0x5B, 0xC9, 0x6E, 0x54, 0x28,
    0x60, 0xEB, 0xAD, 0xF8, 0x53, 0xAB, 0xD9, 0xCD, 0x1F, 0x85, 0x03, 0x86, 0x6E, 0x3E, 0xA3, 0x6F,
    0x49, 0x9B, 0x15, 0xE1, 0xD7, 0xBC, 0xB2, 0x37, 0xDE, 0x11, 0xE7, 0x7E, 0x14, 0x1D, 0x40, 0xB9,
    0x6E, 0x88, 0x86, 0xA5, 0xAD, 0x33, 0x5D, 0xB1, 0x5C, 0x6E, 0x98, 0x2E, 0xCF, 0x85, 0x17, 0x32,
    0x9E, 0x8C, 0xD2, 0x4E, 0x75, 0xB9, 0xE5, 0x5A, 0x89, 0x50, 0xB3, 0xF0, 0x54, 0xC5, 0xA3, 0x67,
    0xEA, 0x04, 0xA1, 0x73, 0x89, 0xD8, 0x25, 0x74, 0x71, 0xBD, 0x78, 0xF5, 0x98, 0x7C, 0x8D, 0xEC,
    0xF8, 0xFD, 0x12, 0xA1, 0xBA, 0x24, 0xF1, 0x85, 0x91, 0xA6, 0x4D, 0xC4, 0xB0, 0x29, 0x2D, 0x58,
    0x6C, 0x68, 0x14, 0x4B, 0x84, 0x7F, 0xC3, 0xA0, 0x27, 0x4A, 0x84, 0x2C, 0x1D, 0xC0, 0x15, 0xC2,
    0xA7, 0x4D, 0x0E, 0x6E, 0x22, 0xCB, 0x3B, 0xE3, 0xF2, 0xE0, 0x87, 0x62, 0xE7, 0x53, 0xC8, 0x96,
    0x60, 0xE7, 0x54, 0x71, 0xFD, 0x71, 0x69, 0x25, 0xB4, 0x96, 0x64, 0xB7, 0x61, 0xB8, 0x02, 0xC6,
    0xC1, 0xD2, 0xE1, 0x28, 0x53, 0x71, 0x0E, 0x2E, 0xF1, 0xA4, 0x32, 0xE4, 0x12, 0xAB, 0x32, 0x53,
    0x99, 0x5E, 0x5C, 0x95, 0xB7, 0x47, 0x4B, 0x8B, 0x7B, 0x89, 0xD6, 0xDB, 0x44, 0xE2, 0x76, 0xEA,
    0x68, 0x56, 0xB3, 0xCA, 0x90, 0x57, 0x4C, 0x1E, 0x0D, 0x13, 0x34, 0x91, 0xA8, 0xF6, 0x24, 0x3B,
    0x73, 0x37, 0x19, 0x0D, 0x67, 0x35, 0x83, 0x52, 0x74, 0x69, 0xE9, 0x97, 0x19, 0x7F, 0xC6, 0x1D,
    0xF3, 0xD0, 0xA8, 0x17, 0xB5, 0x1E, 0x9C, 0x12, 0x1B, 0x3D, 0x55, 0x10, 0x88, 0xF9, 0xAB, 0x7A,
    0xA5, 0xA4, 0x2E, 0x73, 0x05, 0x93, 0x32, 0xDF, 0xD2, 0x53, 0x1D, 0xC2, 0xC5, 0x06, 0xF4, 0x24,
    0x12, 0xE6, 0x31, 0x37, 0x15, 0x35, 0x0E, 0x18, 0xDE, 0xB3, 0x28, 0x87, 0xA9, 0x91, 0x32, 0x60,
    0x85, 0x98, 0x3D, 0x62, 0x0E, 0x3B, 0xFD, 0x8F, 0x6C, 0x12, 0x2B, 0xC1, 0xD3, 0xCC, 0x4A, 0x4B,
    0x66, 0x8E, 0x1A, 0x7D, 0x31, 0x82, 0x81, 0x87, 0xA9, 0x05, 0x1F, 0x59, 0x11, 0xC5, 0x3F, 0xD7,
    0xC6, 0xB4, 0xE6, 0xF2, 0xF2, 0x7F, 0xF4, 0x71, 0x43, 0x67, 0x9B, 0x7D, 0xDE, 0x4B, 0x40, 0xAB,
    0xB2, 0xFF, 0xB4, 0xE1, 0x13, 0x29, 0x7F, 0x3C, 0x6E, 0x82, 0xD1, 0xD5, 0x63, 0x61, 0x64, 0x83,
    0xFC, 0x53, 0xBA, 0x18, 0x9E, 0x65, 0x65, 0x71, 0x68, 0xCC, 0x17, 0xF2, 0x76, 0xAA, 0x9A, 0x88,
    0xB5, 0x31, 0xFD, 0x14, 0x15, 0x66, 0x29, 0x9A, 0x19, 0xD2, 0xD6, 0x2E, 0x2F, 0x06, 0x3F, 0x79,
    0x2D, 0x1E, 0xB2, 0x0C, 0xE9, 0x33, 0x08, 0x46, 0xE2, 0xE8, 0x2A, 0x61, 0x78, 0x43, 0x46, 0x24,
    0x5D, 0x4E, 0xEE, 0x0D, 0xD4, 0x70, 0x57, 0xCF, 0xF5, 0xD6, 0x39, 0x26, 0x13, 0xB9, 0x05, 0x04,
    0x72, 0x5F, 0xCA, 0xE7, 0xE8, 0xC5, 0xF6, 0x19, 0x95, 0x1F, 0x06, 0x8C, 0x89, 0x80, 0x66, 0x31,
    0x73, 0x65, 0x16, 0xA1, 0xA4, 0x8A, 0x5A, 0xD0, 0x9C, 0x6C, 0xC5, 0xF5, 0x65, 0x0D, 0xF9, 0xBC,
    0xB5, 0x9B, 0x4B, 0x6D, 0x99, 0x93, 0xDA, 0x32, 0x66, 0xB6, 0x4E, 0xB3, 0x05, 0x87, 0xD1, 0x97,
    0xA2, 0x37, 0x15, 0x95, 0x21, 0x93, 0x64, 0x24, 0xE9, 0x98, 0xED, 0x44, 0x23, 0xE7, 0x72, 0xF3,
    0xBA, 0x35, 0x48, 0x26, 0x3B, 0x07, 0x74, 0x69, 0xFD, 0xA2, 0x94, 0x19, 0xF0, 0x2E, 0x33, 0xDB,
    0xE6, 0x88, 0x20, 0xC7, 0x15, 0x00, 0x23, 0xA8, 0xBB, 0x7A, 0x54, 0x3F, 0xEB, 0x0A, 0x39, 0xA4,
    0x1C, 0x83, 0xC8, 0x81, 0x61, 0x06, 0x0B, 0x59, 0x86, 0x15, 0x85, 0xA3, 0x9E, 0x8F, 0x73, 0x27,
    0xC9, 0xBF, 0x08, 0x8E, 0xAD, 0x3D, 0x4E, 0xB6, 0x16, 0x3A, 0xB7, 0xF5, 0xF4, 0x66, 0x94, 0xFA,
    0x83, 0xDF, 0xF3, 0x68, 0x18, 0x79, 0x4B, 0xE4, 0x55, 0xCC, 0xE5, 0x9B, 0xA4, 0x9E, 0xCB, 0x34,
    0x3C, 0x63, 0x70, 0xC8, 0xE0, 0x8D, 0xAB, 0xC2, 0xD5, 0x4F, 0xD9, 0x70, 0xFB, 0xFA, 0x16, 0xD9,
    0xDB, 0xB8, 0x37, 0xBB, 0xFC, 0xE0, 0xF7, 0x6A, 0x34, 0x8C, 0xEC, 0x6A, 0xB2, 0xBE, 0x2B, 0x1C,
    0x16, 0xCE, 0x32, 0xE4, 0xB8, 0x45, 0x65, 0x0F, 0x09, 0xD9, 0x9F, 0x32, 0x36, 0x81, 0x5E, 0xC1,
    0x2C, 0xE4, 0xA4, 0xC0, 0x30, 0xA7, 0x95, 0x2C, 0x55, 0xEA, 0xC3, 0x51, 0xCB, 0x72, 0xC6, 0x52,
    0xC2, 0x78, 0x57, 0x12, 0x45, 0xCC, 0x2C, 0x77, 0x94, 0x14, 0x29, 0x92, 0x92, 0x82, 0x8D, 0x07,
    0xA9, 0x0F, 0xBC, 0xE6, 0x0A, 0x49, 0xDD, 0x85, 0x03, 0xC0, 0xC9, 0x5F, 0x1A, 0xC0, 0xDB, 0xE3,
    0x26, 0xB6, 0x8F, 0x6D, 0x93, 0x76, 0x9E, 0x65, 0xCA, 0x9B, 0x31, 0xE3, 0x4D, 0x69, 0xCE, 0xB1,
    0x64, 0xA9, 0x8E, 0x18, 0x21, 0xA5, 0xCB, 0x87, 0x59, 0xE5, 0x81, 0xDF, 0x48, 0xC6, 0x2B, 0xB6,
    0x61, 0x81, 0xB2, 0x81, 0xFB, 0xFC, 0xAC, 0x51, 0xF9, 0x80, 0x9D, 0x31, 0x3D, 0xDC, 0xD7, 0x53,
    0xAD, 0xF5, 0x1C, 0x72, 0x0D, 0x1B, 0x35, 0x1F, 0x23, 0x48, 0x30, 0xF4, 0x2F, 0x06, 0x2B, 0x40,
    0x50, 0x07, 0x87, 0x67, 0x6A, 0xEC, 0x4C, 0x26, 0x92, 0x15, 0x18, 0x7D, 0x9C, 0x14, 0x7C, 0x80,
    0x15, 0xD4, 0x70, 0x5B, 0xA6, 0x34, 0x58, 0x41, 0x21, 0x4E, 0xDB, 0x20, 0xEF, 0x51, 0xE6, 0x2D,
    0xF1, 0x52, 0x3C, 0x5F, 0x89, 0x58, 0x33, 0x33, 0x00, 0xEA, 0x80, 0x8E, 0x96, 0x1B, 0x64, 0xEA,
    0x34, 0x10, 0xE6, 0x7F, 0xE5, 0x52, 0x26, 0x29, 0xD6, 0x9F, 0x20, 0x4E, 0xE2, 0x95, 0x7A, 0x85,
    0x0C, 0xFB, 0x13, 0x12, 0xE2, 0x2B, 0xEE, 0x5C, 0x87, 0xD0, 0x3B, 0xD5, 0xA1, 0xE6, 0x52, 0xEF,
    0x85, 0x83, 0x59, 0x77, 0xCE, 0x20, 0x97, 0x9E, 0xC4, 0x4C, 0x55, 0x3F, 0x23, 0x8B, 0x59, 0x17,
    0xBA, 0x63, 0x09, 0x4F, 0x47, 0x2C, 0xFE, 0xFE, 0x06, 0x0B, 0xC7, 0xE2, 0x98, 0x32, 0x65, 0x29,
    0x4D, 0xE5, 0x4D, 0x32, 0x6C, 0x1E, 0xB1, 0xF8, 0x21, 0xEE, 0x8C, 0x13, 0x8B, 0xE7, 0x0D, 0xD6,
    0xAE, 0x9C, 0x17, 0xB3, 0x64, 0x98, 0xB6, 0x9E, 0x54, 0x15, 0xF3, 0x52, 0x4E, 0x8A, 0xCC, 0xE1,
    0x12, 0x1C, 0xA2, 0xE3, 0x72, 0x64, 0xC5, 0x7B, 0xF1, 0x0D, 0x30, 0xE9, 0xD7, 0xD0, 0x6D, 0x31,
    0xCA, 0x06, 0x19, 0xAE, 0x8E, 0xEE, 0x38, 0x62, 0x3A, 0x20, 0xB8, 0xC9, 0x08, 0x83, 0x31, 0x8E,
    0x9C, 0xA7, 0x05, 0xE3, 0xCF, 0xC4, 0x3C, 0xE4, 0x1A, 0x38, 0x71, 0xBF, 0xBA, 0xAE, 0x0C, 0x7B,
    0x47, 0xCF, 0x9E, 0xE3, 0x02, 0x87, 0x30, 0x8B, 0xB5, 0x5F, 0x74, 0x2C, 0xC3, 0x74, 0x94, 0x51,
    0x07, 0x19, 0x99, 0x0E, 0x32, 0x4A, 0x3B, 0x1E, 0x6A, 0x4C, 0x07, 0x1D, 0xDA, 0x91, 0x70, 0x3A,
    0xF2, 0xE0, 0x03, 0x1E, 0x74, 0x74, 0xD8, 0x42, 0xDE, 0xC5, 0xE3, 0x3B, 0xB6, 0xE3, 0x16, 0xA0,
    0x3C, 0x18, 0x4A, 0xA5, 0xA3, 0x2B, 0xE7, 0x1E, 0x1D, 0xCF, 0x34, 0xC1, 0x23, 0xCF, 0x54, 0x6C,
    0x52, 0x46, 0x93, 0x2C, 0x5B, 0x26, 0xDC, 0x7A, 0xD2, 0xD3, 0xF3, 0xC9, 0x1B, 0x2C, 0x46, 0x5F,
    0x86, 0x2D, 0x1A, 0xB7, 0xDF, 0xBB, 0x03, 0x34, 0x1F, 0xB0, 0x69, 0x4A, 0x7A, 0xC4, 0x42, 0xBD,
    0x30, 0xC1, 0xCA, 0x0A, 0xC3, 0xE2, 0x69, 0xB9, 0x3D, 0x05, 0x13, 0x3B, 0x05, 0xFD, 0xEA, 0xF9,
    0x7F, 0x02, 0xF8, 0x05, 0x4F, 0xFC, 0x60, 0x28, 0x48, 0xF1, 0xB7, 0xF5, 0x51, 0xE9, 0x70, 0x67,
    0x3E, 0x1F, 0x7C, 0xDE, 0xB7, 0xD4, 0xE0, 0x2F, 0xC1, 0xCD, 0x8F, 0x8C, 0x09, 0x36, 0xF5, 0x33,
    0x19, 0x70, 0xE1, 0x2D, 0x0B, 0x53, 0x84, 0xDC, 0x0D, 0x52, 0x4A, 0x53, 0xC0, 0x19, 0xC2, 0xA8,
    0xE1, 0xD2, 0x3F, 0x64, 0xDD, 0xE8, 0xE3, 0xCE, 0x69, 0x27, 0x48, 0x45, 0xD2, 0x38, 0x9D, 0x51,
    0xE6, 0x73, 0x3B, 0x1B, 0x7F, 0x01, 0x2F, 0x64, 0x0A, 0xD8, 0x84, 0xA1, 0xA7, 0x35, 0x45, 0xE0,
    0x18, 0x53, 0xEE, 0x6B, 0x53, 0x3C, 0xDF, 0xDF, 0xBE, 0xF7, 0x40, 0x6F, 0x3E, 0xA1, 0x98, 0xEA,
    0x0C, 0x08, 0x62, 0x6C, 0x07, 0x83, 0x31, 0x72, 0x04, 0xDF, 0x1A, 0x98, 0x4F, 0x05, 0x4D, 0x2A,
    0x91, 0xEB, 0x86, 0xBD, 0xE1, 0x91, 0x66, 0x80, 0x34, 0x0D, 0x30, 0xFF, 0x63, 0x7D, 0xEC, 0x7B,
    0x3F, 0x99, 0x8A, 0xAC, 0xA3, 0xD8, 0x28, 0x28, 0x56, 0xC0, 0x42, 0x10, 0x84, 0xD4, 0x0E, 0x43,
    0x1C, 0x68, 0xB4, 0xB3, 0x85, 0xC8, 0xA1, 0x60, 0x3C, 0x9D, 0x07, 0x56, 0x8A, 0x47, 0xA4, 0x8C,
    0x97, 0x80, 0x62, 0xE5, 0x8C, 0x62, 0x0C, 0x35, 0xE7, 0x53, 0x40, 0xB2, 0x4D, 0x99, 0xAB, 0x18,
    0x7E, 0xC2, 0x60, 0xFB, 0x6C, 0x18, 0x2C, 0x0F, 0xAA, 0x53, 0x30, 0xF8, 0x2E, 0xB7, 0xFF, 0x21,
    0x2B, 0x4B, 0xC5, 0xC5, 0xA7, 0xE9, 0xCF, 0xD6, 0xCA, 0x0F, 0xA9, 0xC9, 0x0F, 0x11, 0x24, 0xEF,
    0x12, 0x24, 0x8F, 0xFB, 0x21, 0x7D, 0x86, 0x17, 0xC8, 0xD6, 0xFC, 0xD0, 0xBB, 0xA7, 0x81, 0xE4,
    0x79, 0xE0, 0x3C, 0x91, 0x8D, 0xDD, 0x7D, 0x6F, 0x30, 0x97, 0x07, 0x63, 0x7A, 0x88, 0xCE, 0x8C,
    0xBF, 0x97, 0x1D, 0x29, 0x39, 0x7F, 0x3A, 0xEF, 0xAD, 0xCC, 0x23, 0xC2, 0xA6, 0x46, 0xA6, 0x58,
    0x65, 0x5F, 0xE6, 0x55, 0x5E, 0x84, 0x9A, 0xBE, 0x83, 0x07, 0x16, 0x19, 0x64, 0x96, 0xD8, 0x27,
    0x14, 0x59, 0xE1, 0x78, 0xCD, 0x30, 0x31, 0x6E, 0x5E, 0x22, 0xB0, 0x17, 0x69, 0x6D, 0xDC, 0x6F,
    0x4A, 0xF4, 0x26, 0x3D, 0xCA, 0x7C, 0x9E, 0x42, 0xAC, 0x59, 0xBB, 0x76, 0xEC, 0xA1, 0x1C, 0x47,
    0xCE, 0x97, 0xD4, 0x2B, 0x4E, 0xB4, 0x79, 0x96, 0x6B, 0x5F, 0xA9, 0xA5, 0x9C, 0x0B, 0x3D, 0x27,
    0x11, 0x0D, 0x04, 0x28, 0x30, 0x7B, 0xC1, 0x0A, 0xBA, 0xC4, 0xCA, 0x71, 0x2B, 0x34, 0xB0, 0xA7,
    0x3F, 0xA8, 0xAD, 0x73, 0xB2, 0x00, 0x9C, 0xCD, 0x9B, 0xD0, 0x45, 0x64, 0x3D, 0x0C, 0x45, 0x80,
    0xB9, 0x69, 0x0D, 0xF4, 0xCD, 0xCA, 0x80, 0xBF, 0x0D, 0x81, 0x9F, 0xA0, 0xCA, 0x31, 0xA0, 0xB2,
    0x3C, 0x10, 0x37, 0x7F, 0x66, 0x8C, 0xFE, 0x29, 0xF3, 0xA3, 0x87, 0xFC, 0xA1, 0x8D, 0xFC, 0xFA,
    0xC3, 0x1D, 0xF3, 0xCE, 0x11, 0xAA, 0x3B, 0x87, 0x1C, 0x64, 0x64, 0x40, 0xF4, 0x81, 0xE0, 0x1D,
    0xD2, 0x52, 0x39, 0xBE, 0x64, 0x39, 0x9F, 0x87, 0x11, 0x71, 0xE3, 0xC1, 0x8F, 0x97, 0x51, 0x8B,
    0x2E, 0x60, 0x3C, 0xBC, 0x87, 0x36, 0x3A, 0xE8, 0x23, 0x9E, 0x7B, 0xF9, 0x43, 0x6C, 0x3F, 0x41,
    0x00, 0x3E, 0xA6, 0x9F, 0xFD, 0x8B, 0x69, 0x42, 0xF6, 0xF6, 0xFF, 0x08, 0x3A, 0x26, 0x90, 0x72,
    0xD3, 0x18, 0xC8, 0x21, 0xD2, 0xE0, 0xC9, 0xA9, 0x1A, 0x72, 0x6D, 0x06, 0xE6, 0x2D, 0xC1, 0x54,
    0x7E, 0xD8, 0xC2, 0x00, 0xBD, 0x26, 0xBA, 0xEE, 0x5C, 0x57, 0xDB, 0x07, 0xB4, 0x1D, 0xA6, 0x15,
    0xCC, 0x80, 0x7D, 0x6E, 0xE4, 0xCF, 0xDC, 0xC3, 0x17, 0xFC, 0x91, 0x0A, 0xBB, 0x4F, 0x2B, 0xD7,
    0xF3, 0x91, 0xB4, 0xFB, 0xB5, 0x09, 0xCF, 0x8D, 0x1E, 0x32, 0x4F, 0x78, 0x9B, 0xB9, 0x43, 0x20,
    0x3F, 0x9F, 0x70, 0x47, 0xFA, 0x35, 0xBD, 0x5A, 0xBB, 0x5F, 0x28, 0xFF, 0x36, 0x0F, 0xDE, 0x59,
    0xB9, 0x88, 0x7B, 0xFE, 0x22, 0xA3, 0x05, 0xE4, 0xA6, 0x4D, 0x34, 0x9F, 0x8D, 0xCB, 0x49, 0x5E,
    0xE1, 0x6A, 0xE0, 0xF6, 0x1A, 0xF8, 0x91, 0xFF, 0x9D, 0x49, 0xE2, 0xBF, 0x79, 0x46, 0xF5, 0x0D,
    0x7F, 0xAB, 0xC4, 0x39, 0x22, 0x12, 0x96, 0x70, 0xC1, 0xB1, 0x63, 0xE7, 0x76, 0x12, 0xBD, 0x9E,
    0xF6, 0xEB, 0x03, 0xC9, 0xA6, 0xB0, 0x2F, 0x85, 0x50, 0xF1, 0x00, 0x21, 0x62, 0x33, 0x5F, 0x4E,
    0x69, 0x79, 0x52, 0x3F, 0xBA, 0x63, 0x71, 0x39, 0x34, 0x71, 0xB7, 0xE4, 0xD8, 0xAA, 0x77, 0xCE,
    0x34, 0xFB, 0x7A, 0xB1, 0x8B, 0xF6, 0xED, 0x7C, 0x39, 0xBD, 0xBD, 0xEF, 0x0E, 0xE9, 0x59, 0x58,
    0x62, 0x1A, 0x42, 0x16, 0xF2, 0x00, 0xEA, 0xB4, 0xCB, 0xC8, 0x19, 0x80, 0x64, 0x61, 0x3C, 0xE0,
    0x67, 0xE6, 0xB7, 0xC9, 0xD5, 0x1A, 0xC6, 0x5D, 0xFA, 0x8C, 0x7E, 0xA5, 0x5B, 0x0B, 0x4F, 0x7C,
    0x23, 0x3B, 0x6D, 0xEF, 0x55, 0xA8, 0xB5, 0xD1, 0x2F, 0xFE, 0xE7, 0x90, 0x27, 0x2D, 0x5C, 0xBA,
    0x93, 0xF6, 0xD3, 0xF1, 0xAE, 0x9D, 0x2E, 0x73, 0xCA, 0x25, 0xEB, 0xE3, 0x3A, 0x5C, 0xE5, 0x4E,
    0xB1, 0x10, 0x95, 0x3D, 0x72, 0xF1, 0xA2, 0x39, 0xA3, 0x8F, 0x9D, 0xD2, 0xD8, 0xDE, 0xA5, 0x4F,
    0xD4, 0xE1, 0x57, 0x29, 0xA1, 0xEB, 0xEA, 0x22, 0x86, 0x19, 0x32, 0x3B, 0xF6, 0xE0, 0x63, 0x7F,
    0x3F, 0xB4, 0xCD, 0x3D, 0xB5, 0x5D, 0xFC, 0x1F, 0xCD, 0x5A, 0x3D, 0x8C, 0xDD, 0xC6, 0x11, 0x1E,
    0x92, 0xBE, 0xA3, 0x22, 0xC2, 0xA1, 0x81, 0xE8, 0x6C, 0x59, 0xB2, 0x45, 0x17, 0x2A, 0x0C, 0xC3,
    0x30, 0x1B, 0x17, 0x29, 0x24, 0x91, 0xB2, 0xCA, 0x14, 0x39, 0x20, 0x3A, 0xA8, 0x70, 0x93, 0xD6,
    0x67, 0x04, 0x4A, 0x91, 0x22, 0x06, 0x64, 0x91, 0x42, 0x10, 0xB8, 0xF4, 0x05, 0x88, 0xEB, 0xA8,
    0x50, 0x00, 0xE9, 0xB9, 0xB8, 0x94, 0x2E, 0x24, 0x91, 0x72, 0x8A, 0x94, 0xA1, 0x12, 0xA4, 0x4A,
    0x91, 0x67, 0xD8, 0x29, 0x22, 0x17, 0xC7, 0x82, 0x86, 0x79, 0x06, 0x1F, 0x37, 0xDF, 0x37, 0xCB,
    0xF7, 0x77, 0x3A, 0x39, 0x91, 0x62, 0x5D, 0xEE, 0xBD, 0xE3, 0x2C, 0x8F, 0xDC, 0xB7, 0x3B, 0x3B,
    0x3B, 0xF3, 0xCD, 0xEC, 0xEC, 0x8A, 0x44, 0x79, 0x32, 0x4E, 0xEA, 0x64, 0x1C, 0x97, 0x8E, 0xF0,
    0xB3, 0x22, 0x61, 0x1E, 0xE5, 0x51, 0x19, 0x0F, 0xDF, 0x84, 0xDF, 0x6A, 0xFE, 0x15, 0xE7, 0x22,
    0x6A, 0xB9, 0xDD, 0x94, 0xF8, 0x7D, 0x2A, 0x52, 0x98, 0x46, 0x3C, 0x63, 0x7A, 0x09, 0x8C, 0x31,
    0x12, 0xED, 0x36, 0x77, 0x25, 0xF9, 0xAC, 0x79, 0x5D, 0x92, 0x7B, 0x8D, 0x48, 0x76, 0x0D, 0xA4,
    0x38, 0xBF, 0x44, 0x32, 0xBE, 0x48, 0xEE, 0x37, 0xCF, 0x48, 0xFC, 0x55, 0x73, 0x46, 0x42, 0xF3,
    0x8D, 0x11, 0x9F, 0xBF, 0x75, 0x8C, 0x41, 0xAB, 0xB1, 0xA9, 0x44, 0xBC, 0x6E, 0xA9, 0x23, 0x79,
    0xED, 0x06, 0x08, 0x7A, 0x41, 0x7F, 0x91, 0x61, 0x85, 0xC4, 0x98, 0x31, 0xDA, 0xAB, 0x22, 0x3C,
    0xE1, 0x53, 0x50, 0x12, 0xA7, 0xD7, 0x81, 0x58, 0xAA, 0x4F, 0xD6, 0xCC, 0xC6, 0x45, 0x36, 0x6A,
    0x26, 0x53, 0xBA, 0x96, 0xFD, 0x8D, 0xC3, 0x88, 0x2B, 0xBE, 0x8E, 0x94, 0x86, 0x63, 0xA5, 0xF6,
    0x49, 0x49, 0x1A, 0x93, 0xFA, 0x66, 0x57, 0x4E, 0xB3, 0x2B, 0xF0, 0x85, 0xDF, 0x82, 0xC5, 0x70,
    0xEB, 0xB2, 0x69, 0xF9, 0x7E, 0x33, 0x15, 0xC8, 0xEC, 0x15, 0x09, 0xD3, 0xB4, 0x93, 0x64, 0x07,
    0xAF, 0x12, 0x36, 0x1E, 0x1A, 0x48, 0x23, 0x68, 0xA3, 0x5A, 0xC2, 0xDA, 0x6F, 0xD0, 0xAE, 0xD7,
    0xE2, 0x4E, 0x09, 0xFE, 0xF5, 0x27, 0x7C, 0xC1, 0xD6, 0xD8, 0xA6, 0xC4, 0x3B, 0xDF, 0x74, 0x12,
    0xA4, 0xF2, 0x07, 0x51, 0xF1, 0xAF, 0x61, 0x18, 0x6B, 0xEB, 0x59, 0x8D, 0xC1, 0x8D, 0x63, 0x88,
    0xC8, 0x94, 0x61, 0x07, 0x99, 0xA4, 0x9E, 0x11, 0xAF, 0xC7, 0x4D, 0x1E, 0x74, 0x3A, 0x62, 0x4A,
    0x0F, 0x93, 0x06, 0x4E, 0xDB, 0x02, 0x5C, 0x06, 0x3D, 0xC7, 0xEF, 0x19, 0x1D, 0xB3, 0x51, 0x69,
    0x15, 0x0D, 0x45, 0x56, 0x7C, 0x73, 0x43, 0xE5, 0xD4, 0x4D, 0xA9, 0xC4, 0x3A, 0x4C, 0xA5, 0x8B,
    0xCF, 0x51, 0xF3, 0xE6, 0xF2, 0x5B, 0xA5, 0x9B, 0x69, 0xF6, 0x88, 0xEF, 0xA6, 0x4C, 0x3F, 0x9B,
    0xF2, 0xC8, 0x3A, 0xA9, 0xAC, 0xFE, 0x8B, 0xBC, 0x60, 0x9E, 0x3C, 0x76, 0xE3, 0x9B, 0xED, 0x4E,
    0xC2, 0xD6, 0xA1, 0x68, 0xE4, 0x39, 0x12, 0x48, 0xBC, 0x55, 0x29, 0x6F, 0x29, 0xFF, 0x29, 0x35,
    0xA8, 0xB6, 0x93, 0x94, 0x54, 0x99, 0x91, 0x2C, 0x77, 0x4D, 0x5A, 0xE4, 0x52, 0xA4, 0x59, 0x05,
    0x92, 0xF4, 0xE7, 0x0D, 0x67, 0x7F, 0x42, 0x6D, 0xA1, 0x1E, 0xA1, 0xB2, 0x38, 0x05, 0x9B, 0xA0,
    0x64, 0xA8, 0x33, 0xDF, 0x27, 0x89, 0x2B, 0x5F, 0x05, 0xDC, 0xB2, 0x72, 0x2D, 0xAE, 0x31, 0xB9,
    0xC8, 0xEA, 0x6F, 0x2D, 0xC3, 0x71, 0x7A, 0x57, 0x8A, 0x7B, 0x68, 0xF6, 0x53, 0x5C, 0xF7, 0x8C,
    0xBC, 0x21, 0xEF, 0xE1, 0xE9, 0x09, 0xAA, 0x17, 0x9B, 0xA5, 0x06, 0xC4, 0x56, 0x58, 0x26, 0x85,
    0xEC, 0x05, 0x53, 0x47, 0x1D, 0x09, 0x2B, 0xE7, 0x86, 0x57, 0xD3, 0x60, 0xCC, 0xF9, 0x56, 0x12,
    0x68, 0x6A, 0x79, 0x5B, 0xDE, 0xF7, 0xCC, 0x76, 0x7A, 0x4E, 0x6E, 0x87, 0x8D, 0x2B, 0xB1, 0xB4,
    0x54, 0xA2, 0x48, 0x5A, 0xEA, 0xCF, 0xDE, 0xE2, 0x36, 0xDF, 0xC5, 0x72, 0x3B, 0x68, 0x7D, 0x39,
    0x27, 0xE7, 0x20, 0x8F, 0xFC, 0x7D, 0x49, 0x04, 0xAD, 0x40, 0x24, 0x65, 0xDC, 0xBB, 0x50, 0x9A,
    0xB1, 0xA4, 0x01, 0xB8, 0x85, 0x82, 0x26, 0x25, 0xE7, 0x79, 0x95, 0xEA, 0x1B, 0x19, 0x55, 0x37,
    0x47, 0xC7, 0x80, 0x72, 0xDD, 0x8E, 0xC2, 0xED, 0x26, 0xA1, 0x99, 0x24, 0x5F, 0x4E, 0x92, 0xF3,
    0x93, 0x4C, 0x86, 0x3F, 0xDC, 0xE3, 0x49, 0xD4, 0x4F, 0xFC, 0xE6, 0x16, 0xD4, 0xF6, 0x15, 0xC1,
    0x33, 0x31, 0xEE, 0xC4, 0xEB, 0xFC, 0x36, 0x68, 0xC2, 0x3A, 0x1A, 0xD3, 0x9E, 0x8B, 0xBC, 0xC8,
    0x0D, 0xE5, 0x5B, 0x86, 0x35, 0x24, 0xD5, 0x86, 0x35, 0x6B, 0x88, 0x81, 0xE5, 0x9C, 0x95, 0x2B,
    0x68, 0xFB, 0xB9, 0xCD, 0xD1, 0x68, 0x74, 0x2B, 0xA3, 0xBA, 0xCF, 0x89, 0xF2, 0xF0, 0x6D, 0x04,
    0x5A, 0x34, 0xBA, 0x99, 0x98, 0xCE, 0xFE, 0xAD, 0xC1, 0xE6, 0x4E, 0xEE, 0x52, 0x88, 0xA6, 0x14,
    0x6F, 0xF7, 0x05, 0x58, 0x42, 0x29, 0xB7, 0x25, 0x8E, 0x26, 0xE7, 0xE4, 0x6C, 0x54, 0x84, 0x72,
    0xE6, 0x54, 0x18, 0xA6, 0x57, 0xA2, 0xBB, 0x01, 0x48, 0x17, 0xA4, 0x67, 0x4E, 0x9D, 0x09, 0xD3,
    0xB3, 0xA7, 0xCE, 0x45, 0x12, 0x9D, 0x3A, 0x75, 0x4E, 0x82, 0x4A, 0x3A, 0xE8, 0xFC, 0xE5, 0x9A,
    0xEA, 0xC3, 0xC9, 0xD3, 0xE9, 0x21, 0xD2, 0xE0, 0x6F, 0x73, 0x74, 0x43, 0x6E, 0x41, 0x55, 0xAA,
    0xC8, 0xD4, 0xC9, 0x5B, 0xDD, 0x55, 0xE9, 0xDE, 0x97, 0xDB, 0xA0, 0xB8, 0x8F, 0x4D, 0x83, 0xE7,
    0x32, 0x12, 0x0B, 0x54, 0x5E, 0xF7, 0x10, 0x59, 0xBB, 0x34, 0xD9, 0x48, 0x69, 0x7C, 0xE5, 0x9C,
    0xEC, 0x57, 0x6F, 0x80, 0x1D, 0x5A, 0xE5, 0xC6, 0xC6, 0xC3, 0xBF, 0x18, 0x3E, 0x7E, 0x0F, 0x65,
    0xC9, 0xB3, 0xED, 0xF2, 0x75, 0x0C, 0x0F, 0x7F, 0x49, 0x0A, 0xE4, 0xF1, 0x1A, 0x02, 0x49, 0x32,
    0x82, 0xAA, 0x54, 0x09, 0xB9, 0x44, 0x1D, 0x39, 0x51, 0x08, 0x86, 0xE4, 0x43, 0xF7, 0x89, 0x93,
    0xB9, 0x68, 0xFD, 0x17, 0x81, 0xB0, 0x26, 0x8D, 0x31, 0xE3, 0x0A, 0x60, 0xF2, 0xA6, 0x38, 0x34,
    0x13, 0x89, 0xA1, 0x61, 0xB9, 0x1C, 0xB7, 0x52, 0x4D, 0xE5, 0x56, 0x96, 0x8B, 0xF9, 0xAF, 0xAF,
    0xD2, 0xC5, 0xE5, 0x99, 0xAC, 0x89, 0x75, 0xE6, 0x32, 0x33, 0xC1, 0x55, 0x9B, 0xEC, 0xD7, 0x30,
    0x98, 0x7C, 0xF9, 0x5A, 0x53, 0x95, 0xC2, 0xF8, 0x28, 0x5A, 0x63, 0x41, 0xD8, 0x10, 0x9F, 0x88,
    0x4D, 0xA6, 0x77, 0x88, 0x69, 0x3D, 0x50, 0x34, 0x7B, 0x04, 0xB5, 0x6F, 0x63, 0xA5, 0xA1, 0x52,
    0x4F, 0xA9, 0xBC, 0xAB, 0xD4, 0x7B, 0x12, 0x1A, 0xE5, 0x59, 0x55, 0x54, 0x59, 0x95, 0x94, 0x2B,
    0xE2, 0x56, 0x5E, 0x09, 0x87, 0xD4, 0xAE, 0x4E, 0xE4, 0xAE, 0xD3, 0x27, 0x5D, 0x02, 0x9C, 0x70,
    0xEB, 0xA8, 0xCE, 0xEA, 0xA4, 0xFE, 0x41, 0xED, 0x2D, 0x7D, 0x15, 0x8B, 0x7C, 0x33, 0x0E, 0x4D,
    0x9B, 0x5C, 0xEB, 0x12, 0x58, 0x83, 0xF4, 0xA4, 0xD7, 0xBA, 0xE8, 0xCB, 0x36, 0x30, 0xB5, 0x53,
    0xA4, 0x47, 0x20, 0xD2, 0x4C, 0xEE, 0x40, 0xB6, 0x45, 0x1A, 0xA3, 0x83, 0xB0, 0x06, 0x32, 0x77,
    0x41, 0xEB, 0xF4, 0x1E, 0xED, 0xA4, 0xB7, 0x96, 0xC2, 0xA7, 0x51, 0x85, 0x99, 0xC9, 0xB3, 0x94,
    0xF0, 0x70, 0x45, 0x9E, 0xC1, 0x17, 0xA8, 0x25, 0x2B, 0xA9, 0x10, 0x7B, 0xE1, 0x37, 0x12, 0x42,
    0x70, 0xAE, 0x05, 0xF8, 0x5E, 0x6D, 0xD4, 0x6A, 0x61, 0xC3, 0x04, 0x0B, 0x14, 0x84, 0x36, 0x14,
    0x74, 0x30, 0x28, 0x50, 0x91, 0x05, 0x8D, 0xC4, 0x6D, 0x58, 0x11, 0x85, 0xA7, 0x3E, 0x04, 0x15,
    0xDD, 0x46, 0x3D, 0x91, 0xCF, 0x22, 0xC9, 0xD9, 0x3C, 0xE5, 0x8A, 0x02, 0x15, 0x7B, 0x14, 0x5E,
    0xEB, 0x7E, 0xD5, 0xB0, 0x62, 0xF0, 0x59, 0x4B, 0xA7, 0x14, 0xD2, 0x05, 0x26, 0x79, 0xC0, 0x02,
    0x0E, 0xF3, 0xD2, 0xAE, 0x2A, 0xEA, 0xBC, 0xEB, 0xE1, 0xA3, 0xEC, 0xAE, 0x2B, 0xBB, 0xD1, 0x3E,
    0xEC, 0x3A, 0xFB, 0xB1, 0x1B, 0xED, 0xC3, 0xAE, 0xB3, 0x87, 0xDD, 0xA8, 0x53, 0x97, 0x99, 0x19,
    0x65, 0xB7, 0x2F, 0xE8, 0x7C, 0xE5, 0x17, 0x71, 0xAA, 0x2D, 0x26, 0xA2, 0x2D, 0xDE, 0x65, 0x45,
    0x65, 0x0B, 0x02, 0x20, 0xEE, 0xB1, 0xEB, 0x5C, 0xBB, 0x36, 0xA3, 0x94, 0x02, 0x00, 0x98, 0xB1,
    0x22, 0x4C, 0x3B, 0x62, 0x43, 0x17, 0x85, 0x05, 0xAC, 0x8E, 0x46, 0x12, 0x80, 0x49, 0x54, 0x89,
    0xC6, 0x34, 0x16, 0x22, 0x21, 0x0C, 0x46, 0xF8, 0xDC, 0xE4, 0xEA, 0xDB, 0xC3, 0x52, 0xCD, 0x33,
    0x2C, 0x81, 0x95, 0x02, 0x03, 0x8A, 0xD8, 0x81, 0x49, 0x09, 0x99, 0x30, 0xA4, 0x82, 0x6C, 0xAE,
    0xA3, 0x62, 0x66, 0xED, 0x98, 0xCD, 0x07, 0xB5, 0xA7, 0x48, 0x0A, 0xD5, 0x20, 0xD7, 0x65, 0xCC,
    0x4A, 0x85, 0x5C, 0x4D, 0x18, 0x2D, 0x38, 0x1D, 0xB9, 0xEE, 0x5C, 0x3A, 0x8A, 0xA0, 0x76, 0x58,
    0xA0, 0xC5, 0x8D, 0x62, 0x5D, 0x41, 0x38, 0xD3, 0xAE, 0xB5, 0xB1, 0xF9, 0xC7, 0x05, 0xEB, 0x3E,
    0x58, 0x0C, 0x26, 0xB6, 0x74, 0xDB, 0x85, 0x97, 0xEB, 0x76, 0x16, 0xD4, 0x6B, 0xD0, 0x5B, 0x03,
    0xC6, 0xCC, 0x17, 0x3A, 0x06, 0x7A, 0xF4, 0xA4, 0xB2, 0xE0, 0x8E, 0xEB, 0xE7, 0x49, 0xE5, 0x4C,
    0x92, 0x26, 0xE8, 0x81, 0xF0, 0x1D, 0xFD, 0x9E, 0x42, 0xFC, 0x49, 0xB6, 0xF5, 0x8A, 0xB6, 0x74,
    0xD7, 0x86, 0x30, 0xD5, 0xDC, 0xAB, 0x07, 0x16, 0x92, 0x5E, 0x9D, 0xF7, 0xB6, 0xA2, 0xEE, 0x20,
    0xA6, 0xF2, 0xEB, 0xEC, 0x82, 0xD5, 0x6E, 0x56, 0xDF, 0xD1, 0x88, 0xC0, 0xED, 0x8D, 0x8A, 0x82,
    0x31, 0x82, 0xDF, 0xC2, 0x99, 0x4A, 0xD8, 0x90, 0x85, 0x50, 0x23, 0x88, 0x78, 0x1C, 0xA9, 0x94,
    0x43, 0xBA, 0xD3, 0x32, 0x40, 0xEF, 0x26, 0x87, 0xF3, 0xC4, 0x0C, 0xC1, 0xCB, 0xBA, 0x0A, 0x04,
    0x9E, 0x52, 0xBF, 0x1F, 0x8D, 0x10, 0x80, 0xB4, 0xAC, 0x46, 0x7D, 0x49, 0x2A, 0xFE, 0x30, 0xAE,
    0x39, 0x22, 0x18, 0x64, 0x39, 0xB8, 0x72, 0x8B, 0x59, 0xB7, 0x95, 0x5B, 0x8D, 0x47, 0x32, 0xA5,
    0xC5, 0x96, 0x85, 0xB7, 0xC3, 0xCB, 0x79, 0xA4, 0x51, 0x8F, 0xC6, 0x12, 0xAE, 0x7A, 0xBB, 0xA0,
    0xB9, 0x8C, 0x57, 0x6E, 0xEA, 0x1E, 0x5E, 0x9E, 0x6F, 0xB9, 0x5B, 0x8C, 0x59, 0x76, 0xF0, 0x30,
    0x54, 0xA7, 0x14, 0x7D, 0xC0, 0x7E, 0x57, 0xE4, 0xD8, 0x21, 0xD6, 0x10, 0x55, 0x8D, 0xB1, 0x46,
    0x45, 0x8D, 0xB6, 0xDF, 0x24, 0x35, 0x2B, 0xF0, 0x7E, 0x75, 0xEB, 0x68, 0x7E, 0xB8, 0x39, 0x5F,
    0xD4, 0x13, 0xD9, 0xBD, 0xA3, 0x48, 0x7B, 0x8E, 0xF7, 0xCD, 0xD9, 0xB9, 0x9D, 0x26, 0xF5, 0x61,
    0xE3, 0x1C, 0x2E, 0xFE, 0xA2, 0x8D, 0x22, 0x95, 0x07, 0x6F, 0x28, 0x83, 0xA1, 0x8C, 0xCC, 0x47,
    0xFA, 0x3E, 0xB1, 0x0B, 0x29, 0x31, 0xB6, 0x74, 0x86, 0xD2, 0xB2, 0x49, 0x16, 0x6D, 0x19, 0xD7,
    0x66, 0x34, 0xDA, 0x62, 0x9F, 0x46, 0x17, 0x61, 0x26, 0xD5, 0xD2, 0xED, 0x45, 0x4B, 0x70, 0xAA,
    0xF5, 0xC2, 0x7E, 0xA4, 0x25, 0x23, 0x26, 0x96, 0xD9, 0x50, 0x1A, 0x5B, 0xC2, 0xDB, 0x6B, 0x3D,
    0xA2, 0x9A, 0x79, 0x30, 0xBA, 0x49, 0x5F, 0x45, 0x7E, 0x28, 0x00, 0x96, 0x5C, 0xDA, 0x58, 0xFE,
    0x9E, 0xBF, 0x61, 0xAD, 0xB2, 0xD2, 0xD0, 0xBC, 0x1D, 0x82, 0x15, 0xD7, 0xF4, 0xDB, 0x10, 0x8B,
    0xBA, 0x85, 0x10, 0x30, 0xFC, 0x43, 0x45, 0xD8, 0xA9, 0xF4, 0x13, 0xC5, 0xCD, 0xAC, 0xFC, 0x36,
    0x9A, 0x8C, 0xE7, 0xF5, 0x23, 0x95, 0x13, 0x71, 0xFA, 0x75, 0x98, 0x14, 0xA0, 0x79, 0x90, 0xB3,
    0xED, 0x6B, 0x08, 0xC3, 0x87, 0x28, 0x3C, 0x54, 0x25, 0x8D, 0xD2, 0xF9, 0xAF, 0x5F, 0xB0, 0xC8,
    0xAC, 0xD4, 0x9F, 0xAF, 0xC0, 0x34, 0xC8, 0x1A, 0x3E, 0xA7, 0x45, 0x1D, 0xA4, 0x14, 0x5C, 0xB5,
    0x82, 0xDD, 0x55, 0xAA, 0xC1, 0x4B, 0x32, 0x9D, 0x1D, 0x4E, 0xED, 0xEC, 0x82, 0x34, 0xCC, 0xB0,
    0xAC, 0x5D, 0xBA, 0x20, 0xDD, 0xA5, 0x6B, 0xBF, 0x3A, 0xB6, 0x5E, 0xBF, 0x78, 0x89, 0x1C, 0x41,
    0x2F, 0x57, 0x89, 0x15, 0x94, 0x60, 0xAA, 0x03, 0x1F, 0xBC, 0xC8, 0x53, 0xEF, 0x5B, 0xD5, 0x72,
    0xA2, 0xA2, 0xF3, 0xDA, 0xB8, 0x72, 0x72, 0x27, 0x3F, 0x98, 0x31, 0x63, 0xB8, 0x75, 0x58, 0x85,
    0x5D, 0x5C, 0x87, 0x5D, 0x52, 0x87, 0x6D, 0x5C, 0xBB, 0xE3, 0xA3, 0x07, 0xD2, 0x37, 0x47, 0x88,
    0x45, 0x80, 0x8A, 0xDB, 0xA7, 0x81, 0x10, 0x0A, 0x9C, 0xAD, 0xE9, 0x6A, 0x82, 0x2A, 0x95, 0x4E,
    0xAF, 0x4D, 0xF3, 0x00, 0xFA, 0x90, 0x3F, 0xF1, 0x95, 0x2D, 0xB4, 0x55, 0xA8, 0x5D, 0xAD, 0x8B,
    0x46, 0x4E, 0x30, 0x06, 0x97, 0x89, 0x19, 0xAC, 0xAA, 0x87, 0xAE, 0x9F, 0x7E, 0xDF, 0x08, 0x07,
    0x5D, 0x8C, 0x37, 0x64, 0x7E, 0xE3, 0x37, 0xBD, 0x1C, 0x19, 0xC2, 0x81, 0xA7, 0x3F, 0xE6, 0x85,
    0x65, 0xFD, 0x3D, 0x93, 0x17, 0xA5, 0x49, 0x5F, 0x93, 0x77, 0x0E, 0xA4, 0xEF, 0x15, 0x2C, 0x0E,
    0xD5, 0xFD, 0x42, 0xCE, 0x5C, 0x38, 0x69, 0x7A, 0x07, 0xE3, 0x27, 0xF8, 0x61, 0x51, 0xD4, 0x40,
    0x01, 0x14, 0xC6, 0x4D, 0x15, 0x6A, 0xDA, 0x86, 0x34, 0x52, 0x1A, 0x36, 0xD1, 0xEE, 0x3A, 0xF0,
    0xB9, 0xE0, 0x6F, 0x94, 0x06, 0xC3, 0xBD, 0xBE, 0xB5, 0xB4, 0x21, 0x8D, 0xB5, 0x7E, 0x32, 0x06,
    0x75, 0xB4, 0xB5, 0x93, 0x26, 0x0F, 0x67, 0x4B, 0xB5, 0x4E, 0x69, 0x45, 0xCA, 0x05, 0xF7, 0xEA,
    0xD6, 0x09, 0x4D, 0x61, 0x68, 0xDC, 0xAA, 0x76, 0x70, 0x27, 0xEE, 0x34, 0xC8, 0x5E, 0x9F, 0x42,
    0xD1, 0x86, 0x5E, 0x84, 0x32, 0x20, 0x77, 0xA5, 0xB4, 0x56, 0xDA, 0x29, 0xED, 0x2D, 0xA2, 0xA7,
    0x4A, 0x4B, 0xD2, 0xAC, 0x26, 0x05, 0x44, 0x82, 0x22, 0xEA, 0x05, 0xBD, 0x60, 0x48, 0x53, 0x53,
    0x16, 0xA0, 0xD9, 0x98, 0x34, 0x6E, 0x48, 0xC3, 0x8E, 0x14, 0xCB, 0xCF, 0x94, 0xE9, 0x13, 0xD6,
    0x81, 0xF8, 0x49, 0x13, 0xA5, 0xA1, 0x52, 0x5F, 0xA9, 0xAB, 0x54, 0x2D, 0xC8, 0x06, 0x2C, 0x89,
    0xCE, 0x64, 0x61, 0x3D, 0xAC, 0x5A, 0xF0, 0xAA, 0xCD, 0x2C, 0xBC, 0x34, 0x8F, 0x67, 0x4E, 0xDC,
    0xB2, 0x79, 0x9A, 0xF1, 0x34, 0x99, 0xA7, 0xDE, 0xC4, 0x33, 0xBB, 0x97, 0x4D, 0x15, 0x90, 0x67,
    0x58, 0x3B, 0x5E, 0xB5, 0xF4, 0x05, 0xB4, 0x7B, 0x86, 0xE8, 0xF4, 0x05, 0x5E, 0x4F, 0xCC, 0x77,
    0x2D, 0x35, 0x7B, 0xA9, 0xD7, 0x13, 0x12, 0xBD, 0x09, 0xEB, 0x07, 0x5D, 0xA4, 0xC1, 0x3B, 0x7D,
    0x41, 0xD2, 0xC0, 0x17, 0x40, 0xA5, 0xD5, 0x17, 0x94, 0xFB, 0xF9, 0x82, 0x21, 0x21, 0xF3, 0x3D,
    0xA5, 0xBA, 0x4E, 0xF0, 0x54, 0x21, 0x63, 0xEB, 0xFA, 0x74, 0x2C, 0x2F, 0xCA, 0x61, 0xE7, 0x3F,
    0xB0, 0x3E, 0x73, 0x32, 0xCB, 0x34, 0x79, 0x2D, 0x57, 0x83, 0x53, 0xB0, 0x3E, 0xC4, 0x9C, 0xBF,
    0xE3, 0x5C, 0x67, 0x53, 0x5F, 0xD6, 0x53, 0xDE, 0x82, 0xBF, 0x30, 0x12, 0x5E, 0x49, 0x57, 0x0E,
    0xBD, 0xCE, 0xA8, 0xB2, 0x34, 0xC1, 0x98, 0x9D, 0xD2, 0x43, 0x80, 0x36, 0xDA, 0x14, 0x97, 0xE3,
    0xD7, 0x57, 0xB7, 0x0E, 0x3D, 0xFF, 0xA7, 0xC4, 0x2B, 0xB3, 0x3C, 0xAC, 0xB3, 0x71, 0x52, 0x47,
    0xAD, 0x29, 0x7D, 0x4D, 0xE1, 0x83, 0x15, 0xA6, 0xB0, 0x51, 0x9F, 0xC9, 0xA0, 0x70, 0x62, 0xF2,
    0x04, 0x35, 0xB2, 0x32, 0xAA, 0x63, 0xF1, 0xAB, 0x23, 0xD3, 0x5C, 0x57, 0xAA, 0xE3, 0x6A, 0x39,
    0xAE, 0xCF, 0x5B, 0x4D, 0xAE, 0xD7, 0x3A, 0xAE, 0x52, 0xC7, 0x55, 0x06, 0x84, 0x0F, 0x8E, 0xCB,
    0x33, 0x1C, 0x57, 0xB8, 0xC3, 0x71, 0xC5, 0x7F, 0xE2, 0xB8, 0x0A, 0x8E, 0xCB, 0xE9, 0x38, 0x2E,
    0xAF, 0xE1, 0x58, 0xC2, 0x31, 0x69, 0xA2, 0x89, 0xAF, 0x82, 0xE3, 0xBA, 0xDF, 0x71, 0x5C, 0x5F,
    0x37, 0x1C, 0x17, 0xA4, 0x86, 0x71, 0x81, 0xEF, 0x6C, 0x69, 0x5C, 0x43, 0xAA, 0x6B, 0x47, 0xB3,
    0xC4, 0xD7, 0x38, 0xAE, 0xD5, 0xC5, 0x79, 0xB1, 0x7A, 0xEF, 0x35, 0x36, 0x2B, 0x9C, 0xCA, 0xE0,
    0xC8, 0xA7, 0x51, 0xBD, 0x33, 0x9B, 0x1C, 0xE6, 0xEC, 0x37, 0x74, 0x4D, 0x6F, 0xBE, 0x6B, 0x5A,
    0x29, 0x1D, 0x33, 0xBD, 0x8A, 0xB1, 0x7B, 0x86, 0x31, 0x6A, 0xC0, 0x1D, 0x06, 0x89, 0x3B, 0x4D,
    0xD5, 0x35, 0x1A, 0xD0, 0x57, 0x1A, 0x59, 0x73, 0x1D, 0x61, 0x9A, 0xE5, 0x44, 0x84, 0x0D, 0x04,
    0xA8, 0x19, 0x6A, 0xD7, 0xA4, 0x0C, 0x07, 0x16, 0xD9, 0x3F, 0xB4, 0xFC, 0x67, 0xA9, 0xC6, 0xFC,
    0x94, 0x79, 0xA8, 0x6B, 0x94, 0xE4, 0xBE, 0x51, 0x9C, 0x3D, 0x7E, 0xE8, 0x25, 0x3F, 0x0D, 0x47,
    0xE0, 0xC4, 0x4A, 0xBE, 0x2D, 0xEE, 0xD3, 0x6A, 0x32, 0xBD, 0x3F, 0x31, 0x84, 0x25, 0x87, 0x99,
    0x7F, 0x4D, 0x3F, 0x39, 0xBA, 0x8A, 0x89, 0x26, 0xEA, 0x8B, 0x95, 0xDA, 0x0D, 0x88, 0x1B, 0x4B,
    0x9A, 0xF3, 0x1D, 0xEE, 0x56, 0x4D, 0x57, 0xCD, 0xE3, 0x27, 0xA5, 0x1B, 0xDA, 0x60, 0xBA, 0x4C,
    0x3E, 0x5A, 0x57, 0xB4, 0xCC, 0x49, 0x5A, 0xBB, 0x7E, 0x36, 0x0F, 0xB6, 0x19, 0xBC, 0xB8, 0x26,
    0x27, 0x74, 0x72, 0x56, 0xB2, 0x19, 0xE1, 0x84, 0x81, 0x73, 0x33, 0xFA, 0xD8, 0x68, 0x54, 0x3F,
    0xFB, 0x59, 0x85, 0x9F, 0xFD, 0xFE, 0xE1, 0xE6, 0xD3, 0x99, 0x24, 0x7C, 0x9A, 0x57, 0xAC, 0x41,
    0xB0, 0x06, 0x4D, 0xF7, 0x0B, 0x60, 0x0D, 0xF8, 0xF2, 0x26, 0xDC, 0x03, 0xEC, 0x24, 0xAA, 0xDE,
    0x45, 0x50, 0x5C, 0x16, 0x1D, 0xE6, 0xA4, 0xE8, 0xB0, 0x46, 0x2C, 0x3A, 0x40, 0x9C, 0xD7, 0x01,
    0x56, 0xF0, 0x36, 0x6B, 0x41, 0x82, 0xCE, 0xE3, 0xA6, 0x87, 0x47, 0x29, 0x32, 0xC7, 0xB9, 0x4C,
    0x1C, 0xBC, 0x78, 0xD9, 0x9F, 0x78, 0x5D, 0x62, 0x50, 0x39, 0x33, 0xB5, 0x07, 0x6C, 0x4B, 0xA7,
    0x86, 0x4E, 0xD3, 0xCE, 0x35, 0xB3, 0x22, 0x36, 0xF1, 0xA8, 0x8B, 0x8F, 0x61, 0x01, 0x1A, 0x2C,
    0xA9, 0xE6, 0xC9, 0xF6, 0xE8, 0x75, 0xCC, 0xFE, 0x87, 0x35, 0x14, 0x61, 0xA7, 0x0E, 0xCD, 0x8E,
    0xA9, 0xE3, 0x16, 0x58, 0x0B, 0xAD, 0x49, 0x98, 0x32, 0x88, 0x6B, 0x84, 0xB9, 0x61, 0xCD, 0x60,
    0xCD, 0x92, 0x42, 0x49, 0x69, 0x13, 0x0A, 0x98, 0xCA, 0x5A, 0x8A, 0x3A, 0xEA, 0x2F, 0x99, 0x9A,
    0xE9, 0x83, 0x1A, 0x70, 0xFA, 0xE7, 0x5A, 0xB2, 0x09, 0xD6, 0x79, 0x4E, 0x3A, 0xEB, 0x44, 0xBB,
    0x64, 0xD2, 0x57, 0xE8, 0x8D, 0x15, 0x41, 0x99, 0xD8, 0x15, 0x2F, 0x3D, 0x50, 0x5E, 0x74, 0xB7,
    0x5A, 0xB3, 0x79, 0x64, 0x23, 0xA6, 0x9A, 0x17, 0x6F, 0x75, 0x5C, 0x8C, 0x9F, 0x3E, 0x68, 0x91,
    0x84, 0xD5, 0x2F, 0x19, 0x61, 0xD1, 0x26, 0xA8, 0xF5, 0xEA, 0xF1, 0x8F, 0xAD, 0xA6, 0x07, 0xCD,
    0xC6, 0x55, 0x1A, 0xB6, 0xB9, 0x40, 0x03, 0xFD, 0x95, 0xB1, 0x77, 0xF2, 0x33, 0xF9, 0x44, 0xF6,
    0x7E, 0x9E, 0x36, 0x2F, 0xC7, 0x96, 0x66, 0x26, 0xBC, 0xC0, 0x1C, 0xA6, 0x47, 0xF2, 0x77, 0xD5,
    0x17, 0x6A, 0xCE, 0x9D, 0x83, 0x64, 0xE8, 0xF2, 0xAE, 0x5C, 0xFE, 0x82, 0x89, 0xB1, 0xBF, 0xC2,
    0x86, 0x23, 0x06, 0x07, 0xA6, 0x4A, 0x7A, 0x2E, 0xE8, 0x9B, 0x08, 0xC1, 0x48, 0x19, 0x74, 0xAB,
    0x04, 0x52, 0x98, 0x33, 0x2F, 0xA7, 0x97, 0xE7, 0x3F, 0xEE, 0x47, 0xA3, 0x5E, 0xC3, 0x08, 0x63,
    0xF4, 0x6C, 0x80, 0xE9, 0x93, 0x7F, 0xEA, 0xF6, 0x4E, 0x91, 0x6B, 0x61, 0xEC, 0x00, 0x4D, 0x8A,
    0xB8, 0x43, 0x7E, 0x5E, 0x94, 0xB1, 0x99, 0xBC, 0xDD, 0x26, 0xC6, 0x6C, 0x63, 0xCD, 0x16, 0x99,
    0x09, 0xF7, 0xB0, 0x19, 0x54, 0x70, 0x83, 0xF3, 0x98, 0x0D, 0xAA, 0x82, 0x85, 0xE3, 0x14, 0x84,
    0xEB, 0x1D, 0xDD, 0x0A, 0x9C, 0x10, 0xCA, 0x5F, 0xB5, 0x39, 0x2B, 0x6E, 0xB8, 0xEC, 0x25, 0x6A,
    0xE3, 0x10, 0xC3, 0x73, 0x84, 0xD0, 0x2B, 0x58, 0x79, 0x5E, 0x9A, 0x1F, 0xA7, 0x50, 0x50, 0x62,
    0x3C, 0x4F, 0x5C, 0xF0, 0x99, 0x13, 0x63, 0xAA, 0x4C, 0x56, 0xCC, 0x6C, 0xBD, 0x55, 0x4C, 0x61,
    0xDE, 0x66, 0x36, 0x67, 0x1F, 0x7F, 0x76, 0x20, 0x42, 0x53, 0x98, 0x36, 0x9B, 0xAF, 0xDB, 0x2B,
    0x2F, 0x2F, 0xD5, 0x1B, 0x78, 0x1E, 0xF6, 0xF8, 0x43, 0x8C, 0x4E, 0xE2, 0xC6, 0xD1, 0x0D, 0x99,
    0x0C, 0xD1, 0x21, 0x31, 0xEF, 0xC1, 0xA8, 0x28, 0x19, 0x46, 0x56, 0x96, 0xE4, 0x62, 0x57, 0xD3,
    0x36, 0x47, 0x87, 0xD6, 0x5F, 0xC2, 0xCF, 0x36, 0x7A, 0xE5, 0x99, 0x6B, 0x46, 0xEE, 0x95, 0xA8,
    0xE3, 0xBF, 0x38, 0xEB, 0xE4, 0xD9, 0xE9, 0xEA, 0xCA, 0xE5, 0x60, 0x94, 0x17, 0x3D, 0xB1, 0x71,
    0x54, 0x0E, 0x94, 0x17, 0xDD, 0x53, 0xEE, 0x35, 0x61, 0x4A, 0x8F, 0xCE, 0x17, 0xBD, 0x0F, 0x11,
    0xFF, 0x14, 0xDF, 0x03, 0x16, 0xC9, 0xC4, 0x65, 0x7E, 0x27, 0x60, 0x7C, 0x1C, 0x4C, 0xEC, 0x9D,
    0x7C, 0xE2, 0x8E, 0x1F, 0xB2, 0xE3, 0xA7, 0xCE, 0x8B, 0xAF, 0x5A, 0x82, 0x6A, 0x81, 0xDD, 0xA7,
    0x7B, 0x76, 0x1A, 0x41, 0xDF, 0xE4, 0x16, 0xE6, 0xE3, 0xFE, 0xCD, 0x76, 0xC1, 0x83, 0xE9, 0x2E,
    0xF8, 0x6C, 0xB7, 0x6B, 0xF5, 0x3A, 0x5D, 0xC8, 0xE3, 0xFE, 0x71, 0x8F, 0xDB, 0xE4, 0x9E, 0x19,
    0x47, 0xA6, 0x4B, 0xAE, 0xF5, 0xC7, 0x67, 0xF1, 0xE3, 0xA6, 0x5A, 0xCF, 0xE3, 0xFE, 0xA9, 0xD5,
    0x68, 0xA6, 0x49, 0xCC, 0xD2, 0x01, 0x92, 0x85, 0xCF, 0xE6, 0x60, 0x98, 0xFF, 0xEB, 0xA5, 0x39,
    0x05, 0x3D, 0xA4, 0x94, 0x74, 0x2F, 0xEA, 0x12, 0x8C, 0xC8, 0xC8, 0xEC, 0x0C, 0xD3, 0x35, 0xFD,
    0xDB, 0x98, 0xF1, 0xF3, 0x3F, 0x99, 0x68, 0x0C, 0xA7, 0xC9, 0x6A, 0x4D, 0xE7, 0xA7, 0xD1, 0x2E,
    0xD0, 0x13, 0x80, 0x61, 0xCA, 0x8C, 0x53, 0x8C, 0x86, 0x30, 0xC5, 0x62, 0x49, 0x6C, 0xEF, 0x74,
    0xDA, 0xA1, 0x00, 0x05, 0x56, 0x66, 0x80, 0xA8, 0xB0, 0xBF, 0xAC, 0xB3, 0xCB, 0xB8, 0xC3, 0xAE,
    0x31, 0x97, 0xBC, 0x52, 0x9C, 0x33, 0xE3, 0xFE, 0x55, 0x6B, 0xFB, 0x75, 0x9A, 0x0C, 0x55, 0xD6,
    0x57, 0x97, 0x06, 0xEC, 0xF0, 0x8C, 0xCE, 0x8F, 0xF1, 0xB6, 0xA0, 0x6F, 0x2B, 0xCC, 0xF6, 0x04,
    0x58, 0x0B, 0xB4, 0x2C, 0x4A, 0x46, 0x3B, 0x08, 0xBE, 0x9E, 0x94, 0xEC, 0x85, 0x22, 0x5D, 0xC9,
    0x2C, 0x40, 0xD1, 0xD1, 0xFD, 0x74, 0x7D, 0x38, 0x8D, 0x46, 0xF8, 0xCC, 0xF1, 0x03, 0xE0, 0xF8,
    0xD8, 0xBA, 0x88, 0x50, 0x5D, 0x44, 0x03, 0x91, 0x04, 0xAD, 0x25, 0xFC, 0x97, 0x2F, 0x1A, 0xE8,
    0x7A, 0x5C, 0x23, 0x8A, 0xCD, 0xC6, 0x84, 0xCF, 0x72, 0xEF, 0x69, 0xB4, 0xFD, 0xA0, 0xC8, 0x31,
    0xE5, 0x22, 0x14, 0xF9, 0x72, 0xA0, 0xBC, 0xCC, 0xA0, 0x28, 0x24, 0x1B, 0x89, 0x6A, 0x04, 0x43,
    0xC5, 0xFD, 0xA1, 0xE8, 0xA9, 0x8A, 0x24, 0xAA, 0x10, 0x3E, 0x64, 0xBB, 0xBA, 0x3F, 0x05, 0x83,
    0x6B, 0x19, 0xC8, 0xAF, 0x2F, 0x47, 0x36, 0x07, 0xC1, 0xC6, 0x1D, 0xB7, 0x85, 0x19, 0xF8, 0x04,
    0xC3, 0x1F, 0x71, 0xBF, 0x81, 0xFB, 0x30, 0xEF, 0x39, 0x5F, 0x3C, 0x0A, 0x11, 0x9F, 0x1A, 0x2F,
    0x1C, 0xB8, 0x37, 0x3B, 0x93, 0x66, 0x0F, 0xA6, 0xB5, 0xB2, 0x10, 0xA8, 0xEB, 0x81, 0x22, 0x6E,
    0x86, 0x55, 0x73, 0xB2, 0xC0, 0x1F, 0x8F, 0x6E, 0xD8, 0x4D, 0x24, 0x1E, 0x30, 0xB0, 0x77, 0xF3,
    0x83, 0x1D, 0x41, 0x7F, 0x41, 0x73, 0x32, 0x63, 0xEE, 0xE1, 0x95, 0x03, 0xF7, 0x2E, 0xB9, 0xF7,
    0x0C, 0xB8, 0x0F, 0x77, 0xC0, 0x7D, 0xF2, 0x21, 0xB8, 0x2F, 0xC0, 0xF8, 0x5B, 0x1D, 0xC8, 0x07,
    0x35, 0xB8, 0xFF, 0x47, 0x05, 0xEE, 0x4D, 0x0A, 0xEE, 0xFB, 0x29, 0xF7, 0xA1, 0x3D, 0xE5, 0xC3,
    0x5C, 0xFD, 0x65, 0x30, 0xF0, 0xF2, 0x82, 0x8E, 0xCF, 0x72, 0xAE, 0x1A, 0x21, 0x98, 0x99, 0xE5,
    0xD9, 0x33, 0x51, 0xA7, 0xF7, 0x80, 0xDD, 0x88, 0x68, 0x65, 0x1E, 0x93, 0xA8, 0x89, 0x97, 0x3C,
    0x49, 0x54, 0x01, 0x28, 0x92, 0x56, 0x4F, 0x49, 0x69, 0x46, 0xBB, 0x23, 0x9A, 0x8D, 0x8D, 0x2C,
    0xEE, 0x62, 0xBF, 0x39, 0x5D, 0x91, 0xEA, 0xAA, 0x46, 0x79, 0xD1, 0xC5, 0xC5, 0x71, 0x39, 0x48,
    0x5E, 0x34, 0x3F, 0xA4, 0x1B, 0xAA, 0x49, 0x3F, 0x3D, 0xDA, 0xD6, 0x22, 0x6C, 0x5A, 0x4A, 0x93,
    0x1E, 0x8C, 0x48, 0x5C, 0xE6, 0x0D, 0x83, 0x0E, 0x8B, 0x6B, 0xCD, 0x1A, 0x6A, 0xD2, 0xD0, 0x1D,
    0xFB, 0x5B, 0x7B, 0x95, 0xFD, 0x60, 0xA6, 0xC7, 0xB7, 0x7E, 0x62, 0xD0, 0x15, 0x6F, 0xBE, 0xDA,
    0xCB, 0x97, 0x78, 0xC9, 0xC5, 0xBD, 0x95, 0x55, 0xD0, 0x68, 0x20, 0x44, 0x48, 0x8E, 0xC3, 0x06,
    0xD2, 0x8C, 0x6B, 0xD8, 0x48, 0xC2, 0x85, 0x32, 0x8F, 0xAE, 0x69, 0xD7, 0xDC, 0x17, 0x30, 0xD7,
    0xD0, 0x47, 0xF6, 0x29, 0x8F, 0x15, 0x7D, 0x8E, 0x99, 0x8F, 0xBE, 0x6E, 0x89, 0x75, 0xCC, 0x55,
    0x92, 0x78, 0xEC, 0xC8, 0xD5, 0x83, 0x78, 0xBA, 0x56, 0x30, 0xD3, 0xA3, 0xBF, 0x1A, 0x43, 0xE8,
    0x09, 0x21, 0xEE, 0x8A, 0xDB, 0x43, 0xA6, 0x4C, 0xA8, 0xCA, 0x6B, 0x5B, 0x7A, 0x66, 0x77, 0x88,
    0x6D, 0x1E, 0x4D, 0xAE, 0xDD, 0x85, 0xA3, 0xFF, 0x1D, 0xE0, 0xA1, 0x20, 0x3C, 0x30, 0x24, 0x4A,
    0x0B, 0xAC, 0x33, 0xCA, 0x02, 0xF0, 0x50, 0xE9, 0x72, 0x42, 0xD7, 0x19, 0x45, 0xBA, 0x4C, 0xF4,
    0x05, 0xE2, 0xA0, 0x71, 0x01, 0x2F, 0x58, 0x16, 0x30, 0xB0, 0x5C, 0x33, 0xA7, 0xC5, 0x36, 0x3D,
    0xE2, 0x07, 0x60, 0xB7, 0xC8, 0x8F, 0xFD, 0xA7, 0xCE, 0xD7, 0x16, 0xF2, 0x5F, 0x3C, 0x04, 0x65,
    0x97, 0x68, 0x7F, 0x34, 0xC3, 0xDD, 0x1B, 0x0F, 0xAF, 0xD3, 0xFE, 0xFF, 0x32, 0xFD, 0x37, 0xD5,
    0x5C, 0xBD, 0x97, 0xDC, 0xD4, 0x15, 0x7F, 0x92, 0x60, 0x15, 0xAF, 0x4E, 0x10, 0x85, 0xCD, 0x01,
    0x2F, 0x39, 0x4A, 0x41, 0x41, 0x1C, 0x82, 0x1A, 0x0A, 0x8A, 0x04, 0x09, 0x28, 0x52, 0x50, 0xB0,
    0x85, 0x07, 0x0A, 0x17, 0x50, 0x26, 0xDB, 0xB8, 0x49, 0x91, 0x02, 0x90, 0x1C, 0x0A, 0xC2, 0x49,
    0x91, 0x2D, 0x42, 0x8A, 0x34, 0xB8, 0xD8, 0x02, 0x8F, 0x0B, 0xA7, 0x48, 0xE1, 0x22, 0xF0, 0x44,
    0xF2, 0x07, 0xA0, 0x84, 0x82, 0x22, 0x45, 0x94, 0xE0, 0x84, 0x1C, 0x37, 0xD6, 0x39, 0x11, 0x27,
    0x5A, 0x90, 0xF4, 0x72, 0x7F, 0xF7, 0x3E, 0xCD, 0xCC, 0xAE, 0xED, 0xB5, 0xBD, 0xF6, 0x8E, 0x87,
    0xDD, 0xD5, 0xD5, 0xEC, 0xEA, 0xEB, 0xBE, 0xDF, 0xBB, 0xEF, 0x7E, 0x6B, 0x95, 0xE2, 0xAF, 0xD0,
    0x98, 0x72, 0xA4, 0xEB, 0xD3, 0x69, 0xAE, 0xF6, 0x7E, 0x3D, 0xB8, 0x09, 0x1A, 0xD7, 0xA0, 0x49,
    0x03, 0x9A, 0x75, 0xA0, 0x06, 0xD4, 0x31, 0x03, 0x51, 0x77, 0x30, 0x44, 0xBD, 0xCE, 0xA4, 0x4A,
    0xF9, 0xAD, 0xA6, 0x3B, 0x84, 0x4D, 0x52, 0x10, 0xAD, 0x93, 0x8A, 0x2E, 0xAD, 0x22, 0xBA, 0x38,
    0x29, 0x42, 0xBA, 0x38, 0x2B, 0x82, 0x96, 0x2E, 0xCD, 0x7D, 0xBA, 0xD8, 0x18, 0xD3, 0x2B, 0x97,
    0xA8, 0x51, 0x1E, 0x53, 0x7F, 0x98, 0x4E, 0x4D, 0x8E, 0x13, 0xB2, 0x22, 0xC4, 0x25, 0x25, 0x2E,
    0x8C, 0xEB, 0x84, 0x18, 0x8B, 0xEA, 0x0C, 0x37, 0x6C, 0x85, 0xA7, 0x0C, 0x0F, 0x67, 0x72, 0x6A,
    0xFA, 0x81, 0xDA, 0xFF, 0xB5, 0xD1, 0xAE, 0x9F, 0x77, 0x8C, 0xF9, 0x75, 0xED, 0x1B, 0x73, 0xAD,
    0x0E, 0xCD, 0x35, 0x53, 0xC7, 0xAD, 0x63, 0x70, 0x9F, 0x04, 0xB7, 0x89, 0x6B, 0x62, 0x31, 0xAC,
    0x89, 0x5B, 0x4B, 0x34, 0x93, 0x42, 0x1E, 0x92, 0xD4, 0x49, 0xAD, 0x74, 0x1D, 0x0D, 0xAF, 0x9A,
    0x3A, 0x20, 0xB6, 0x6A, 0x62, 0xF1, 0x93, 0x5A, 0x65, 0x3D, 0xB1, 0xE4, 0xA4, 0xB3, 0x87, 0x04,
    0x45, 0x48, 0x0C, 0x05, 0x3C, 0x4E, 0x62, 0x9F, 0x11, 0xE9, 0x41, 0xA3, 0x6A, 0xB5, 0xB1, 0xFB,
    0x50, 0x01, 0x3B, 0x97, 0x48, 0x72, 0x8D, 0xEE, 0x1A, 0x19, 0x7A, 0x8C, 0x6F, 0x30, 0xEB, 0x0F,
    0x2F, 0x0B, 0xC0, 0xD5, 0x83, 0x25, 0x61, 0xA9, 0xE7, 0xF9, 0x73, 0x3A, 0xA1, 0xAF, 0xCF, 0x38,
    0x52, 0x9A, 0x79, 0xDC, 0xC8, 0x8F, 0x0A, 0x98, 0x08, 0xC0, 0xD0, 0xA9, 0xCA, 0x05, 0x33, 0x1E,
    0x70, 0xF1, 0x9A, 0x1C, 0x72, 0x55, 0x03, 0x0F, 0x08, 0xD4, 0xD3, 0x00, 0xEE, 0x98, 0x08, 0x3F,
    0x88, 0x07, 0x60, 0x54, 0xCC, 0x34, 0x61, 0x89, 0x7B, 0x6C, 0x61, 0x05, 0x3C, 0xB2, 0x03, 0x08,
    0x79, 0x45, 0xC7, 0xC6, 0xD0, 0x4D, 0x35, 0xC0, 0x70, 0xCD, 0x70, 0x89, 0x70, 0x32, 0xB9, 0x33,
    0xA8, 0x90, 0xC6, 0xFA, 0xAC, 0x8A, 0x79, 0x60, 0x89, 0x4C, 0x44, 0xC9, 0x37, 0x2F, 0x0E, 0xA2,
    0xF2, 0x24, 0x39, 0x3F, 0x62, 0xE0, 0x42, 0x9A, 0xAC, 0xA7, 0x48, 0x7E, 0x4A, 0x67, 0x04, 0x5E,
    0x9E, 0x45, 0x72, 0x85, 0xE7, 0x12, 0x58, 0x40, 0x76, 0x61, 0xDD, 0x3C, 0x0E, 0xF2, 0xD1, 0x38,
    0x02, 0xB0, 0xA1, 0x62, 0x3C, 0xF9, 0xA1, 0xBD, 0x6B, 0x38, 0x18, 0x52, 0xDC, 0xA9, 0xC1, 0x3C,
    0xF6, 0x0A, 0x48, 0xAB, 0xB8, 0xA5, 0x09, 0x22, 0x0E, 0x9E, 0x14, 0x66, 0x80, 0xD7, 0x7E, 0x92,
    0xE5, 0x32, 0x90, 0x87, 0xC1, 0xE3, 0x1B, 0xC4, 0xDC, 0xAB, 0x24, 0x02, 0x60, 0xC7, 0x61, 0x6E,
    0x62, 0x66, 0x86, 0x85, 0x2F, 0x90, 0x91, 0xF3, 0x8C, 0x33, 0x8F, 0x5E, 0x8B, 0x85, 0xEB, 0xE4,
    0x4E, 0xBE, 0xDA, 0x28, 0x3A, 0x60, 0xDF, 0xEF, 0xC7, 0xC9, 0xD7, 0xC4, 0x9D, 0xD3, 0xFB, 0xC4,
    0xC1, 0x79, 0xFA, 0x5E, 0x22, 0x80, 0xF2, 0xE5, 0xF3, 0x20, 0x64, 0x0D, 0x45, 0xDD, 0xFC, 0xB3,
    0xBB, 0xBD, 0xE2, 0xC2, 0xC8, 0x2B, 0x8D, 0x61, 0x0C, 0x86, 0xF1, 0x93, 0xB3, 0x73, 0x9D, 0x29,
    0x59, 0x0E, 0x8C, 0x6E, 0xE9, 0xC2, 0x8A, 0xF4, 0x67, 0x2B, 0x96, 0x46, 0x5E, 0xD9, 0x2C, 0x99,
    0x41, 0xFD, 0x4D, 0x58, 0xD3, 0xAD, 0x4B, 0x17, 0x9B, 0xD7, 0xE8, 0x3E, 0x09, 0x8E, 0xE0, 0x72,
    0x5A, 0x4E, 0xCB, 0x87, 0xF1, 0xE7, 0xEA, 0x67, 0xB8, 0xF2, 0x57, 0x1D, 0x2F, 0x0E, 0x0C, 0x48,
    0xEC, 0x9A, 0xD3, 0xCF, 0x4E, 0x99, 0x4C, 0x4E, 0x33, 0xC4, 0xE6, 0x0A, 0x53, 0x23, 0xB4, 0x50,
    0xE6, 0xEA, 0x25, 0xBA, 0x80, 0x90, 0x27, 0x43, 0x04, 0xC5, 0xDD, 0x83, 0x7A, 0x06, 0xD4, 0x61,
    0x4A, 0x1B, 0xD3, 0x7C, 0x4E, 0x75, 0xBE, 0xFF, 0x2F, 0x7C, 0x8E, 0xCB, 0xE7, 0x7B, 0x03, 0x68,
    0x84, 0xBB, 0x39, 0xBA, 0xE5, 0xA7, 0xD4, 0xE3, 0xB3, 0x00, 0x01, 0xA8, 0xAC, 0x91, 0xF5, 0xF3,
    0xAC, 0xD0, 0xC9, 0x60, 0x14, 0xB2, 0x2B, 0x79, 0x17, 0xCB, 0x6F, 0x91, 0xEC, 0xB4, 0x9C, 0x72,
    0x99, 0xAC, 0xD0, 0x2E, 0xEC, 0x98, 0x62, 0xCB, 0xC1, 0x60, 0xD4, 0xF0, 0xDD, 0x2E, 0x62, 0x47,
    0x33, 0x6F, 0xD8, 0xC6, 0xF1, 0x6C, 0x66, 0xB0, 0x3A, 0xE0, 0x52, 0xE1, 0x02, 0x36, 0x44, 0xF3,
    0x9D, 0xFD, 0x63, 0xC1, 0xBB, 0xA4, 0x60, 0x5B, 0x4C, 0x17, 0x65, 0xB4, 0x8B, 0xFA, 0x35, 0xDC,
    0x25, 0x90, 0x5B, 0xD3, 0xFC, 0xFF, 0x1D, 0xCF, 0xCB, 0x06, 0x7E, 0xAC, 0xB5, 0xDF, 0x93, 0x49,
    0xCA, 0x1E, 0x23, 0xCD, 0x6A, 0xC8, 0xE7, 0x81, 0x76, 0x34, 0x41, 0x53, 0x82, 0x94, 0x8C, 0xB2,
    0x6F, 0xD8, 0x34, 0x9B, 0x12, 0x34, 0xA9, 0x41, 0x23, 0xA6, 0x61, 0x13, 0xED, 0x6E, 0x92, 0x8E,
    0xD0, 0xB8, 0x86, 0x69, 0x60, 0x3F, 0xF3, 0x51, 0xA1, 0x0D, 0x68, 0xCC, 0xE7, 0x27, 0x15, 0x51,
    0x87, 0xEF, 0xB6, 0x61, 0xF2, 0x90, 0xA7, 0xCC, 0x3E, 0xCB, 0x60, 0x29, 0x10, 0xDD, 0xB5, 0x28,
    0x0A, 0x42, 0x3C, 0xE9, 0x66, 0x1F, 0x75, 0x2F, 0x7D, 0x35, 0x1E, 0x15, 0xF8, 0x18, 0x3D, 0xDF,
    0x72, 0x0E, 0xEC, 0x04, 0x3A, 0x41, 0x4E, 0x80, 0x13, 0x88, 0x04, 0x2F, 0x4B, 0xE5, 0x2F, 0x8C,
    0x99, 0x40, 0x26, 0x88, 0x09, 0x60, 0x82, 0x97, 0x85, 0x4B, 0xD0, 0x9A, 0xAD, 0x10, 0x3A, 0x56,
    0x61, 0x5B, 0x9B, 0x4E, 0xCF, 0xCF, 0x25, 0x71, 0x72, 0x1A, 0x92, 0x30, 0xDB, 0xAE, 0x4E, 0x3F,
    0x10, 0x19, 0xDA, 0xB7, 0xD1, 0x75, 0x7B, 0xB6, 0x1B, 0x9D, 0x23, 0xE7, 0x0D, 0x8B, 0x9B, 0x3C,
    0xC5, 0x98, 0xC6, 0x92, 0x85, 0x47, 0xEF, 0x5F, 0x95, 0x15, 0x56, 0x25, 0x10, 0xBD, 0x44, 0xAB,
    0xB2, 0x71, 0x4C, 0x4A, 0xA3, 0xCB, 0x0A, 0x5A, 0x7C, 0x49, 0xA1, 0xAF, 0x4E, 0x75, 0x81, 0xC5,
    0x5F, 0x0A, 0xC1, 0x72, 0xD2, 0xF9, 0xA8, 0x59, 0xC8, 0x77, 0x7B, 0x9C, 0x2E, 0x9B, 0x0C, 0x8C,
    0x65, 0xEA, 0xF0, 0x63, 0x63, 0xF6, 0x57, 0x4E, 0x5B, 0xFB, 0x50, 0x05, 0xA5, 0xD7, 0xC6, 0x85,
    0x0B, 0x9D, 0xA1, 0xE9, 0xE8, 0xC6, 0x95, 0x25, 0x8E, 0xBE, 0x73, 0x48, 0x4B, 0xF4, 0x1E, 0x9C,
    0xC4, 0x6B, 0x10, 0x70, 0x2C, 0xAD, 0x80, 0x5D, 0xF5, 0x87, 0x97, 0x07, 0x81, 0x0A, 0x2A, 0x51,
    0xAC, 0xA4, 0xF0, 0x54, 0x44, 0xBC, 0xAC, 0x6D, 0x2F, 0x07, 0x02, 0x87, 0x9D, 0x49, 0xB6, 0x6E,
    0x66, 0xFC, 0x74, 0x80, 0x89, 0x3B, 0x22, 0x08, 0x8E, 0x7E, 0xA6, 0xE1, 0xBB, 0x63, 0x6C, 0x1D,
    0x34, 0xFD, 0xEB, 0xE2, 0xB3, 0x67, 0x34, 0xF6, 0x8D, 0xED, 0xA3, 0x1A, 0x5A, 0x3D, 0xDA, 0xA6,
    0xB7, 0x24, 0xA0, 0xC2, 0x42, 0x7B, 0x12, 0x17, 0x82, 0x8D, 0x04, 0xE6, 0x67, 0x5D, 0xE6, 0xD8,
    0xDD, 0x76, 0x0B, 0xBF, 0xCF, 0x4A, 0x36, 0xEA, 0x38, 0x10, 0x54, 0x4B, 0x14, 0xFF, 0xCB, 0x0E,
    0x49, 0x9B, 0x7E, 0x1F, 0x96, 0x01, 0xB6, 0x85, 0x25, 0xDF, 0xED, 0x96, 0xAA, 0x01, 0x7C, 0x76,
    0x46, 0xE2, 0x41, 0x74, 0x11, 0x3B, 0x39, 0x30, 0x4A, 0x6A, 0x7B, 0xC1, 0xCD, 0x5E, 0xBB, 0x20,
    0x8E, 0x4D, 0xC5, 0x0E, 0xC6, 0x20, 0xCE, 0x06, 0x69, 0x8C, 0xAF, 0xCE, 0x98, 0x12, 0x06, 0x3C,
    0xCB, 0xE1, 0xD8, 0x3C, 0xC4, 0xEB, 0xE7, 0x26, 0x8E, 0xCD, 0x89, 0xC9, 0x69, 0xA2, 0x99, 0xE9,
    0x98, 0x02, 0x70, 0xA2, 0xE4, 0x5B, 0x9C, 0xBA, 0xD8, 0xE1, 0x7C, 0xBF, 0x83, 0x6F, 0x1A, 0x74,
    0x21, 0x7C, 0x98, 0xC6, 0x23, 0x35, 0xA0, 0x6B, 0x62, 0xF5, 0x92, 0xC1, 0xD9, 0xB0, 0x10, 0x01,
    0x46, 0xAF, 0x1C, 0xCD, 0x26, 0x99, 0x3D, 0x6C, 0x66, 0xDF, 0x01, 0xB6, 0x81, 0x78, 0x5C, 0x50,
    0x22, 0xCF, 0x13, 0x1F, 0x4F, 0xAA, 0x27, 0xF7, 0xE4, 0x1A, 0x76, 0xD7, 0x76, 0x68, 0x64, 0x7F,
    0x6B, 0x11, 0x6F, 0xB6, 0x70, 0x6C, 0x5A, 0xE2, 0x53, 0xB7, 0xF4, 0xF0, 0xB8, 0x25, 0x6E, 0x42,
    0xC4, 0xAE, 0x64, 0xE3, 0x52, 0x21, 0xBE, 0xFC, 0xCA, 0x07, 0x68, 0x0C, 0x51, 0x4B, 0x00, 0x66,
    0x6D, 0x38, 0xBC, 0x62, 0x5A, 0x00, 0x48, 0xB1, 0x24, 0xDD, 0x8A, 0xF0, 0x42, 0xC4, 0x0A, 0x43,
    0x6A, 0x4D, 0x5A, 0x5C, 0x7B, 0x57, 0x1C, 0x5D, 0xE2, 0x94, 0x22, 0xB0, 0x0E, 0x10, 0x34, 0xC9,
    0x85, 0x99, 0x0F, 0xE6, 0xD5, 0x08, 0x1B, 0xDD, 0x3E, 0xAA, 0x46, 0xA4, 0x49, 0xDD, 0xE1, 0x68,
    0xB0, 0xE0, 0x88, 0xAD, 0x26, 0xD2, 0xB2, 0x86, 0x68, 0x15, 0x65, 0x0E, 0x27, 0x25, 0x5A, 0xB8,
    0x16, 0x35, 0x02, 0x44, 0xC8, 0xC8, 0xF1, 0x55, 0x43, 0x5A, 0x79, 0x2C, 0xD3, 0x61, 0xB7, 0x9F,
    0xBA, 0xE7, 0x57, 0x1D, 0xE9, 0x8F, 0x46, 0x99, 0x76, 0x01, 0x2D, 0x7F, 0x52, 0x3F, 0xBD, 0xDE,
    0x20, 0xAC, 0x00, 0xD2, 0xAB, 0x89, 0xDF, 0x1A, 0x0B, 0x01, 0x2B, 0x30, 0x1B, 0x66, 0xC9, 0xEA,
    0x12, 0x89, 0x10, 0xDD, 0x1E, 0xB3, 0x62, 0xFB, 0xD6, 0x1C, 0xCD, 0x70, 0xCC, 0xD9, 0x70, 0x62,
    0x89, 0xF5, 0xAF, 0x27, 0x73, 0x90, 0xDA, 0x29, 0x59, 0x29, 0xE4, 0xC5, 0x5F, 0x28, 0xAC, 0xCA,
    0xD3, 0x2F, 0x10, 0xBF, 0x4F, 0xD0, 0xB7, 0x98, 0x2D, 0x1A, 0xC4, 0x69, 0x04, 0x37, 0xFD, 0x6D,
    0x93, 0xAB, 0xD3, 0x8B, 0xB0, 0x70, 0x66, 0x91, 0xBC, 0x37, 0x79, 0xB5, 0xBF, 0xA3, 0xBB, 0x48,
    0x1C, 0x8C, 0x64, 0x0D, 0xC7, 0x9E, 0x5E, 0x1B, 0x95, 0x0B, 0x99, 0x9A, 0xAD, 0xF4, 0x26, 0xE1,
    0xE3, 0x02, 0x79, 0x9E, 0x80, 0xD2, 0x2F, 0x93, 0x56, 0xD1, 0x9A, 0x66, 0x55, 0x9B, 0x4B, 0x3D,
    0x4D, 0x37, 0xC5, 0x77, 0xBA, 0xA0, 0xF0, 0x8E, 0x8E, 0x1D, 0x9A, 0x30, 0x26, 0x9B, 0x08, 0xFA,
    0x20, 0x0B, 0x7B, 0x77, 0xDF, 0x37, 0x93, 0xC9, 0x99, 0x61, 0x1B, 0xE2, 0x44, 0x92, 0xBC, 0x77,
    0xF7, 0x08, 0x4E, 0xE9, 0xD3, 0xD9, 0x05, 0xD3, 0xE9, 0xA5, 0x56, 0x82, 0xED, 0xEB, 0x77, 0x93,
    0xC9, 0x6B, 0xED, 0x8D, 0x9F, 0x70, 0xFB, 0xBB, 0xB5, 0x9D, 0x31, 0xE9, 0x85, 0x70, 0x6B, 0x81,
    0x20, 0x1E, 0x93, 0x03, 0x41, 0xB3, 0xD1, 0x12, 0x21, 0x79, 0x08, 0xBE, 0x66, 0xC9, 0xF8, 0xCA,
    0x94, 0xE4, 0x33, 0x24, 0x75, 0xD0, 0x91, 0xCC, 0xD3, 0x3D, 0xC2, 0xC3, 0x12, 0xF7, 0xFC, 0xC9,
    0x34, 0x32, 0x9A, 0x2C, 0x92, 0x51, 0x6F, 0xD1, 0xB2, 0x3B, 0x6E, 0x83, 0xF6, 0x13, 0x93, 0x09,
    0x16, 0x76, 0x3A, 0x6E, 0x5B, 0xE6, 0xAA, 0x38, 0x17, 0x87, 0xDC, 0xB2, 0x85, 0x7B, 0x69, 0xC9,
    0xA3, 0xF8, 0xF5, 0xD3, 0x51, 0xFF, 0x56, 0x62, 0xFA, 0x37, 0xA3, 0xF6, 0xB8, 0x33, 0x66, 0xA5,
    0xB6, 0x58, 0x2E, 0xEE, 0xF4, 0x87, 0x0B, 0x0F, 0x86, 0xB7, 0x53, 0xD3, 0xE9, 0x6C, 0xD1, 0x2E,
    0x61, 0x14, 0xDA, 0x34, 0xF4, 0xB3, 0x18, 0xC2, 0x39, 0x1F, 0x90, 0xB1, 0xBF, 0xE3, 0x1F, 0x56,
    0x93, 0xF4, 0x1D, 0xFF, 0x65, 0x20, 0x1B, 0xDB, 0xD1, 0x42, 0xAF, 0xAD, 0x37, 0xB7, 0x94, 0x61,
    0xD0, 0xA3, 0x93, 0xBC, 0x8F, 0xBE, 0xEE, 0x02, 0xD3, 0xB8, 0xA4, 0x71, 0x1F, 0x38, 0xFC, 0x64,
    0x1C, 0x39, 0xB7, 0xF0, 0xEF, 0x7B, 0xC9, 0x13, 0xBA, 0xDD, 0x26, 0x29, 0x9E, 0x56, 0xEA, 0x00,
    0x1B, 0x39, 0x29, 0x72, 0x6F, 0xF0, 0x0D, 0xC5, 0x53, 0x1F, 0x8C, 0x73, 0xE1, 0xF6, 0x07, 0x7F,
    0x7B, 0x7D, 0x58, 0x25, 0x69, 0xA6, 0xF4, 0xA3, 0xD9, 0x10, 0xF7, 0x6B, 0x12, 0x04, 0x64, 0x70,
    0xDC, 0x0B, 0xBB, 0xD1, 0xD3, 0x4E, 0x2D, 0x47, 0x9C, 0xB6, 0x08, 0xBD, 0x5B, 0x7D, 0x83, 0x07,
    0xE5, 0x4C, 0x26, 0x9B, 0x0C, 0x05, 0xD9, 0x88, 0xF6, 0xFA, 0x0F, 0xCC, 0xD7, 0xDA, 0xC5, 0x61,
    0x47, 0x04, 0xC8, 0xEB, 0xD4, 0xD2, 0x3E, 0xF8, 0xF2, 0x21, 0x24, 0xF3, 0xCD, 0x1F, 0x92, 0x82,
    0xAC, 0x24, 0xC6, 0x99, 0x21, 0x07, 0x03, 0x0E, 0x63, 0xB8, 0x0E, 0xF8, 0x10, 0x70, 0xE2, 0x81,
    0x43, 0x93, 0x31, 0x0B, 0xF8, 0xA0, 0x75, 0xE5, 0xE2, 0xDC, 0x6B, 0x75, 0x19, 0x74, 0xBA, 0x0C,
    0xFB, 0xAC, 0x08, 0xBA, 0x93, 0xCA, 0xD9, 0x93, 0x22, 0x39, 0x95, 0xBB, 0x3B, 0x49, 0xE1, 0xB7,
    0x77, 0xBB, 0xA1, 0x80, 0x25, 0x9E, 0x02, 0x45, 0xFF, 0x8E, 0xAE, 0x15, 0x9C, 0x0D, 0x76, 0xBE,
    0x76, 0xEC, 0xA0, 0xC8, 0xC7, 0x61, 0xDD, 0x42, 0x7F, 0x1E, 0xA0, 0x8A, 0xB7, 0x95, 0x55, 0x54,
    0x0E, 0xF2, 0x95, 0xBE, 0xE1, 0x95, 0x3A, 0x12, 0x17, 0x90, 0xCB, 0x65, 0x87, 0x27, 0x0C, 0x5D,
    0x52, 0x90, 0x2E, 0x4E, 0x60, 0xFB, 0x19, 0x2E, 0x86, 0xCA, 0xD1, 0xFD, 0x08, 0xD1, 0x09, 0x28,
    0x9E, 0x92, 0x0C, 0x48, 0x43, 0x87, 0x7A, 0x15, 0x95, 0x3A, 0x3D, 0xA6, 0xD6, 0x17, 0xF1, 0xE1,
    0xD4, 0xE1, 0x5D, 0x6F, 0xF0, 0xD8, 0xB4, 0xAC, 0x81, 0x0D, 0x42, 0x05, 0xC1, 0x22, 0x8A, 0x08,
    0xEB, 0xA9, 0x18, 0xD7, 0xC9, 0x3C, 0x21, 0x4B, 0xEE, 0x0D, 0x51, 0x82, 0xC9, 0xA4, 0x70, 0xA1,
    0x4C, 0x0A, 0x27, 0x90, 0x82, 0xD5, 0x86, 0x53, 0xAF, 0xE4, 0xFE, 0x99, 0x17, 0x39, 0x1A, 0x7E,
    0x19, 0x63, 0x30, 0xBA, 0xE5, 0x50, 0xA8, 0x93, 0x84, 0x2F, 0xE8, 0x80, 0x65, 0x66, 0x6A, 0x8D,
    0x33, 0x0B, 0x38, 0x81, 0x74, 0x07, 0x54, 0x0D, 0x53, 0x7F, 0x00, 0x75, 0xF9, 0x9E, 0x72, 0x7F,
    0xF8, 0x94, 0x63, 0x02, 0x17, 0x25, 0x02, 0x4E, 0x07, 0xCF, 0x62, 0x00, 0xAE, 0x0D, 0x7A, 0xBD,
    0x14, 0xE2, 0xD8, 0xF7, 0x67, 0x2A, 0xDE, 0x9C, 0x14, 0x10, 0xB9, 0x8A, 0x27, 0x29, 0x40, 0x71,
    0x50, 0xF2, 0x83, 0x89, 0x33, 0xCD, 0x75, 0xEE, 0xC3, 0xAB, 0xA0, 0x67, 0xEA, 0x3C, 0x23, 0x39,
    0x3E, 0x47, 0x9A, 0x41, 0xBF, 0x83, 0xEC, 0xFB, 0xFB, 0xAD, 0x44, 0xE9, 0x5C, 0xEE, 0x19, 0x8D,
    0x37, 0x64, 0xFF, 0x53, 0x1C, 0x3D, 0x07, 0x11, 0xCF, 0x33, 0x12, 0xF8, 0x9C, 0xBC, 0x52, 0x0D,
    0xD7, 0x58, 0xE7, 0x9E, 0x38, 0x28, 0x85, 0x8D, 0x47, 0xD2, 0xB1, 0xE0, 0xCA, 0x7E, 0x2B, 0x3B,
    0x84, 0xEC, 0xB5, 0xB2, 0xD3, 0x1A, 0xA7, 0xD6, 0x65, 0xDD, 0x52, 0xCE, 0x94, 0xD4, 0x03, 0xC1,
    0xA1, 0xD3, 0x88, 0x1C, 0xCF, 0x94, 0x1C, 0x4F, 0x9D, 0xE2, 0xF6, 0x2F, 0xC2, 0x07, 0x7F, 0x19,
    0x6C, 0x64, 0x37, 0x60, 0xE3, 0xF3, 0xC1, 0xA6, 0xC3, 0x75, 0x4A, 0xB3, 0xA9, 0xD3, 0x18, 0x39,
    0xD3, 0x10, 0x37, 0xF0, 0x89, 0x97, 0xD4, 0xA2, 0x63, 0x0B, 0x98, 0x99, 0xB2, 0xCE, 0x2F, 0x17,
    0xB0, 0xB8, 0xFC, 0xF0, 0xD8, 0xDE, 0x8A, 0xB9, 0xB8, 0xAA, 0x47, 0x47, 0xE0, 0xF8, 0xEE, 0x23,
    0x6A, 0x0D, 0xE6, 0x89, 0xE2, 0xA2, 0xC8, 0xE4, 0xF1, 0x15, 0xF5, 0x6D, 0x41, 0x6D, 0x07, 0x48,
    0xDD, 0x93, 0x9F, 0x89, 0xBA, 0x49, 0xE6, 0xE6, 0xB0, 0x1B, 0x09, 0xF6, 0xE2, 0x36, 0x83, 0x97,
    0x57, 0x54, 0x25, 0x93, 0xCD, 0x99, 0xC7, 0x42, 0xD2, 0x54, 0xE4, 0xC2, 0x9F, 0xDC, 0x8E, 0xAB,
    0x3B, 0xFB, 0x86, 0xE0, 0x24, 0x55, 0x52, 0x47, 0xB5, 0x5F, 0x87, 0x65, 0x92, 0x1E, 0xB7, 0xE3,
    0x48, 0x52, 0x5A, 0x6F, 0x05, 0xD9, 0x93, 0xD2, 0xA4, 0x11, 0x36, 0xFA, 0x9C, 0xD1, 0xDF, 0x2F,
    0xDF, 0xF5, 0x38, 0xB6, 0x5E, 0x68, 0xF5, 0xDB, 0x83, 0x7E, 0xDB, 0x90, 0x38, 0xE9, 0xFC, 0x43,
    0xFD, 0x36, 0xFD, 0x8A, 0xA4, 0xD3, 0x21, 0x7E, 0x6E, 0x0F, 0x72, 0xAF, 0x22, 0x25, 0xD0, 0x42,
    0x11, 0xC8, 0x3E, 0x40, 0xE1, 0x3E, 0xBD, 0x2D, 0x56, 0xD3, 0x03, 0x19, 0x38, 0x47, 0x9C, 0xF7,
    0xFA, 0x1D, 0xFE, 0x79, 0xBB, 0xD3, 0xF9, 0xE6, 0x01, 0x27, 0x33, 0xAF, 0xEC, 0x04, 0xDC, 0x8A,
    0xBC, 0xCB, 0xDA, 0xCC, 0x96, 0x09, 0x5D, 0xC9, 0xB6, 0x95, 0xB6, 0xF0, 0xC6, 0xF5, 0xB0, 0x07,
    0x6E, 0x7E, 0x2D, 0xEA, 0x4E, 0xFB, 0x08, 0x79, 0xB1, 0xE6, 0x66, 0x3F, 0xA4, 0x00, 0xC9, 0x4B,
    0xEB, 0xE8, 0xFE, 0xB1, 0x81, 0x85, 0x3A, 0x66, 0x0E, 0x38, 0x19, 0xFC, 0x6F, 0xCF, 0x2B, 0xC2,
    0xDC, 0xD5, 0x01, 0xCB, 0x61, 0xF3, 0xCE, 0xCA, 0x99, 0x17, 0x84, 0x27, 0xBC, 0xB1, 0x2A, 0x16,
    0xA5, 0x9D, 0x1A, 0x56, 0xC5, 0x86, 0x55, 0xB1, 0x61, 0x55, 0x6C, 0x58, 0x15, 0x73, 0xB5, 0x2C,
    0x35, 0x19, 0x54, 0xB1, 0x21, 0x7D, 0x44, 0x34, 0x80, 0x21, 0x20, 0x35, 0xCF, 0xB5, 0x36, 0x53,
    0x90, 0x72, 0x4A, 0xB3, 0x0A, 0x34, 0x6E, 0x40, 0xC3, 0x0E, 0xD4, 0x33, 0x59, 0xCA, 0xC9, 0x48,
    0xCC, 0xA3, 0x66, 0x9A, 0x30, 0x0D, 0x99, 0xFA, 0xB6, 0x4E, 0x37, 0x9B, 0xE5, 0x79, 0x63, 0x82,
    0xE8, 0xA6, 0xDC, 0x36, 0x26, 0x70, 0x32, 0x6D, 0x7D, 0x4F, 0x84, 0xBE, 0xE5, 0x1C, 0x55, 0x24,
    0xB9, 0xA2, 0xB0, 0x58, 0xDD, 0x2C, 0xBF, 0x8B, 0x39, 0xD1, 0x4C, 0xA3, 0x62, 0xD6, 0x8C, 0xA2,
    0x44, 0xFD, 0x6C, 0x1E, 0x29, 0x3E, 0xB6, 0x54, 0x9E, 0x8F, 0x5A, 0x9C, 0xDB, 0x0D, 0x82, 0x6E,
    0x56, 0xCB, 0x87, 0xDC, 0x45, 0x38, 0xFA, 0xC0, 0x7C, 0xB6, 0x7E, 0xA0, 0x9E, 0x82, 0x30, 0xFE,
    0x75, 0x60, 0xAD, 0xDF, 0xF2, 0xE4, 0x72, 0x96, 0x48, 0xAF, 0xB8, 0x34, 0x5E, 0x46, 0x49, 0xFD,
    0xC0, 0xD4, 0xFD, 0xD1, 0x01, 0x6D, 0xBB, 0xB3, 0x24, 0x9B, 0xC5, 0x68, 0x25, 0xC5, 0xBC, 0x47,
    0x2A, 0x61, 0x0E, 0x13, 0x77, 0x67, 0xA3, 0x55, 0xCF, 0xF9, 0x14, 0x0E, 0xA4, 0x3F, 0x42, 0x22,
    0xA9, 0x3C, 0xEE, 0x9B, 0xAF, 0x0C, 0x8A, 0xAA, 0x30, 0xFE, 0x64, 0xF5, 0x51, 0x05, 0xEE, 0x2C,
    0x0D, 0xEE, 0x8A, 0x2E, 0x63, 0x86, 0xF4, 0x1D, 0xCE, 0xD0, 0x02, 0x15, 0x07, 0xF0, 0xAC, 0x99,
    0xB7, 0xB1, 0x49, 0x3A, 0xF2, 0xD8, 0x11, 0x2F, 0x06, 0xC3, 0xC9, 0xDC, 0x91, 0x81, 0xB3, 0xFD,
    0xF8, 0xF8, 0x7D, 0x0E, 0x55, 0x60, 0x6C, 0x35, 0x9F, 0xE8, 0xDA, 0xF5, 0x45, 0xE0, 0x93, 0x17,
    0xA4, 0x4A, 0x5E, 0x71, 0x57, 0x89, 0xF4, 0x25, 0x00, 0x90, 0xDD, 0xB3, 0x48, 0xFE, 0x10, 0xA8,
    0x35, 0x3C, 0xE4, 0xB8, 0x85, 0xDB, 0x18, 0x4A, 0xE2, 0xB4, 0x47, 0xA2, 0xD5, 0x1B, 0xE0, 0xB6,
    0xBB, 0x42, 0xCD, 0x7E, 0xEA, 0x0D, 0xE0, 0xC2, 0xEB, 0x71, 0x7E, 0xD0, 0xA1, 0xF8, 0x19, 0x75,
    0x68, 0x0B, 0x49, 0x1A, 0xDF, 0x94, 0xAE, 0xA9, 0x5C, 0xE9, 0x84, 0xB8, 0x51, 0x57, 0xC9, 0xAC,
    0x24, 0xA0, 0x39, 0xFF, 0x08, 0xB2, 0x35, 0xDD, 0x39, 0xB0, 0x2F, 0x67, 0xE0, 0x86, 0x92, 0x9C,
    0x62, 0x40, 0x53, 0xD2, 0x73, 0xB9, 0x13, 0x2F, 0xE4, 0x4E, 0xBC, 0x66, 0xCC, 0x94, 0x06, 0x2D,
    0xFF, 0x8A, 0x03, 0x0D, 0xB1, 0x1F, 0xD7, 0x34, 0x9E, 0xAC, 0x42, 0x43, 0x49, 0x31, 0x36, 0x94,
    0x74, 0xD6, 0x94, 0xCE, 0xEA, 0xB6, 0xF0, 0xE1, 0xFD, 0x4A, 0x49, 0xBA, 0x11, 0x67, 0x14, 0x1C,
    0xA4, 0xF1, 0xD3, 0xAF, 0x7C, 0x13, 0x10, 0xEC, 0xA0, 0x97, 0x07, 0x74, 0xE2, 0x70, 0xF9, 0x9B,
    0x47, 0xE7, 0xB3, 0xCC, 0x3E, 0xBC, 0x2C, 0x18, 0x1D, 0xE9, 0x02, 0xC8, 0xBF, 0x03, 0xE5, 0x5C,
    0x22, 0xE3, 0x91, 0xFD, 0x03, 0x51, 0xA6, 0xF9, 0x31, 0xE7, 0x56, 0x42, 0xC8, 0xEA, 0xB6, 0x97,
    0x7E, 0x03, 0xC0, 0x0C, 0xD4, 0xB3, 0x48, 0x19, 0x0C, 0x12, 0x74, 0xB9, 0x86, 0xA2, 0x1B, 0xBF,
    0x21, 0xF5, 0xE8, 0xE6, 0x0F, 0x2D, 0x55, 0x30, 0x9D, 0x09, 0x8A, 0xC7, 0x92, 0x1C, 0xA6, 0x07,
    0xC4, 0x76, 0x6F, 0x64, 0xEF, 0x99, 0x61, 0x6A, 0xAE, 0x4E, 0x2F, 0x04, 0xC4, 0x3D, 0xF7, 0x57,
    0x76, 0xA2, 0xA5, 0xE2, 0x46, 0xF6, 0xC0, 0x81, 0xF7, 0xA5, 0xEC, 0x81, 0x0E, 0x67, 0xA5, 0x0F,
    0xDA, 0x2F, 0x9C, 0x2F, 0x41, 0xF3, 0xFC, 0x7E, 0x12, 0x80, 0x63, 0xCA, 0xB6, 0x95, 0x14, 0x35,
    0x2C, 0x3F, 0xDA, 0xEE, 0x23, 0xBB, 0x77, 0xB4, 0xEC, 0x01, 0x4F, 0x76, 0x85, 0x11, 0xF2, 0xA5,
    0x4B, 0x77, 0x88, 0x39, 0x06, 0xBB, 0x66, 0x60, 0x3F, 0x00, 0x15, 0xFC, 0x70, 0xA0, 0xD5, 0x2B,
    0x0F, 0xB5, 0x1B, 0x1A, 0x82, 0xDB, 0x03, 0xA4, 0x61, 0x7A, 0xB1, 0xD7, 0x9C, 0x7B, 0x32, 0xF3,
    0x7D, 0x2E, 0x0D, 0x87, 0x72, 0x1E, 0xF3, 0xC9, 0x9D, 0x73, 0x40, 0x91, 0xF8, 0x29, 0x01, 0xA4,
    0xD9, 0x3D, 0x83, 0x7E, 0x5D, 0x93, 0x49, 0x45, 0xA4, 0x0B, 0x21, 0x5E, 0x84, 0xA8, 0x34, 0x1A,
    0x9F, 0xB6, 0x41, 0xFA, 0xA3, 0x63, 0x29, 0x9F, 0x9B, 0x25, 0x32, 0x1C, 0xCA, 0x00, 0xFA, 0x33,
    0x7B, 0x5A, 0xC7, 0x80, 0xC9, 0xCC, 0x7D, 0x26, 0x83, 0x30, 0xBD, 0x88, 0x30, 0x48, 0x21, 0x0E,
    0x22, 0x6C, 0x91, 0xBD, 0xA8, 0x67, 0x04, 0xBF, 0x66, 0xA5, 0x79, 0xEF, 0x15, 0x3A, 0x85, 0x4F,
    0xB6, 0x97, 0x91, 0x75, 0x7A, 0x8F, 0x4D, 0x14, 0x9A, 0x8E, 0x90, 0x80, 0xE0, 0xFC, 0x03, 0xA4,
    0x1C, 0xCD, 0x62, 0x7C, 0x3F, 0xC3, 0xF7, 0xE3, 0xBB, 0x34, 0x73, 0x6D, 0x94, 0xC2, 0xE7, 0xD2,
    0x35, 0xF9, 0xA7, 0xB4, 0xA6, 0xDD, 0x7C, 0xE6, 0x08, 0xF4, 0xFA, 0xE5, 0x5E, 0xEB, 0x8E, 0x4C,
    0x8C, 0x1E, 0x7E, 0xA2, 0xB9, 0x45, 0xE9, 0xD6, 0xC1, 0xD1, 0x7D, 0x1D, 0x0D, 0x47, 0x03, 0xEC,
    0xBB, 0xB1, 0x9F, 0xCD, 0xDD, 0x97, 0xEC, 0x44, 0x72, 0x4E, 0x22, 0x2C, 0xAD, 0xE6, 0x38, 0x99,
    0x67, 0x69, 0xFC, 0x29, 0xDD, 0x1A, 0xED, 0x82, 0x06, 0xDB, 0xEF, 0x54, 0xDC, 0x49, 0x6C, 0x1B,
    0x57, 0xB7, 0xBF, 0x8D, 0x19, 0x10, 0x48, 0x3F, 0x24, 0x18, 0x15, 0x3C, 0xF8, 0x8B, 0x70, 0x61,
    0x93, 0xC5, 0x1A, 0xB3, 0x97, 0xFB, 0xB9, 0x0A, 0x76, 0x49, 0x9A, 0x1C, 0x0E, 0xB2, 0x32, 0x2E,
    0x9C, 0x55, 0x2B, 0x22, 0x01, 0xB1, 0x7A, 0x33, 0xFA, 0xA2, 0x0B, 0xD0, 0x37, 0x5E, 0xCC, 0x3C,
    0xD8, 0xC3, 0x4D, 0x3F, 0x7D, 0xE5, 0x63, 0xF6, 0x27, 0xE3, 0x36, 0xBF, 0xDA, 0x26, 0xB4, 0x66,
    0x72, 0xA5, 0x9C, 0x29, 0x20, 0x23, 0x8E, 0x1D, 0xF0, 0xCE, 0x4E, 0x5E, 0x38, 0x38, 0xBA, 0x8A,
    0x1A, 0x02, 0x8E, 0x20, 0xF4, 0xA5, 0x12, 0xCA, 0x3D, 0xA3, 0xA1, 0x74, 0x4A, 0x0C, 0xC8, 0x92,
    0x89, 0xDD, 0x96, 0x0A, 0x2A, 0x01, 0xBC, 0xC1, 0xDD, 0x20, 0x9A, 0x4F, 0xAD, 0x03, 0x6E, 0x6D,
    0x44, 0x23, 0x5D, 0x86, 0xF6, 0xB9, 0xC4, 0xFC, 0x96, 0x6E, 0x4A, 0x77, 0xCE, 0x59, 0x5B, 0x92,
    0x17, 0xB5, 0xD8, 0x38, 0xE5, 0x14, 0xD2, 0x01, 0x8B, 0x22, 0x2F, 0xE7, 0x46, 0x95, 0xDA, 0xD3,
    0xE3, 0xAC, 0xAF, 0xC0, 0x54, 0xA4, 0xA4, 0x62, 0xCA, 0xE4, 0x5F, 0x59, 0x99, 0xE5, 0x7E, 0x8A,
    0xAC, 0x3D, 0x96, 0x6D, 0x42, 0x9C, 0x44, 0x66, 0x17, 0xDC, 0xE4, 0xA2, 0x3D, 0x31, 0xCA, 0xB0,
    0x3E, 0x86, 0x17, 0x08, 0xF2, 0xB8, 0x22, 0xFE, 0x0A, 0x92, 0xA8, 0x74, 0x0D, 0xBA, 0xFE, 0xC1,
    0xD1, 0x9D, 0x42, 0x62, 0x96, 0x2E, 0x43, 0xAB, 0xC7, 0x2F, 0x7A, 0xA8, 0x84, 0x47, 0x57, 0x01,
    0x0A, 0x24, 0x63, 0xB3, 0x92, 0x2B, 0x10, 0x3E, 0x34, 0x2A, 0x99, 0xD1, 0x75, 0xA4, 0xAB, 0x8E,
    0x02, 0x86, 0xFB, 0x36, 0xD0, 0x3F, 0x72, 0x23, 0xF1, 0x18, 0x7D, 0xAB, 0xB3, 0xE5, 0xB8, 0xF0,
    0x10, 0x81, 0x70, 0x27, 0x88, 0xB7, 0x7B, 0xAF, 0x07, 0x1C, 0x11, 0xFF, 0xCF, 0xE1, 0x7E, 0xF4,
    0x9C, 0x8D, 0x46, 0xE2, 0x48, 0xA4, 0xEA, 0xB1, 0x16, 0x86, 0x74, 0x41, 0xD0, 0xBE, 0x87, 0x30,
    0x32, 0xFB, 0xAC, 0xC7, 0x98, 0x1B, 0xB0, 0x53, 0x2C, 0x56, 0xEE, 0xEF, 0xF7, 0x3A, 0x09, 0xF3,
    0x58, 0x05, 0x5F, 0xC2, 0x27, 0xE9, 0xE4, 0xFA, 0xB8, 0x38, 0x12, 0xE1, 0x80, 0xE3, 0xB1, 0xC9,
    0x8D, 0xCC, 0x73, 0x32, 0xBD, 0x38, 0x50, 0x48, 0x71, 0x97, 0xC5, 0x88, 0x5B, 0x11, 0x07, 0x83,
    0xF5, 0x40, 0x02, 0x6E, 0xD3, 0xD7, 0xB3, 0x38, 0x14, 0x45, 0x59, 0x6E, 0x37, 0x0F, 0xAB, 0x45,
    0x1F, 0x0C, 0x7F, 0x5E, 0xD8, 0x4E, 0x99, 0xAB, 0x5C, 0x7A, 0x1E, 0x37, 0x8E, 0x25, 0xF7, 0x9D,
    0x73, 0x5B, 0xDB, 0x0F, 0x45, 0x50, 0x1D, 0x4C, 0x17, 0x7A, 0xF5, 0xD9, 0x86, 0x54, 0x2C, 0x0F,
    0x6E, 0xBF, 0xC8, 0xC0, 0x8E, 0xFA, 0x3D, 0x9D, 0xF5, 0x5A, 0x63, 0x7B, 0x4E, 0x43, 0x33, 0x66,
    0x29, 0x6C, 0xF3, 0xDF, 0xFD, 0xC1, 0x91, 0xF9, 0x85, 0x9B, 0x04, 0xA3, 0x0B, 0x86, 0x1D, 0x8A,
    0x49, 0x5F, 0x22, 0x83, 0xF1, 0x52, 0x7E, 0xAF, 0xA1, 0x3A, 0xC4, 0x18, 0xCF, 0xF4, 0x9B, 0xD7,
    0x35, 0x27, 0x1C, 0x62, 0x8C, 0x77, 0x36, 0xFD, 0x0F, 0x9A, 0xDF, 0xD0, 0x1A, 0xE8, 0x67, 0xDB,
    0x81, 0xE3, 0x42, 0x1B, 0x03, 0xEC, 0x83, 0xE6, 0xF5, 0x8E, 0x39, 0x7D, 0x8B, 0x93, 0x50, 0xC7,
    0xE7, 0xEF, 0x20, 0x9C, 0xE0, 0xA2, 0x15, 0xF2, 0x25, 0xE6, 0x5E, 0xD3, 0x92, 0x69, 0x85, 0x98,
    0x3F, 0x41, 0x0D, 0x11, 0x0A, 0x25, 0xC0, 0xBB, 0x14, 0x70, 0x89, 0xA0, 0x75, 0x1A, 0x56, 0x40,
    0x25, 0x37, 0x29, 0xB0, 0x4B, 0xDE, 0xEC, 0x0D, 0x99, 0x33, 0x17, 0x17, 0x7F, 0x86, 0x6B, 0xE9,
    0x2C, 0xAF, 0x42, 0x1C, 0x96, 0x3E, 0xB6, 0x27, 0xA7, 0xA4, 0x14, 0xCA, 0x3F, 0x48, 0x32, 0xDC,
    0x11, 0xE1, 0xB4, 0x44, 0x41, 0x24, 0x2B, 0x89, 0xAF, 0xA4, 0x8D, 0xD8, 0x5D, 0x43, 0xA7, 0x7E,
    0x07, 0xB5, 0x54, 0x99, 0x05, 0x17, 0x6B, 0x84, 0x4E, 0xE8, 0x62, 0x1F, 0xC5, 0xAA, 0x03, 0xC8,
    0xEF, 0xDE, 0x30, 0x71, 0xA6, 0xD3, 0xED, 0xFD, 0x09, 0x89, 0x25, 0x61, 0xC7, 0xFE, 0x2A, 0xDA,
    0x37, 0x14, 0x37, 0x70, 0x28, 0x69, 0xE1, 0x98, 0x35, 0x71, 0xAC, 0x36, 0x82, 0xDC, 0xA4, 0xEA,
    0x21, 0xEA, 0x77, 0x0C, 0x92, 0xC8, 0x9A, 0x43, 0x49, 0xD6, 0x9C, 0xE9, 0x52, 0x61, 0x94, 0x6E,
    0x1E, 0x97, 0xAD, 0xA8, 0xF7, 0x6F, 0x7E, 0x69, 0xA4, 0x00, 0xAB, 0xFE, 0xC7, 0x5C, 0xB1, 0x00,
    0xA4, 0x27, 0x52, 0x53, 0x00, 0xC6, 0x13, 0xAB, 0x05, 0x23, 0xC7, 0xAA, 0x1C, 0xF2, 0x26, 0x90,
    0x81, 0x37, 0x22, 0x10, 0xB4, 0x18, 0x3E, 0x97, 0x8D, 0x6F, 0x8D, 0xF9, 0xD5, 0xF2, 0xE5, 0x92,
    0x4C, 0x23, 0x9E, 0xCA, 0xC9, 0x26, 0xCF, 0xB0, 0x8D, 0x69, 0x12, 0xAE, 0x3E, 0x6A, 0x4E, 0x85,
    0x3E, 0xF1, 0x4D, 0x50, 0x90, 0x3C, 0x86, 0xC1, 0x6B, 0x64, 0x04, 0x9C, 0x84, 0x88, 0x4A, 0x8D,
    0x0A, 0xD0, 0x33, 0x4B, 0x44, 0x74, 0xA5, 0x10, 0x92, 0xF7, 0x01, 0xCB, 0x79, 0x63, 0xAB, 0x4D,
    0xFF, 0xFF, 0x52, 0xCD, 0x1A, 0xCC, 0x43, 0x69, 0x80, 0xB8, 0x72, 0xB4, 0xC0, 0xF0, 0x8B, 0x04,
    0x5C, 0x72, 0x62, 0x0E, 0x92, 0x77, 0xC7, 0x17, 0x60, 0xC5, 0xB7, 0xFA, 0x0F, 0xBB, 0x37, 0xA3,
    0x87, 0x15, 0xDB, 0x17, 0x20, 0x6C, 0x23, 0x3C, 0xF7, 0xC5, 0xDB, 0x37, 0x29, 0xB7, 0x55, 0xBE,
    0xDF, 0xDC, 0x70, 0x79, 0x41, 0x9A, 0x87, 0x51, 0xDA, 0xE6, 0xD5, 0x43, 0x08, 0xC9, 0xEB, 0xE9,
    0xDE, 0x80, 0x9E, 0x59, 0x77, 0x07, 0xC1, 0x31, 0x2D, 0xBB, 0xA0, 0xE3, 0x9A, 0x44, 0x07, 0x17,
    0x4A, 0x3E, 0x47, 0x03, 0x8A, 0x1C, 0x74, 0x34, 0x31, 0x7C, 0x26, 0x7C, 0x0C, 0x94, 0x40, 0x90,
    0xE0, 0x37, 0x85, 0xE4, 0xDB, 0x4C, 0x52, 0xF0, 0x0C, 0x9C, 0x1B, 0x62, 0xCE, 0xA8, 0x65, 0x7F,
    0xEE, 0x38, 0x0D, 0xA8, 0x92, 0x4F, 0xBB, 0xB0, 0xE1, 0xBC, 0xDA, 0x17, 0x8D, 0xBF, 0x8B, 0x91,
    0xC4, 0xD7, 0x6A, 0x6F, 0x10, 0xED, 0x5E, 0xB9, 0xDC, 0xB2, 0x14, 0xA2, 0xA8, 0xC1, 0xB5, 0x2E,
    0x44, 0xFD, 0x5C, 0xEA, 0x42, 0x5A, 0xA1, 0xB1, 0x99, 0x7F, 0x2E, 0x36, 0xB8, 0x83, 0x6D, 0x4B,
    0x46, 0xEF, 0x89, 0x4C, 0x97, 0x8D, 0x0E, 0xA4, 0x3A, 0xC1, 0x37, 0xE1, 0x19, 0xE3, 0x41, 0x0D,
    0x52, 0x4A, 0x7A, 0x42, 0x7D, 0x77, 0xBF, 0x15, 0x43, 0x4F, 0x8F, 0x5A, 0x3B, 0x9F, 0xC8, 0x5B,
    0x87, 0x5C, 0xFD, 0x89, 0xF0, 0xAE, 0x7D, 0x47, 0x71, 0x58, 0x58, 0x3B, 0x34, 0xCA, 0x22, 0x68,
    0xE8, 0x9E, 0x14, 0x47, 0xB4, 0x9E, 0x49, 0x75, 0xEA, 0x75, 0x81, 0xC9, 0x69, 0x96, 0xFA, 0xD0,
    0x7C, 0x3C, 0x50, 0x88, 0x1E, 0x7F, 0xF2, 0x4F, 0xA4, 0x04, 0x93, 0x97, 0xFE, 0x8B, 0x60, 0x44,
    0x7B, 0x90, 0xA0, 0x6C, 0xF0, 0xB0, 0xD4, 0x92, 0xDE, 0xE1, 0xB7, 0x14, 0x3B, 0xC5, 0x6D, 0xDD,
    0x0D, 0x9A, 0x8B, 0xEC, 0xBB, 0x74, 0x48, 0x44, 0xB0, 0x7C, 0x49, 0xE8, 0xC2, 0x0B, 0xD3, 0x37,
    0xE2, 0xD8, 0x23, 0x69, 0xBC, 0x36, 0x8F, 0x77, 0x31, 0x63, 0x27, 0x36, 0x11, 0xA9, 0x24, 0x15,
    0x67, 0x21, 0x0B, 0x5A, 0xAB, 0x0E, 0xE7, 0x4E, 0x68, 0xAE, 0x1C, 0x93, 0x73, 0x4F, 0x58, 0x19,
    0xF1, 0x8B, 0x87, 0xAC, 0x82, 0x5A, 0x98, 0x9A, 0x60, 0x00, 0xCC, 0x9E, 0xBC, 0x1A, 0xB3, 0xF8,
    0x56, 0xBF, 0x14, 0x6B, 0x6C, 0xB5, 0xEB, 0x50, 0xF4, 0xF6, 0xDE, 0x14, 0xD9, 0xCA, 0x95, 0x7B,
    0x81, 0xC2, 0x2E, 0x1F, 0x59, 0xEB, 0xB0, 0x23, 0x4C, 0xC3, 0x86, 0x04, 0x2A, 0x46, 0x77, 0x6D,
    0x52, 0x91, 0xFC, 0x64, 0x85, 0x2B, 0x6B, 0x01, 0x65, 0x26, 0x73, 0x8E, 0xE6, 0x2D, 0xFB, 0x13,
    0xDD, 0x25, 0xF9, 0x9C, 0x98, 0x8D, 0xFE, 0x37, 0xBE, 0x14, 0x11, 0xC8, 0x9B, 0x11, 0x25, 0xAC,
    0x57, 0x31, 0xAB, 0xEC, 0x83, 0x03, 0xFE, 0xAF, 0x09, 0xFD, 0xE8, 0x07, 0x4B, 0xCB, 0x77, 0x3D,
    0xB6, 0xAB, 0x9F, 0x9A, 0xFB, 0x2B, 0x61, 0x09, 0xA4, 0x13, 0xFC, 0x57, 0x02, 0x50, 0x04, 0x82,
    0x2C, 0x94, 0xEB, 0xF9, 0xC9, 0xD5, 0xC5, 0xD8, 0x55, 0xB6, 0xBA, 0xEB, 0x48, 0x39, 0xB4, 0xB4,
    0x46, 0x70, 0x3D, 0x9D, 0x37, 0xE1, 0x4E, 0x36, 0x13, 0x84, 0x19, 0x73, 0x42, 0xCE, 0xA5, 0xE1,
    0xCA, 0x4D, 0x6E, 0xD7, 0x01, 0xA7, 0x88, 0x39, 0x9F, 0x96, 0x55, 0xB6, 0x9A, 0xCD, 0x7F, 0xE7,
    0xB0, 0x92, 0xE3, 0x73, 0xE6, 0xD4, 0x14, 0xB6, 0x41, 0xC9, 0x1F, 0xC6, 0x8B, 0x12, 0xE9, 0x9C,
    0x26, 0x0D, 0x69, 0xF6, 0x12, 0x79, 0x7A, 0x25, 0x99, 0x4B, 0x44, 0x03, 0x48, 0x26, 0xE0, 0xB2,
    0x9F, 0x2D, 0x2C, 0xAA, 0xE9, 0xF4, 0x3C, 0x3A, 0x13, 0xC7, 0x4D, 0xC2, 0x6F, 0x34, 0xB2, 0x0F,
    0x92, 0x05, 0x8D, 0x6A, 0x9B, 0x61, 0xCF, 0xB9, 0x91, 0xCC, 0xEF, 0xA4, 0xC4, 0x9D, 0x7C, 0x39,
    0xD9, 0xA4, 0xF3, 0x9B, 0x71, 0xB3, 0x6E, 0x28, 0xAB, 0x80, 0x61, 0x24, 0xDE, 0x9E, 0x37, 0xD7,
    0xEF, 0x1B, 0x0C, 0x28, 0x91, 0x25, 0xF5, 0x7C, 0x0B, 0xF6, 0xFE, 0x1B, 0x99, 0x7B, 0x0B, 0xC1,
    0x1F, 0x28, 0xBC, 0x56, 0xE6, 0xCC, 0x8D, 0xC3, 0xEB, 0xFB, 0x29, 0x09, 0x7E, 0x19, 0xA5, 0xFE,
    0xAE, 0x96, 0x66, 0x53, 0xA8, 0xE8, 0xA8, 0xBC, 0xE7, 0x10, 0xFC, 0x1F, 0xED, 0x5A, 0x3D, 0x90,
    0xDD, 0x56, 0x15, 0xBE, 0x92, 0x26, 0x2B, 0x58, 0x4D, 0xA2, 0x26, 0x61, 0xC0, 0x26, 0xA3, 0x86,
    0x22, 0x63, 0x7E, 0xD4, 0xA4, 0xC8, 0x30, 0xC1, 0x12, 0xB8, 0xA4, 0x88, 0x0B, 0x6F, 0x28, 0x5C,
    0xD0, 0x12, 0x37, 0x9B, 0x22, 0x25, 0x19, 0x89, 0x8A, 0x32, 0xDB, 0x84, 0x26, 0x05, 0x5B, 0xA4,
    0xB0, 0x9F, 0x0B, 0xB7, 0x29, 0x92, 0x48, 0x33, 0x14, 0x94, 0x28, 0xA4, 0xA0, 0x48, 0x11, 0x61,
    0x6C, 0x98, 0x71, 0x63, 0x31, 0xA3, 0x01, 0x6D, 0x46, 0xD2, 0xE5, 0xFB, 0xCE, 0xB9, 0x7A, 0xEF,
    0xED, 0x62, 0x7B, 0x62, 0xC7, 0xD9, 0xD9, 0x61, 0xD0, 0xAC, 0xCE, 0x3D, 0x6F, 0x9F, 0xA4, 0x7B,
    0xEF, 0xF9, 0xFB, 0xCE, 0x39, 0x7A, 0xC6, 0xE0, 0xB8, 0x42, 0xE2, 0x8D, 0xA4, 0xBE, 0xD0, 0x00,
    0xF4, 0xDC, 0x8D, 0xF3, 0xBD, 0x09, 0xAD, 0xB5, 0x9D, 0x49, 0x41, 0x4B, 0x03, 0x62, 0xF3, 0xC0,
    0x1E, 0xED, 0xDB, 0x26, 0xB2, 0xB9, 0xB1, 0x5D, 0x8C, 0xAB, 0xD2, 0x21, 0xED, 0x8D, 0x89, 0xC7,
    0xAC, 0x33, 0x26, 0x9C, 0xB2, 0x06, 0xF7, 0xCE, 0x45, 0x8D, 0xE7, 0x28, 0xB5, 0x27, 0x69, 0x30,
    0x67, 0x2D, 0xE8, 0xC4, 0xEB, 0xA3, 0x31, 0x19, 0x8C, 0x49, 0xC6, 0x78, 0x36, 0x26, 0xEB, 0x43,
    0xDB, 0xF8, 0xB6, 0xF5, 0x39, 0x4B, 0x6D, 0x2A, 0x50, 0x7C, 0x65, 0x2D, 0x2E, 0xF0, 0x38, 0x39,
    0x86, 0xCB, 0x46, 0x0E, 0x0E, 0xFE, 0xC0, 0x45, 0xF6, 0x24, 0x9D, 0x89, 0xE6, 0x5B, 0x1D, 0x6F,
    0xA8, 0x03, 0xDE, 0x14, 0xDB, 0xFB, 0xB6, 0x4C, 0x07, 0x63, 0x1B, 0x4C, 0x94, 0x75, 0x98, 0x33,
    0xEE, 0xAA, 0xD2, 0xC4, 0x7D, 0x95, 0x9B, 0x48, 0xC8, 0x20, 0x1F, 0xF9, 0x45, 0x8F, 0xF5, 0xA6,
    0x1D, 0x36, 0x50, 0xB4, 0xF1, 0xFC, 0x0B, 0x5B, 0x73, 0xB7, 0x9C, 0x8E, 0xFB, 0xB2, 0xCD, 0x22,
    0x18, 0x1C, 0xCF, 0x0B, 0xAD, 0x84, 0xCE, 0x22, 0xAC, 0xE9, 0x85, 0xDC, 0x98, 0xAB, 0x63, 0x86,
    0x2D, 0xD9, 0x5E, 0x68, 0x23, 0xD4, 0x3C, 0x05, 0xDA, 0x08, 0x6D, 0xB1, 0x12, 0x6C, 0xC0, 0x04,
    0xD6, 0x40, 0x4C, 0xD1, 0x84, 0x9D, 0x99, 0x74, 0x14, 0x8D, 0xF4, 0x5C, 0x24, 0x17, 0x58, 0x40,
    0x23, 0x90, 0xBB, 0xED, 0xCD, 0xD6, 0x21, 0x8B, 0x1E, 0x17, 0x8D, 0x06, 0xC3, 0x35, 0x63, 0x6E,
    0x75, 0xD8, 0xB8, 0xAD, 0x49, 0xCC, 0x97, 0x26, 0x25, 0x49, 0x0D, 0x52, 0x34, 0x58, 0x43, 0x36,
    0x24, 0x56, 0x0C, 0x01, 0xEB, 0x18, 0x2D, 0xB4, 0xD9, 0xDA, 0x45, 0x2E, 0x27, 0x8E, 0xA0, 0x0C,
    0x4B, 0xC7, 0x86, 0x47, 0xD4, 0xB9, 0x1C, 0x1E, 0x15, 0xEA, 0x8E, 0x62, 0x5C, 0xB3, 0x51, 0x7B,
    0xEC, 0xDE, 0xBD, 0xBD, 0x2B, 0x42, 0xF7, 0xF6, 0x72, 0x4C, 0x75, 0x47, 0xF6, 0x69, 0x6B, 0xEB,
    0xF4, 0xE2, 0xD8, 0x5A, 0xD8, 0xD2, 0xDE, 0xBB, 0x65, 0x3B, 0x6F, 0xB5, 0xBA, 0x65, 0x0D, 0xA4,
    0x20, 0xCF, 0x84, 0x94, 0xC0, 0xC6, 0x13, 0x58, 0xC8, 0x0C, 0x6C, 0xC0, 0x49, 0x21, 0x44, 0xB0,
    0x1E, 0x59, 0x98, 0x16, 0x25, 0x86, 0xD3, 0xA7, 0x09, 0x93, 0x2D, 0x4D, 0x38, 0x9B, 0x85, 0xA5,
    0x49, 0x93, 0xC5, 0xE6, 0x69, 0xA1, 0xEE, 0xBF, 0x55, 0xB3, 0xB0, 0x1E, 0x4D, 0x51, 0x9F, 0x20,
    0x8F, 0x96, 0x07, 0xC9, 0x5D, 0x32, 0xDB, 0x6C, 0xE8, 0x0D, 0x64, 0x93, 0x11, 0x46, 0x25, 0xAC,
    0x57, 0x0D, 0x9C, 0xD6, 0x88, 0xFF, 0x74, 0xC1, 0x66, 0x17, 0xE1, 0xC2, 0x4E, 0x66, 0xCD, 0x1E,
    0x38, 0xF6, 0xA4, 0x4C, 0x93, 0xFC, 0xA2, 0x93, 0x4D, 0xFC, 0xAF, 0xC9, 0x88, 0x68, 0xB0, 0xB7,
    0x5E, 0x9E, 0xC9, 0x47, 0x37, 0xC6, 0xDD, 0x56, 0x60, 0x57, 0x94, 0x8B, 0xDC, 0xB5, 0x88, 0xC5,
    0x38, 0xA9, 0xAC, 0x56, 0xAB, 0x52, 0x85, 0x42, 0xF3, 0x51, 0x99, 0x38, 0x0E, 0x57, 0xC8, 0x12,
    0x74, 0xC3, 0xFC, 0xA4, 0x1C, 0xB6, 0xE4, 0xE4, 0x11, 0x8D, 0x8B, 0x38, 0x92, 0x6E, 0xE1, 0x60,
    0xAA, 0x4E, 0x9C, 0x8C, 0x0F, 0x22, 0x0B, 0xFC, 0x39, 0x51, 0x84, 0xE3, 0x22, 0x89, 0xB8, 0x5F,
    0x04, 0x41, 0xE7, 0x17, 0x39, 0x98, 0xEA, 0xAE, 0xA8, 0x98, 0x0A, 0xB1, 0xB0, 0x25, 0x4A, 0x61,
    0xE1, 0x0E, 0x94, 0xDB, 0xDE, 0xFF, 0xEE, 0xA1, 0x19, 0x7C, 0xFE, 0x27, 0xC6, 0xDC, 0xFB, 0x8E,
    0xC9, 0x24, 0x2E, 0x80, 0x89, 0xC5, 0x27, 0xC1, 0x04, 0x83, 0x63, 0xF4, 0x70, 0xCC, 0xF9, 0xA3,
    0xB8, 0xDB, 0x5D, 0xAD, 0x6E, 0xE0, 0xA9, 0x7F, 0xEA, 0x62, 0xCC, 0x24, 0x51, 0x8D, 0x4C, 0x6C,
    0x6F, 0x2A, 0x03, 0xB5, 0x51, 0x66, 0xF1, 0x80, 0x1D, 0x51, 0xF1, 0x29, 0x03, 0x07, 0xF6, 0x69,
    0x8A, 0x9A, 0xD1, 0x42, 0x4C, 0x01, 0x5E, 0xC1, 0x29, 0x66, 0xA3, 0x0C, 0xE4, 0xA1, 0x5F, 0xA5,
    0x1D, 0xDD, 0x04, 0x4C, 0xD1, 0xD0, 0x83, 0xF1, 0xD1, 0x8A, 0xF5, 0x14, 0x1D, 0x4D, 0x24, 0x99,
    0x76, 0x6C, 0x17, 0xCD, 0x7B, 0x7B, 0x91, 0x9B, 0x74, 0x46, 0x88, 0xFB, 0x5C, 0x18, 0x53, 0xCC,
    0xB1, 0x32, 0x5E, 0xEE, 0xCC, 0x5F, 0xE8, 0x0B, 0xB4, 0x7E, 0xF9, 0x4F, 0xE1, 0x54, 0xF2, 0x60,
    0xEE, 0x42, 0x75, 0xCF, 0x5D, 0xB7, 0x28, 0xE2, 0xF4, 0x39, 0xF5, 0x27, 0x23, 0x22, 0x20, 0x17,
    0x8C, 0x9E, 0xAA, 0x74, 0xA4, 0xA5, 0xE7, 0xC2, 0x79, 0xDC, 0xA2, 0x70, 0x58, 0xFC, 0xE0, 0xB8,
    0x48, 0x02, 0xEC, 0x56, 0x74, 0xDD, 0x1C, 0x1F, 0xBB, 0x80, 0x91, 0x53, 0x1C, 0xBE, 0xA5, 0xC9,
    0xF2, 0x93, 0x4C, 0xF4, 0xC6, 0x32, 0xF3, 0x03, 0x86, 0x95, 0x0E, 0xF6, 0xEB, 0x19, 0xB8, 0xE8,
    0x87, 0x0C, 0xBA, 0x04, 0xB7, 0x6A, 0x8D, 0x81, 0x62, 0x91, 0x66, 0x7F, 0x52, 0xE0, 0x18, 0x54,
    0x58, 0x6A, 0xD2, 0xDF, 0x59, 0x3B, 0x75, 0x73, 0x2D, 0xCF, 0x00, 0x4E, 0xCB, 0xB9, 0x5B, 0xC2,
    0xA0, 0xCC, 0xE6, 0x3C, 0x77, 0x50, 0x95, 0x69, 0xF3, 0x55, 0x4F, 0x18, 0x73, 0x23, 0x2A, 0xA3,
    0x8A, 0x22, 0x28, 0x07, 0x38, 0xC2, 0x40, 0x69, 0xFC, 0x03, 0xB1, 0x37, 0x9C, 0x1E, 0x42, 0x8B,
    0x0B, 0x6C, 0xD0, 0xDA, 0x64, 0x9B, 0x0D, 0xDB, 0x6D, 0x58, 0x75, 0x67, 0xEF, 0xA6, 0xBD, 0x6E,
    0x5D, 0xC0, 0x94, 0xF0, 0x91, 0x6F, 0xD8, 0x7A, 0xCD, 0x16, 0xDD, 0x9A, 0xD5, 0x40, 0x2C, 0xAC,
    0x86, 0x67, 0x61, 0x2F, 0xD9, 0x35, 0x9B, 0x0B, 0x30, 0x29, 0x5B, 0xB4, 0x6B, 0x36, 0xED, 0xD7,
    0x6C, 0x3C, 0xAE, 0xD9, 0xC0, 0x16, 0x0B, 0x0B, 0xB3, 0xCA, 0x3D, 0xC6, 0x1B, 0x3C, 0xA8, 0xB2,
    0x79, 0x58, 0x6A, 0xAC, 0xCA, 0x6C, 0x9E, 0xB4, 0x0E, 0x08, 0xF0, 0x14, 0xD1, 0x50, 0x8E, 0xB0,
    0x9A, 0xC7, 0x04, 0x4E, 0x8D, 0xFC, 0x01, 0xD1, 0xD3, 0x45, 0xAE, 0x62, 0x5E, 0x1B, 0xDE, 0xE2,
    0x86, 0x9B, 0x23, 0x74, 0xC8, 0x1A, 0x8F, 0x2A, 0xAA, 0x78, 0x54, 0x39, 0x61, 0x14, 0x21, 0xF9,
    0x87, 0x76, 0x81, 0x09, 0x87, 0x1C, 0x8B, 0x6C, 0x54, 0x30, 0x3B, 0xEF, 0xAB, 0x54, 0xA2, 0x41,
    0x45, 0x82, 0x51, 0xE4, 0x81, 0x51, 0x96, 0x88, 0x51, 0x24, 0x81, 0x51, 0xC4, 0xC0, 0x91, 0x32,
    0xE0, 0x48, 0x01, 0x70, 0xE4, 0xEE, 0x39, 0x72, 0xEB, 0x1C, 0xB9, 0x6F, 0x8E, 0xDC, 0xB4, 0x8C,
    0x99, 0x1B, 0x63, 0x37, 0x86, 0x6E, 0xF4, 0xDD, 0x28, 0xCF, 0x77, 0x70, 0xEB, 0xC6, 0xD8, 0xED,
    0x2B, 0xD1, 0xD1, 0x77, 0x80, 0x11, 0x38, 0xA7, 0xF4, 0x9D, 0x5B, 0x99, 0xF7, 0x8F, 0xA3, 0x50,
    0xBD, 0x6D, 0xC7, 0x45, 0xB7, 0xFD, 0x69, 0x37, 0x7F, 0x50, 0x2E, 0x60, 0xAE, 0x79, 0xB0, 0xE5,
    0x73, 0x65, 0xF5, 0x1A, 0x66, 0xC8, 0xEA, 0xAA, 0x82, 0x98, 0x30, 0xD8, 0x5B, 0x13, 0x07, 0x06,
    0x48, 0x0C, 0xB5, 0x27, 0x43, 0x69, 0x9E, 0xFA, 0xB0, 0xC4, 0xA8, 0xAD, 0xA1, 0x92, 0xE1, 0xBC,
    0x40, 0x07, 0x12, 0x4C, 0xA7, 0x5D, 0x19, 0x76, 0x0E, 0xD6, 0x6A, 0x2F, 0xC3, 0x9C, 0xC2, 0xD2,
    0xBC, 0x55, 0x2E, 0x2A, 0x06, 0x75, 0xD9, 0xCD, 0xD6, 0x9E, 0x91, 0x84, 0x34, 0x15, 0x29, 0x64,
    0xFD, 0x26, 0xAF, 0xB1, 0x92, 0x7B, 0xD1, 0x0E, 0x90, 0x05, 0x5B, 0xC9, 0xA6, 0x25, 0x4B, 0x63,
    0xDE, 0xC9, 0x9C, 0xB3, 0x26, 0x30, 0x51, 0x6A, 0x69, 0x4B, 0x84, 0xC9, 0x6A, 0x2A, 0xA3, 0xA8,
    0xA9, 0x1A, 0x5B, 0x0A, 0x68, 0x12, 0x0C, 0x25, 0x11, 0x36, 0x92, 0x2E, 0x20, 0x41, 0x59, 0xAD,
    0x6C, 0xC9, 0x0B, 0x8A, 0x9A, 0x58, 0x94, 0x35, 0x89, 0x60, 0x14, 0x9D, 0x3A, 0x21, 0x52, 0x01,
    0xB8, 0x74, 0x4D, 0x6F, 0x1B, 0x30, 0xD9, 0x67, 0x20, 0x31, 0x01, 0x34, 0x90, 0x6D, 0xCE, 0xC7,
    0x34, 0x72, 0x7E, 0xD8, 0x3D, 0x84, 0x09, 0xBD, 0xD3, 0x01, 0x05, 0xEF, 0x77, 0x4C, 0x97, 0xBB,
    0x74, 0xF0, 0x6C, 0x27, 0xC8, 0x57, 0x10, 0xBF, 0x04, 0xD6, 0x68, 0x4F, 0x4A, 0x04, 0xEE, 0xAA,
    0x5A, 0x67, 0xCA, 0x3A, 0x20, 0x5B, 0xD5, 0x25, 0x48, 0x97, 0x3B, 0x41, 0x34, 0x9F, 0xA0, 0x6A,
    0x8A, 0x09, 0xEB, 0x5A, 0xDC, 0xE7, 0x45, 0xF3, 0x43, 0x93, 0xDD, 0x9E, 0x11, 0x6C, 0x06, 0x6C,
    0xA3, 0x91, 0xA4, 0xC4, 0xE1, 0x1A, 0xF3, 0xF4, 0x7C, 0x39, 0xAF, 0xD9, 0x7B, 0xDB, 0xE1, 0xEE,
    0xB1, 0xCF, 0x62, 0xEB, 0x59, 0x95, 0x64, 0xC2, 0x26, 0x35, 0x6F, 0x27, 0xFF, 0x18, 0x23, 0x2E,
    0xAB, 0x76, 0xF9, 0x3A, 0x8D, 0xD0, 0x10, 0xB3, 0x1F, 0xF7, 0x4F, 0x0F, 0xBF, 0xF1, 0x59, 0xB6,
    0x4C, 0x92, 0x74, 0xE8, 0x24, 0x99, 0x44, 0xF5, 0xA8, 0xDB, 0xC8, 0xF4, 0xDC, 0x0D, 0x1A, 0x8D,
    0xE4, 0x2C, 0xE9, 0x92, 0xC9, 0x9C, 0x85, 0x5A, 0xC9, 0x98, 0x0F, 0x3D, 0x1A, 0xD7, 0xEF, 0x3B,
    0x5E, 0x50, 0x73, 0x8D, 0x8C, 0x9E, 0xD3, 0x31, 0x83, 0x88, 0x66, 0x26, 0x78, 0x88, 0x8D, 0x01,
    0x71, 0xFA, 0x91, 0xF5, 0xD3, 0xF0, 0x84, 0xF5, 0x93, 0xDA, 0x04, 0x56, 0x7E, 0x9B, 0xFE, 0x40,
    0xBB, 0xE0, 0x1E, 0x25, 0x70, 0x14, 0xEB, 0xB8, 0xC1, 0x8A, 0x6A, 0xCF, 0x3C, 0xB5, 0x2A, 0xEA,
    0x29, 0x56, 0x54, 0xC6, 0xEF, 0xC2, 0xC6, 0x78, 0xA2, 0xA6, 0x82, 0x3B, 0x48, 0xE8, 0xE2, 0x61,
    0x77, 0x2C, 0xD0, 0x31, 0xFF, 0x78, 0xBC, 0x02, 0xEB, 0x09, 0xAA, 0x2C, 0xAF, 0xF1, 0xC4, 0x6C,
    0x24, 0xEA, 0x54, 0xA2, 0xEB, 0x74, 0xDE, 0x06, 0x2A, 0x89, 0x63, 0x37, 0x44, 0xBC, 0x94, 0x6F,
    0x22, 0xA9, 0x17, 0x2D, 0xA4, 0xF6, 0xED, 0x17, 0x57, 0x6D, 0x13, 0xE2, 0x9E, 0xA2, 0x64, 0x85,
    0xF4, 0x1C, 0xEC, 0xD1, 0x68, 0x75, 0xA4, 0x29, 0x1D, 0x95, 0x51, 0x3B, 0xFA, 0xC2, 0xDE, 0x15,
    0xD0, 0xC2, 0x8E, 0x42, 0x27, 0x64, 0xB6, 0xA0, 0x10, 0xE0, 0x85, 0x9B, 0x6A, 0xBD, 0x23, 0x25,
    0x10, 0x8D, 0x4C, 0x25, 0x92, 0x9E, 0xA8, 0x51, 0x75, 0x10, 0xE0, 0x2D, 0xCB, 0xAB, 0x69, 0x8D,
    0x91, 0x18, 0x81, 0x57, 0x31, 0x97, 0xDF, 0xB2, 0xC6, 0x8B, 0xE6, 0x43, 0x4C, 0xF5, 0x97, 0x47,
    0x86, 0xA7, 0xA3, 0x9D, 0xF7, 0xE1, 0x3E, 0x9F, 0x0D, 0x0C, 0x7D, 0x03, 0xAD, 0x71, 0xC0, 0x3A,
    0xAB, 0x01, 0x93, 0xA7, 0x8C, 0xC7, 0x31, 0xCD, 0x6F, 0x31, 0xC4, 0x5C, 0xA3, 0x6A, 0xA4, 0x5F,
    0x60, 0x0F, 0xC9, 0x80, 0x48, 0x5C, 0x0C, 0xF1, 0xFC, 0xBA, 0x1D, 0xA8, 0x57, 0x04, 0x36, 0x3C,
    0x0A, 0x32, 0x12, 0xE0, 0x13, 0xD4, 0x93, 0xA2, 0x20, 0xED, 0x82, 0x3B, 0x5E, 0xD5, 0xF0, 0x92,
    0x3A, 0x72, 0x56, 0xDB, 0x53, 0x72, 0xF9, 0x19, 0xF3, 0xE6, 0x7A, 0x9D, 0x53, 0xBA, 0xFE, 0xCC,
    0xA0, 0x5D, 0x9A, 0xCB, 0xF2, 0x7F, 0xF9, 0xA0, 0xB6, 0x7A, 0xBE, 0xFC, 0xDA, 0x3C, 0xB9, 0x5D,
    0xDC, 0x54, 0x12, 0x73, 0x09, 0x1E, 0xF3, 0xF7, 0x38, 0x31, 0xD9, 0x8C, 0x6B, 0xD8, 0x3D, 0xF8,
    0x7F, 0xE5, 0xEE, 0x58, 0x95, 0x83, 0xD1, 0xBB, 0xEE, 0xAC, 0x39, 0xBB, 0xE1, 0x34, 0x0F, 0xF9,
    0x1F, 0xAA, 0xD2, 0xBF, 0xAD, 0x48, 0xA3, 0x58, 0x22, 0x01, 0x44, 0x68, 0x25, 0xE9, 0xD4, 0xCB,
    0xDB, 0xF9, 0x63, 0xBB, 0xA9, 0x86, 0x8E, 0x3E, 0xA2, 0x05, 0x77, 0x17, 0xC9, 0xF7, 0x3F, 0x59,
    0xE7, 0x4D, 0x2E, 0x1C, 0x9D, 0xAD, 0xAC, 0xCA, 0x44, 0xB2, 0x9A, 0x52, 0xCD, 0x50, 0x41, 0x34,
    0x92, 0xEE, 0x63, 0xBE, 0xD4, 0xAF, 0xBE, 0x02, 0x1B, 0x6F, 0xBA, 0x84, 0xFB, 0xE3, 0x80, 0xE4,
    0x33, 0xB9, 0x98, 0xB7, 0x7D, 0x74, 0xCA, 0x29, 0x98, 0xB6, 0x49, 0xB7, 0x40, 0x2A, 0x5D, 0x12,
    0xFD, 0xDE, 0xD5, 0xA7, 0x7A, 0xA1, 0x77, 0x60, 0x4E, 0xF4, 0xDF, 0xC4, 0x7C, 0x3D, 0x29, 0x6C,
    0x8D, 0x08, 0x4A, 0xBC, 0xD3, 0x8D, 0x89, 0x7D, 0x57, 0xBE, 0xCF, 0x96, 0xB2, 0x5B, 0x47, 0xCF,
    0x8D, 0xAA, 0x12, 0xAA, 0x43, 0xC7, 0xB4, 0xB3, 0xAB, 0xD5, 0x01, 0xE5, 0xAB, 0x96, 0x22, 0xD6,
    0xDB, 0x42, 0x7F, 0x6A, 0x39, 0xA1, 0xDA, 0xAA, 0x89, 0xE7, 0x95, 0xE6, 0x55, 0x56, 0x9F, 0x53,
    0xB8, 0xD1, 0xEA, 0x18, 0x38, 0x27, 0x8F, 0xA8, 0xC4, 0x7B, 0xAB, 0xEB, 0xAC, 0x59, 0xB8, 0x1E,
    0x67, 0xA5, 0x23, 0x33, 0x7A, 0xB7, 0xBE, 0x25, 0x7D, 0x77, 0x7B, 0x76, 0x19, 0x7F, 0xAB, 0xA5,
    0x8D, 0x2C, 0x29, 0x54, 0x95, 0xFA, 0xE5, 0x7F, 0x97, 0x2A, 0xFB, 0x47, 0x66, 0xFF, 0x0E, 0xB7,
    0xFC, 0x29, 0xA6, 0x4D, 0x38, 0x39, 0x22, 0xE7, 0x8C, 0x48, 0x6A, 0xFB, 0x04, 0x20, 0x51, 0x47,
    0xE3, 0x0E, 0x9D, 0x32, 0x98, 0x18, 0xC5, 0x91, 0x0D, 0x98, 0x6F, 0xDD, 0x84, 0x05, 0xCD, 0xE2,
    0xF6, 0xD6, 0xA6, 0x42, 0xE7, 0xEC, 0xAE, 0xCF, 0x18, 0x56, 0x95, 0x32, 0xA8, 0xA3, 0x61, 0xF5,
    0x08, 0xF1, 0xE6, 0xCD, 0xAA, 0x4E, 0xED, 0x74, 0x75, 0xC8, 0x08, 0x94, 0x76, 0x4C, 0xA4, 0x0F,
    0x85, 0xE0, 0xDF, 0x0A, 0x90, 0x3F, 0xBF, 0xE0, 0xE4, 0x37, 0x36, 0x3D, 0x90, 0x50, 0xA2, 0x46,
    0x6A, 0x37, 0x00, 0xFD, 0xD2, 0xB2, 0xD8, 0x5C, 0x60, 0x6A, 0x60, 0xD0, 0xF9, 0xDB, 0x20, 0x19,
    0x43, 0xA7, 0xC1, 0x45, 0x60, 0x0A, 0xCB, 0x45, 0x99, 0x48, 0x98, 0x0A, 0x2C, 0x61, 0x2A, 0xBE,
    0x4F, 0x98, 0x4A, 0xFF, 0x48, 0x98, 0xAA, 0x08, 0x53, 0xDE, 0x48, 0x98, 0x0A, 0x7A, 0x42, 0x53,
    0xDC, 0x92, 0x66, 0x35, 0x69, 0x45, 0x98, 0xFA, 0x64, 0x24, 0x4C, 0xFD, 0xBB, 0x27, 0x4C, 0x61,
    0x75, 0x80, 0x29, 0x26, 0x0D, 0xC7, 0x60, 0x4A, 0x36, 0x8D, 0xC7, 0x12, 0xA6, 0x92, 0xDF, 0x30,
    0xE9, 0xDC, 0xD9, 0x82, 0x79, 0x77, 0x3C, 0x2B, 0xDE, 0x2B, 0xF6, 0x51, 0xBB, 0xD0, 0x10, 0xB7,
    0x1B, 0xF5, 0x6C, 0xF2, 0xCF, 0x4B, 0x02, 0x7B, 0x2D, 0xAD, 0xAD, 0x76, 0xA8, 0xE5, 0x13, 0xB5,
    0x02, 0x0B, 0x7B, 0x8F, 0xEF, 0xB3, 0x3D, 0xF2, 0x0E, 0x50, 0xAB, 0x02, 0x60, 0xFD, 0x6C, 0x04,
    0xF9, 0x6D, 0x07, 0xD4, 0xFA, 0xBC, 0x81, 0xD7, 0xA3, 0x4A, 0xEE, 0x90, 0x00, 0x39, 0xD4, 0x8A,
    0xB9, 0x28, 0xA9, 0xF8, 0x33, 0x40, 0x35, 0x72, 0xCE, 0x2B, 0xC7, 0x67, 0x7A, 0x8B, 0xC9, 0x93,
    0x37, 0x31, 0x57, 0xF2, 0xED, 0xCF, 0xA9, 0xA0, 0xE2, 0x13, 0x2B, 0x29, 0x01, 0x7D, 0xDB, 0xAB,
    0xC3, 0x33, 0x5D, 0xDC, 0x45, 0xE6, 0x15, 0xDA, 0x34, 0x53, 0x86, 0x7F, 0x5A, 0x46, 0x7A, 0x26,
    0xB4, 0x33, 0x37, 0xF3, 0x03, 0x73, 0x78, 0xDA, 0xE1, 0xC5, 0x45, 0x14, 0x95, 0x44, 0x20, 0x7E,
    0x1A, 0x75, 0x74, 0xB8, 0xDD, 0x3A, 0x2A, 0xCF, 0xAC, 0x14, 0xDF, 0x58, 0x82, 0x74, 0x4A, 0xEC,
    0xCD, 0xDE, 0x1B, 0xE8, 0x68, 0x78, 0xDC, 0xAF, 0xCD, 0x07, 0xA7, 0x2C, 0xC0, 0xD8, 0xBC, 0x4A,
    0x44, 0x81, 0x04, 0x8A, 0xBF, 0x32, 0x7B, 0x61, 0x7E, 0x0B, 0xCB, 0xC4, 0xAA, 0x5E, 0x31, 0xAE,
    0xC7, 0x80, 0x72, 0x79, 0x4F, 0x63, 0xE2, 0x16, 0xF9, 0x62, 0xB5, 0xD2, 0x50, 0xF0, 0x40, 0x42,
    0x77, 0x3C, 0x49, 0x1E, 0x7A, 0xB1, 0xBB, 0xC3, 0x96, 0x27, 0x88, 0xAB, 0xD7, 0xDE, 0xC4, 0xB7,
    0x3F, 0x85, 0x6C, 0xAA, 0x4F, 0x25, 0xC9, 0xC7, 0xEE, 0xFC, 0x91, 0x92, 0x7D, 0xD9, 0xAB, 0x1F,
    0x50, 0x3D, 0xB6, 0xD4, 0x03, 0x72, 0x08, 0x84, 0x36, 0x58, 0x86, 0x87, 0x95, 0xA2, 0x14, 0xA8,
    0x8B, 0x92, 0xBD, 0x98, 0x7B, 0xAB, 0xAA, 0x66, 0x5A, 0xDB, 0x28, 0x29, 0x8D, 0x56, 0xF0, 0x6E,
    0x05, 0xBD, 0xF9, 0x2E, 0x6E, 0xDB, 0x9B, 0x25, 0x7F, 0xCA, 0xB5, 0x57, 0xAC, 0x39, 0xE7, 0xE2,
    0xBD, 0xA9, 0xF4, 0x8C, 0xA9, 0x6E, 0x44, 0xAC, 0xA4, 0xF1, 0x9B, 0xF0, 0x60, 0xC1, 0x2A, 0xDA,
    0xC1, 0xFA, 0x04, 0x36, 0xB8, 0x3C, 0xE7, 0xF8, 0xA9, 0xF9, 0xCA, 0xE6, 0x7C, 0xD0, 0x35, 0x7A,
    0xDD, 0xBC, 0x7D, 0x1A, 0x8F, 0xDD, 0x2F, 0xC6, 0x3E, 0x88, 0x09, 0xEB, 0xA9, 0xAE, 0x62, 0xF7,
    0x23, 0x13, 0xF0, 0x0F, 0x4C, 0x7F, 0xBA, 0x22, 0x88, 0xE0, 0xE2, 0x09, 0x82, 0x73, 0xD6, 0x11,
    0x86, 0xE0, 0x4F, 0x73, 0xD0, 0xAF, 0xBD, 0x1E, 0x62, 0x80, 0x68, 0xA6, 0xE5, 0x64, 0x83, 0x96,
    0x10, 0xFB, 0xA4, 0xA7, 0xB7, 0xF5, 0x2C, 0x5F, 0x12, 0x3E, 0x46, 0xF2, 0xB7, 0x60, 0x0C, 0x13,
    0x6D, 0x21, 0x4F, 0xFA, 0xA2, 0xF1, 0xC7, 0xA8, 0x3B, 0x66, 0x08, 0xDE, 0x75, 0xDC, 0x3B, 0x7D,
    0xF5, 0xD3, 0x81, 0x45, 0x84, 0x34, 0x25, 0x61, 0x18, 0x87, 0x83, 0x5C, 0x30, 0x3F, 0x3E, 0x9D,
    0xEE, 0xD1, 0x1B, 0xD0, 0x5F, 0x1B, 0x03, 0x2F, 0xFF, 0x3E, 0x66, 0xF9, 0xC7, 0x3F, 0x32, 0x17,
    0x9F, 0x42, 0xF7, 0xE8, 0x55, 0x23, 0x85, 0x7A, 0x20, 0x65, 0xC6, 0x1F, 0xAC, 0x04, 0x43, 0xCE,
    0x1F, 0xF6, 0xD2, 0x49, 0x3C, 0xDC, 0xCA, 0x43, 0xCE, 0x6C, 0x0F, 0xE9, 0x39, 0x28, 0x1F, 0x9A,
    0xC0, 0x8A, 0x8A, 0xDB, 0xAC, 0x14, 0x86, 0xA2, 0x81, 0xAE, 0xD8, 0xFE, 0x7A, 0xC9, 0x6B, 0x4E,
    0xBD, 0x91, 0xC4, 0xF2, 0x50, 0x7A, 0x1F, 0xDA, 0xE3, 0xE0, 0x16, 0xFB, 0x18, 0x97, 0xF8, 0x6D,
    0x70, 0x70, 0xB6, 0x65, 0x49, 0x1F, 0xD9, 0x0E, 0x27, 0xEF, 0x61, 0xF2, 0x49, 0xC3, 0xC9, 0x70,
    0xCA, 0x62, 0x7C, 0x51, 0x54, 0x0A, 0x87, 0x36, 0xD5, 0x9F, 0xA9, 0xD2, 0x9E, 0x2A, 0xA5, 0x4F,
    0x9B, 0x37, 0x17, 0xA7, 0xA6, 0xBB, 0xAD, 0x61, 0x44, 0xD1, 0xA7, 0xC9, 0xEE, 0xAD, 0x04, 0x04,
    0x53, 0x4E, 0x24, 0xFD, 0x16, 0x24, 0x21, 0x0B, 0x91, 0xF6, 0x4B, 0x9F, 0xDD, 0xDD, 0xAB, 0x3A,
    0xBD, 0xD8, 0xDD, 0x06, 0x2F, 0xBE, 0xFB, 0x4B, 0x90, 0x06, 0x25, 0x7E, 0x26, 0x3D, 0xAE, 0x06,
    0xB5, 0x38, 0x6B, 0xD2, 0x1A, 0xA4, 0x10, 0x50, 0x95, 0xE7, 0xC9, 0x53, 0xA6, 0xAD, 0xEC, 0xD1,
    0xC5, 0x1C, 0xAC, 0x90, 0x36, 0x77, 0x32, 0xE6, 0x78, 0xD7, 0xC3, 0xDE, 0x9F, 0xB2, 0x1E, 0x09,
    0x04, 0x11, 0x16, 0xE7, 0xD1, 0x21, 0xBB, 0xBE, 0xCC, 0xB8, 0x1F, 0x27, 0xE4, 0x6D, 0x65, 0x33,
    0x8C, 0xBB, 0x01, 0x35, 0x16, 0x75, 0x49, 0x6D, 0x76, 0xD6, 0x99, 0x8C, 0x14, 0x45, 0x52, 0xB2,
    0x48, 0xDE, 0x21, 0xC6, 0x64, 0x57, 0x37, 0xA5, 0x10, 0xAF, 0x58, 0x97, 0x67, 0x04, 0x95, 0xB4,
    0x5B, 0x13, 0x7E, 0x2C, 0x1A, 0xFB, 0xEE, 0xEB, 0xDA, 0x30, 0xC8, 0x97, 0xDB, 0x90, 0xA3, 0xBF,
    0x2B, 0xEF, 0x81, 0xF8, 0xBE, 0x39, 0x8F, 0x59, 0xFF, 0x84, 0xB3, 0x76, 0x24, 0x18, 0xF7, 0xF9,
    0x3C, 0xA9, 0xF3, 0x33, 0x79, 0x8A, 0x03, 0x99, 0x87, 0xC4, 0xA5, 0x6B, 0xDE, 0x54, 0xBD, 0x36,
    0x55, 0xD5, 0x58, 0xA1, 0x04, 0x9A, 0x7F, 0x55, 0xC9, 0x2B, 0x58, 0x98, 0xC2, 0xA3, 0xFF, 0x5C,
    0x3F, 0xB3, 0x8E, 0xA4, 0x36, 0x64, 0xC2, 0xA6, 0xF6, 0xEF, 0x5B, 0x96, 0x57, 0x9A, 0x91, 0x08,
    0xDC, 0x9C, 0xFD, 0xA6, 0xEC, 0xB3, 0x27, 0x8C, 0x78, 0x58, 0x1B, 0xF1, 0xF1, 0x14, 0xE5, 0x5C,
    0x69, 0x2E, 0xF0, 0x3D, 0x68, 0x56, 0x3F, 0x1E, 0x69, 0x49, 0xF8, 0xD6, 0x0A, 0x05, 0x27, 0x6A,
    0x0B, 0x14, 0x7A, 0xD2, 0x2A, 0xE4, 0xCF, 0x8C, 0xB0, 0x83, 0x6A, 0x00, 0x79, 0x66, 0xAB, 0x33,
    0x2B, 0x0E, 0x16, 0xC9, 0x1A, 0x13, 0xAB, 0xB2, 0xE4, 0x0B, 0x88, 0xEF, 0x3B, 0xF8, 0x3A, 0xBB,
    0xB2, 0xDC, 0x61, 0x1A, 0x91, 0xCD, 0x52, 0x70, 0x97, 0x70, 0x89, 0xFD, 0x1A, 0x21, 0x35, 0x6A,
    0x19, 0x51, 0xDB, 0x53, 0x6C, 0x70, 0x7B, 0xAB, 0x9C, 0x01, 0x67, 0x92, 0x85, 0xE6, 0x5C, 0x73,
    0x13, 0xCF, 0x5E, 0xD5, 0x42, 0xFA, 0x49, 0x8D, 0x64, 0x3E, 0x94, 0xDF, 0x63, 0x68, 0xF8, 0x8F,
    0xA5, 0xDE, 0xB0, 0xB3, 0xBC, 0x99, 0xEE, 0xA5, 0xC1, 0x2D, 0x4D, 0x8A, 0x9A, 0x6F, 0xF6, 0xB8,
    0xE8, 0x4A, 0x2E, 0xED, 0x22, 0xD6, 0x11, 0x29, 0x73, 0x75, 0x78, 0x1D, 0xF2, 0x72, 0xFB, 0x3B,
    0x3C, 0x94, 0x39, 0xAE, 0x84, 0x56, 0xB3, 0xBF, 0xC9, 0xB1, 0x5E, 0x5A, 0x7E, 0x45, 0x20, 0xB5,
    0xAA, 0xBE, 0x25, 0x4C, 0xCB, 0xA5, 0x7E, 0x95, 0xA2, 0x85, 0xF0, 0x52, 0xDD, 0xA1, 0x34, 0xD9,
    0x1D, 0x68, 0xB2, 0xBB, 0x45, 0x53, 0x94, 0x61, 0x8E, 0x04, 0x8F, 0xBF, 0xFC, 0x80, 0x04, 0x61,
    0x83, 0xF6, 0x48, 0x03, 0x88, 0x84, 0x5B, 0xBE, 0x20, 0x8D, 0xBB, 0x6F, 0x4A, 0x79, 0x99, 0xB6,
    0xFC, 0x85, 0x1A, 0x36, 0x9E, 0xEF, 0x10, 0x17, 0x9E, 0x71, 0x6F, 0x4C, 0xA9, 0x38, 0xBA, 0x1F,
    0xB7, 0xC6, 0xE4, 0x9F, 0x6F, 0x58, 0x33, 0x6D, 0x29, 0xB1, 0x95, 0x7A, 0x59, 0xBA, 0x70, 0x1B,
    0xB2, 0xBA, 0x39, 0xAF, 0x0E, 0xE5, 0xD7, 0x79, 0x5F, 0x23, 0xD1, 0xE3, 0x60, 0xF9, 0x18, 0xCE,
    0x4B, 0x7B, 0x4B, 0x9A, 0x12, 0x22, 0x8B, 0x90, 0x72, 0xF3, 0x97, 0x24, 0x87, 0xD9, 0xCE, 0xD6,
    0x79, 0x01, 0x89, 0x19, 0xE2, 0xFE, 0xFA, 0x94, 0x56, 0xE5, 0x89, 0x6B, 0xBE, 0xD4, 0xB9, 0xFC,
    0x58, 0x42, 0x5A, 0x9D, 0xB5, 0xBE, 0x9D, 0x10, 0x01, 0xE5, 0xDA, 0x85, 0x06, 0xA8, 0xFE, 0x07,
    0x3D, 0x50, 0xB1, 0x4E, 0xC3, 0x30, 0x10, 0x7D, 0x49, 0x50, 0x23, 0xB5, 0x12, 0x66, 0x28, 0x52,
    0x85, 0x90, 0xB2, 0x42, 0x87, 0x66, 0x61, 0xEE, 0x59, 0xFC, 0x0D, 0x1D, 0x60, 0x46, 0x2A, 0xB2,
    0xF9, 0x83, 0x7E, 0x42, 0x07, 0xA6, 0x4E, 0x7C, 0x41, 0x9A, 0xF2, 0x05, 0x11, 0x5F, 0x10, 0xA1,
    0x0A, 0x56, 0x0F, 0x19, 0x22, 0x11, 0xE7, 0xB8, 0x26, 0xA5, 0xF6, 0x59, 0xB2, 0xDF, 0xBD, 0x3B,
    0xBF, 0x77, 0x00, 0x86, 0x40, 0x92, 0x83, 0x1C, 0x94, 0x47, 0xC0, 0xC0, 0x35, 0x8E, 0xEB, 0x0E,
    0x41, 0x83, 0x98, 0x91, 0xD6, 0x20, 0x8B, 0x49, 0x0F, 0x5E, 0x02, 0x6C, 0x23, 0x2E, 0x15, 0x37,
    0xF4, 0xDA, 0x4E, 0x3A, 0x38, 0x76, 0xB3, 0xA4, 0x35, 0xC4, 0x7E, 0xAE, 0xEA, 0x71, 0xB0, 0x12,
    0x64, 0xCB, 0x95, 0xC4, 0x62, 0xF3, 0x26, 0x77, 0x02, 0x91, 0x6D, 0x93, 0xDF, 0x66, 0xC4, 0x55,
    0xC8, 0x05, 0xCE, 0xE4, 0x3B, 0x72, 0xB2, 0xCB, 0xA1, 0x3D, 0x74, 0x4C, 0x75, 0x86, 0xED, 0x8E,
    0xF5, 0xF6, 0x43, 0xCE, 0x8E, 0x31, 0xC3, 0x33, 0x06, 0x6B, 0xF2, 0xC4, 0x17, 0x04, 0x1F, 0x55,
    0x51, 0x01, 0x04, 0x1A, 0x4A, 0x54, 0xB4, 0x58, 0x26, 0x58, 0x2A, 0xCC, 0x0D, 0x52, 0x8F, 0x78,
    0xDF, 0x4B, 0x7A, 0x8F, 0x6C, 0x58, 0xAB, 0x72, 0xE4, 0xC9, 0xA5, 0x8E, 0xAD, 0xB9, 0xF7, 0xB8,
    0x41, 0xF1, 0xEF, 0x22, 0xC5, 0x4B, 0xF2, 0xD3, 0xC4, 0xEC, 0x02, 0xCE, 0x61, 0x3A, 0xE8, 0x5C,
    0xAC, 0x91, 0xF5, 0x30, 0x5F, 0xAC, 0x55, 0x6D, 0x8A, 0xC0, 0x8F, 0xDC, 0xA9, 0x64, 0x81, 0xCE,
    0x5D, 0x9D, 0x7E, 0x37, 0xA4, 0xB3, 0x19, 0xE6, 0x40, 0x58, 0xAA, 0x82, 0xB4, 0xD1, 0xA6, 0x24,
    0x27, 0xA3, 0x42, 0x58, 0x47, 0x55, 0xEC, 0x9E, 0x4A, 0xCE, 0x5B, 0x29, 0x18, 0x5A, 0x2A, 0x8D,
    0xEB, 0x33, 0x57, 0x78, 0x80, 0x11, 0x0F, 0x47, 0x2F, 0x9A, 0x74, 0xDB, 0x35, 0x1D, 0x6A, 0x2A,
    0x84, 0xE1, 0x62, 0x61, 0x11, 0xC6, 0x08, 0x8B, 0x28, 0x57, 0x36, 0xA9, 0x07, 0x1E, 0x59, 0xD0,
    0x52, 0x43, 0xAB, 0x8E, 0x26, 0xF3, 0x56, 0x7B, 0x90, 0x3E, 0xE8, 0x34, 0x13, 0x10, 0x1F, 0x6C,
    0x0E, 0x4A, 0x4C, 0x71, 0x4B, 0xC8, 0xD2, 0x4F, 0x2F, 0xBA, 0x22, 0x76, 0x78, 0xD4, 0x86, 0x5D,
    0x1F, 0x52, 0x35, 0xDD, 0xAC, 0x4F, 0xCF, 0x3F, 0xA5, 0x90, 0x3D, 0x8E, 0xC2, 0x30, 0x10, 0x85,
    0x07, 0x5C, 0xB8, 0x48, 0x91, 0x8A, 0xDA, 0xFD, 0x36, 0x3E, 0x82, 0x73, 0x09, 0x6A, 0x7A, 0x2E,
    0x61, 0x9A, 0xBD, 0x09, 0xCD, 0xE6, 0x12, 0xF1, 0x11, 0x52, 0xEC, 0x01, 0x72, 0x84, 0x29, 0xBC,
    0x12, 0x45, 0xC2, 0xEC, 0x7B, 0x01, 0x09, 0xE8, 0x90, 0xB0, 0x3C, 0x9F, 0x3C, 0xF6, 0xBC, 0xF9,
    0xB1, 0xC8, 0x6D, 0x6D, 0x56, 0xBA, 0x13, 0xE9, 0x0B, 0xD9, 0x4E, 0x64, 0x50, 0x32, 0x5D, 0xC8,
    0x3C, 0x93, 0x76, 0x65, 0xF8, 0x62, 0x0C, 0x9F, 0x33, 0x04, 0xBE, 0x26, 0x08, 0x1A, 0x0D, 0x23,
    0x45, 0x2D, 0x04, 0xB1, 0xF8, 0x0A, 0xD1, 0xC9, 0x41, 0x30, 0x20, 0x56, 0x04, 0x1A, 0x93, 0x2D,
    0xDC, 0xDC, 0x39, 0xE4, 0x4A, 0xA5, 0x41, 0x58, 0x18, 0xDB, 0xBF, 0xFD, 0xFE, 0xA0, 0xD1, 0xB0,
    0x6A, 0x22, 0xE7, 0x4C, 0x42, 0x70, 0x3C, 0x23, 0x7F, 0x63, 0x86, 0xFC, 0xB8, 0xAA, 0xB2, 0xC1,
    0xF5, 0x55, 0xBC, 0xFD, 0x1E, 0xAC, 0x6B, 0x17, 0xB8, 0x25, 0xA0, 0x44, 0x1E, 0x23, 0xBA, 0x8C,
    0x9A, 0x58, 0x5A, 0xD9, 0xC6, 0x9D, 0xF5, 0xE9, 0xAC, 0x71, 0x7D, 0x0D, 0xD3, 0x5A, 0x51, 0x59,
    0xDD, 0xA3, 0x87, 0xBC, 0xB6, 0x67, 0xDC, 0x6E, 0xA1, 0xDB, 0x54, 0x09, 0x36, 0x61, 0x47, 0xD3,
    0xF4, 0xCA, 0xAF, 0x4E, 0x7E, 0x30, 0xAA, 0xBD, 0x6D, 0x65, 0x0B, 0x73, 0x96, 0x6B, 0x34, 0x4E,
    0x94, 0x6D, 0x81, 0xA9, 0xE5, 0x6F, 0x16, 0x7A, 0xB5, 0x1D, 0x06, 0x3D, 0xF6, 0x7D, 0x7F, 0xE6,
    0xE4, 0x97, 0x07, 0xD0, 0xE3, 0xD0, 0xE1, 0x1F, 0x07, 0xF9, 0x04, 0xFF, 0xDD, 0x5B, 0xBF, 0x8F,
    0xDC, 0xC6, 0x15, 0x9E, 0x21, 0xB5, 0xCB, 0xE4, 0x08, 0x87, 0x2A, 0xEE, 0x00, 0x59, 0x52, 0xC0,
    0x46, 0x45, 0xA0, 0x86, 0x29, 0xDC, 0xA4, 0x88, 0x49, 0xB8, 0x49, 0x91, 0xE6, 0x8A, 0x3D, 0xA4,
    0x70, 0x73, 0xA5, 0x65, 0x04, 0x70, 0x0A, 0x57, 0x86, 0x63, 0x32, 0x75, 0x8A, 0x5C, 0x15, 0xB5,
    0x57, 0xB8, 0x90, 0xAF, 0x91, 0x0B, 0x17, 0x41, 0x60, 0x9B, 0x74, 0xFE, 0x81, 0x10, 0x29, 0xE2,
    0x96, 0x80, 0x01, 0x17, 0x52, 0x21, 0x16, 0x34, 0x4C, 0x01, 0x24, 0x27, 0xEF, 0x7B, 0xC3, 0x21,
    0x77, 0x57, 0xB6, 0xEE, 0x22, 0xE4, 0xB8, 0xDC, 0xEC, 0x81, 0xEF, 0xEE, 0x48, 0x0E, 0xF9, 0xE6,
    0x7B, 0xBF, 0xDF, 0xCC, 0x0A, 0xB1, 0x38, 0x16, 0xF4, 0x09, 0x4A, 0xD0, 0xB0, 0x02, 0x8D, 0x1B,
    0x50, 0x05, 0x2A, 0x55, 0x47, 0xD4, 0xEA, 0x14, 0x51, 0xBB, 0x51, 0x91, 0x10, 0x4E, 0x9D, 0x26,
    0x42, 0x78, 0x55, 0x98, 0x11, 0x2D, 0xC3, 0x82, 0x86, 0x16, 0x3E, 0x0D, 0x0E, 0x33, 0x8F, 0x06,
    0xC7, 0x99, 0x5B, 0xD3, 0xD0, 0xC4, 0xA1, 0xC1, 0x4A, 0xA9, 0x56, 0x58, 0x44, 0x95, 0xB0, 0x99,
    0x3A, 0xDD, 0xC5, 0x85, 0x4A, 0x70, 0x43, 0x9C, 0x79, 0x18, 0x92, 0x63, 0x60, 0x50, 0x86, 0xB9,
    0x10, 0x7E, 0x19, 0xE3, 0x81, 0xB5, 0xD8, 0xF8, 0x1C, 0x24, 0x6B, 0xBC, 0xAD, 0x51, 0x3F, 0x1F,
    0x6E, 0xB9, 0x53, 0x1F, 0x9C, 0x4B, 0xA5, 0xFE, 0x52, 0x3A, 0x4A, 0x3D, 0x2B, 0x3D, 0xF5, 0x4C,
    0x95, 0x41, 0x2D, 0x15, 0x1E, 0x1A, 0xE2, 0x99, 0x41, 0x49, 0xFC, 0x7A, 0x25, 0xB1, 0xDE, 0x93,
    0x94, 0x49, 0xA6, 0xDF, 0x18, 0x96, 0xF4, 0xC0, 0xB4, 0xF4, 0xBB, 0xDF, 0xA9, 0xD2, 0x25, 0x1E,
    0x4B, 0xE2, 0xF7, 0x9F, 0xA5, 0x88, 0x5B, 0xE2, 0x4F, 0x46, 0xC3, 0x4B, 0xDE, 0x01, 0x08, 0x8C,
    0x01, 0x20, 0xB0, 0xF1, 0x97, 0x68, 0x37, 0x59, 0x15, 0x71, 0x01, 0x9A, 0x32, 0x76, 0x1F, 0x30,
    0x15, 0x4C, 0x1D, 0xC6, 0xD4, 0xCD, 0x40, 0x97, 0xE3, 0x23, 0xE7, 0x86, 0xBB, 0xFC, 0x04, 0x5C,
    0x2A, 0x7A, 0x87, 0xA3, 0xE8, 0x8C, 0xF4, 0xC0, 0x70, 0x00, 0xF2, 0x11, 0xB8, 0xFA, 0x70, 0x63,
    0xAE, 0x93, 0x80, 0x4E, 0x9F, 0xD7, 0x98, 0x86, 0x8C, 0x5D, 0xCC, 0xBA, 0x00, 0x58, 0x84, 0x84,
    0x9A, 0x78, 0xF9, 0x39, 0xCE, 0xD6, 0x2C, 0x1A, 0xE0, 0xE4, 0xD6, 0x98, 0x8A, 0x15, 0x2D, 0x67,
    0x8B, 0xB1, 0xF9, 0x40, 0x53, 0x64, 0xC3, 0xAF, 0x05, 0xDF, 0x60, 0x8F, 0xE1, 0x76, 0x22, 0x62,
    0x8A, 0xC5, 0x40, 0xFF, 0x05, 0x8A, 0xCE, 0xA7, 0x6F, 0xD1, 0x1D, 0xF7, 0xE8, 0x67, 0x7A, 0xF0,
    0x1D, 0x6D, 0x7B, 0x8C, 0xBD, 0x5F, 0x8C, 0x9A, 0xDC, 0x83, 0x7F, 0xBA, 0x05, 0x7E, 0xB5, 0x27,
    0xE0, 0xBF, 0x8F, 0xD7, 0x82, 0x03, 0x8B, 0x0D, 0x38, 0x65, 0x1E, 0x31, 0x55, 0x57, 0xCC, 0x02,
    0x7C, 0xC9, 0xA8, 0xF9, 0xAC, 0xE7, 0x1E, 0x70, 0x11, 0x3F, 0x61, 0xF6, 0x44, 0xCC, 0x97, 0x35,
    0xF8, 0xE5, 0xFE, 0x81, 0xBF, 0xE0, 0xB7, 0x83, 0x1F, 0x85, 0x7F, 0x4F, 0x58, 0x04, 0xF8, 0xCB,
    0x85, 0x6E, 0x79, 0x09, 0x31, 0x25, 0x77, 0x0D, 0xFE, 0x4A, 0xB2, 0x77, 0xFF, 0x73, 0x06, 0x46,
    0xC0, 0x89, 0xF7, 0x35, 0xC0, 0x59, 0x44, 0x0F, 0x46, 0x1E, 0x3C, 0x0E, 0x3D, 0xFB, 0xA7, 0xF9,
    0x7E, 0x41, 0x2E, 0x3C, 0x06, 0x07, 0x1D, 0x04, 0xF0, 0x88, 0x61, 0x1F, 0x3E, 0x33, 0xD0, 0x7C,
    0xED, 0x63, 0xD2, 0x75, 0x60, 0xDF, 0x63, 0x60, 0xAD, 0xD9, 0xFB, 0xF3, 0xAB, 0xE6, 0x2A, 0x62,
    0x65, 0xF2, 0x88, 0x1E, 0xEA, 0x6A, 0x87, 0x1E, 0xFE, 0x92, 0x9C, 0xE6, 0x74, 0xCC, 0x60, 0x24,
    0x3B, 0x23, 0x9B, 0xE7, 0xCB, 0xC1, 0x4A, 0x38, 0x19, 0xA7, 0x34, 0x6E, 0x02, 0xF3, 0xF5, 0x33,
    0x0C, 0xC7, 0x43, 0xB4, 0x04, 0x44, 0x50, 0xCD, 0x57, 0x62, 0x92, 0x27, 0x01, 0x51, 0xE1, 0x1E,
    0x9D, 0x5A, 0xB0, 0x67, 0xFD, 0x1C, 0xE4, 0x90, 0x8E, 0x5B, 0x90, 0xD2, 0x97, 0x98, 0x79, 0xF8,
    0xB4, 0xEE, 0xED, 0xC1, 0x41, 0x5E, 0xC4, 0xD2, 0x9B, 0x44, 0x3E, 0xB7, 0xF8, 0x2D, 0x5F, 0x0C,
    0x86, 0x49, 0x2C, 0x6A, 0x13, 0xC9, 0x86, 0xC0, 0xBC, 0x97, 0xE0, 0x63, 0x12, 0x76, 0x6E, 0xB0,
    0xE7, 0x74, 0x82, 0xD3, 0x20, 0xF1, 0x47, 0x03, 0xFE, 0xEF, 0xC5, 0x23, 0x02, 0x5F, 0x1A, 0xF0,
    0xFD, 0x1D, 0x80, 0xBF, 0x9E, 0xCD, 0x33, 0x50, 0xE2, 0xEF, 0xEB, 0xD9, 0x7C, 0x39, 0x28, 0x90,
    0xFB, 0xD5, 0x1E, 0x8A, 0x80, 0xE7, 0xD0, 0x19, 0x0F, 0xE4, 0x3C, 0xCE, 0x4C, 0xEE, 0x19, 0x46,
    0xC6, 0x08, 0xEE, 0xCD, 0x43, 0x0E, 0x57, 0x08, 0xC6, 0x8B, 0x04, 0x05, 0x95, 0x96, 0x00, 0x71,
    0x91, 0xEC, 0x83, 0x04, 0x16, 0xD1, 0x4D, 0xF0, 0xF7, 0x45, 0x1F, 0x8C, 0xDB, 0x94, 0x9E, 0xBA,
    0x5A, 0x9E, 0xAD, 0xBB, 0xFF, 0x2D, 0xF0, 0x83, 0x5D, 0x19, 0x81, 0x9B, 0x41, 0x33, 0x5C, 0x86,
    0xC2, 0xE6, 0x90, 0x2C, 0x54, 0x3B, 0x86, 0xEA, 0xFF, 0x8F, 0x90, 0xAC, 0x3D, 0x2D, 0xBD, 0x2F,
    0x46, 0x55, 0x10, 0x3E, 0xAB, 0xA0, 0xED, 0x85, 0x01, 0xFC, 0xE6, 0x6C, 0x42, 0xF2, 0xC9, 0xC9,
    0xC9, 0x0A, 0x90, 0x0C, 0xC7, 0x93, 0x8B, 0x47, 0xB8, 0xEB, 0x85, 0x43, 0xA9, 0x62, 0xE3, 0xF8,
    0xA1, 0x7B, 0xF4, 0x7D, 0xDD, 0xFA, 0xB1, 0x01, 0x1A, 0x60, 0x32, 0x87, 0x0E, 0x3A, 0xA4, 0x07,
    0x1D, 0x8D, 0x4A, 0x09, 0x1A, 0x92, 0x46, 0x43, 0xA5, 0xC9, 0x63, 0x45, 0x6A, 0x2C, 0x55, 0x44,
    0x92, 0x8C, 0x33, 0x2A, 0xCE, 0xC3, 0x2C, 0x7D, 0x72, 0x91, 0x66, 0x29, 0x3D, 0x2C, 0xD7, 0x04,
    0x00, 0x32, 0x81, 0x84, 0xA0, 0x1C, 0x77, 0x69, 0xD8, 0x49, 0x07, 0x53, 0x55, 0x91, 0xE4, 0x77,
    0x06, 0x80, 0x7A, 0x54, 0x6B, 0x28, 0xBE, 0x41, 0xC0, 0x10, 0xB9, 0xD1, 0x68, 0x81, 0x65, 0xC7,
    0x74, 0xE6, 0x57, 0x5F, 0xEA, 0x08, 0x89, 0x12, 0x02, 0x21, 0xC5, 0x4A, 0xA6, 0x41, 0x49, 0x7E,
    0xCC, 0x75, 0x19, 0x13, 0x7A, 0xE5, 0x0D, 0x3F, 0x31, 0xBE, 0x93, 0xD9, 0xAC, 0x36, 0xF4, 0xEA,
    0x9A, 0x21, 0x7B, 0x60, 0x9D, 0xDB, 0xEA, 0x29, 0x14, 0xAA, 0xF0, 0xFE, 0xAD, 0x92, 0x45, 0x74,
    0x34, 0xA1, 0xA6, 0x04, 0x09, 0x21, 0x9F, 0x7E, 0x07, 0x73, 0xA5, 0x34, 0x56, 0x56, 0x08, 0x98,
    0xC7, 0xCB, 0x68, 0xC2, 0xE9, 0x9B, 0x82, 0x6C, 0xB0, 0x68, 0x4E, 0xE6, 0xD2, 0x3E, 0x54, 0xBB,
    0xC5, 0x2F, 0xE9, 0x4C, 0x03, 0x1F, 0x44, 0x93, 0xB0, 0xEB, 0x20, 0x27, 0x1D, 0xE9, 0xB5, 0x84,
    0x21, 0xD2, 0x0E, 0x66, 0x8D, 0x10, 0x4C, 0x3C, 0xDF, 0x1F, 0x26, 0x04, 0xD0, 0x0B, 0xE4, 0x47,
    0x6F, 0xEE, 0x47, 0x74, 0xDB, 0x64, 0x28, 0xB7, 0x72, 0x93, 0x50, 0x3B, 0x5C, 0xD0, 0x17, 0xA6,
    0x09, 0x71, 0x40, 0xA7, 0x5B, 0x53, 0xF9, 0x87, 0x98, 0x6A, 0x87, 0x34, 0xE9, 0xB4, 0x4F, 0xC7,
    0x27, 0x04, 0xD6, 0xCA, 0x34, 0x5F, 0xF0, 0xB4, 0xDC, 0xA6, 0x6A, 0x08, 0xD2, 0x7B, 0x40, 0x14,
    0x80, 0xDA, 0xCF, 0x83, 0x5C, 0xF6, 0x70, 0x4E, 0xE5, 0x99, 0x3E, 0x05, 0x66, 0x95, 0xE9, 0x9A,
    0xE9, 0x4E, 0x60, 0x08, 0xF2, 0xF3, 0x59, 0x80, 0x26, 0x57, 0x86, 0x05, 0x0F, 0xD9, 0xCA, 0x42,
    0x37, 0x50, 0x23, 0xED, 0xA6, 0xDC, 0xE2, 0xB3, 0x59, 0x6A, 0xE3, 0x82, 0x83, 0x74, 0x0E, 0x82,
    0xC8, 0xF8, 0x90, 0xE1, 0x2D, 0x4D, 0x9B, 0xC3, 0x07, 0xB0, 0x37, 0x76, 0x0C, 0xEC, 0xA1, 0xA4,
    0x53, 0x0F, 0x0B, 0x7A, 0x78, 0xEE, 0x7C, 0xAB, 0x32, 0x19, 0xBD, 0xDE, 0xBF, 0xB6, 0x10, 0x83,
    0x36, 0xD6, 0x53, 0x6B, 0x63, 0x98, 0xB3, 0xE3, 0xAB, 0xA9, 0x36, 0x06, 0x70, 0x9F, 0x6E, 0x66,
    0x14, 0xBB, 0xD7, 0x46, 0xCE, 0x8F, 0x5A, 0x80, 0x93, 0x68, 0x70, 0x64, 0x32, 0x8B, 0x24, 0x82,
    0x99, 0xB3, 0x71, 0x9F, 0x8F, 0xF0, 0x19, 0x6B, 0x78, 0xEA, 0x9D, 0x78, 0xB8, 0x4B, 0x93, 0x0D,
    0x8B, 0x58, 0xB4, 0x69, 0x8C, 0xF5, 0xB4, 0xD4, 0x85, 0x1F, 0x66, 0xF1, 0x26, 0x5D, 0xF8, 0x85,
    0xBE, 0x7E, 0x74, 0x72, 0x42, 0x3C, 0xAA, 0xC8, 0x1C, 0xEF, 0xAA, 0x27, 0x9A, 0x87, 0x57, 0x3C,
    0xE2, 0xB5, 0x67, 0xE1, 0x58, 0x9E, 0x85, 0x6D, 0xD8, 0xDD, 0x0C, 0x45, 0x6B, 0x57, 0x5C, 0x36,
    0x8B, 0xE5, 0xB9, 0x5B, 0x5D, 0xF6, 0x73, 0xDD, 0x5C, 0x0D, 0xF0, 0xDC, 0x87, 0x5B, 0xC9, 0xC6,
    0x23, 0x36, 0x97, 0x82, 0x24, 0xCD, 0xD3, 0x3C, 0xCE, 0x6E, 0x9B, 0x1B, 0x93, 0x30, 0xBB, 0xEC,
    0x07, 0xF7, 0xDD, 0x8E, 0xE2, 0x0C, 0x23, 0x43, 0xD6, 0xD5, 0xDB, 0x58, 0x90, 0x72, 0xE0, 0xD9,
    0x48, 0x70, 0xA8, 0x3B, 0x50, 0x04, 0x44, 0xB6, 0x7A, 0xFE, 0x9E, 0xCA, 0x5D, 0x62, 0x43, 0x95,
    0x1E, 0xF9, 0xD3, 0xA0, 0x46, 0x46, 0xE8, 0x35, 0x50, 0x32, 0xA7, 0x85, 0xEC, 0xED, 0x8E, 0xFB,
    0xB1, 0x9A, 0xAA, 0x6D, 0x6A, 0x77, 0xA8, 0x39, 0xEC, 0x16, 0xF7, 0xBB, 0x8D, 0x8F, 0xDA, 0xB6,
    0xF1, 0x3A, 0x28, 0x8C, 0xA3, 0x72, 0x4B, 0x15, 0x5C, 0x70, 0x64, 0x00, 0x50, 0x41, 0x47, 0xD1,
    0x2A, 0x95, 0x5C, 0x59, 0xF6, 0x8D, 0xF9, 0x5E, 0x33, 0xB8, 0x5E, 0xD3, 0xE5, 0x86, 0xCF, 0xD1,
    0xC8, 0x5F, 0xEB, 0x8E, 0xAD, 0x6B, 0x70, 0x05, 0x0D, 0xEE, 0x04, 0x0A, 0x86, 0x24, 0xA8, 0x85,
    0xCA, 0xE9, 0xF5, 0x5C, 0x30, 0x78, 0x5C, 0x30, 0x54, 0x54, 0x26, 0xB8, 0xB5, 0x26, 0xF8, 0x17,
    0x17, 0x2A, 0x9A, 0x45, 0x50, 0xD2, 0xB4, 0xE2, 0xC2, 0xA3, 0x82, 0x21, 0x83, 0x06, 0x83, 0x09,
    0xCC, 0x16, 0xAE, 0x7A, 0x4B, 0x83, 0xED, 0x2D, 0x0D, 0x6E, 0xB6, 0xD6, 0x25, 0x75, 0x2D, 0x1C,
    0xB2, 0x62, 0x73, 0xD6, 0x8C, 0xEE, 0x96, 0x59, 0x04, 0xD1, 0xED, 0x18, 0x93, 0x3D, 0x8B, 0xD9,
    0xE2, 0x2E, 0x1F, 0x6D, 0x04, 0xD7, 0x1B, 0x63, 0xCB, 0xE2, 0xC7, 0xD3, 0xEE, 0xEB, 0x85, 0x5E,
    0xAF, 0x18, 0x0D, 0x0B, 0x02, 0x61, 0x3E, 0xB6, 0xE9, 0x5A, 0x8E, 0x4E, 0x6F, 0x00, 0x7B, 0xE6,
    0x8E, 0x8D, 0xC6, 0x6E, 0x03, 0x84, 0xD9, 0xDE, 0x11, 0x8B, 0xB9, 0x6B, 0xB8, 0xC8, 0xCD, 0xFA,
    0x0C, 0x6A, 0x71, 0xDD, 0xB0, 0x63, 0x27, 0xEE, 0xE2, 0xCD, 0xA6, 0xFC, 0xE1, 0xF0, 0xA6, 0x7E,
    0x53, 0xA3, 0x69, 0x74, 0xBA, 0x03, 0x11, 0x58, 0xEC, 0x37, 0x38, 0x7D, 0x16, 0x6E, 0x35, 0x6A,
    0x35, 0xF7, 0x4E, 0x91, 0xAE, 0x6E, 0x8A, 0xE0, 0xF9, 0x5E, 0x89, 0xE0, 0x0F, 0x46, 0x02, 0xEB,
    0xF9, 0x2E, 0x14, 0xEC, 0x67, 0x2F, 0x8A, 0xC0, 0xD9, 0x85, 0x08, 0x56, 0xE3, 0x1A, 0x25, 0x77,
    0x13, 0xFB, 0x9C, 0x57, 0x57, 0x32, 0xBD, 0x08, 0xDE, 0xDF, 0x57, 0x11, 0xE8, 0xCC, 0x18, 0x9A,
    0x85, 0x55, 0x1A, 0xF1, 0xD7, 0xDA, 0x54, 0x1F, 0x6C, 0xEF, 0x1E, 0xDE, 0x7C, 0x63, 0xD7, 0x56,
    0x70, 0x28, 0xB9, 0xE9, 0xFC, 0xB0, 0xE4, 0xFE, 0x1C, 0x9D, 0x46, 0x82, 0x4C, 0x67, 0x4C, 0x8A,
    0x6C, 0xD2, 0xE4, 0xFD, 0xB5, 0x82, 0x20, 0x6F, 0x80, 0x20, 0xAF, 0x5A, 0xD2, 0xCB, 0x3F, 0xBB,
    0xB3, 0x91, 0x67, 0x6F, 0x59, 0x41, 0xB7, 0x03, 0x2B, 0xD0, 0x11, 0x9F, 0xA3, 0xAB, 0x66, 0xDE,
    0xAE, 0xFD, 0x7D, 0x72, 0x32, 0x57, 0xC8, 0x64, 0xC6, 0x9C, 0x9D, 0x63, 0x6F, 0x88, 0x82, 0xA7,
    0x83, 0x4F, 0x3A, 0xDD, 0x81, 0xCF, 0xBF, 0x24, 0xE3, 0xF9, 0xA9, 0x18, 0xB6, 0x4A, 0x70, 0x0F,
    0x95, 0xC6, 0x47, 0x34, 0x38, 0x2C, 0x70, 0xD3, 0xEB, 0x26, 0xE7, 0x69, 0x20, 0x93, 0x3B, 0x15,
    0xD7, 0x06, 0x25, 0x64, 0x42, 0xB0, 0xCC, 0x47, 0x26, 0xAF, 0x99, 0x29, 0x48, 0xC0, 0xED, 0x76,
    0x3A, 0xC2, 0x1D, 0x0B, 0xA7, 0x8F, 0x06, 0x7D, 0x8D, 0xEE, 0x76, 0x8F, 0x4B, 0x3C, 0x29, 0x43,
    0x77, 0xFC, 0xE5, 0x70, 0x57, 0xAF, 0xE4, 0x5C, 0xC4, 0x10, 0x70, 0x44, 0xAA, 0xD7, 0xE6, 0x3B,
    0x5C, 0x59, 0x2A, 0x06, 0xFC, 0xEE, 0x3E, 0x60, 0xE9, 0x0C, 0x09, 0x5A, 0xC0, 0x5B, 0x4D, 0x3A,
    0xBD, 0xE5, 0x87, 0xAE, 0x1F, 0x4C, 0x8A, 0xE5, 0xA5, 0x99, 0xF8, 0x0A, 0x99, 0x38, 0x70, 0xB5,
    0x92, 0x99, 0xE3, 0xFA, 0xB2, 0x4C, 0x9C, 0xAE, 0x57, 0x93, 0xE2, 0xFA, 0x40, 0x9E, 0x63, 0x5A,
    0x5C, 0x9F, 0x93, 0x7F, 0x5D, 0x09, 0xF7, 0x5F, 0xEA, 0xAB, 0x46, 0x2C, 0xA2, 0xC5, 0x3E, 0x68,
    0xA7, 0x9F, 0xFF, 0x8D, 0x0C, 0xFD, 0x79, 0xA3, 0x5B, 0xE8, 0xA2, 0x0E, 0xCB, 0x63, 0x71, 0xBC,
    0x7C, 0x6B, 0x62, 0xC5, 0xD4, 0xCD, 0xCB, 0x66, 0xAD, 0x24, 0x9C, 0xB7, 0x7B, 0xBC, 0x52, 0xC8,
    0x12, 0xD0, 0x45, 0x31, 0xBD, 0x8D, 0xBF, 0x2C, 0x3C, 0x1D, 0x91, 0x91, 0x9C, 0xF0, 0x22, 0x85,
    0xFA, 0x5F, 0xD3, 0x9C, 0x69, 0x81, 0xDD, 0x22, 0x84, 0x2D, 0xBD, 0x96, 0x10, 0x71, 0x5B, 0xAC,
    0x53, 0x05, 0x0D, 0x8B, 0xB1, 0x02, 0xBF, 0xE0, 0x35, 0xE6, 0x1C, 0xD0, 0x51, 0xD5, 0x56, 0x97,
    0x80, 0xBB, 0x39, 0xBA, 0x8F, 0xB3, 0x49, 0x87, 0xAE, 0x8E, 0x78, 0x57, 0x88, 0x0B, 0x41, 0xC8,
    0xA8, 0xFF, 0x92, 0x24, 0x20, 0x19, 0x91, 0x38, 0x27, 0xCE, 0xC2, 0xDA, 0x57, 0xAC, 0x53, 0xC4,
    0x5D, 0xA3, 0x48, 0x31, 0x0A, 0x65, 0x62, 0x0D, 0x0B, 0xF7, 0xDC, 0xC8, 0x96, 0x45, 0x0B, 0x2D,
    0xEB, 0xF7, 0x5C, 0x6C, 0xF6, 0xE5, 0x04, 0x77, 0xE6, 0x84, 0xEE, 0xCD, 0xF5, 0x3D, 0xEB, 0xBE,
    0xCB, 0xF8, 0x26, 0xDF, 0x34, 0xA6, 0xC0, 0x33, 0xC5, 0x7D, 0x79, 0x6E, 0x82, 0x41, 0x08, 0x35,
    0xB9, 0x19, 0x9A, 0xD6, 0x81, 0x56, 0xD8, 0x8D, 0x44, 0xF7, 0xFA, 0xA1, 0x3F, 0x1E, 0x37, 0xB7,
    0x70, 0xA8, 0x94, 0x64, 0x7C, 0x87, 0x64, 0xB0, 0x11, 0x85, 0x4B, 0x79, 0x66, 0xF6, 0x5D, 0xB7,
    0xC0, 0xF2, 0xED, 0x86, 0x67, 0xCF, 0x4B, 0xF8, 0x64, 0x3E, 0xF3, 0xD1, 0xE1, 0x37, 0x8C, 0xB5,
    0x39, 0xCA, 0x4C, 0x23, 0x4C, 0xC8, 0x38, 0x6F, 0xE9, 0xBD, 0x3B, 0x7A, 0xC7, 0x75, 0x4D, 0x58,
    0x3E, 0xC6, 0xEA, 0xBC, 0xCA, 0xAE, 0x07, 0x4B, 0x9D, 0xF8, 0xB3, 0x10, 0x89, 0x91, 0x88, 0x69,
    0x81, 0x4B, 0x41, 0x89, 0xC5, 0x49, 0x02, 0x73, 0x0F, 0xB0, 0xBC, 0x3B, 0xE4, 0x7E, 0x6A, 0xC8,
    0x9E, 0x74, 0x9A, 0x72, 0x6F, 0x4A, 0x2C, 0x2F, 0xB7, 0xF7, 0x43, 0xB6, 0xF7, 0x94, 0xED, 0x7D,
    0xDE, 0xB8, 0xBE, 0xCC, 0xDE, 0x57, 0xB0, 0xF7, 0x09, 0x71, 0xB5, 0xCE, 0x6F, 0x47, 0x88, 0xB0,
    0x29, 0x2F, 0x51, 0x29, 0x3A, 0xF9, 0x11, 0xB9, 0xDB, 0x94, 0x7E, 0x1F, 0xEF, 0x83, 0x76, 0xC6,
    0x16, 0x06, 0x7F, 0x5D, 0xEA, 0xAE, 0x87, 0x5D, 0xA8, 0x64, 0x85, 0x9E, 0xC7, 0xC4, 0x8A, 0xA9,
    0xFF, 0xE0, 0xFD, 0x06, 0x7B, 0xE1, 0x1E, 0xAF, 0x10, 0xE2, 0x87, 0x7C, 0x70, 0x6A, 0x1B, 0xBF,
    0x24, 0xEC, 0xEB, 0xEC, 0xAF, 0x1D, 0x9D, 0x81, 0xA5, 0x67, 0x77, 0xA7, 0x1E, 0x3A, 0xA5, 0x43,
    0xA8, 0x3F, 0x3A, 0x8E, 0xB1, 0xE8, 0x58, 0x20, 0x35, 0x55, 0x99, 0x87, 0x15, 0x62, 0x4A, 0x5C,
    0xD1, 0xC0, 0x90, 0x2A, 0x71, 0xD1, 0x4E, 0xCA, 0xFD, 0x0A, 0xAB, 0x92, 0xC8, 0x45, 0xFD, 0x3A,
    0xE5, 0x1A, 0x5B, 0xEF, 0xB7, 0xEA, 0xC6, 0x3D, 0x9F, 0x69, 0x35, 0x6E, 0x17, 0x0B, 0x8A, 0x57,
    0xA7, 0xEC, 0xAC, 0x92, 0xE1, 0x5B, 0x3E, 0xCD, 0x10, 0x14, 0xF8, 0xEB, 0x4C, 0xCE, 0x46, 0x90,
    0x4F, 0x84, 0xF5, 0x49, 0x9C, 0x0B, 0x07, 0xF9, 0xB4, 0xD7, 0xF8, 0x44, 0x2A, 0x82, 0x24, 0x28,
    0x89, 0xE9, 0xB0, 0xB0, 0x5B, 0x11, 0x67, 0x96, 0xC6, 0x35, 0x42, 0x06, 0xFE, 0x27, 0x02, 0x30,
    0xFE, 0x07, 0x61, 0x12, 0x7E, 0x43, 0x4F, 0xF5, 0xBF, 0xAF, 0x51, 0x91, 0x21, 0xB1, 0x56, 0xDC,
    0x0E, 0xC4, 0x9E, 0x28, 0x16, 0x2F, 0xE3, 0xA5, 0xCC, 0x36, 0x6E, 0xFE, 0xD6, 0x8B, 0xFE, 0xDA,
    0x51, 0x3D, 0xF4, 0xF5, 0x41, 0xEE, 0x9F, 0xCD, 0x15, 0xBE, 0xA1, 0x8D, 0xC6, 0x6A, 0x1A, 0xF2,
    0xF9, 0xB8, 0x1C, 0x37, 0xE9, 0x06, 0xD9, 0xC4, 0x08, 0x2E, 0xCF, 0x08, 0x41, 0x7A, 0xAE, 0x5B,
    0x93, 0xB2, 0x7A, 0x25, 0x19, 0xA2, 0x5F, 0x92, 0x78, 0xEF, 0xAF, 0x6D, 0xE2, 0x4C, 0x39, 0x7D,
    0xD3, 0x4A, 0xFA, 0x84, 0x95, 0xD4, 0xAA, 0xC7, 0x6E, 0xAC, 0xC7, 0x33, 0x39, 0x10, 0xB3, 0x55,
    0xDB, 0xFE, 0xCB, 0x80, 0xBC, 0xAD, 0x16, 0xDD, 0x4C, 0x37, 0x37, 0xD9, 0xF5, 0x8B, 0x5F, 0x06,
    0xDC, 0xBD, 0xDA, 0x0A, 0xF9, 0xF1, 0x12, 0x3B, 0xB1, 0x15, 0x76, 0x33, 0xFB, 0x5C, 0x30, 0x86,
    0xBF, 0xC5, 0xD0, 0xA3, 0xD1, 0xC3, 0xCC, 0x53, 0xB5, 0xDD, 0xE2, 0xD7, 0xC8, 0x09, 0xCC, 0x66,
    0xE0, 0xCF, 0xC1, 0xD9, 0xA1, 0x15, 0xCD, 0x0A, 0xDD, 0xFF, 0x00, 0xB5, 0x54, 0x3D, 0x8F, 0xD4,
    0x30, 0x10, 0x1D, 0x27, 0xDC, 0xED, 0xA1, 0x14, 0xA1, 0x60, 0x6B, 0x53, 0x50, 0x21, 0x1D, 0x6E,
    0x69, 0x90, 0x23, 0x51, 0xD2, 0x5C, 0xB1, 0xFB, 0x77, 0x70, 0xA8, 0x68, 0x69, 0xA8, 0x69, 0x81,
    0xDF, 0xC0, 0x9D, 0xFD, 0x13, 0xC2, 0xB5, 0x34, 0x41, 0xA2, 0xC7, 0x45, 0x8A, 0x14, 0xCE, 0x0E,
    0x6F, 0x9C, 0xEC, 0xAD, 0x76, 0x39, 0x44, 0x85, 0x35, 0xF6, 0x9B, 0xD8, 0xF3, 0x61, 0x3F, 0x8F,
    0xF3, 0xEC, 0xCB, 0x27, 0xC7, 0x69, 0x96, 0xF5, 0x76, 0xB3, 0xDE, 0x6E, 0x37, 0x8E, 0xE5, 0x6B,
    0xEE, 0xF2, 0x2D, 0xDD, 0x32, 0x4F, 0xFB, 0xBE, 0xCC, 0x6D, 0xE7, 0x69, 0xB4, 0x74, 0x0C, 0xCB,
    0xDA, 0x02, 0x6E, 0x9E, 0x3C, 0x86, 0x79, 0xED, 0x8A, 0x48, 0xC5, 0x6A, 0xD0, 0xC1, 0x92, 0x27,
    0xDF, 0xFA, 0xDE, 0x45, 0x13, 0xCF, 0x1B, 0xA2, 0xAA, 0xD3, 0x83, 0x4E, 0x55, 0x2A, 0x92, 0x4A,
    0xE5, 0xA0, 0x7B, 0xDB, 0x5C, 0x10, 0x51, 0xDD, 0x99, 0x68, 0x86, 0x7A, 0x2C, 0xC7, 0x72, 0x28,
    0x63, 0xDD, 0xD9, 0xF6, 0x92, 0xE6, 0xA6, 0x62, 0x19, 0x10, 0xA7, 0xD7, 0xC1, 0x35, 0x96, 0x12,
    0x79, 0x85, 0xFE, 0x76, 0x47, 0xFE, 0x07, 0xB7, 0x2E, 0x72, 0x30, 0xD1, 0x85, 0xF3, 0xE6, 0x61,
    0xB6, 0xAD, 0x3A, 0xD3, 0xEA, 0xC1, 0xF5, 0x3A, 0xB9, 0x58, 0x25, 0x13, 0x8B, 0x54, 0x45, 0x95,
    0x56, 0xB1, 0x1C, 0xEA, 0x4E, 0xF7, 0xAE, 0xB5, 0xCD, 0x8E, 0x2E, 0xE8, 0x49, 0xB6, 0x45, 0xC6,
    0xD6, 0x44, 0xDB, 0x9B, 0xC1, 0xC6, 0x7A, 0x34, 0xB1, 0x1C, 0x2B, 0xD8, 0xC1, 0x36, 0x56, 0x3D,
    0xAC, 0x83, 0x6D, 0x3D, 0x5D, 0xD2, 0x0B, 0xBA, 0x6B, 0xBE, 0x39, 0xEA, 0x6B, 0xFE, 0x40, 0x9E,
    0xF9, 0xAE, 0x9F, 0xAE, 0xDF, 0xDB, 0xD1, 0xF8, 0x20, 0x9E, 0xA7, 0x59, 0x4E, 0x3E, 0x15, 0x1F,
    0x99, 0xD1, 0x2E, 0x9F, 0x6D, 0x22, 0xCB, 0x8D, 0xE3, 0xE0, 0x39, 0x30, 0x77, 0x18, 0x2D, 0xB7,
    0x9A, 0xA9, 0xF8, 0x49, 0xBA, 0xBD, 0x2E, 0x06, 0xF7, 0x8D, 0xAB, 0xE4, 0x6F, 0xF9, 0x75, 0x72,
    0xB7, 0xD0, 0x6C, 0xD8, 0x95, 0xE3, 0x19, 0x3D, 0xA6, 0x86, 0x3E, 0xC3, 0x7B, 0x93, 0x43, 0x70,
    0xA0, 0x32, 0x89, 0xA6, 0x39, 0x52, 0x1D, 0x45, 0xB3, 0xEF, 0x06, 0xD2, 0xBD, 0x68, 0xAE, 0x48,
    0x64, 0x83, 0x68, 0x37, 0xA0, 0x98, 0xF3, 0x66, 0x6F, 0x28, 0xA9, 0x69, 0xAF, 0xCD, 0xAE, 0xE4,
    0x14, 0x58, 0xCD, 0x9A, 0x7D, 0x35, 0xEA, 0x2E, 0x6B, 0x86, 0xE3, 0xEC, 0x4A, 0x35, 0xB6, 0x26,
    0xD9, 0x36, 0x54, 0xB0, 0x9A, 0x2A, 0x6E, 0x56, 0xDC, 0x12, 0xB2, 0x1A, 0xEE, 0x34, 0x23, 0x4F,
    0x15, 0xED, 0xC7, 0x68, 0xBF, 0x23, 0x80, 0xEE, 0x7C, 0x39, 0xB8, 0x72, 0x44, 0x9C, 0x30, 0x15,
    0xA3, 0x24, 0x45, 0xA9, 0x4C, 0x2A, 0x41, 0x08, 0x59, 0x17, 0x0D, 0x59, 0x97, 0x55, 0x64, 0x5D,
    0x3C, 0x90, 0xD5, 0xFE, 0x8A, 0x10, 0xD9, 0xB0, 0xE6, 0xA0, 0xB9, 0x83, 0x2B, 0xAD, 0x98, 0x4A,
    0x9E, 0x59, 0x7E, 0x24, 0xB2, 0x6E, 0xB6, 0x64, 0x3B, 0x6E, 0x6C, 0x60, 0xB2, 0x2D, 0x93, 0x6B,
    0x26, 0x72, 0x28, 0xA1, 0x37, 0x08, 0x76, 0xAD, 0x46, 0xFA, 0xAA, 0x22, 0x08, 0x42, 0xA5, 0x3E,
    0xC5, 0xA9, 0x84, 0x69, 0xE4, 0xAA, 0x32, 0x1D, 0x08, 0xEB, 0x5B, 0xF8, 0x0A, 0x49, 0xAB, 0x91,
    0x8A, 0x29, 0xDF, 0xC3, 0x4B, 0x89, 0x7C, 0x91, 0x6D, 0x6D, 0x4B, 0x26, 0xAF, 0xC2, 0x45, 0xED,
    0x64, 0x15, 0x36, 0xB0, 0xC4, 0x8C, 0x09, 0x48, 0x44, 0xCF, 0x89, 0x1E, 0x10, 0xAD, 0x37, 0x22,
    0x36, 0xDD, 0x23, 0xE6, 0xEF, 0xE3, 0x3F, 0x45, 0x9F, 0x8C, 0xE3, 0x61, 0xD4, 0x27, 0xE3, 0x5E,
    0xCE, 0xAE, 0xE8, 0x6C, 0x43, 0x7F, 0x36, 0x90, 0x8A, 0x23, 0xCB, 0x96, 0xC0, 0xCD, 0x8E, 0x9C,
    0x94, 0xE1, 0x41, 0x1C, 0x8A, 0x6E, 0xB7, 0x44, 0x2E, 0xDE, 0x8B, 0xD0, 0x52, 0x4C, 0x85, 0x14,
    0x03, 0x0E, 0x4C, 0x73, 0x1D, 0x19, 0xB9, 0x7D, 0xD7, 0xCE, 0xF5, 0xFD, 0x3F, 0x16, 0x41, 0x23,
    0x29, 0x5C, 0x15, 0x76, 0xAA, 0x3C, 0xAE, 0x1B, 0x58, 0xE3, 0x67, 0x93, 0x77, 0x8E, 0xBF, 0x8E,
    0xA0, 0xFC, 0x7D, 0x82, 0x4D, 0x05, 0x0F, 0x2B, 0xEE, 0x6C, 0x2A, 0x51, 0xED, 0xDC, 0x0B, 0xA2,
    0xAE, 0xA2, 0x4D, 0xA8, 0x0E, 0x72, 0x40, 0xB5, 0x45, 0x94, 0x68, 0x72, 0x31, 0xEF, 0xD1, 0x2F,
    0xC8, 0x7D, 0x46, 0xB8, 0x66, 0xAC, 0xB9, 0xC9, 0x08, 0x6E, 0x32, 0xF2, 0x98, 0xB1, 0x44, 0x7E,
    0x70, 0x82, 0xF7, 0xD4, 0x64, 0xAC, 0x51, 0x1E, 0x82, 0x20, 0x49, 0xA8, 0x26, 0x3D, 0xCC, 0x68,
    0x80, 0xE0, 0x9D, 0xD6, 0x57, 0xF4, 0xD7, 0x26, 0x4F, 0x49, 0xDE, 0x1F, 0xF6, 0x4F, 0x4E, 0x5E,
    0x80, 0x14, 0x13, 0xE2, 0x79, 0x79, 0xFA, 0xBB, 0x03, 0x3A, 0xD1, 0xD3, 0x9C, 0xC7, 0x22, 0xAE,
    0x5C, 0xC5, 0x39, 0x88, 0xF9, 0x0D, 0xE5, 0x51, 0x31, 0x4E, 0xC4, 0x30, 0x10, 0x1C, 0xE2, 0x22,
    0x85, 0x0B, 0x23, 0x21, 0x0A, 0xAE, 0xC0, 0xF5, 0x49, 0x48, 0xF9, 0x01, 0xF6, 0x13, 0xF8, 0x01,
    0x2D, 0xA2, 0xC9, 0x0F, 0xE2, 0xFD, 0x01, 0xFF, 0x48, 0x93, 0x9A, 0x22, 0x17, 0x3F, 0xC1, 0x05,
    0xDD, 0x35, 0xF7, 0x83, 0x73, 0x71, 0x45, 0x8A, 0x5C, 0x96, 0x35, 0x20, 0x10, 0x1D, 0x3D, 0xF6,
    0x14, 0x2B, 0xED, 0x78, 0x66, 0x76, 0x0D, 0xA0, 0x5E, 0x61, 0x39, 0xBA, 0x63, 0x9E, 0x54, 0x3E,
    0x57, 0xA7, 0xA5, 0x9A, 0x97, 0x8B, 0x59, 0x8A, 0x9D, 0xCA, 0x6E, 0xC8, 0xD2, 0xAA, 0x19, 0xB8,
    0x44, 0x39, 0x96, 0x10, 0x08, 0x4C, 0x8A, 0x49, 0x1F, 0xA9, 0x79, 0xA1, 0x60, 0x69, 0xE2, 0x39,
    0xF0, 0x7C, 0xDD, 0xBE, 0x95, 0xAE, 0x00, 0xD8, 0xF4, 0x24, 0xAF, 0x1A, 0x26, 0x07, 0xB8, 0x57,
    0x38, 0xF6, 0xB7, 0x6D, 0x84, 0x4E, 0x82, 0x6D, 0x1B, 0x1D, 0x53, 0x73, 0x06, 0x7C, 0xD1, 0x53,
    0x2B, 0x8C, 0xD0, 0xF6, 0xE8, 0x80, 0xF1, 0x09, 0xCC, 0x9E, 0x87, 0x78, 0xD6, 0x69, 0xD4, 0xA9,
    0x33, 0x45, 0x41, 0xAF, 0x85, 0xF9, 0xDC, 0x23, 0x30, 0x05, 0x8E, 0x68, 0x3C, 0x44, 0x74, 0x04,
    0x16, 0x54, 0x33, 0x54, 0x46, 0x7D, 0x80, 0x89, 0x9F, 0xB6, 0x65, 0x90, 0x62, 0x6A, 0xE2, 0x7D,
    0x9D, 0xDC, 0x63, 0x34, 0xEC, 0x2D, 0x53, 0x27, 0x6A, 0xEA, 0xD0, 0xE9, 0x83, 0xE3, 0xA8, 0x65,
    0x90, 0x87, 0xC2, 0xD4, 0x8B, 0xA4, 0xC2, 0xCE, 0xC6, 0xC5, 0x08, 0xD2, 0xD4, 0x26, 0xC7, 0x49,
    0xEF, 0xA3, 0x68, 0x6D, 0x83, 0x97, 0x56, 0x33, 0x7F, 0x25, 0xFC, 0xE3, 0x72, 0xAA, 0x6C, 0x73,
    0xC8, 0x2E, 0x5F, 0x65, 0xF5, 0xEB, 0xE2, 0x27, 0x57, 0x18, 0xE2, 0x9D, 0x29, 0x0E, 0x70, 0x1E,
    0x2B, 0xD4, 0x09, 0x26, 0xC1, 0xF5, 0x24, 0xCE, 0x02, 0x2B, 0x9E, 0x8C, 0xCD, 0x54, 0x26, 0xAB,
    0x33, 0xCC, 0x0A, 0xCD, 0x84, 0x0F, 0xFE, 0x4D, 0x23, 0x3B, 0xF3, 0xDF, 0x3B, 0xFB, 0x6F, 0x9F,
    0xF0, 0x0E, 0x95, 0x56, 0xBD, 0x6E, 0xE5, 0x44, 0x14, 0x3E, 0xBE, 0x26, 0x6B, 0xB4, 0x57, 0x62,
    0x68, 0x92, 0x62, 0x1B, 0x37, 0x54, 0x0B, 0xD2, 0x6D, 0xA9, 0x18, 0x3F, 0x42, 0x90, 0x62, 0x5A,
    0x1A, 0x0A, 0x94, 0x2D, 0xF2, 0x02, 0x20, 0x5B, 0xBC, 0xC0, 0xA6, 0xA1, 0x86, 0x22, 0x0D, 0x4E,
    0xB1, 0x2F, 0xB0, 0x92, 0x27, 0x44, 0xA2, 0xD9, 0x62, 0x8D, 0x50, 0xAA, 0x14, 0xB9, 0x34, 0x04,
    0xD2, 0x60, 0x29, 0x16, 0x72, 0x36, 0x63, 0x1F, 0xCE, 0x77, 0xC6, 0xF7, 0xE6, 0xEE, 0x6A, 0x57,
    0x04, 0x47, 0xFE, 0xCE, 0x5C, 0xCF, 0xCC, 0xF9, 0xFD, 0xCE, 0x4C, 0x88, 0x28, 0x22, 0x3C, 0xC9,
    0x2F, 0x40, 0xF3, 0xD2, 0x11, 0xED, 0x3C, 0xFB, 0x32, 0xA3, 0x19, 0x33, 0x13, 0x2D, 0x98, 0x07,
    0xA2, 0x1A, 0xE3, 0x19, 0x8F, 0xCC, 0x65, 0xC2, 0xDF, 0x5D, 0x8F, 0x64, 0x86, 0xF8, 0xB2, 0xA7,
    0x45, 0x37, 0x7F, 0xE1, 0xC8, 0xB6, 0xE6, 0x65, 0x49, 0xB6, 0x49, 0x0F, 0x88, 0x0A, 0x67, 0x3F,
    0x03, 0x7E, 0xFB, 0x1C, 0xE8, 0xBD, 0xE0, 0xC9, 0x3F, 0x9D, 0xE0, 0xE9, 0x75, 0x4B, 0x64, 0x2F,
    0x2F, 0x1B, 0x41, 0x86, 0x8D, 0x94, 0x7F, 0xC8, 0xC4, 0x1C, 0x5B, 0xFA, 0x84, 0x12, 0x1E, 0xA3,
    0x41, 0x0D, 0x8A, 0x45, 0x0E, 0xB6, 0x98, 0x7B, 0x8A, 0xAF, 0xC5, 0x20, 0x25, 0xE7, 0xBF, 0x66,
    0x93, 0x63, 0x34, 0x3F, 0xC8, 0xE0, 0xE5, 0x9C, 0xD6, 0xCF, 0x56, 0x9E, 0xE7, 0x99, 0x91, 0xE5,
    0xCB, 0x0D, 0x18, 0xAB, 0xEA, 0xD0, 0x74, 0x08, 0xE7, 0x6D, 0xF0, 0xAA, 0xAA, 0x08, 0xEB, 0x36,
    0xE1, 0x26, 0xCF, 0xA7, 0xD9, 0x9E, 0xE0, 0x43, 0xBB, 0x09, 0xFA, 0xED, 0x0D, 0x2D, 0x44, 0xFB,
    0x47, 0x44, 0x31, 0x73, 0x26, 0xA1, 0x70, 0x23, 0x51, 0x09, 0xD4, 0x4D, 0x9A, 0x11, 0xC3, 0x45,
    0x09, 0x84, 0xA2, 0x71, 0x05, 0xFA, 0xF3, 0x11, 0x57, 0x3F, 0x85, 0x7C, 0x86, 0xA4, 0x5A, 0x09,
    0xE8, 0x51, 0x7D, 0xF5, 0xDA, 0xB7, 0x54, 0xF2, 0x43, 0x29, 0x22, 0x5D, 0x08, 0x3C, 0xE0, 0x1B,
    0xFA, 0x48, 0x14, 0xDF, 0xFA, 0x05, 0xB2, 0x62, 0x0E, 0x0F, 0x18, 0x9E, 0xEC, 0x67, 0xB4, 0x27,
    0x22, 0x97, 0x2C, 0x11, 0xDE, 0x99, 0x24, 0x49, 0x45, 0x13, 0x44, 0x1B, 0x84, 0x0F, 0x62, 0x0C,
    0x82, 0x33, 0x88, 0x81, 0x9D, 0x0A, 0xDB, 0x46, 0x4C, 0x3B, 0x63, 0xDA, 0x47, 0xBC, 0x8B, 0xE2,
    0x32, 0xFB, 0x49, 0x3C, 0xE1, 0x88, 0x4F, 0xF8, 0x68, 0x36, 0x52, 0xF1, 0xBB, 0xAC, 0x1C, 0xA5,
    0xC8, 0x2A, 0xCC, 0xA0, 0x22, 0x66, 0x15, 0x51, 0x10, 0x42, 0x0C, 0x15, 0x36, 0x08, 0x13, 0x44,
    0x12, 0x04, 0xBC, 0xCB, 0xF3, 0x5D, 0xD2, 0x62, 0x96, 0x8A, 0xAD, 0x22, 0x1C, 0xAB, 0x6A, 0x14,
    0x5C, 0xD4, 0xD1, 0x0E, 0xE7, 0x5F, 0xF0, 0x6E, 0x01, 0xE3, 0x7D, 0xC0, 0x8F, 0xB9, 0x3A, 0x16,
    0x0F, 0x74, 0x56, 0x56, 0x3E, 0x1B, 0xD7, 0xBB, 0x56, 0x1A, 0xA0, 0x2D, 0xDF, 0x0B, 0x26, 0xFE,
    0x0F, 0x6E, 0x2B, 0x7B, 0x24, 0x73, 0xB6, 0xD1, 0x01, 0x67, 0x76, 0x09, 0x29, 0xC9, 0x58, 0xB4,
    0xBA, 0x6C, 0x44, 0x75, 0x67, 0x47, 0x14, 0x0F, 0xA8, 0xFA, 0xDC, 0x53, 0xE2, 0x81, 0x66, 0x98,
    0xC6, 0xA9, 0x2E, 0x90, 0x59, 0x09, 0xD9, 0x68, 0xA2, 0x2D, 0x67, 0xB2, 0x77, 0xC1, 0x79, 0xCD,
    0x67, 0x05, 0x7E, 0x86, 0xE7, 0x6E, 0xB0, 0x55, 0x9F, 0x7A, 0xD3, 0xD6, 0xDF, 0x4B, 0x9A, 0x7E,
    0xF3, 0xA6, 0x03, 0x3D, 0xEC, 0x65, 0x97, 0xDC, 0xC0, 0xA3, 0xF4, 0xB6, 0x8D, 0x47, 0x30, 0xC4,
    0xF0, 0x72, 0x06, 0x02, 0xC8, 0xC0, 0x91, 0xC4, 0x2A, 0x1C, 0x97, 0x41, 0x8D, 0x72, 0xC7, 0xB2,
    0xA3, 0xE8, 0x74, 0x20, 0x3B, 0xDB, 0xE0, 0x25, 0xA5, 0x18, 0x44, 0xB2, 0xD0, 0x34, 0xAB, 0xC8,
    0x6C, 0xA9, 0xEF, 0xC3, 0xFA, 0x4F, 0xD1, 0xE2, 0xF5, 0xA5, 0xA2, 0xA4, 0xAF, 0xAC, 0x34, 0x6D,
    0x5D, 0x0A, 0x4B, 0x4B, 0xFB, 0x07, 0x97, 0x85, 0xFC, 0xD5, 0xB2, 0x4E, 0xDF, 0x4C, 0x7E, 0x39,
    0xF9, 0x2E, 0x73, 0xD2, 0x07, 0xE5, 0x6C, 0x84, 0x8E, 0xF0, 0xEC, 0x57, 0xD5, 0x8F, 0xC2, 0x89,
    0xB6, 0xD6, 0x16, 0x08, 0x9F, 0x90, 0xBE, 0x54, 0xDD, 0xD4, 0x56, 0x4D, 0x02, 0x67, 0xF9, 0xF3,
    0x6F, 0xC4, 0xB0, 0x36, 0x45, 0xDD, 0x84, 0xB4, 0xAE, 0x33, 0x5E, 0xA0, 0x8F, 0x27, 0x7C, 0x32,
    0x56, 0x68, 0x19, 0x04, 0x37, 0x8D, 0x37, 0x67, 0xB7, 0x19, 0x5C, 0x21, 0x56, 0x07, 0x0A, 0xD5,
    0x63, 0x7B, 0x7A, 0x0F, 0x19, 0xB9, 0xF2, 0xDA, 0x69, 0xC8, 0x53, 0x0D, 0xBB, 0x92, 0x9B, 0x5E,
    0x83, 0x96, 0x0C, 0x08, 0x0B, 0xB6, 0xF6, 0x62, 0xB4, 0x53, 0x07, 0xE4, 0x46, 0x50, 0x32, 0x86,
    0xFA, 0x0D, 0x5A, 0x27, 0xAD, 0x96, 0xB4, 0x46, 0x3C, 0x20, 0x91, 0xF1, 0x60, 0xA0, 0x6C, 0x40,
    0x1E, 0x79, 0x90, 0x28, 0x32, 0x2D, 0xD2, 0x84, 0x31, 0xDF, 0x8E, 0x30, 0x75, 0x8A, 0x95, 0x4C,
    0x52, 0x01, 0xD9, 0x5B, 0xB4, 0xC0, 0x45, 0x4F, 0x6B, 0x9D, 0x32, 0x25, 0x18, 0xB1, 0x83, 0xC5,
    0x7A, 0x79, 0x67, 0x5D, 0x74, 0x2B, 0xE3, 0x23, 0xE5, 0x68, 0xA4, 0x7C, 0x8D, 0x94, 0xBB, 0x91,
    0xF2, 0x38, 0x52, 0x4E, 0x17, 0x5C, 0x55, 0x2B, 0xAE, 0xAF, 0x50, 0x18, 0xDF, 0xEB, 0x6C, 0xB6,
    0x5A, 0x19, 0x76, 0x31, 0x77, 0x6B, 0x6D, 0x60, 0x7C, 0xC4, 0x13, 0x5F, 0xEF, 0x89, 0x44, 0x0F,
    0x35, 0xA1, 0xC6, 0x6D, 0xE0, 0x5F, 0x5A, 0x1E, 0x5E, 0xA2, 0x76, 0x3C, 0x86, 0xE3, 0x5D, 0xCE,
    0x05, 0x3E, 0xE7, 0x26, 0xE1, 0xA7, 0xAE, 0x28, 0xCD, 0x60, 0xDC, 0x07, 0x12, 0x32, 0xD6, 0xCB,
    0xF1, 0x0E, 0x6C, 0x80, 0x85, 0x9B, 0xF0, 0x2C, 0xDF, 0x13, 0x14, 0x17, 0x15, 0x87, 0xA2, 0x01,
    0xDA, 0xA5, 0xB9, 0x3A, 0xF6, 0x58, 0x9F, 0xF8, 0xD4, 0x1B, 0x37, 0xF7, 0x86, 0x8D, 0x4B, 0xBB,
    0x98, 0x2F, 0x5C, 0x2D, 0x07, 0x0E, 0xFF, 0x2D, 0x09, 0x45, 0xC0, 0x99, 0x14, 0x10, 0xE4, 0x8C,
    0x6A, 0x3E, 0xA4, 0x15, 0x83, 0x5F, 0xF3, 0xD0, 0xDD, 0x79, 0x1E, 0x1E, 0xB3, 0xBC, 0xC3, 0xB4,
    0x0B, 0xFE, 0x37, 0x7A, 0x3D, 0xF5, 0xEB, 0xEB, 0x89, 0xF5, 0x7A, 0x7A, 0x7A, 0x82, 0xC3, 0xCA,
    0xB8, 0x4F, 0xE5, 0xE4, 0x7A, 0xA7, 0xFF, 0x6F, 0x45, 0xF1, 0x7F, 0xBD, 0x3E, 0xD5, 0xD8, 0xCD,
    0x68, 0x1C, 0xAE, 0xA7, 0x8B, 0x93, 0xF5, 0xF5, 0xA4, 0xB6, 0x90, 0xB7, 0x5E, 0xCB, 0x5C, 0xBE,
    0xE1, 0x1B, 0x70, 0x5B, 0xAE, 0x24, 0x6D, 0xFF, 0xF2, 0x0E, 0x1E, 0x1F, 0xF3, 0x59, 0x36, 0xF5,
    0x07, 0xB8, 0x37, 0xC7, 0x56, 0x85, 0x07, 0xF5, 0x2B, 0xF4, 0xEE, 0x92, 0xA2, 0x5C, 0xD2, 0x93,
    0xE0, 0x53, 0x8C, 0xA2, 0x44, 0xDC, 0xD1, 0xC6, 0x06, 0xF1, 0x08, 0xC4, 0x1F, 0xA6, 0x73, 0x00,
    0xEC, 0xC3, 0xF4, 0x72, 0x35, 0x6D, 0xFC, 0x94, 0x29, 0x3D, 0xE3, 0x70, 0xB7, 0x6C, 0xC2, 0x09,
    0x02, 0x7B, 0x81, 0x2B, 0x18, 0x55, 0xB7, 0xE8, 0x24, 0xA1, 0xB5, 0xC4, 0xE4, 0x3E, 0x94, 0x1C,
    0xFE, 0xDC, 0x92, 0xAD, 0x2F, 0x3A, 0x7A, 0xDF, 0x42, 0xA9, 0x1D, 0x26, 0xBB, 0x09, 0xEB, 0x3D,
    0xED, 0xA2, 0xCC, 0x14, 0x4E, 0xDA, 0xD6, 0x4A, 0x45, 0x05, 0xE4, 0x2C, 0xB2, 0xE7, 0xA2, 0x06,
    0x87, 0x86, 0x80, 0x87, 0x52, 0x29, 0x63, 0x84, 0xEE, 0xA5, 0xE7, 0x00, 0xBF, 0x02, 0xBD, 0xFC,
    0x16, 0x12, 0x88, 0xFE, 0x33, 0x31, 0x07, 0xCD, 0x52, 0x34, 0x85, 0xED, 0x7D, 0xD1, 0x15, 0x4B,
    0x6F, 0x7C, 0xED, 0xFC, 0xDC, 0x73, 0xE9, 0xE3, 0x81, 0xB3, 0x7B, 0xC0, 0xD7, 0x00, 0xFA, 0x2F,
    0xB8, 0x4F, 0x13, 0xA2, 0x3D, 0xD0, 0x6C, 0x38, 0x71, 0x36, 0x30, 0x5B, 0xCD, 0x62, 0xA5, 0xD5,
    0x5D, 0x56, 0x9B, 0x50, 0xAB, 0x88, 0xCB, 0x6A, 0xDD, 0x84, 0x8F, 0xF9, 0x48, 0x0F, 0xB8, 0x7E,
    0x8D, 0xEF, 0x6A, 0xC2, 0x7F, 0x01, 0xBD, 0x98, 0xBF, 0x8F, 0x1B, 0x45, 0x14, 0xC7, 0xDF, 0xEE,
    0x26, 0xB2, 0x74, 0xCE, 0xD9, 0x0D, 0x05, 0x42, 0x08, 0x53, 0xB8, 0xB8, 0x22, 0x92, 0x53, 0x50,
    0xB8, 0xDB, 0xFD, 0x13, 0x10, 0x8A, 0x95, 0x92, 0xAB, 0xF9, 0x27, 0x76, 0x75, 0xF9, 0x0F, 0x90,
    0xE8, 0xAF, 0x42, 0xD1, 0x21, 0xC1, 0x15, 0x14, 0x08, 0x09, 0x76, 0x2F, 0x94, 0x14, 0x6C, 0xF8,
    0x07, 0x98, 0x82, 0x2A, 0x4D, 0xF6, 0xC4, 0x49, 0xB7, 0x22, 0xB6, 0x87, 0xF7, 0x73, 0xD6, 0x3E,
    0xE7, 0x87, 0x7C, 0x3E, 0x3C, 0x8A, 0xE6, 0x7D, 0x32, 0x7E, 0x33, 0xF3, 0xE6, 0x3B, 0xF3, 0x66,
    0x56, 0x07, 0x9F, 0x03, 0x96, 0xC8, 0x51, 0xDD, 0xAB, 0xA8, 0x9E, 0x7C, 0x33, 0x9B, 0xCD, 0x1E,
    0x7B, 0x2A, 0xF3, 0xFC, 0x0C, 0xCB, 0xB3, 0x3E, 0xB7, 0xC7, 0xEC, 0x03, 0xC7, 0x20, 0x25, 0xAA,
    0x20, 0x69, 0x60, 0xD8, 0x42, 0xBA, 0x84, 0x9F, 0xFF, 0xCA, 0xBE, 0xB8, 0xC8, 0xE2, 0x0A, 0xB6,
    0xFD, 0x47, 0xE5, 0x03, 0xAE, 0x3F, 0xE1, 0x7A, 0x58, 0xE0, 0xDC, 0xB3, 0x27, 0x8D, 0xCC, 0xFE,
    0x15, 0x4E, 0xFE, 0xDD, 0x15, 0xB5, 0x4B, 0x04, 0x43, 0xF6, 0xF9, 0x90, 0x83, 0xD9, 0x7E, 0xAE,
    0xAF, 0x9F, 0x67, 0xBF, 0xBE, 0xCA, 0x26, 0x0B, 0xE8, 0x5F, 0x41, 0xE2, 0x28, 0xFE, 0x89, 0x97,
    0x52, 0xE5, 0x0A, 0x4D, 0x79, 0x67, 0xB0, 0x2C, 0xFD, 0x3F, 0x0C, 0x6D, 0xE9, 0x1B, 0x86, 0x1A,
    0x21, 0x25, 0xC8, 0x10, 0x86, 0x08, 0x0B, 0xC8, 0x7D, 0x93, 0x20, 0xF0, 0x12, 0xA1, 0x6C, 0x4A,
    0x11, 0x64, 0xD2, 0x94, 0xB5, 0x81, 0xFC, 0xC4, 0xCE, 0xA5, 0x38, 0xFB, 0x42, 0xBB, 0x7B, 0x67,
    0x03, 0x86, 0x29, 0x70, 0xD2, 0xEB, 0x3B, 0x5C, 0x45, 0x90, 0x65, 0xA4, 0x50, 0x80, 0x95, 0xD4,
    0xA4, 0x0B, 0xCE, 0xFE, 0x8D, 0xF0, 0x83, 0x41, 0x5F, 0x61, 0x9E, 0x28, 0x34, 0xA0, 0x50, 0xD1,
    0x60, 0x04, 0xB8, 0xC1, 0x0C, 0x73, 0x80, 0x84, 0x81, 0x16, 0x7F, 0xA3, 0xD7, 0x1D, 0xC1, 0xBF,
    0xCF, 0xA2, 0x33, 0x86, 0x16, 0x8F, 0x12, 0xC3, 0x12, 0x0F, 0x99, 0xF8, 0x14, 0x30, 0x12, 0xA8,
    0x71, 0x7F, 0x18, 0xAE, 0x22, 0xED, 0xBE, 0xE8, 0xD9, 0x72, 0xBE, 0x7C, 0xFB, 0x92, 0xD7, 0xA4,
    0x73, 0x1F, 0x9D, 0x49, 0xC9, 0x02, 0xD8, 0x4F, 0xB5, 0x7F, 0xB7, 0x74, 0xEF, 0x87, 0x0A, 0x12,
    0x83, 0xA1, 0x41, 0x6A, 0x10, 0x7C, 0x4A, 0x83, 0x89, 0x81, 0xEE, 0x45, 0xE5, 0x62, 0x81, 0xDF,
    0x5A, 0x72, 0x42, 0xF8, 0x63, 0x49, 0x4E, 0x3C, 0x45, 0xA1, 0x6A, 0x78, 0x17, 0x2B, 0x90, 0x13,
    0x03, 0x39, 0x49, 0x18, 0xE8, 0x24, 0xE0, 0x46, 0x0A, 0x6D, 0x7E, 0xFB, 0xE5, 0xA8, 0x62, 0xE1,
    0x68, 0xDD, 0x9F, 0x71, 0x79, 0x0C, 0x1B, 0xD2, 0xB9, 0x9D, 0xA5, 0xA3, 0x43, 0x96, 0x4A, 0x4B,
    0x80, 0xCA, 0xA0, 0x31, 0x70, 0x06, 0x85, 0xC2, 0xD2, 0x9C, 0x5B, 0x38, 0x17, 0x70, 0xF1, 0x5C,
    0x00, 0xB5, 0x48, 0xE5, 0x20, 0xA9, 0xCE, 0xAD, 0x29, 0xCF, 0x32, 0x13, 0x90, 0xA6, 0x04, 0xE2,
    0x42, 0x2D, 0x59, 0xA9, 0xF0, 0xA7, 0x05, 0xF6, 0xFA, 0x16, 0xCB, 0x09, 0x39, 0x68, 0xD2, 0xD5,
    0x91, 0x48, 0x37, 0x83, 0xFB, 0x06, 0xE1, 0xA7, 0xF2, 0x96, 0x8A, 0x85, 0xC0, 0x42, 0xA8, 0x16,
    0x7C, 0xB7, 0x1C, 0x5B, 0x60, 0xB7, 0xE4, 0x20, 0x42, 0x90, 0x25, 0x08, 0xD5, 0x49, 0x17, 0xC4,
    0x0C, 0xF2, 0x06, 0xC1, 0xBB, 0x2D, 0x68, 0x36, 0xB6, 0xC9, 0x9C, 0xBB, 0xAD, 0xDC, 0xE1, 0x48,
    0x6C, 0x26, 0xEC, 0x86, 0x74, 0xD5, 0x0E, 0x53, 0x2C, 0xFD, 0xCD, 0x04, 0x09, 0x29, 0x63, 0x49,
    0x14, 0xD2, 0x2A, 0x24, 0x5A, 0x48, 0x3D, 0x4D, 0xC6, 0xDF, 0x2D, 0x3D, 0x9F, 0x5B, 0xC2, 0x86,
    0x14, 0xEE, 0x92, 0xBA, 0x4B, 0xF3, 0x72, 0xE3, 0x2A, 0xD8, 0xB8, 0x01, 0xEC, 0x02, 0xB9, 0x13,
    0xE9, 0xEA, 0x20, 0x9D, 0x3D, 0xAC, 0x45, 0xB9, 0x65, 0xC2, 0xE2, 0xBB, 0x97, 0x1B, 0xF4, 0x0C,
    0x22, 0xF5, 0xC1, 0x27, 0x50, 0x9D, 0x8B, 0x54, 0xA1, 0x9E, 0x28, 0xB8, 0x11, 0xC2, 0x82, 0x60,
    0x88, 0x70, 0x69, 0x70, 0x41, 0x3E, 0x04, 0x74, 0x83, 0x17, 0xE8, 0x33, 0x8F, 0x68, 0x1C, 0xEC,
    0xD5, 0xC8, 0x33, 0xD6, 0xF8, 0x4A, 0x1F, 0x5F, 0xCF, 0x36, 0xF6, 0xDA, 0x42, 0x9B, 0x42, 0x3E,
    0x11, 0xED, 0x05, 0xF5, 0x92, 0x08, 0x03, 0x5C, 0x18, 0x5C, 0x1A, 0x2C, 0xB6, 0x4F, 0x58, 0x17,
    0x84, 0xDA, 0x50, 0x2C, 0xBC, 0x0E, 0xEE, 0x9D, 0x80, 0xF2, 0x94, 0x04, 0x0B, 0x50, 0xB8, 0x32,
    0x70, 0x7D, 0xF5, 0xA9, 0x52, 0x05, 0x1D, 0xDB, 0xF9, 0xCC, 0xBA, 0xD3, 0xC9, 0xB8, 0x36, 0xB8,
    0x64, 0x28, 0x79, 0x43, 0xD1, 0x27, 0xE5, 0x77, 0xDF, 0xC9, 0xD9, 0xEB, 0xD1, 0x38, 0xFC, 0xD5,
    0x47, 0x23, 0x8B, 0x74, 0x8E, 0x1E, 0x4F, 0x2C, 0x23, 0x47, 0x79, 0x8B, 0x25, 0xC7, 0x78, 0xFE,
    0x56, 0x1F, 0x5E, 0x66, 0xCF, 0x60, 0x64, 0x90, 0x2B, 0x5C, 0xDA, 0x2A, 0xAE, 0xDF, 0xB7, 0x40,
    0x85, 0x20, 0x4B, 0x10, 0x0A, 0x0A, 0xFA, 0x84, 0xC3, 0xEF, 0xBA, 0xA4, 0x80, 0x1E, 0xEE, 0x17,
    0xDC, 0x1B, 0xC0, 0x8F, 0x87, 0xFD, 0xE6, 0xE1, 0x2F, 0x75, 0xFA, 0xA2, 0x9A, 0x86, 0xD6, 0x43,
    0xE8, 0x7F, 0x0C, 0xC9, 0x4F, 0x10, 0xBF, 0x76, 0x91, 0xCF, 0x00, 0xF5, 0xE9, 0xBE, 0x62, 0xE0,
    0x53, 0x31, 0xE7, 0xB2, 0xF7, 0x72, 0x26, 0x0E, 0x1E, 0xB1, 0x39, 0x12, 0x73, 0x4A, 0xEA, 0x41,
    0x4C, 0x7D, 0x12, 0x38, 0x00, 0x36, 0xD3, 0x35, 0xA3, 0x8D, 0xEA, 0xA2, 0x1D, 0xAC, 0xBB, 0x0E,
    0xA6, 0x43, 0xEB, 0x44, 0x36, 0xED, 0x6A, 0xE1, 0xC1, 0x5E, 0xD2, 0x10, 0x27, 0x38, 0xD0, 0x00,
    0x4E, 0xA9, 0xE9, 0x08, 0xC0, 0xE1, 0xF8, 0xB8, 0x96, 0xB8, 0x18, 0x70, 0x30, 0xF8, 0xB9, 0xDD,
    0xE2, 0x17, 0xF0, 0x23, 0xD8, 0xA9, 0x1A, 0xE9, 0xF1, 0x97, 0x12, 0x8B, 0x49, 0x44, 0x97, 0x44,
    0xB6, 0x37, 0x99, 0x8A, 0x19, 0x50, 0x46, 0x7A, 0x8F, 0x3F, 0xF2, 0x87, 0xFF, 0xA9, 0x98, 0x23,
    0x31, 0x07, 0x6B, 0xE6, 0xC8, 0x5C, 0xB4, 0x83, 0x76, 0x5F, 0x19, 0xCC, 0xAD, 0x4E, 0x14, 0xAF,
    0x84, 0xC0, 0x01, 0xED, 0xBA, 0x2C, 0x16, 0x87, 0x65, 0x62, 0xC1, 0x58, 0x3A, 0x11, 0x91, 0xE5,
    0x64, 0x61, 0x59, 0x62, 0x11, 0x7B, 0x0F, 0xDA, 0xAF, 0xEB, 0xFC, 0xC6, 0x55, 0xAE, 0xB8, 0xEC,
    0xE9, 0x08, 0xE4, 0x38, 0xC0, 0x9C, 0x76, 0xEA, 0x41, 0x57, 0xE5, 0xF2, 0x8C, 0xCA, 0xC1, 0xA7,
    0xEA, 0x7B, 0xDA, 0xA0, 0xA7, 0x05, 0xED, 0xAD, 0xA3, 0xA6, 0x29, 0xDD, 0x2A, 0x4B, 0x0A, 0x23,
    0xD9, 0x53, 0x18, 0xAC, 0x06, 0x5D, 0x2C, 0xC9, 0xB7, 0xA4, 0xC6, 0x98, 0xD4, 0x18, 0x93, 0x1A,
    0x63, 0x52, 0x63, 0x4C, 0x6A, 0x8C, 0x29, 0x8C, 0x31, 0x85, 0x31, 0xA6, 0x41, 0x6F, 0x55, 0xE5,
    0x38, 0x00, 0x86, 0x31, 0xA6, 0x08, 0xAC, 0xDA, 0x08, 0xE3, 0xC6, 0xA6, 0x4C, 0x29, 0x8C, 0x97,
    0x18, 0xC6, 0xD3, 0x93, 0x93, 0x62, 0x80, 0x6D, 0xA4, 0xC6, 0xA4, 0xFD, 0x7F, 0x72, 0x75, 0xBB,
    0xF3, 0xB2, 0xA7, 0xD0, 0xDE, 0xBA, 0x79, 0x39, 0x9E, 0x96, 0x7B, 0x00, 0xC7, 0xD8, 0x72, 0x28,
    0x66, 0xA8, 0xFF, 0xAB, 0xD8, 0x3C, 0x38, 0x17, 0xF3, 0x10, 0x8E, 0xD1, 0x7F, 0xDE, 0x97, 0x2B,
    0x23, 0x2E, 0xE4, 0xAF, 0x0A, 0xA7, 0x62, 0xA6, 0x6B, 0xC6, 0x1D, 0xCB, 0xA5, 0xC1, 0x1D, 0x0E,
    0xA5, 0xFB, 0x67, 0x62, 0x6A, 0x99, 0x21, 0xB3, 0xF9, 0x74, 0xF6, 0x7D, 0xE4, 0xD3, 0xF6, 0x97,
    0xCD, 0x7F, 0xCD, 0x55, 0xB1, 0x8E, 0xE4, 0x44, 0x10, 0x2D, 0x8F, 0x61, 0x47, 0xAC, 0x25, 0x4C,
    0x82, 0x84, 0xB4, 0x48, 0xCE, 0x4F, 0x42, 0x7D, 0xC1, 0x05, 0x9C, 0x74, 0x5C, 0xB7, 0x74, 0x21,
    0xC9, 0x05, 0x8C, 0x10, 0x22, 0x20, 0x47, 0x48, 0xCB, 0x07, 0x20, 0xD9, 0x19, 0x21, 0xFB, 0x09,
    0x04, 0x08, 0x8D, 0xE6, 0x02, 0x08, 0x37, 0x80, 0x73, 0xE7, 0x24, 0xFE, 0x03, 0x1C, 0xDC, 0x91,
    0x9E, 0x03, 0x83, 0x7C, 0x68, 0xEC, 0xE2, 0xBD, 0xB2, 0x67, 0xBC, 0x22, 0x24, 0xC2, 0xBB, 0x53,
    0x9E, 0x69, 0x57, 0xBD, 0xEA, 0x7A, 0xF5, 0xBA, 0x2C, 0x89, 0xE0, 0xCA, 0x5A, 0x98, 0xFC, 0x08,
    0x53, 0x68, 0x10, 0x49, 0xB4, 0xC1, 0x57, 0xD7, 0xF1, 0x09, 0x16, 0x2F, 0x7E, 0x1C, 0x45, 0x4A,
    0x55, 0xD9, 0xA8, 0x6A, 0xC8, 0x60, 0x62, 0xD1, 0x27, 0x1A, 0x7D, 0x23, 0x65, 0x53, 0x56, 0xE2,
    0x9A, 0x3A, 0x48, 0xD1, 0xD6, 0x80, 0x58, 0x8D, 0x3D, 0x88, 0x3E, 0x8A, 0x8F, 0x00, 0xD2, 0x90,
    0x4F, 0x9F, 0xAB, 0x6C, 0x55, 0x8F, 0x40, 0x57, 0x20, 0x3B, 0x26, 0xB2, 0x2B, 0x9B, 0x42, 0x25,
    0xB5, 0xFE, 0xD5, 0xA5, 0x40, 0xEE, 0x73, 0x7D, 0xA5, 0xAD, 0x1B, 0x44, 0x1B, 0xDF, 0x6E, 0xB4,
    0x2B, 0x63, 0xAE, 0x5D, 0x5D, 0xF9, 0xDF, 0xFB, 0x3A, 0xE8, 0xC7, 0x43, 0xFD, 0x64, 0xCC, 0x86,
    0xFA, 0xBB, 0x3E, 0xEF, 0x4B, 0x6D, 0xF2, 0xDE, 0x6B, 0x70, 0x9D, 0x1B, 0xA5, 0x6C, 0x8B, 0xE9,
    0x53, 0x6C, 0x08, 0x00, 0x40, 0x42, 0x8E, 0x0F, 0x9C, 0x95, 0xF0, 0x89, 0x9C, 0x2F, 0xAB, 0x53,
    0xD2, 0x8A, 0x76, 0x1B, 0x69, 0x73, 0x16, 0x2D, 0x05, 0xAB, 0x14, 0x3F, 0xD0, 0x96, 0x64, 0x40,
    0x74, 0xA2, 0xFB, 0xA8, 0x74, 0x3F, 0xA2, 0x0A, 0xD9, 0xF6, 0x28, 0x43, 0xB2, 0xAE, 0x68, 0x18,
    0x94, 0x73, 0xF3, 0x71, 0xDB, 0x23, 0xA8, 0x4A, 0x11, 0x50, 0xC3, 0x57, 0x04, 0x31, 0xE0, 0x07,
    0x3F, 0xCB, 0x90, 0x02, 0xCB, 0xC7, 0x0C, 0x6E, 0x45, 0x93, 0xFF, 0xB9, 0xDB, 0x7D, 0xD1, 0x39,
    0x65, 0x65, 0xDC, 0x9D, 0x1E, 0x4B, 0xDA, 0x71, 0xC7, 0xEB, 0x29, 0xBF, 0x6A, 0x77, 0xD7, 0x3E,
    0x9B, 0x0E, 0xCF, 0xA6, 0x9B, 0x74, 0x94, 0xED, 0x51, 0xFE, 0x6F, 0x76, 0xB3, 0x97, 0x8B, 0xBD,
    0x5C, 0x1E, 0x0E, 0xFB, 0x02, 0x75, 0x78, 0x7E, 0xFE, 0x3E, 0xEC, 0xA9, 0x92, 0x0C, 0x15, 0xC3,
    0x87, 0x14, 0x80, 0x80, 0x38, 0x93, 0x7A, 0x5A, 0x44, 0xA4, 0x90, 0x33, 0xA8, 0x45, 0xEA, 0x4A,
    0x36, 0xD3, 0x9D, 0x25, 0x74, 0x80, 0x38, 0xE0, 0xE7, 0x98, 0xB3, 0x6D, 0xB8, 0xBE, 0x3C, 0x1C,
    0x0E, 0x81, 0x24, 0xC5, 0xD5, 0x9C, 0x7A, 0x68, 0x1D, 0xCB, 0xF9, 0xD3, 0xB1, 0x8F, 0x9E, 0x6B,
    0xCF, 0x69, 0x18, 0x49, 0xF2, 0x25, 0xED, 0x29, 0x28, 0xB6, 0x34, 0x37, 0x09, 0xD3, 0xD7, 0x53,
    0x68, 0x35, 0xDD, 0xC6, 0xFF, 0xE2, 0xB6, 0x3D, 0xBB, 0x15, 0x67, 0xB7, 0x7B, 0x8B, 0x72, 0xE3,
    0xC3, 0x9F, 0xEF, 0x3F, 0xB8, 0xFF, 0xE0, 0xC3, 0xAF, 0x29, 0x8D, 0xAC, 0xF1, 0x9D, 0x1F, 0xF0,
    0xD7, 0x65, 0xA6, 0xB2, 0x1D, 0xD5, 0x97, 0x58, 0x55, 0xE9, 0x1D, 0x9B, 0x4D, 0x7B, 0x02, 0xF6,
    0x56, 0x90, 0x89, 0xCF, 0x99, 0x10, 0xC9, 0xCF, 0xCC, 0x9E, 0xF1, 0x44, 0x36, 0x83, 0x01, 0x20,
    0x5D, 0x20, 0x6B, 0x3E, 0x52, 0x6E, 0xBE, 0x21, 0x7B, 0x45, 0x9B, 0xF5, 0x0C, 0x27, 0x40, 0xD6,
    0x17, 0x2D, 0xA5, 0xEA, 0x1A, 0x5A, 0x4A, 0x35, 0x19, 0x29, 0x5B, 0x51, 0x03, 0xA8, 0xD5, 0xD0,
    0x27, 0xB3, 0x46, 0x71, 0x61, 0x76, 0xDE, 0xC1, 0xC5, 0xF7, 0x96, 0xEF, 0x46, 0x32, 0xF4, 0x58,
    0x07, 0x1C, 0xF3, 0x58, 0xE8, 0x84, 0x23, 0xDA, 0xFA, 0x3F, 0xF4, 0xDB, 0xE9, 0xBA, 0xF7, 0x95,
    0x7B, 0xD5, 0xA5, 0x43, 0x89, 0xA7, 0x71, 0x73, 0xAC, 0x31, 0x03, 0x24, 0x39, 0x96, 0xA8, 0x25,
    0x6C, 0x70, 0xCB, 0xB5, 0x49, 0x07, 0x1F, 0xCB, 0xDF, 0x86, 0xAC, 0x47, 0x17, 0x9F, 0x40, 0xC2,
    0xB9, 0x8E, 0xC8, 0xDC, 0xA4, 0x38, 0xE4, 0x3C, 0xE3, 0x9F, 0x05, 0x49, 0x7E, 0x60, 0x8E, 0xAB,
    0xD7, 0x96, 0x69, 0x9E, 0x2F, 0xB4, 0x38, 0xEE, 0xA4, 0x77, 0xBC, 0x94, 0x59, 0x2C, 0x27, 0x3A,
    0x66, 0x3B, 0x9F, 0xCB, 0xC2, 0xA8, 0x71, 0xCD, 0x4A, 0x90, 0x8F, 0xAB, 0x9D, 0xC9, 0xB2, 0x5A,
    0xA5, 0x0E, 0x67, 0xCA, 0x4C, 0x86, 0x8B, 0x4D, 0xCC, 0x6E, 0xAC, 0xFA, 0xCD, 0x68, 0x23, 0x80,
    0xD5, 0xBF, 0xC9, 0xB9, 0x86, 0xDD, 0x33, 0xAD, 0xE3, 0x38, 0x82, 0x0E, 0x09, 0x9F, 0xCD, 0xA1,
    0x4F, 0xCD, 0x7D, 0x30, 0x97, 0xA6, 0x08, 0x5E, 0xA7, 0x32, 0xF8, 0x2B, 0xEC, 0xF7, 0xA1, 0x94,
    0x04, 0x49, 0x6E, 0x66, 0x1F, 0x8C, 0xAE, 0xCB, 0xE0, 0xB4, 0x77, 0xC1, 0xFF, 0x84, 0xA7, 0x8F,
    0x13, 0xCC, 0x8E, 0x77, 0xE6, 0x62, 0x38, 0x05, 0x16, 0xED, 0xB4, 0xF2, 0xEE, 0xEE, 0xFA, 0x65,
    0xE0, 0xF9, 0x8F, 0xAB, 0xF9, 0x97, 0x12, 0xB9, 0x56, 0xAD, 0x4F, 0xEF, 0xE9, 0xE1, 0x50, 0xCD,
    0xBA, 0x36, 0xB4, 0x6E, 0x9D, 0x64, 0xF2, 0x1E, 0xFB, 0xC6, 0x47, 0xF5, 0xC8, 0x81, 0x3D, 0xA0,
    0x35, 0x53, 0x00, 0xB3, 0xD8, 0x94, 0x15, 0x64, 0xEC, 0x16, 0xCA, 0x8D, 0x96, 0xFA, 0x02, 0x08,
    0xF6, 0xF5, 0xCA, 0xBA, 0xFE, 0xD5, 0x0C, 0xC1, 0xF1, 0x13, 0x38, 0x71, 0xAA, 0xD5, 0xBC, 0x75,
    0x26, 0xDC, 0x69, 0x45, 0x2A, 0x18, 0x75, 0x4D, 0x00, 0xF4, 0xCB, 0x16, 0x2A, 0x02, 0x56, 0x80,
    0x7E, 0x2D, 0x17, 0x4C, 0xE2, 0x14, 0xDE, 0x05, 0x53, 0xBE, 0x7D, 0x1A, 0xE6, 0x2B, 0x72, 0x5C,
    0x0D, 0x63, 0x6F, 0xAC, 0x19, 0x36, 0x5B, 0xF3, 0x69, 0x57, 0x37, 0x1C, 0x9F, 0xB2, 0x1D, 0xE6,
    0xD3, 0xF6, 0x7C, 0x2E, 0xD0, 0x85, 0x2C, 0xDA, 0xB1, 0xCA, 0xD9, 0xD2, 0xB4, 0x75, 0xD6, 0xC1,
    0xEE, 0xB1, 0x01, 0xF7, 0x1F, 0x89, 0xFC, 0x2A, 0x32, 0x3C, 0xA2, 0xF6, 0xE4, 0xF6, 0x1B, 0xDC,
    0x2A, 0xF9, 0x65, 0xB9, 0x3D, 0xA2, 0x2E, 0xE5, 0x16, 0x2E, 0xB7, 0x70, 0x59, 0x02, 0x96, 0xF0,
    0x05, 0x6C, 0x81, 0x5E, 0x12, 0x2D, 0x69, 0x4F, 0x9B, 0x58, 0xB6, 0xB4, 0x6C, 0x50, 0xAE, 0x6C,
    0xBB, 0xB2, 0xA9, 0x32, 0xBC, 0x8A, 0xFC, 0x90, 0xB7, 0xF3, 0x7B, 0x03, 0x6D, 0xC6, 0x1B, 0xAD,
    0x30, 0x74, 0x14, 0x8C, 0x00, 0xD3, 0x38, 0x14, 0x85, 0xFF, 0xED, 0xFB, 0xF2, 0x86, 0xC8, 0x3F,
    0xD5, 0xBD, 0x7D, 0x94, 0x1D, 0x57, 0x7D, 0x20, 0x78, 0xAB, 0x4A, 0xEA, 0x32, 0x2A, 0xBD, 0x57,
    0xDA, 0x1C, 0x0B, 0x18, 0xAB, 0xA5, 0xD2, 0x4E, 0x3C, 0x13, 0x61, 0xBA, 0x55, 0x9D, 0xD0, 0x40,
    0x03, 0xAF, 0xBB, 0x4A, 0xD6, 0x0E, 0x3E, 0x73, 0x4C, 0x22, 0x91, 0xB8, 0xCD, 0x2E, 0xDE, 0x20,
    0x25, 0x61, 0x66, 0x89, 0x0D, 0xF4, 0x23, 0x74, 0x0E, 0x9D, 0xD0, 0xEA, 0x57, 0xB2, 0x26, 0xE3,
    0xDD, 0x38, 0x89, 0x1B, 0xC6, 0x9E, 0x99, 0xB3, 0xC9, 0x09, 0x3D, 0x01, 0x76, 0x71, 0x8B, 0xA0,
    0x97, 0xA4, 0x37, 0x11, 0x83, 0xA4, 0x2A, 0xA9, 0xFF, 0xD0, 0x26, 0x4E, 0x70, 0x49, 0x82, 0x68,
    0xCF, 0x40, 0x70, 0x59, 0x96, 0x71, 0x90, 0x03, 0x2A, 0xEC, 0x27, 0xFC, 0x5A, 0x7A, 0xAF, 0xEE,
    0xFE, 0x3E, 0xEE, 0xAD, 0xF7, 0x5A, 0x1F, 0xB6, 0x0C, 0x0E, 0x27, 0x23, 0xBB, 0xEF, 0xFD, 0xBD,
    0xFA, 0xB8, 0x75, 0x3F, 0x7F, 0xF7, 0xF7, 0x7D, 0x85, 0x10, 0xC2, 0x08, 0x05, 0xFF, 0xB3, 0x53,
    0x05, 0x54, 0x33, 0x4C, 0xAD, 0x54, 0x0C, 0x2D, 0x10, 0xD0, 0x16, 0xD3, 0x4D, 0x02, 0xF6, 0x84,
    0x59, 0x1D, 0x01, 0xF3, 0xC1, 0x73, 0xC9, 0x28, 0x01, 0x49, 0xA3, 0x98, 0x36, 0x3E, 0x04, 0x85,
    0x1C, 0x2F, 0xEE, 0x2B, 0xE2, 0x0E, 0x5C, 0xFA, 0x46, 0x2A, 0xFC, 0xF3, 0x35, 0x00, 0x0A, 0x28,
    0x31, 0xC1, 0xC7, 0x0F, 0xC3, 0xED, 0x2C, 0x13, 0xC6, 0x54, 0x0E, 0x3F, 0xFE, 0x2C, 0x11, 0x8D,
    0xCB, 0x09, 0x00, 0x81, 0x10, 0x4B, 0x26, 0x02, 0xDB, 0x85, 0xD8, 0x67, 0x45, 0xF8, 0x59, 0x21,
    0xDC, 0x03, 0x58, 0x19, 0x37, 0x15, 0xC6, 0x4B, 0x08, 0x54, 0xE1, 0x55, 0x1F, 0x81, 0x8A, 0x17,
    0x0A, 0x1B, 0x9F, 0x59, 0x6F, 0x66, 0x50, 0x2A, 0x00, 0x43, 0x46, 0x2E, 0x5C, 0x04, 0x26, 0x24,
    0xD4, 0x13, 0x4B, 0x6E, 0x3C, 0x2A, 0xC4, 0xF4, 0x0C, 0x7C, 0x0B, 0x7F, 0x64, 0x50, 0xAA, 0x0D,
    0x80, 0x79, 0x7C, 0x2A, 0x11, 0xDB, 0xA1, 0xAE, 0x96, 0xBC, 0x5C, 0xDC, 0xD7, 0x1A, 0x83, 0xDB,
    0xE7, 0x8D, 0x6F, 0xC8, 0x6C, 0x1B, 0x35, 0x34, 0x1D, 0x9A, 0x1D, 0x22, 0x20, 0x9B, 0x76, 0xFF,
    0x80, 0x80, 0x85, 0xCC, 0xE8, 0x12, 0xF0, 0xA7, 0x89, 0xE0, 0x67, 0x3E, 0xA1, 0xBB, 0x67, 0x42,
    0xE5, 0xE2, 0x8D, 0xE2, 0xDA, 0x7F, 0x46, 0xDC, 0x56, 0x90, 0xF7, 0xEC, 0x54, 0xC4, 0xD0, 0x61,
    0xAE, 0x0A, 0x54, 0x02, 0x3A, 0xB6, 0xC6, 0x5D, 0x0C, 0xB7, 0x5C, 0x82, 0x30, 0xB5, 0xA9, 0xE8,
    0xCD, 0xD8, 0xB3, 0xD8, 0x12, 0x1F, 0xBF, 0x6C, 0x20, 0xB4, 0xB2, 0x09, 0xD3, 0x94, 0xAE, 0xE7,
    0x0C, 0xC1, 0xB3, 0xD3, 0x0C, 0xB9, 0x5C, 0x58, 0x4A, 0x1D, 0x86, 0xD5, 0x3F, 0x2F, 0x54, 0x9D,
    0xC5, 0x9C, 0x70, 0xCF, 0xAB, 0xB1, 0x8C, 0xC6, 0x75, 0xCD, 0xD2, 0x25, 0x5D, 0xC9, 0x3C, 0xD3,
    0x50, 0xF3, 0x7A, 0x50, 0x53, 0x43, 0x99, 0x7E, 0xD7, 0x4A, 0xDC, 0xAF, 0x7F, 0x98, 0x0A, 0x99,
    0x0A, 0x0D, 0x29, 0x43, 0x13, 0x0A, 0xC6, 0x76, 0x5A, 0x97, 0xE3, 0x04, 0xC7, 0x0D, 0x2B, 0x7D,
    0x7E, 0x65, 0xA0, 0x6C, 0xBA, 0x8C, 0x74, 0x11, 0xBB, 0x55, 0xBE, 0xB7, 0x2C, 0xFD, 0x2A, 0xC0,
    0x88, 0x25, 0x57, 0xD5, 0x7B, 0xBE, 0x88, 0x71, 0xE2, 0x19, 0x2B, 0xCE, 0xDD, 0x3B, 0xB0, 0x1D,
    0x6E, 0xB4, 0xD9, 0x4A, 0x3C, 0x28, 0x69, 0x5C, 0x8C, 0x89, 0xDC, 0x84, 0xF6, 0xE7, 0xF0, 0xD2,
    0xB4, 0x98, 0x85, 0xEA, 0x18, 0x30, 0xD6, 0x62, 0x8B, 0x70, 0x42, 0x98, 0x39, 0x15, 0xE8, 0x93,
    0xAA, 0xB0, 0x42, 0xE1, 0xC0, 0x8D, 0x21, 0x61, 0x43, 0xDD, 0xA0, 0xB1, 0x63, 0xD8, 0x2B, 0x30,
    0x9D, 0xF2, 0x69, 0x78, 0x00, 0xE6, 0xA7, 0xA8, 0x37, 0x45, 0x65, 0x93, 0xFC, 0x54, 0x22, 0x46,
    0x63, 0xF9, 0x81, 0xE2, 0x07, 0xC5, 0x13, 0x72, 0xE9, 0xE8, 0xBB, 0x65, 0xD4, 0xF4, 0x8A, 0x77,
    0xB7, 0xE6, 0xE1, 0x1B, 0x4D, 0xF8, 0xC2, 0xAD, 0x42, 0xAC, 0x81, 0x6F, 0x44, 0xD7, 0xAF, 0xEA,
    0x4D, 0x01, 0x46, 0x47, 0x03, 0xBF, 0xA3, 0xF2, 0x4B, 0x0A, 0xB0, 0x7E, 0x51, 0x03, 0x95, 0xF7,
    0x28, 0xC0, 0x59, 0xAF, 0x80, 0x68, 0x50, 0x3D, 0x9C, 0x4D, 0xAB, 0xD7, 0xA7, 0xF4, 0x22, 0x9C,
    0xE4, 0x71, 0x94, 0xAD, 0xEB, 0x65, 0xB9, 0xCA, 0xAC, 0xB0, 0xC9, 0xD9, 0x06, 0x4B, 0xC2, 0xF8,
    0xDC, 0x22, 0x60, 0x94, 0x64, 0x54, 0x59, 0x07, 0xF3, 0x06, 0xA7, 0x9A, 0x83, 0xF3, 0x69, 0x61,
    0xA1, 0x8A, 0x63, 0x9A, 0x35, 0x2B, 0x6F, 0x14, 0x7B, 0xA1, 0xBA, 0x83, 0x83, 0xA2, 0x5E, 0x17,
    0xEB, 0x06, 0xA1, 0x77, 0xEB, 0x63, 0x62, 0xBD, 0xD8, 0x20, 0x9A, 0xB7, 0x42, 0xA7, 0xED, 0x10,
    0x19, 0xBE, 0x50, 0x40, 0x17, 0xFF, 0x24, 0xF4, 0x9F, 0x75, 0xE0, 0x9E, 0x00, 0x10, 0x82, 0x73,
    0xA0, 0xED, 0x7E, 0x00, 0x4A, 0x79, 0x29, 0x35, 0xDB, 0xBC, 0x68, 0x33, 0x9A, 0xB2, 0x34, 0x4D,
    0xAB, 0x82, 0x16, 0xB0, 0x2D, 0x68, 0xF9, 0x96, 0x19, 0x5D, 0x74, 0x60, 0x2C, 0x78, 0x4D, 0x63,
    0x5D, 0x87, 0x78, 0xCE, 0xC2, 0x4C, 0x74, 0x43, 0x5A, 0x0E, 0x66, 0x4B, 0x4C, 0xE1, 0xEC, 0x9F,
    0x52, 0xB3, 0xE0, 0x9E, 0x6B, 0x56, 0x54, 0xF3, 0xEA, 0x0B, 0xB7, 0x68, 0xA0, 0xA6, 0x81, 0x96,
    0x9E, 0xA6, 0xBA, 0xCF, 0xDC, 0xB0, 0xF7, 0xC8, 0x3C, 0x4F, 0xF9, 0xAA, 0x99, 0xF2, 0x4C, 0xAE,
    0x39, 0x21, 0xAF, 0xBB, 0x7C, 0x18, 0xE7, 0x8A, 0xA8, 0x59, 0xC9, 0x92, 0x30, 0xF0, 0x11, 0x17,
    0x1E, 0x09, 0xD5, 0x23, 0x46, 0xAA, 0x1F, 0x89, 0xD4, 0x23, 0xDB, 0xF5, 0x23, 0x33, 0xBA, 0x94,
    0xAD, 0xF8, 0xC8, 0x48, 0xA5, 0xB2, 0x86, 0x3F, 0x14, 0xD6, 0xF0, 0x91, 0x69, 0xEF, 0x07, 0x49,
    0x7E, 0x18, 0xEB, 0xFD, 0x8E, 0xA9, 0x9D, 0x27, 0xB0, 0x93, 0xB2, 0xDC, 0x77, 0x1D, 0xEC, 0x91,
    0x2C, 0xFD, 0xCA, 0x2D, 0xB4, 0x58, 0xB2, 0xEC, 0x6E, 0x44, 0x86, 0x50, 0x5E, 0x53, 0x55, 0xAB,
    0x3E, 0x3E, 0xCB, 0xD5, 0xAA, 0x39, 0xD9, 0x30, 0x55, 0x78, 0x0B, 0xF5, 0x12, 0x61, 0x63, 0x8D,
    0x8F, 0x65, 0xA1, 0x5A, 0xB5, 0x76, 0xF7, 0x35, 0xBD, 0xB4, 0x46, 0xE5, 0xAF, 0xD3, 0x3D, 0xA0,
    0x97, 0xA2, 0xCA, 0x7D, 0xD5, 0x23, 0x41, 0xC2, 0x79, 0x43, 0xE5, 0xB1, 0x2E, 0x9B, 0x31, 0x94,
    0xA1, 0x72, 0x93, 0x26, 0x98, 0x2F, 0xE9, 0x5F, 0x68, 0x51, 0x06, 0xE3, 0x1E, 0x63, 0x8E, 0x3D,
    0x03, 0x59, 0x41, 0x8F, 0x49, 0x9E, 0x89, 0x81, 0x94, 0x49, 0x7F, 0xDE, 0x50, 0x79, 0x4C, 0x8F,
    0x43, 0xF1, 0x92, 0x0A, 0x36, 0x64, 0x1A, 0x63, 0x6E, 0x49, 0xE1, 0xB5, 0x78, 0x47, 0xB1, 0x3A,
    0x6A, 0xC7, 0x39, 0xA2, 0x6A, 0xBD, 0x59, 0x0D, 0xB1, 0x29, 0xAE, 0xF7, 0xCF, 0x50, 0x6B, 0xD3,
    0x4C, 0x34, 0x66, 0x52, 0x78, 0x4E, 0xA1, 0x2F, 0x37, 0x5F, 0x9D, 0x6F, 0x99, 0x51, 0x13, 0xA1,
    0xB6, 0x3A, 0x9F, 0xD9, 0xA2, 0x50, 0x21, 0x7E, 0xF2, 0xB6, 0xC5, 0xC5, 0xDC, 0x5D, 0x5C, 0xFC,
    0x82, 0x23, 0x65, 0x66, 0xC3, 0x1F, 0xA3, 0xD1, 0x46, 0x28, 0x7C, 0xF8, 0x1A, 0xCE, 0x77, 0x1B,
    0x2A, 0xEB, 0x61, 0x43, 0x8E, 0xD1, 0xFF, 0xD4, 0xAD, 0x2D, 0x35, 0x4A, 0x34, 0x90, 0xC3, 0x46,
    0x54, 0xE3, 0xE1, 0xCB, 0x29, 0x9F, 0x09, 0xBA, 0xF4, 0x81, 0xEF, 0x77, 0xFC, 0x47, 0x30, 0xBF,
    0x92, 0xD9, 0x17, 0xA9, 0xFD, 0xD0, 0x15, 0x11, 0xB5, 0x5B, 0xF8, 0x09, 0x4F, 0x58, 0xDC, 0xC5,
    0x6C, 0x9A, 0x15, 0x6A, 0x14, 0x37, 0xF4, 0x26, 0x3E, 0xEE, 0x1B, 0xD8, 0x42, 0x9C, 0x1B, 0x5B,
    0xD4, 0x8C, 0x87, 0xEF, 0xC2, 0xDE, 0x47, 0xAF, 0xB9, 0xBC, 0x6B, 0x0A, 0x44, 0xD3, 0xB0, 0x31,
    0x52, 0x37, 0x1A, 0x2D, 0x98, 0x02, 0xFB, 0xD6, 0xC1, 0x85, 0x9F, 0x83, 0x0B, 0x4F, 0xF1, 0x37,
    0xB1, 0x2D, 0x26, 0x7C, 0xD8, 0x85, 0x51, 0x59, 0x4B, 0xA3, 0x23, 0x3B, 0x2A, 0x9D, 0xA1, 0x0D,
    0x8A, 0xB7, 0x4B, 0x9A, 0xD9, 0x98, 0xC2, 0xF7, 0x66, 0xA8, 0x91, 0x33, 0xF4, 0xCD, 0x19, 0xFA,
    0xEA, 0x0C, 0x7D, 0x77, 0x86, 0x2A, 0x34, 0x43, 0x4B, 0x6C, 0x86, 0x6A, 0x31, 0x43, 0xD5, 0x84,
    0x67, 0x66, 0x8D, 0x10, 0xDF, 0x32, 0x12, 0x48, 0xED, 0x13, 0x98, 0x1A, 0x2F, 0x60, 0x2A, 0x62,
    0x4A, 0xFD, 0x14, 0x53, 0x2F, 0x9B, 0xA1, 0x69, 0x86, 0xDF, 0x7A, 0x16, 0x76, 0x05, 0xE3, 0xF3,
    0x3C, 0x0F, 0x69, 0x1E, 0x39, 0xE7, 0x45, 0x1C, 0x52, 0x9B, 0x70, 0x3C, 0x5B, 0x54, 0x35, 0x5A,
    0x20, 0xBC, 0x0E, 0xA1, 0xC1, 0x2E, 0xA3, 0xCB, 0xCD, 0x3C, 0x07, 0x86, 0x78, 0x63, 0x1B, 0xE3,
    0xDD, 0x6A, 0x54, 0x18, 0xD0, 0xAF, 0xF9, 0xA8, 0xB0, 0x60, 0x6E, 0x36, 0xA7, 0x71, 0x96, 0x89,
    0xA6, 0xFA, 0x05, 0x8F, 0xE0, 0x3D, 0x1E, 0xFD, 0x8C, 0xDF, 0x4B, 0xAA, 0x3C, 0x83, 0x1C, 0xCC,
    0x9C, 0x90, 0xA6, 0xD2, 0x16, 0xC6, 0x53, 0xB3, 0xD0, 0x87, 0xF0, 0x81, 0x9C, 0x68, 0x10, 0xDC,
    0x83, 0x0C, 0x79, 0x90, 0x26, 0xC5, 0xA6, 0xDE, 0xD6, 0x56, 0xEE, 0x5D, 0xB8, 0x4C, 0xA0, 0xD6,
    0xF2, 0x3B, 0xF7, 0xC2, 0xE4, 0xB6, 0xE0, 0x31, 0xBB, 0x83, 0xAF, 0x41, 0xA3, 0x68, 0x54, 0x60,
    0xED, 0x05, 0x34, 0x25, 0x79, 0x2B, 0x76, 0x92, 0x7D, 0x34, 0x61, 0x93, 0x59, 0xCE, 0xC6, 0x39,
    0x9B, 0xE0, 0x7B, 0x3E, 0x3F, 0xE9, 0xDD, 0x83, 0x7B, 0x2D, 0x8D, 0x57, 0xA3, 0x10, 0x8E, 0xCC,
    0x0D, 0xD9, 0x15, 0xDE, 0xFE, 0x8E, 0x95, 0x07, 0xC2, 0x17, 0xB3, 0x76, 0xE2, 0x86, 0x13, 0x62,
    0x1C, 0xB2, 0xC8, 0xE7, 0xCC, 0x0B, 0x8F, 0x58, 0x99, 0x1F, 0xBA, 0x57, 0x5A, 0x66, 0x51, 0x40,
    0xCB, 0x33, 0x81, 0x44, 0xD8, 0xFD, 0x30, 0xB7, 0xE7, 0xCB, 0xDA, 0x42, 0xD5, 0xFD, 0x9C, 0x36,
    0x0D, 0x28, 0xCC, 0xFD, 0xDB, 0xB6, 0x75, 0xA9, 0x41, 0x85, 0xA5, 0x6E, 0xB8, 0x9D, 0x4B, 0x51,
    0x99, 0x27, 0x8E, 0x58, 0xA9, 0x17, 0xBA, 0xDF, 0x6E, 0x9B, 0x2B, 0x31, 0x7E, 0x9D, 0x5E, 0x80,
    0x36, 0xFA, 0x52, 0x50, 0x05, 0xBD, 0x70, 0xE2, 0x55, 0xB7, 0x88, 0x69, 0x3D, 0x07, 0xBA, 0x14,
    0x96, 0x97, 0x59, 0x84, 0xC2, 0x53, 0x08, 0x05, 0x7A, 0xCA, 0x61, 0x74, 0x22, 0xDE, 0xBF, 0xC8,
    0x68, 0xCA, 0xE0, 0x57, 0xE9, 0x45, 0xDE, 0x6D, 0x90, 0xA6, 0x11, 0xC6, 0xEE, 0x0E, 0x4E, 0xDE,
    0x16, 0xE2, 0x9D, 0x5C, 0x38, 0x2B, 0x7B, 0x5A, 0xC2, 0x4B, 0x60, 0xC3, 0x0D, 0xF0, 0xEE, 0x04,
    0x3E, 0x07, 0x15, 0xF1, 0x31, 0xF1, 0x18, 0xA2, 0x6B, 0x41, 0x08, 0x6B, 0xD6, 0x4D, 0xCD, 0x8E,
    0xB0, 0x8B, 0xA9, 0x16, 0xEE, 0x8C, 0xF0, 0x45, 0xBF, 0xE8, 0x1B, 0x46, 0x42, 0xA7, 0x7C, 0x45,
    0x4A, 0x5A, 0xF2, 0x38, 0x7C, 0x56, 0x66, 0xE1, 0xF2, 0x4B, 0x4D, 0x5A, 0x84, 0xB4, 0x14, 0x53,
    0xBA, 0xD2, 0x72, 0x32, 0x44, 0x61, 0x71, 0x42, 0x88, 0x10, 0xDA, 0xD2, 0x78, 0xF8, 0x3C, 0xD0,
    0x3C, 0xF8, 0x7E, 0xF0, 0xFB, 0xB8, 0x3B, 0x1E, 0x15, 0x88, 0xD4, 0xDA, 0x38, 0x8B, 0x60, 0x12,
    0x8F, 0x97, 0xF0, 0x11, 0xBA, 0x1E, 0xBC, 0xAF, 0x45, 0x34, 0x52, 0x46, 0x5B, 0x77, 0xB8, 0x0A,
    0xBB, 0xDD, 0xFB, 0x98, 0x42, 0xED, 0xB7, 0x21, 0xA6, 0x3D, 0xCF, 0xA8, 0x18, 0xE8, 0xD9, 0x8D,
    0x84, 0xA7, 0x7D, 0x1A, 0x4B, 0xE3, 0x28, 0xAE, 0x72, 0x7E, 0xCC, 0xA1, 0xFD, 0xDD, 0x6F, 0xB9,
    0x1D, 0x5C, 0x84, 0x30, 0x79, 0x87, 0xA7, 0xAB, 0x1F, 0xC6, 0x35, 0x0B, 0x13, 0x7D, 0x2C, 0xE8,
    0x56, 0x10, 0x9D, 0x02, 0x45, 0x31, 0x3A, 0x5A, 0xA9, 0xE2, 0x56, 0xDC, 0x84, 0xA7, 0xDE, 0xF1,
    0x8B, 0xB0, 0xBA, 0x6D, 0xA8, 0x97, 0x9F, 0x06, 0x5D, 0x98, 0xAD, 0x9B, 0x42, 0x59, 0xAC, 0xD0,
    0xA0, 0x1E, 0x92, 0x51, 0x76, 0x7F, 0xE6, 0x01, 0x56, 0xB0, 0xBE, 0xB3, 0x33, 0xCA, 0x45, 0x7A,
    0xFB, 0xB6, 0xF5, 0xEB, 0xAD, 0xC8, 0x0E, 0xF7, 0x19, 0xC9, 0xE8, 0xB6, 0xF5, 0x15, 0x13, 0xC6,
    0xD2, 0x93, 0xC9, 0x3B, 0x8F, 0x7D, 0xE9, 0x4B, 0x06, 0xEC, 0x06, 0xC6, 0x03, 0xD1, 0xAF, 0xEF,
    0xFB, 0xC0, 0x7D, 0xC6, 0x77, 0x70, 0xCF, 0x8C, 0xF6, 0x8E, 0x56, 0x6C, 0xA4, 0x45, 0x81, 0x18,
    0x5B, 0x00, 0x30, 0xA4, 0xD6, 0x09, 0xDA, 0x3E, 0x9A, 0x44, 0x06, 0x24, 0xD3, 0x55, 0x2B, 0x42,
    0x36, 0xA0, 0x6A, 0x24, 0x4B, 0xAE, 0x49, 0x7C, 0x43, 0x05, 0xC9, 0x14, 0x99, 0xE0, 0xFA, 0x1D,
    0x64, 0x10, 0x17, 0xE8, 0xA0, 0x98, 0x84, 0x7F, 0xE1, 0x10, 0xD3, 0x0B, 0x42, 0x65, 0xFE, 0x22,
    0xFD, 0xC3, 0x1E, 0xDC, 0xCE, 0xFB, 0x52, 0x67, 0xF5, 0x03, 0xAF, 0x08, 0x6E, 0xEE, 0x91, 0x0D,
    0x2E, 0x97, 0x80, 0xBD, 0x68, 0x70, 0xB9, 0x21, 0xAF, 0xE7, 0x15, 0xC8, 0xDF, 0x04, 0xD0, 0x92,
    0x30, 0x99, 0x88, 0xE1, 0x0D, 0x35, 0xB9, 0x45, 0xDC, 0xBF, 0xF8, 0x05, 0xB1, 0x75, 0xAB, 0xF9,
    0x69, 0xA3, 0x0A, 0x99, 0xF5, 0xF3, 0x8B, 0x95, 0xF0, 0xD6, 0xAD, 0xD6, 0x6E, 0x51, 0x09, 0x6F,
    0xF9, 0xCD, 0x83, 0x9F, 0x7A, 0xBC, 0x72, 0xE1, 0x0B, 0x5B, 0xAB, 0x7F, 0x29, 0xFE, 0x7D, 0x7A,
    0x8B, 0xFF, 0xDC, 0xAD, 0xE2, 0x9F, 0x4F, 0x65, 0xA2, 0xB2, 0x55, 0xDC, 0x0A, 0xE3, 0x35, 0xB2,
    0x41, 0xDC, 0x72, 0x3B, 0x14, 0x00, 0xD9, 0xEB, 0x80, 0xC5, 0x82, 0x8B, 0x26, 0x6C, 0x6D, 0xB7,
    0x8A, 0xAD, 0xA6, 0xB0, 0xA0, 0xF0, 0xC8, 0x00, 0x62, 0xDA, 0x78, 0x5C, 0x88, 0x88, 0xF7, 0xBB,
    0x88, 0xF7, 0xDA, 0x48, 0xFC, 0x67, 0xF8, 0xF1, 0x3F, 0x13, 0x8E, 0x86, 0x1E, 0x54, 0xD9, 0x0C,
    0x23, 0xAA, 0x7F, 0x12, 0xD9, 0xEA, 0x9A, 0xAD, 0x9D, 0xE4, 0x7F, 0xAA, 0xC2, 0xB0, 0xC4, 0xF2,
    0xAB, 0x79, 0x8D, 0xE6, 0x55, 0xC0, 0x5A, 0x0D, 0x04, 0x91, 0x02, 0x64, 0xC2, 0x80, 0xA9, 0x01,
    0x5B, 0xAA, 0x67, 0xBC, 0xAE, 0x02, 0x82, 0xB6, 0x02, 0x60, 0xFD, 0x37, 0x33, 0x40, 0x0E, 0xF0,
    0x2C, 0x00, 0x41, 0x4A, 0x2B, 0x09, 0x80, 0x4C, 0xB8, 0x5D, 0xFC, 0x04, 0x20, 0x3A, 0x78, 0x16,
    0x00, 0xA0, 0x33, 0x90, 0xE4, 0x80, 0x87, 0xDB, 0xF8, 0x2C, 0x00, 0x4E, 0x87, 0x56, 0x5D, 0x33,
    0xB3, 0xBB, 0x6E, 0x41, 0xF5, 0xB1, 0x8A, 0xA0, 0x43, 0x80, 0x29, 0x89, 0x3C, 0x69, 0x66, 0x06,
    0xD3, 0x2F, 0xF0, 0x2D, 0x42, 0xED, 0x08, 0xC4, 0x85, 0xAA, 0x7C, 0xA3, 0xA3, 0x80, 0x20, 0x57,
    0x80, 0x9F, 0x2A, 0x60, 0x20, 0xBC, 0x5E, 0x4B, 0x01, 0x28, 0x7B, 0xA3, 0xEC, 0x9F, 0xAB, 0x7A,
    0xEC, 0xE5, 0x87, 0x18, 0xD6, 0xF1, 0x7A, 0xC8, 0x60, 0x37, 0x19, 0x87, 0x0C, 0xB6, 0xF9, 0x36,
    0x64, 0x46, 0xCB, 0xCA, 0xF0, 0x91, 0x7D, 0x6E, 0x84, 0x99, 0x37, 0x47, 0x2F, 0x00, 0x5F, 0x86,
    0x99, 0xD5, 0xA2, 0xCC, 0x3D, 0x4A, 0xD9, 0xB8, 0x17, 0x62, 0xD6, 0xB2, 0x53, 0xC8, 0xAC, 0xD4,
    0x68, 0x41, 0x06, 0x1B, 0xF8, 0x3E, 0x2E, 0x7A, 0xF3, 0x4D, 0x0D, 0x31, 0x8F, 0x15, 0x2C, 0x9D,
    0x04, 0xAA, 0x01, 0x9B, 0x43, 0x02, 0xD8, 0xD5, 0xCA, 0x00, 0xA7, 0x01, 0x7E, 0x84, 0x9E, 0x6E,
    0x23, 0x6A, 0x9C, 0x45, 0x0A, 0x24, 0x40, 0x76, 0xDC, 0x9B, 0xC2, 0x55, 0x86, 0x5D, 0x46, 0x04,
    0x1E, 0x31, 0x0D, 0x48, 0xF5, 0x08, 0x9B, 0x58, 0x3B, 0xA4, 0x49, 0x7C, 0xDC, 0x1C, 0x27, 0x10,
    0xCB, 0xC3, 0xD6, 0x05, 0x18, 0x0D, 0xCA, 0x81, 0x32, 0x3A, 0x48, 0xC5, 0xEC, 0x43, 0xBC, 0x8F,
    0x3B, 0x1D, 0xE4, 0x13, 0x6A, 0x27, 0x50, 0xFF, 0x46, 0x84, 0x80, 0xE5, 0x34, 0x4A, 0x74, 0x57,
    0x8D, 0x36, 0xEA, 0x0E, 0x01, 0x1D, 0xFC, 0x7F, 0x4A, 0xAE, 0x10, 0x1D, 0xE9, 0x5D, 0x90, 0x87,
    0x32, 0xE2, 0x25, 0xED, 0xE5, 0xE4, 0x18, 0xE1, 0x49, 0x57, 0x64, 0x58, 0xCC, 0x38, 0x60, 0x82,
    0x69, 0xC4, 0xE5, 0x2D, 0xC0, 0x8B, 0x88, 0x26, 0x81, 0xBC, 0xC8, 0x6B, 0x15, 0xA0, 0x2B, 0xEC,
    0x07, 0x8D, 0x74, 0xC2, 0x35, 0xAD, 0xC8, 0x85, 0x77, 0xE6, 0x6C, 0xE7, 0xC1, 0x74, 0xB3, 0xB3,
    0x1C, 0x6E, 0xB3, 0x1E, 0x49, 0xB2, 0x21, 0xE7, 0x24, 0x34, 0xE1, 0xC9, 0xA4, 0x39, 0x66, 0xDC,
    0x0D, 0x85, 0x9E, 0x10, 0xD3, 0xA3, 0xF7, 0x54, 0x01, 0x81, 0xA7, 0xF7, 0x8C, 0x35, 0xE4, 0x53,
    0x2B, 0xFB, 0x8E, 0x3D, 0x2F, 0xDB, 0xBF, 0x01, 0xDB, 0x6B, 0xCD, 0xE9, 0x1A, 0x87, 0x91, 0x7C,
    0xA9, 0x19, 0x19, 0xD2, 0x72, 0x6B, 0xA0, 0xFC, 0xF0, 0x2A, 0x5E, 0xE5, 0x66, 0x00, 0xA9, 0x81,
    0x93, 0x9A, 0xC1, 0x59, 0x56, 0x54, 0xEF, 0x1F, 0x28, 0xC0, 0xFA, 0x59, 0x0D, 0xDC, 0x7D, 0x40,
    0x13, 0xC4, 0xEB, 0xD4, 0xC3, 0xE7, 0x87, 0x34, 0xCD, 0x9F, 0x5D, 0x43, 0x3D, 0xAB, 0x2B, 0x86,
    0xE2, 0xD4, 0xED, 0x6F, 0x72, 0x7E, 0xAC, 0xC2, 0xBB, 0x49, 0xC6, 0x6C, 0xE8, 0x3E, 0xC1, 0x54,
    0x73, 0xE6, 0x64, 0x4C, 0x28, 0xAD, 0xF0, 0x5B, 0xCB, 0x4C, 0xFB, 0x6C, 0xBA, 0x52, 0x60, 0xAB,
    0xCC, 0x22, 0x3E, 0x88, 0xE5, 0xF8, 0x30, 0xFD, 0x90, 0x50, 0x3E, 0xAC, 0x24, 0x1C, 0xB9, 0x98,
    0xDC, 0x8D, 0xC4, 0x6C, 0x0B, 0xE8, 0xA2, 0x4F, 0xC9, 0x79, 0x21, 0x15, 0xF7, 0xF0, 0x12, 0xA4,
    0x5D, 0xE0, 0x6E, 0x9A, 0x9B, 0x64, 0x11, 0x66, 0x55, 0x66, 0xEC, 0xD2, 0x2D, 0x62, 0x1A, 0xF8,
    0x28, 0xE3, 0xD4, 0x11, 0x31, 0x3D, 0x82, 0x34, 0x4A, 0x4B, 0x8C, 0x41, 0x6E, 0x5E, 0x0E, 0x45,
    0xED, 0x76, 0x62, 0xE0, 0x8D, 0xEE, 0x20, 0x11, 0xE0, 0xEE, 0x53, 0xD0, 0xA3, 0x6E, 0x03, 0x57,
    0x00, 0x4C, 0x59, 0x3B, 0x99, 0x46, 0xE2, 0x79, 0xE6, 0x97, 0xD2, 0x26, 0xCC, 0x3E, 0x33, 0x4F,
    0x81, 0x71, 0xF6, 0x9F, 0x8D, 0x1F, 0xDC, 0x9F, 0x6E, 0x07, 0x9C, 0x70, 0x5E, 0x38, 0x11, 0x73,
    0x04, 0xB0, 0x57, 0xC6, 0x8F, 0x02, 0x29, 0x05, 0x3F, 0x06, 0xE0, 0xFB, 0xD4, 0x10, 0x63, 0x92,
    0xB9, 0x4C, 0x24, 0xB4, 0x4D, 0x9C, 0x8E, 0xDE, 0x67, 0x12, 0xE0, 0xDB, 0xA1, 0x53, 0x9C, 0x14,
    0x88, 0x35, 0x92, 0x1B, 0x60, 0x92, 0x90, 0xE0, 0x60, 0x33, 0x26, 0x83, 0xD8, 0x0B, 0x94, 0x0C,
    0x91, 0xB8, 0x08, 0x13, 0xDC, 0xB5, 0xB2, 0x32, 0xC9, 0xDF, 0x09, 0x9B, 0x08, 0x2D, 0xEF, 0xBC,
    0xBF, 0x64, 0x40, 0x23, 0x06, 0x36, 0xDE, 0xC1, 0x25, 0x84, 0xBB, 0x4E, 0x84, 0x49, 0x42, 0x89,
    0xB7, 0x3A, 0x41, 0x32, 0x32, 0xA5, 0x04, 0xB8, 0x28, 0x99, 0x95, 0x49, 0x4E, 0x89, 0x2A, 0x19,
    0xC9, 0x77, 0xC5, 0xB9, 0x65, 0xB7, 0x2A, 0xA6, 0xB7, 0xC1, 0x34, 0xA9, 0x1D, 0x56, 0x77, 0xE4,
    0x9A, 0xF7, 0x23, 0x31, 0x42, 0x55, 0x4F, 0xAA, 0xAA, 0xDE, 0x08, 0x15, 0x60, 0xC8, 0xBB, 0x19,
    0x70, 0x2E, 0x5C, 0x01, 0x60, 0x0C, 0xF7, 0x46, 0xE4, 0x10, 0x9B, 0xF8, 0x3C, 0xD0, 0xF4, 0xC6,
    0xB3, 0x21, 0x5C, 0x04, 0x1E, 0xD8, 0xC1, 0xF1, 0xC0, 0xEB, 0x01, 0x90, 0x88, 0xC8, 0xBC, 0x03,
    0xBF, 0xEE, 0xE0, 0x46, 0x5A, 0x81, 0x05, 0x6A, 0x85, 0xC3, 0xCC, 0xAB, 0x59, 0xA1, 0x92, 0x5A,
    0xD8, 0x61, 0x53, 0xB3, 0x9F, 0xD8, 0xE1, 0xC8, 0x3A, 0x23, 0x80, 0x88, 0x72, 0x08, 0x00, 0xF3,
    0x25, 0x58, 0x9C, 0x15, 0xE0, 0x6B, 0xBD, 0x03, 0x1F, 0xC0, 0xBA, 0x6C, 0xFF, 0xFD, 0xB6, 0x75,
    0x57, 0x04, 0x57, 0x06, 0x8A, 0xD0, 0xBA, 0x33, 0xE3, 0x2A, 0x5A, 0xE1, 0x3E, 0xE6, 0x7C, 0xAD,
    0xC8, 0x61, 0xE6, 0x11, 0x26, 0xC1, 0xE4, 0x2A, 0xA6, 0x8F, 0xA5, 0x0E, 0x42, 0x31, 0x4D, 0xFC,
    0x4F, 0xCB, 0x4D, 0x84, 0x96, 0x59, 0x95, 0x2C, 0x70, 0xDF, 0xBF, 0xDB, 0x78, 0x35, 0x36, 0x18,
    0x1D, 0x4F, 0x03, 0x16, 0x01, 0xAC, 0x3E, 0xB2, 0x0D, 0x47, 0x07, 0x05, 0x4A, 0x01, 0x76, 0xF1,
    0x98, 0xA0, 0xD9, 0xBA, 0x84, 0xBC, 0x6D, 0xDB, 0xC8, 0x6D, 0xCC, 0x2C, 0x1A, 0xB0, 0x16, 0x50,
    0xB1, 0x34, 0x28, 0x6D, 0x78, 0x70, 0x25, 0x9C, 0xAD, 0x42, 0xD6, 0xFD, 0x60, 0xEE, 0x8E, 0xC1,
    0xA0, 0x3D, 0x94, 0x6F, 0xAF, 0x43, 0x29, 0xA7, 0x2E, 0xB6, 0x47, 0x60, 0x07, 0x3F, 0x17, 0x89,
    0xD1, 0x5F, 0x92, 0xF2, 0x05, 0x24, 0xCD, 0x62, 0xCC, 0x9C, 0x56, 0x20, 0x4F, 0xC3, 0x5C, 0x9E,
    0x77, 0x65, 0x74, 0x1A, 0xEA, 0x0C, 0x3B, 0xBE, 0xE2, 0xB4, 0x79, 0x13, 0xC1, 0x99, 0x07, 0xFF,
    0x5E, 0xFF, 0xB8, 0xAA, 0xA8, 0xA9, 0xF8, 0x67, 0xE2, 0xD5, 0xDA, 0xC8, 0x73, 0xBE, 0x9F, 0x56,
    0x11, 0x8C, 0x92, 0x62, 0xCA, 0xA5, 0x9B, 0x04, 0x0A, 0xDA, 0x55, 0x42, 0x8F, 0xA4, 0x03, 0x8B,
    0x07, 0x09, 0x7A, 0x02, 0x39, 0xCB, 0x12, 0x62, 0x72, 0xE7, 0x64, 0xD6, 0x0F, 0x59, 0xE5, 0x5D,
    0x71, 0x15, 0xF4, 0x64, 0x09, 0x3D, 0x92, 0x08, 0xC5, 0xF4, 0x93, 0x88, 0x15, 0x5B, 0x1F, 0x91,
    0x24, 0xC1, 0xC5, 0xA5, 0x74, 0x8C, 0xF7, 0xE8, 0x22, 0xBC, 0x4A, 0x06, 0x21, 0x06, 0x16, 0xF5,
    0x25, 0x5F, 0x12, 0xA6, 0xB1, 0x73, 0xA4, 0xEE, 0x70, 0xAC, 0xDC, 0x04, 0x57, 0x82, 0x2C, 0x1E,
    0x15, 0xFE, 0xDD, 0xAA, 0xD2, 0x49, 0xE0, 0xEA, 0x4D, 0x31, 0xF0, 0x4A, 0x88, 0x9A, 0x59, 0xC0,
    0xFE, 0x18, 0x70, 0xE3, 0x90, 0x03, 0xB8, 0x0E, 0xC4, 0x77, 0x89, 0xAC, 0xF6, 0x35, 0x45, 0xC7,
    0x10, 0x89, 0xA9, 0x3C, 0x7D, 0xCD, 0xDF, 0x25, 0xCB, 0x1A, 0xF8, 0x44, 0x60, 0x41, 0xAD, 0xCE,
    0x9B, 0xE5, 0xC6, 0x06, 0x8C, 0x5D, 0x71, 0xED, 0x7C, 0x99, 0xD2, 0x6D, 0xF3, 0x9E, 0x1D, 0xA0,
    0x99, 0xB6, 0xF6, 0x50, 0x17, 0xE7, 0x74, 0x03, 0x1E, 0xC7, 0x22, 0x9C, 0xD0, 0x4B, 0x1A, 0x8F,
    0x59, 0x21, 0xAE, 0xA8, 0x87, 0xD3, 0x05, 0x98, 0xA0, 0x0F, 0x00, 0x78, 0x32, 0x5B, 0x10, 0xC4,
    0x7E, 0x89, 0xB3, 0xB8, 0x80, 0x5B, 0x3E, 0x4C, 0xE7, 0xCF, 0xC2, 0x30, 0x57, 0xFC, 0xF3, 0x6F,
    0x14, 0xE2, 0x57, 0x00, 0x1A, 0x5C, 0x8B, 0xEB, 0xF2, 0xE3, 0x08, 0x09, 0xF3, 0xF9, 0x90, 0x20,
    0x37, 0xFC, 0x28, 0x30, 0xAC, 0x08, 0x99, 0x72, 0xDE, 0xE2, 0xBB, 0x66, 0x08, 0x9C, 0xAF, 0xF8,
    0xBF, 0x71, 0xB4, 0x42, 0x58, 0x79, 0x50, 0x1E, 0x4A, 0x40, 0xF6, 0x01, 0x62, 0xA4, 0x31, 0x6A,
    0xCC, 0x2F, 0x88, 0xC6, 0x67, 0x70, 0x64, 0x46, 0xED, 0xD0, 0x4E, 0xE7, 0xA8, 0xA6, 0xED, 0x01,
    0x25, 0x04, 0xEE, 0x1B, 0x99, 0xBE, 0x1D, 0x80, 0x2E, 0x91, 0xF0, 0x45, 0x8C, 0xD1, 0x7A, 0xAB,
    0x57, 0x6E, 0x32, 0x5D, 0x4B, 0x69, 0x9C, 0x57, 0x80, 0xA3, 0x4E, 0x21, 0x75, 0xEE, 0x4B, 0xEA,
    0x15, 0xAF, 0x6B, 0x45, 0xD3, 0x95, 0xF1, 0x8F, 0x58, 0xD1, 0x48, 0xA5, 0x0E, 0x1C, 0x02, 0xA7,
    0xA3, 0x95, 0x7A, 0xD5, 0x91, 0x05, 0xA4, 0xF1, 0xE7, 0xEF, 0xFB, 0xEE, 0x28, 0x72, 0x53, 0x47,
    0x6B, 0xC8, 0x01, 0x0E, 0x07, 0x38, 0xAF, 0xAB, 0xE3, 0x9F, 0xBA, 0xB4, 0x5B, 0x54, 0x87, 0x60,
    0x72, 0x87, 0x90, 0x02, 0xB3, 0x5F, 0x05, 0xDC, 0xEA, 0x1E, 0xAE, 0x22, 0x31, 0xB2, 0xA1, 0xE2,
    0x22, 0xB6, 0x18, 0xB2, 0x43, 0xA0, 0x92, 0xC7, 0x88, 0x29, 0xCF, 0x51, 0x14, 0x00, 0x68, 0x09,
    0x38, 0xB9, 0x06, 0x4D, 0x6B, 0x64, 0x8C, 0x5E, 0xCF, 0x82, 0x03, 0x47, 0x6A, 0x06, 0xF7, 0xCB,
    0x6B, 0x8F, 0x96, 0xB2, 0x21, 0x42, 0xFE, 0x6E, 0x86, 0xD2, 0x2F, 0xFF, 0xF2, 0xA3, 0x22, 0xD8,
    0x85, 0xB3, 0xA1, 0x72, 0xEF, 0xA1, 0x24, 0xD8, 0x06, 0xAF, 0xCC, 0xC3, 0x37, 0x9B, 0x73, 0xB8,
    0xCD, 0x5C, 0x84, 0x4E, 0xAE, 0x1F, 0x05, 0xAE, 0xE4, 0xE2, 0x3C, 0x8A, 0xAA, 0x8E, 0xEE, 0x85,
    0xEE, 0x8D, 0x97, 0xA1, 0x8F, 0x8E, 0xC2, 0x60, 0xA6, 0xC6, 0x9D, 0x30, 0xC6, 0xDD, 0x05, 0x54,
    0x3F, 0x20, 0x37, 0x70, 0x74, 0xC1, 0xE9, 0x38, 0xE7, 0x51, 0x5A, 0x00, 0x77, 0x2B, 0x62, 0x0A,
    0x47, 0xF8, 0x58, 0x1D, 0xF7, 0x3C, 0x14, 0xE3, 0x62, 0x79, 0x5D, 0x82, 0x02, 0xC0, 0x2B, 0x27,
    0x71, 0xA8, 0x85, 0xBF, 0x27, 0x13, 0x4D, 0xDA, 0x86, 0x9D, 0x6C, 0x3B, 0xB0, 0x67, 0xBC, 0xA6,
    0xCD, 0x15, 0x43, 0x4B, 0x11, 0xAE, 0x9D, 0x75, 0x9B, 0xB0, 0x71, 0x26, 0xCD, 0x50, 0x87, 0x66,
    0xAC, 0x73, 0x5E, 0x6C, 0xCA, 0xC5, 0x3A, 0x12, 0x08, 0xDD, 0x02, 0x77, 0xB7, 0xE2, 0x2E, 0xBE,
    0x29, 0xC4, 0x1A, 0x95, 0xFF, 0xC3, 0x0C, 0x84, 0x46, 0xAF, 0x13, 0xBB, 0x05, 0xD6, 0x25, 0x85,
    0x27, 0xB7, 0x41, 0x3A, 0x06, 0x64, 0xD2, 0x3C, 0x54, 0x74, 0x04, 0x28, 0x2B, 0x5B, 0xEC, 0xB5,
    0x6E, 0x05, 0x8E, 0x63, 0xE1, 0x57, 0xBD, 0xC4, 0x12, 0x9F, 0xFE, 0xFB, 0xF1, 0x05, 0x4B, 0x9C,
    0xBD, 0x7D, 0x7A, 0xAF, 0x25, 0xBE, 0x39, 0xB2, 0xF0, 0x1D, 0x4B, 0xFC, 0xFD, 0xFC, 0xA9, 0x8E,
    0x2D, 0x9A, 0xC7, 0x4F, 0xFC, 0xCE, 0x3A, 0xF1, 0x27, 0x27, 0x0E, 0xFC, 0xAF, 0x15, 0xF1, 0xD6,
    0x03, 0x3B, 0x3F, 0x34, 0x08, 0x98, 0xFA, 0xCE, 0xBF, 0x87, 0x2E, 0x5B, 0x0E, 0xFF, 0x01, 0x91,
    0x65, 0xF4, 0x04, 0x62, 0xAB, 0x53, 0xC9, 0x02, 0x49, 0x10, 0x49, 0x29, 0x94, 0x72, 0x9A, 0xF6,
    0xA5, 0x49, 0x2F, 0x3D, 0x4E, 0xE9, 0x29, 0x4A, 0x9F, 0xA1, 0x36, 0x37, 0xCA, 0x96, 0xB2, 0x9C,
    0x2B, 0x54, 0x12, 0x73, 0x14, 0x05, 0xFE, 0x1E, 0x0D, 0xE8, 0xA0, 0xD8, 0x44, 0xF2, 0xB0, 0xAA,
    0x1B, 0x36, 0x08, 0xA8, 0x38, 0x59, 0x66, 0x85, 0xC6, 0x24, 0xEC, 0x3B, 0x40, 0xA2, 0x27, 0xB1,
    0xCC, 0x6A, 0xA2, 0x3E, 0x17, 0xBE, 0x74, 0x5E, 0x1C, 0xCB, 0x37, 0x65, 0x4E, 0x6B, 0x02, 0x25,
    0x5F, 0x30, 0xD7, 0x87, 0x91, 0x02, 0x79, 0x09, 0x97, 0x65, 0xA6, 0xD4, 0x34, 0x34, 0x7B, 0x36,
    0x6B, 0x0D, 0x4B, 0x95, 0xF8, 0x50, 0x95, 0x54, 0x85, 0xBA, 0xCC, 0x42, 0x20, 0x04, 0x90, 0xFA,
    0x24, 0x00, 0x59, 0x05, 0x06, 0x3A, 0x96, 0xC4, 0x67, 0x1C, 0xBC, 0x82, 0x6F, 0xD9, 0x56, 0x96,
    0x1F, 0x71, 0xB8, 0x88, 0x9C, 0xCA, 0xB1, 0x91, 0x17, 0x77, 0x78, 0x97, 0x5A, 0x20, 0x21, 0x1D,
    0x12, 0xC2, 0x48, 0x77, 0x08, 0x17, 0x88, 0x53, 0xEB, 0x29, 0x78, 0x7D, 0x76, 0xCB, 0x06, 0x71,
    0xF7, 0xCE, 0xF3, 0x40, 0x90, 0x35, 0x46, 0x76, 0x3F, 0x99, 0xC6, 0x49, 0xCB, 0x78, 0xAE, 0xB9,
    0xFB, 0xBB, 0x87, 0x8D, 0x3C, 0xB5, 0xF6, 0x77, 0x5F, 0x6A, 0x0D, 0x89, 0xFA, 0x97, 0x6D, 0xE1,
    0x1E, 0x12, 0x95, 0x81, 0xDC, 0x57, 0x6D, 0x8F, 0x2C, 0x12, 0x1C, 0x3A, 0x9B, 0x99, 0x90, 0x20,
    0xE2, 0x79, 0x83, 0x52, 0xA9, 0x20, 0x2D, 0x10, 0x35, 0x14, 0x3E, 0x63, 0xDD, 0x12, 0x26, 0x28,
    0xA8, 0x60, 0xA5, 0x18, 0xC9, 0xBF, 0x49, 0xFE, 0xD2, 0xD1, 0x15, 0x22, 0x1A, 0xDA, 0x67, 0xEA,
    0x4E, 0xC9, 0x0F, 0xAC, 0x6C, 0x95, 0x80, 0xA5, 0xA3, 0x8B, 0x20, 0x31, 0x3A, 0x95, 0x43, 0x09,
    0x6E, 0x14, 0x5D, 0xDC, 0x05, 0xB0, 0x1E, 0x6B, 0x3F, 0x5F, 0x6E, 0x50, 0x4C, 0x43, 0x06, 0xF3,
    0x62, 0x0A, 0x9F, 0x42, 0xF4, 0x44, 0x64, 0x25, 0x15, 0xE8, 0xEB, 0x8D, 0x18, 0x4B, 0xC8, 0xD7,
    0xA0, 0x44, 0x27, 0x87, 0x29, 0x5A, 0xC3, 0x21, 0x19, 0x83, 0x6E, 0x2F, 0x50, 0x42, 0xBB, 0x59,
    0xB8, 0x16, 0xA0, 0x5F, 0xAF, 0xE3, 0x8A, 0x21, 0x94, 0x74, 0x05, 0xD0, 0xE9, 0x63, 0x1E, 0xEC,
    0xC4, 0x0D, 0x79, 0x67, 0x32, 0x1D, 0xA0, 0xD8, 0x49, 0x1E, 0x4F, 0x9B, 0x81, 0x6C, 0x21, 0x3B,
    0x96, 0x35, 0x63, 0x09, 0xC3, 0x21, 0xB3, 0x2C, 0x93, 0x74, 0x25, 0x6F, 0x02, 0xF0, 0xFD, 0x96,
    0x02, 0x9E, 0xE9, 0xC4, 0x08, 0x28, 0x7E, 0x83, 0x38, 0xAF, 0xBC, 0x5F, 0x99, 0x95, 0x01, 0x60,
    0x7D, 0x91, 0x54, 0x7C, 0xD0, 0x19, 0x5D, 0x25, 0x36, 0x44, 0x46, 0x84, 0xA8, 0x3B, 0x5F, 0xE2,
    0x2A, 0x72, 0x51, 0x82, 0x9D, 0x20, 0x33, 0x10, 0x42, 0x83, 0x33, 0x98, 0x3A, 0x80, 0x04, 0x70,
    0x03, 0x01, 0x7A, 0x38, 0xB7, 0x70, 0x9F, 0x81, 0x32, 0xC7, 0xB1, 0xED, 0x24, 0x7E, 0x8D, 0xE0,
    0x2D, 0xBF, 0xBF, 0xED, 0x65, 0x6F, 0xF4, 0xFA, 0xA7, 0xEC, 0x31, 0x61, 0xDC, 0xA3, 0xE5, 0x70,
    0x2C, 0x33, 0x17, 0xFE, 0xD7, 0x8C, 0x46, 0xA4, 0xA8, 0x71, 0x93, 0xC4, 0x9F, 0x91, 0x16, 0xE8,
    0x1A, 0xB0, 0x9B, 0xE2, 0x27, 0x5A, 0x40, 0xEE, 0xAD, 0x85, 0x11, 0x36, 0xD3, 0x5B, 0x50, 0x22,
    0x0E, 0xEC, 0x5D, 0x04, 0x18, 0xC6, 0x82, 0x5D, 0xC1, 0x15, 0x04, 0xB8, 0x50, 0xC7, 0x0A, 0xCE,
    0x42, 0x3B, 0xAC, 0x09, 0x17, 0x38, 0x5A, 0xE8, 0xE0, 0x51, 0x61, 0xFF, 0x1F, 0x03, 0xC3, 0x40,
    0x24, 0x35, 0x99, 0x41, 0xC3, 0xB6, 0x9B, 0xC5, 0x7D, 0x6D, 0x54, 0x3C, 0x40, 0xB3, 0x5C, 0x68,
    0x18, 0x70, 0xC1, 0xD8, 0x99, 0x05, 0x00, 0xC3, 0x62, 0xD6, 0x4A, 0x6D, 0xE0, 0xC1, 0xEB, 0xC6,
    0x7A, 0x6B, 0x8D, 0x98, 0x6F, 0x66, 0x91, 0xB9, 0xFF, 0x9E, 0x6D, 0x62, 0x6B, 0xB3, 0x19, 0x8A,
    0x13, 0xED, 0x11, 0xB1, 0x06, 0xBB, 0xEE, 0xBF, 0xB4, 0x32, 0xEE, 0xBA, 0x6D, 0x2F, 0x46, 0x4A,
    0xE2, 0x9A, 0xAB, 0xAE, 0x43, 0x80, 0xBA, 0x0E, 0x27, 0x15, 0x75, 0x9D, 0x75, 0x44, 0x50, 0xD7,
    0x09, 0xA7, 0x4A, 0x82, 0xE1, 0x5C, 0x6C, 0x43, 0x4D, 0x1C, 0xB6, 0x2B, 0x12, 0x7B, 0xB9, 0xEB,
    0xD4, 0x24, 0xE9, 0x75, 0x9D, 0x0F, 0x5D, 0x17, 0x5D, 0xD5, 0x75, 0x93, 0xFD, 0x98, 0x91, 0x55,
    0x19, 0x01, 0x4E, 0xED, 0x4D, 0x87, 0x60, 0xAF, 0x7B, 0xB3, 0xFC, 0x96, 0xBC, 0x1C, 0x3A, 0x90,
    0xAE, 0x08, 0xF3, 0xD0, 0xB7, 0x70, 0x31, 0x6C, 0xAB, 0x22, 0x07, 0x6E, 0x7F, 0x15, 0x11, 0xC1,
    0xF6, 0xDF, 0x43, 0x54, 0x33, 0x5E, 0x45, 0x76, 0xC1, 0xA5, 0xB9, 0xBB, 0xE5, 0x03, 0x1F, 0x40,
    0x51, 0x72, 0xD5, 0xA3, 0x6D, 0x83, 0xF8, 0xD0, 0x0F, 0x7C, 0x04, 0xAF, 0x57, 0xB7, 0xD0, 0x15,
    0x9C, 0x38, 0xCE, 0x1F, 0xA2, 0xA0, 0xCE, 0xAD, 0x12, 0xD2, 0xA0, 0x2B, 0xD6, 0xF7, 0xB0, 0x34,
    0x07, 0xF7, 0x29, 0xB8, 0x42, 0x35, 0x63, 0xD1, 0xDD, 0xB7, 0xF0, 0xFA, 0x6D, 0x95, 0xDB, 0x4A,
    0xD2, 0x07, 0xA5, 0x96, 0x01, 0xB4, 0x67, 0x65, 0x0E, 0xDA, 0x8E, 0x03, 0x61, 0x87, 0x56, 0xA4,
    0xFE, 0x03, 0xD8, 0x4C, 0x1C, 0x40, 0xDD, 0xA8, 0x08, 0x83, 0xA2, 0xC6, 0x97, 0x50, 0x14, 0x2E,
    0x36, 0xDE, 0xF7, 0xF5, 0x7B, 0x60, 0x21, 0x77, 0x30, 0x27, 0xB5, 0xD9, 0xCB, 0xFC, 0x69, 0xC2,
    0x2F, 0x8A, 0x15, 0x90, 0xA9, 0x5C, 0xE6, 0xD7, 0x07, 0xDC, 0xAB, 0x80, 0xE2, 0xF1, 0x81, 0x83,
    0x04, 0x74, 0x69, 0x13, 0xC5, 0x5B, 0x85, 0x73, 0x83, 0x87, 0x19, 0x27, 0xF7, 0x03, 0xC5, 0xE2,
    0xE3, 0x48, 0x5C, 0x5E, 0xB7, 0xE4, 0x1E, 0x30, 0xA5, 0xBF, 0x65, 0xEA, 0x2B, 0xA1, 0x06, 0x88,
    0x94, 0xA6, 0x8F, 0x22, 0x32, 0xA1, 0xB7, 0x90, 0x8E, 0x24, 0xA0, 0xA2, 0x01, 0xF7, 0xE2, 0x8D,
    0x4A, 0x7E, 0xB9, 0x96, 0x4A, 0xCD, 0x21, 0xAD, 0x16, 0xAD, 0x40, 0xBD, 0x8B, 0x79, 0x42, 0x60,
    0x05, 0xA3, 0xB1, 0x04, 0x70, 0xA1, 0x11, 0xA7, 0x88, 0x11, 0x5D, 0x92, 0x36, 0xD8, 0x7D, 0xA9,
    0x43, 0xA9, 0x9B, 0xD1, 0x33, 0x09, 0x3D, 0x1F, 0x0A, 0x5A, 0xF4, 0x40, 0xF0, 0x20, 0x45, 0x4B,
    0x78, 0xD4, 0x5F, 0xCE, 0xA1, 0x30, 0xE7, 0xCA, 0x95, 0xB6, 0x50, 0xA2, 0x64, 0x40, 0x19, 0xC4,
    0x6E, 0x74, 0x94, 0xA4, 0x8A, 0x88, 0xF6, 0x90, 0xE6, 0x31, 0x6A, 0x52, 0x5F, 0x7A, 0x11, 0x9E,
    0x0C, 0x96, 0x73, 0xCD, 0xD4, 0x23, 0xAB, 0x0C, 0x7F, 0xC6, 0xD4, 0xD7, 0x60, 0x10, 0xBA, 0xF4,
    0x67, 0xC6, 0x7F, 0x4F, 0xD7, 0xEE, 0x88, 0x2F, 0xCC, 0x43, 0x2B, 0x32, 0xFC, 0xDB, 0x38, 0xF5,
    0xF5, 0x50, 0x3F, 0xFB, 0xAA, 0xFF, 0xB8, 0x02, 0x48, 0xBA, 0x53, 0xF6, 0x86, 0x67, 0x19, 0x67,
    0x67, 0xAF, 0x90, 0xCD, 0x62, 0xE6, 0x84, 0x9C, 0x45, 0x2A, 0xE3, 0x6E, 0xD5, 0xD9, 0x2C, 0xA2,
    0x14, 0x37, 0x5A, 0xFD, 0xC8, 0x4D, 0x14, 0xAD, 0x76, 0x9B, 0xB2, 0x4A, 0xF1, 0x2A, 0xC1, 0xB7,
    0xE6, 0x5F, 0x92, 0x97, 0x1F, 0xE7, 0xF3, 0x62, 0x8A, 0x80, 0x36, 0x75, 0x2E, 0x00, 0xA9, 0x11,
    0x9F, 0x0F, 0x10, 0x40, 0xD6, 0xE4, 0x11, 0x9A, 0xAD, 0xF0, 0xD8, 0x4B, 0x00, 0xB4, 0x2C, 0xF5,
    0x56, 0xE6, 0x28, 0x20, 0xF1, 0x34, 0x10, 0x28, 0x20, 0x44, 0xE0, 0x29, 0x04, 0xB0, 0x71, 0xF8,
    0x3A, 0x4E, 0xCC, 0x0B, 0x03, 0x31, 0x03, 0x39, 0xF0, 0x66, 0x04, 0x74, 0x0C, 0x7C, 0x06, 0x37,
    0x40, 0x53, 0x3D, 0xDC, 0xD9, 0xAA, 0xCA, 0x29, 0x0A, 0x04, 0x7C, 0xFD, 0x2D, 0x57, 0x01, 0x2D,
    0x5B, 0x01, 0x1D, 0x53, 0x57, 0x1E, 0x37, 0xED, 0xE7, 0xA9, 0xCE, 0x50, 0xA1, 0x29, 0x6E, 0xC5,
    0xFD, 0x9F, 0x5A, 0xDD, 0xAE, 0x1B, 0xB6, 0xBD, 0xEC, 0x9F, 0x6B, 0x35, 0xBE, 0x0E, 0xCF, 0x2B,
    0x83, 0x50, 0xE5, 0xBA, 0xB0, 0xFD, 0x06, 0x18, 0x8D, 0x99, 0xA8, 0x73, 0x4B, 0x2E, 0x8C, 0x17,
    0x45, 0x67, 0x60, 0x5C, 0xD8, 0x27, 0x81, 0xAA, 0x71, 0x85, 0xFB, 0x7B, 0x90, 0x3D, 0x9C, 0x78,
    0x15, 0xD1, 0x31, 0x97, 0xD3, 0x89, 0xCD, 0x90, 0x9D, 0xC9, 0xC6, 0x87, 0x21, 0x3B, 0x9D, 0xD7,
    0x30, 0x7B, 0x3A, 0x9F, 0x1D, 0xA7, 0xAC, 0xB6, 0x5D, 0xB4, 0xAD, 0x53, 0x79, 0xCD, 0xA7, 0x6C,
    0xDC, 0x0B, 0xDB, 0xCE, 0xF1, 0x7C, 0xBB, 0x9B, 0xB4, 0xDD, 0x03, 0xA9, 0x6B, 0x67, 0x6D, 0x1F,
    0x90, 0xD9, 0xCE, 0x56, 0x7B, 0x0E, 0x8D, 0x2F, 0x3A, 0x2B, 0x1D, 0xD8, 0x7D, 0xEA, 0x0D, 0x99,
    0x03, 0x79, 0xB8, 0x06, 0x98, 0xDB, 0xB0, 0x54, 0x6A, 0x98, 0xF2, 0x2B, 0x2C, 0x36, 0xDA, 0xDA,
    0x8F, 0xC4, 0xB7, 0x29, 0x45, 0x14, 0x2A, 0xC7, 0x30, 0x01, 0xF2, 0xCF, 0x96, 0x79, 0x38, 0xB0,
    0x65, 0x7C, 0x6C, 0x6F, 0x65, 0xAC, 0xB6, 0x79, 0x74, 0x70, 0xB4, 0x56, 0x1D, 0xAA, 0xD5, 0x6B,
    0xD5, 0xE1, 0xDA, 0xC8, 0x78, 0x75, 0xFB, 0xEC, 0xD8, 0x78, 0x65, 0xFB, 0xEC, 0xE6, 0x89, 0xDA,
    0xC4, 0x3E, 0x47, 0xE6, 0x13, 0x81, 0x21, 0x93, 0x63, 0x41, 0x24, 0xF7, 0x77, 0x83, 0x6C, 0xC8,
    0xEE, 0xF8, 0xC5, 0x87, 0x1B, 0x1D, 0xEC, 0xF4, 0xB6, 0xFB, 0xA0, 0x3C, 0x9E, 0xDB, 0xCE, 0x50,
    0x7D, 0xAF, 0x18, 0x1C, 0x02, 0x32, 0xA3, 0x06, 0x4D, 0x13, 0xB5, 0x06, 0x24, 0xB7, 0x36, 0xD6,
    0x94, 0x52, 0x81, 0x7F, 0xC3, 0x52, 0x80, 0x43, 0x3C, 0x15, 0x0D, 0x45, 0x7B, 0x07, 0x4C, 0x8C,
    0xBB, 0xAC, 0x0A, 0xB7, 0x89, 0x9E, 0x5A, 0x63, 0xD1, 0x1E, 0x2D, 0x4F, 0xD0, 0x16, 0x20, 0x89,
    0x46, 0x75, 0xBB, 0x94, 0xF9, 0x6D, 0xCA, 0xBC, 0xC2, 0xA4, 0x7B, 0x4F, 0x2C, 0xD3, 0x9E, 0x60,
    0x5C, 0x69, 0xF5, 0xCB, 0x16, 0x02, 0xE4, 0xBA, 0x43, 0x13, 0x99, 0x7C, 0xBF, 0x88, 0xBB, 0x80,
    0x15, 0x62, 0xE0, 0x54, 0x7C, 0xB6, 0xD0, 0x79, 0x1D, 0x13, 0x29, 0xA5, 0x96, 0x5A, 0x09, 0xEA,
    0x94, 0x6E, 0xDE, 0x89, 0x7A, 0x3A, 0x30, 0xDC, 0x03, 0xAF, 0x96, 0xAC, 0xBF, 0xC2, 0x1A, 0x31,
    0x18, 0xB9, 0x76, 0x8D, 0x35, 0x8C, 0xE3, 0xB3, 0x86, 0x9B, 0xC6, 0x08, 0xDC, 0x25, 0xDD, 0xAE,
    0x07, 0x00, 0x24, 0x2E, 0xFC, 0xC8, 0x65, 0xBB, 0x01, 0xC0, 0x69, 0x00, 0x72, 0xC4, 0xB2, 0x98,
    0x3D, 0x83, 0x40, 0x07, 0xE6, 0xFF, 0x32, 0x01, 0x30, 0xFF, 0x9F, 0x40, 0xA0, 0x00, 0xE0, 0x11,
    0xC2, 0xC4, 0x7E, 0x1F, 0xB0, 0x4B, 0x76, 0xE1, 0x0B, 0x1E, 0x5E, 0x41, 0x72, 0x8C, 0x6E, 0x9D,
    0xBE, 0xA5, 0x81, 0xC0, 0x13, 0xD2, 0xA9, 0x7A, 0xF8, 0xD6, 0xC9, 0x8E, 0xEF, 0x1E, 0xE8, 0x02,
    0xF0, 0x4C, 0x1E, 0xBB, 0x19, 0x96, 0xFC, 0xFD, 0x13, 0xD2, 0x6D, 0x8F, 0xE2, 0xD7, 0x1D, 0xE9,
    0x16, 0x66, 0x7F, 0x7D, 0xCA, 0x1A, 0xCA, 0x14, 0x1E, 0x6E, 0xAC, 0x6A, 0x85, 0x04, 0x5A, 0xE9,
    0xD5, 0xA2, 0xFF, 0x9B, 0xDC, 0x30, 0xE7, 0xF1, 0x41, 0x5C, 0x8F, 0x9B, 0x8A, 0x1D, 0x04, 0x9C,
    0x00, 0x38, 0xE0, 0x4E, 0x91, 0xD0, 0x4A, 0x58, 0xC5, 0x58, 0xF6, 0x19, 0x5C, 0xD7, 0x52, 0x1E,
    0xEA, 0x72, 0x47, 0x75, 0xAD, 0x4E, 0x0D, 0x9A, 0x73, 0x12, 0x96, 0x78, 0x77, 0x18, 0x1A, 0xF8,
    0xA4, 0x2C, 0xAC, 0x8E, 0x4B, 0xDD, 0x22, 0x2F, 0x76, 0x1C, 0xE8, 0x16, 0xC4, 0x37, 0x6D, 0x7B,
    0x17, 0x03, 0x99, 0xF5, 0x48, 0x2E, 0xE1, 0x3B, 0xDF, 0x11, 0x08, 0x78, 0x88, 0xC2, 0x18, 0x40,
    0x45, 0xE3, 0x2E, 0x7C, 0x0B, 0x46, 0xDD, 0x76, 0x11, 0x08, 0x0F, 0x0B, 0xD7, 0xC3, 0x92, 0x81,
    0x22, 0xDF, 0x0C, 0x05, 0x9E, 0xC1, 0x2B, 0xB5, 0x00, 0x3F, 0x0B, 0xCF, 0xE4, 0xF0, 0xD1, 0x56,
    0x23, 0x15, 0xF6, 0x29, 0xEC, 0x3A, 0xB7, 0x2D, 0x1A, 0x3B, 0xB1, 0xAA, 0x77, 0xE2, 0x1A, 0xA0,
    0xAE, 0xDB, 0x54, 0x84, 0x0D, 0xB5, 0xC9, 0x9B, 0xAA, 0xEB, 0xC4, 0xF5, 0xBB, 0xAE, 0xEC, 0x96,
    0xB2, 0xA3, 0x58, 0x15, 0x16, 0xAD, 0x42, 0xC6, 0xC9, 0xB5, 0xA8, 0xE7, 0x9A, 0x7F, 0xD7, 0x7D,
    0x41, 0x15, 0x76, 0xDD, 0x17, 0x5E, 0xEE, 0x43, 0x8B, 0x8B, 0x0B, 0x26, 0xDD, 0x43, 0x8A, 0x3B,
    0x59, 0x9D, 0xFD, 0x18, 0x2B, 0xF1, 0xC3, 0xF6, 0xC4, 0x75, 0x6A, 0xAD, 0x5A, 0xF4, 0x63, 0xEC,
    0x89, 0xD7, 0xB4, 0x12, 0x3F, 0xB6, 0x39, 0x71, 0xE3, 0xD6, 0xFE, 0x18, 0xE7, 0xC4, 0xCB, 0x55,
    0xE2, 0xC7, 0x36, 0x27, 0xFE, 0x31, 0x7A, 0xE2, 0x35, 0xAC, 0xC4, 0xBA, 0x45, 0xA5, 0x34, 0xD7,
    0x84, 0x49, 0x1A, 0x5F, 0x8D, 0x54, 0x08, 0xD8, 0xA3, 0x81, 0x5D, 0x0A, 0x58, 0x19, 0x50, 0x40,
    0x88, 0x14, 0x5B, 0x1E, 0x17, 0xDB, 0xBC, 0x5D, 0x77, 0x9E, 0xC4, 0x2B, 0x42, 0xEE, 0x6A, 0xB9,
    0x08, 0x1C, 0x90, 0xBB, 0x3A, 0x9E, 0xBA, 0x92, 0xE3, 0x95, 0xEE, 0x58, 0xB0, 0xEB, 0x04, 0x3E,
    0xD3, 0x99, 0xAB, 0x3A, 0x77, 0x9F, 0x41, 0x00, 0x10, 0xA1, 0xF7, 0x7D, 0x00, 0xDA, 0xF2, 0x44,
    0x1B, 0x11, 0x63, 0x7C, 0x49, 0x9E, 0x2C, 0xFC, 0x16, 0x00, 0xBB, 0x27, 0x5D, 0xB9, 0x76, 0xF7,
    0x9E, 0x1C, 0x08, 0x0B, 0xE4, 0xED, 0xBD, 0x3C, 0x6E, 0xE9, 0x5B, 0x6D, 0x79, 0xBC, 0x1D, 0xE0,
    0x5B, 0x9D, 0x18, 0x5E, 0x7F, 0x01, 0x81, 0x09, 0xCF, 0x7D, 0xE8, 0x0C, 0x55, 0xA3, 0xB1, 0xEB,
    0xE9, 0x87, 0xF1, 0xA3, 0x77, 0xCA, 0x5D, 0x6D, 0xAA, 0xC6, 0x0E, 0x00, 0xA8, 0x1A, 0xB7, 0xFB,
    0xBB, 0xF6, 0x3F, 0xA4, 0xEA, 0xEC, 0x5C, 0xD5, 0x8A, 0xB2, 0x5D, 0xBD, 0x96, 0xAE, 0xEE, 0x84,
    0xB2, 0x7F, 0xCA, 0x1E, 0xEB, 0x13, 0x04, 0x94, 0x8C, 0xAE, 0xFF, 0xA8, 0x41, 0xAC, 0xEF, 0xCB,
    0xC9, 0x50, 0x58, 0x7D, 0xAC, 0x55, 0x20, 0x63, 0xCA, 0x66, 0x18, 0xD8, 0xEC, 0xAA, 0xA2, 0x03,
    0xB5, 0xA5, 0x83, 0x15, 0x8D, 0xA1, 0xFC, 0xC7, 0x83, 0x47, 0xA7, 0x91, 0xA4, 0x08, 0x12, 0x23,
    0x6D, 0x32, 0x80, 0x82, 0x00, 0x05, 0x64, 0xFC, 0xCC, 0xF5, 0x74, 0xD5, 0x2F, 0xA3, 0xBD, 0x6E,
    0xA2, 0xA1, 0xE6, 0x3C, 0x09, 0x02, 0xAC, 0x95, 0x7B, 0x3B, 0x24, 0x08, 0x20, 0x6D, 0x30, 0x9A,
    0x62, 0xCD, 0xA0, 0xFA, 0x0F, 0x35, 0x67, 0xF8, 0x5E, 0xD3, 0xE9, 0xD5, 0x50, 0xD9, 0xE8, 0xD5,
    0x7A, 0xAD, 0x60, 0xAD, 0x14, 0x5E, 0x27, 0x49, 0x95, 0xB7, 0x4A, 0x10, 0xD0, 0x98, 0x57, 0xC6,
    0xAF, 0xD7, 0x11, 0x04, 0xBC, 0x46, 0x5D, 0x07, 0xAF, 0xF8, 0xF3, 0xD0, 0x75, 0xD6, 0x4A, 0x28,
    0x5E, 0xDF, 0x81, 0xAE, 0x23, 0xE3, 0x8B, 0x5B, 0xB0, 0xEB, 0x94, 0x04, 0x79, 0x5A, 0x1B, 0x4D,
    0xF7, 0xC9, 0x8F, 0xB8, 0x62, 0x59, 0x66, 0x5E, 0x6E, 0x19, 0x97, 0xD1, 0x10, 0xC1, 0x88, 0x6E,
    0x87, 0xFF, 0xFB, 0x7B, 0xCC, 0xF8, 0x1F, 0x21, 0xBB, 0x15, 0x80, 0x81, 0x7F, 0x0B, 0xED, 0x7B,
    0x0B, 0x74, 0xDD, 0xFA, 0xBF, 0x16, 0x02, 0x7E, 0xE4, 0x6C, 0x55, 0x1C, 0x89, 0xAC, 0x2C, 0x79,
    0x0C, 0x49, 0xBC, 0x35, 0x64, 0xC5, 0x66, 0xA5, 0x68, 0xD5, 0x8C, 0x4A, 0xC7, 0x63, 0xF7, 0x01,
    0x43, 0x85, 0x5D, 0xE7, 0x14, 0xAF, 0x6D, 0xD7, 0x91, 0x91, 0x13, 0xD0, 0x86, 0x11, 0x29, 0x6F,
    0xDA, 0x6C, 0x04, 0x28, 0xD8, 0xE8, 0x86, 0x78, 0x25, 0x66, 0x5E, 0x5A, 0xC4, 0x25, 0x75, 0xFC,
    0x6E, 0xA3, 0xF0, 0x3B, 0x41, 0xCB, 0xEB, 0xB8, 0x45, 0xD0, 0xF6, 0x21, 0x6D, 0x14, 0xB1, 0x8C,
    0x25, 0x13, 0x59, 0x34, 0xAB, 0x8B, 0x00, 0xAF, 0x14, 0x41, 0x27, 0xE8, 0xFA, 0x40, 0xB5, 0x0D,
    0x64, 0x48, 0x89, 0x47, 0x06, 0x90, 0x3C, 0x72, 0x65, 0x8F, 0xCC, 0x4D, 0x36, 0x15, 0x8D, 0x89,
    0x8B, 0xF6, 0x89, 0x1C, 0xB1, 0x58, 0x60, 0xB9, 0xE9, 0x3B, 0xAB, 0xF0, 0xCC, 0xBA, 0xAB, 0x2D,
    0x56, 0x43, 0x16, 0x72, 0x32, 0x35, 0xBC, 0x0F, 0x72, 0x32, 0x2A, 0x48, 0xD9, 0x66, 0xD5, 0x4B,
    0xE3, 0xB4, 0x81, 0x12, 0x9D, 0xBB, 0x80, 0x6E, 0xC4, 0xE6, 0xF9, 0x91, 0xFF, 0x5B, 0x82, 0x78,
    0x57, 0x36, 0x93, 0x6D, 0xB1, 0x40, 0xD4, 0x60, 0xFB, 0x41, 0xE3, 0x1C, 0x2A, 0x89, 0x3F, 0x27,
    0xFC, 0x67, 0xE0, 0xDD, 0x31, 0xE0, 0x62, 0x39, 0x4F, 0x07, 0xE8, 0xFA, 0x4A, 0xF9, 0x1C, 0xF6,
    0x2C, 0x0B, 0x52, 0x55, 0x39, 0x6B, 0x54, 0xB9, 0xAE, 0xC3, 0xDF, 0xF1, 0x92, 0x38, 0xC3, 0xEF,
    0x06, 0x19, 0x8A, 0xC1, 0xD1, 0xDE, 0xEC, 0xB6, 0x10, 0x45, 0xAA, 0x7B, 0xB1, 0x9E, 0xF3, 0x9A,
    0xAF, 0xEF, 0xB7, 0xB8, 0x75, 0xFB, 0x2D, 0x72, 0xC9, 0x62, 0xB7, 0x81, 0x4B, 0xE7, 0xCD, 0x97,
    0xC8, 0x82, 0x89, 0xCC, 0x35, 0x97, 0xD1, 0x5E, 0x33, 0xC3, 0xCF, 0x4E, 0xE3, 0xC4, 0xAB, 0xE1,
    0x0A, 0x1E, 0xC4, 0xF5, 0x8C, 0x2A, 0x10, 0x51, 0x75, 0x74, 0xE2, 0x96, 0x50, 0x95, 0x2C, 0x64,
    0x49, 0x8B, 0x8B, 0x12, 0xAA, 0x31, 0x9C, 0x0C, 0xF9, 0x12, 0x74, 0x2D, 0x5A, 0x1A, 0x7B, 0xC0,
    0x39, 0x0C, 0xB4, 0xE7, 0xE0, 0x43, 0xCF, 0xC3, 0xAF, 0xDB, 0xBE, 0x53, 0x8E, 0xBB, 0x81, 0xAA,
    0x32, 0xEF, 0x3F, 0x5D, 0x16, 0xE2, 0xC8, 0x04, 0xF2, 0xE3, 0xF0, 0x45, 0xFB, 0x40, 0xA2, 0xCA,
    0xA5, 0xD2, 0x6A, 0x83, 0xBA, 0x34, 0xAA, 0xC9, 0x55, 0x09, 0xDD, 0xA0, 0xDA, 0xD1, 0x57, 0xA9,
    0x12, 0xCE, 0x5D, 0x91, 0xFA, 0xAC, 0x68, 0xA1, 0xB5, 0xC0, 0x84, 0xFB, 0x28, 0x94, 0x7A, 0x19,
    0xB9, 0x51, 0xF8, 0xF2, 0x07, 0x85, 0xF8, 0xE0, 0xAC, 0x10, 0x87, 0xE1, 0xC5, 0xD6, 0x76, 0xE8,
    0x59, 0x37, 0xB2, 0x53, 0xFB, 0x72, 0x0C, 0xD3, 0xA3, 0x10, 0x98, 0xBB, 0x91, 0x93, 0xE2, 0x75,
    0xBC, 0x8F, 0xCF, 0x41, 0x09, 0x33, 0xFA, 0x79, 0x5F, 0x98, 0xB9, 0x9B, 0x38, 0xA9, 0x5D, 0x00,
    0x12, 0x8F, 0xBB, 0x2C, 0xBA, 0x46, 0xF3, 0x4F, 0xF8, 0x03, 0x66, 0x20, 0xC2, 0x3F, 0xFD, 0x9B,
    0xFE, 0x06, 0x4A, 0x51, 0x82, 0x49, 0xB3, 0xDE, 0xC7, 0x07, 0x0C, 0x52, 0xFC, 0xD9, 0x24, 0xBB,
    0x76, 0x65, 0xE8, 0x49, 0xE0, 0xDB, 0xD0, 0x06, 0x96, 0x06, 0x30, 0x41, 0xDB, 0xBD, 0x20, 0x43,
    0x3E, 0xD5, 0x23, 0xC1, 0x8C, 0xBB, 0x3A, 0xA5, 0xEB, 0xFC, 0x0C, 0x3F, 0xCF, 0xEF, 0x72, 0x39,
    0x5C, 0xA6, 0xC1, 0xFA, 0x78, 0x9F, 0x0D, 0x06, 0x79, 0xB5, 0xF1, 0x94, 0xED, 0x4F, 0xC9, 0xCC,
    0x9A, 0x8D, 0xA2, 0xAF, 0x4D, 0xAF, 0xF3, 0x7C, 0xD0, 0xDB, 0xC3, 0xFB, 0x5A, 0x68, 0xDC, 0xF7,
    0x75, 0xFC, 0x6A, 0x68, 0x1E, 0xBA, 0xD0, 0xBB, 0x0E, 0x4C, 0x23, 0xF6, 0xA6, 0x73, 0x69, 0x2A,
    0xF1, 0x42, 0x2B, 0x9B, 0xE0, 0xDE, 0x5C, 0xC2, 0x9E, 0xD4, 0xBD, 0x39, 0x4E, 0xBD, 0x69, 0xE5,
    0x6E, 0xEA, 0xE1, 0x1A, 0x87, 0xEA, 0xB4, 0xAF, 0xB3, 0xD1, 0x7B, 0x52, 0xA9, 0xA2, 0x5F, 0x06,
    0x20, 0x23, 0x50, 0xA5, 0xD1, 0x55, 0x40, 0x5C, 0x9A, 0x8A, 0x3F, 0xA5, 0x54, 0xD8, 0xB0, 0x5F,
    0xF3, 0x23, 0x5D, 0xE4, 0x6B, 0xE3, 0x42, 0xC4, 0x2D, 0x00, 0x60, 0xCF, 0x7C, 0x41, 0xA6, 0x00,
    0x34, 0xD8, 0x52, 0x6C, 0x37, 0x61, 0x86, 0x2E, 0xC9, 0x09, 0x52, 0x76, 0x64, 0x40, 0x93, 0xAD,
    0x06, 0x69, 0x69, 0xD1, 0xCE, 0x9A, 0x94, 0xB9, 0x99, 0xB2, 0x14, 0xC2, 0x41, 0x40, 0x03, 0x5E,
    0x32, 0x9B, 0x26, 0x53, 0x66, 0x12, 0x2E, 0x48, 0x6D, 0x25, 0xB3, 0x1A, 0x08, 0xD5, 0x33, 0xB8,
    0x42, 0xCD, 0x42, 0xF5, 0x3F, 0x5A, 0xE4, 0x52, 0x81, 0x4E, 0x47, 0x7F, 0xA2, 0xAD, 0x8C, 0x93,
    0xC8, 0xDA, 0xCB, 0x96, 0xE7, 0x37, 0x91, 0x1C, 0xCF, 0x28, 0xED, 0x9C, 0x1A, 0x5C, 0x41, 0x32,
    0x4C, 0x55, 0xC8, 0x7D, 0x6A, 0x45, 0x99, 0x10, 0x10, 0x1E, 0x45, 0x6B, 0xDC, 0x10, 0x6E, 0x86,
    0x5E, 0xE8, 0xA5, 0x3E, 0x0C, 0x40, 0x20, 0xEC, 0x0C, 0xAD, 0x62, 0xAD, 0xDC, 0x0B, 0xF7, 0xC1,
    0x04, 0xF6, 0xC2, 0x5B, 0x29, 0x15, 0x2A, 0xB5, 0x38, 0xCD, 0x30, 0x75, 0x52, 0x4C, 0xBD, 0x08,
    0xD3, 0x06, 0xE2, 0x3B, 0xBB, 0x03, 0xE9, 0x1D, 0xF2, 0xF2, 0x62, 0xCC, 0x04, 0x95, 0x4A, 0x7B,
    0xD8, 0xF0, 0xC6, 0xA9, 0x39, 0xAF, 0x15, 0x3C, 0x94, 0xBC, 0xE1, 0xD2, 0x24, 0xD5, 0x1E, 0x93,
    0xA2, 0xFF, 0x86, 0x95, 0xDF, 0x36, 0x2F, 0xAC, 0x17, 0xA0, 0xDE, 0xD6, 0x45, 0xB2, 0xE8, 0x17,
    0x7E, 0x62, 0x75, 0x84, 0x9B, 0xA0, 0xA1, 0x18, 0x9A, 0xB5, 0xDA, 0x98, 0x10, 0x04, 0xD7, 0x54,
    0xE2, 0x87, 0x90, 0x04, 0x58, 0x00, 0x36, 0x0C, 0x70, 0xB1, 0x4E, 0xE8, 0x27, 0xDD, 0xF0, 0xA2,
    0x46, 0x6E, 0x27, 0x3E, 0x70, 0xF6, 0x98, 0x3E, 0x80, 0xE9, 0x17, 0x4C, 0x4C, 0xC5, 0x75, 0xD2,
    0xCB, 0x87, 0x2E, 0xC4, 0xA4, 0xDB, 0x94, 0x3A, 0xBD, 0xD1, 0x93, 0x98, 0x86, 0xB1, 0x2A, 0xD9,
    0x6F, 0xF9, 0x9D, 0x8D, 0xBB, 0xE3, 0xEE, 0x5A, 0xD8, 0xFC, 0xDB, 0x01, 0xA9, 0xBC, 0xDC, 0x32,
    0x15, 0x6D, 0x52, 0x6A, 0xC5, 0x34, 0x5E, 0x7E, 0x4B, 0xF4, 0x3B, 0xB2, 0xB1, 0x45, 0x25, 0x53,
    0x45, 0x6A, 0x8E, 0xB6, 0x69, 0x77, 0xF7, 0x0B, 0x20, 0x52, 0xEC, 0xFC, 0x27, 0x9E, 0xB6, 0xDA,
    0x30, 0xDF, 0xCC, 0x0C, 0x26, 0xE0, 0xBB, 0x2E, 0x98, 0xD9, 0x1D, 0x57, 0xD0, 0xDC, 0x37, 0x83,
    0xBD, 0x00, 0x33, 0x52, 0xBB, 0x70, 0x96, 0xE1, 0x7F, 0xF0, 0x41, 0x33, 0x43, 0xDD, 0x58, 0x0B,
    0x32, 0xB4, 0x5A, 0x33, 0xD1, 0x00, 0x51, 0x04, 0x66, 0x86, 0x35, 0xF0, 0xBE, 0x7D, 0x8E, 0xE7,
    0x34, 0x2B, 0x77, 0x94, 0xE5, 0xC0, 0x2A, 0x11, 0xA8, 0x71, 0xF0, 0xF2, 0x3C, 0x4F, 0x33, 0xFA,
    0x79, 0xEF, 0xA5, 0x6B, 0x1F, 0x61, 0x0B, 0xAD, 0x46, 0x31, 0x0F, 0xE3, 0xD7, 0x15, 0x8D, 0x83,
    0x32, 0xDA, 0x27, 0xFC, 0x74, 0x1F, 0x4C, 0x2E, 0xEC, 0xF7, 0xD5, 0x7F, 0x0E, 0x5C, 0x6B, 0x24,
    0x0D, 0xB2, 0xD0, 0x6B, 0x8B, 0xC6, 0xE3, 0x21, 0x69, 0xF6, 0x6E, 0xF4, 0x37, 0x37, 0x39, 0xB9,
    0x5B, 0xCB, 0x96, 0xFB, 0x1C, 0xB3, 0x4A, 0xF7, 0x2B, 0x6D, 0x14, 0x61, 0x68, 0x8B, 0x09, 0xB6,
    0xD3, 0x28, 0xBD, 0x40, 0x22, 0x65, 0x08, 0x02, 0x6F, 0x9B, 0xDA, 0xA2, 0x8B, 0xA5, 0x9C, 0x84,
    0x60, 0x2F, 0x4B, 0xFC, 0x1F, 0x10, 0x06, 0xFE, 0x0F, 0x78, 0x32, 0xE8, 0xE0, 0xAC, 0xB6, 0x64,
    0x12, 0xE4, 0x8D, 0x9D, 0x79, 0x10, 0xC9, 0xA4, 0xF1, 0xB4, 0x3C, 0x9E, 0xCB, 0x2C, 0x4E, 0xE3,
    0xD3, 0x32, 0x3B, 0x25, 0xF3, 0x06, 0x4A, 0x63, 0xF2, 0xD3, 0x5A, 0x39, 0x70, 0x42, 0x03, 0x07,
    0x14, 0xD0, 0xDA, 0xA9, 0x01, 0x4B, 0x01, 0x6D, 0x5B, 0xD1, 0xD6, 0x1D, 0x04, 0xB0, 0x25, 0x1D,
    0x47, 0x99, 0x4B, 0x91, 0x10, 0x10, 0xE5, 0xB0, 0x1D, 0x6D, 0x63, 0xD5, 0x45, 0x00, 0x6B, 0x58,
    0x78, 0x58, 0x43, 0xAB, 0x34, 0x19, 0x56, 0x94, 0xB9, 0x16, 0x3A, 0x27, 0xDA, 0x26, 0x46, 0xB9,
    0xB3, 0x30, 0x26, 0x6F, 0x48, 0xE5, 0xB8, 0x32, 0xA0, 0x6C, 0xC6, 0xD0, 0x36, 0x27, 0xBC, 0x4A,
    0x8F, 0x17, 0x6B, 0x3D, 0xDE, 0x2B, 0x74, 0x5D, 0xA2, 0xBB, 0x2E, 0xEF, 0x75, 0x9D, 0x25, 0x3F,
    0x83, 0x5C, 0x03, 0x76, 0x1D, 0xD6, 0xD1, 0xC5, 0x7E, 0x7B, 0x10, 0x09, 0x2F, 0x5C, 0xFC, 0xC0,
    0x4D, 0x65, 0x01, 0xCA, 0x97, 0x5B, 0x4E, 0x11, 0xC2, 0xFB, 0xB4, 0x96, 0xD1, 0x31, 0x45, 0x33,
    0x4E, 0x19, 0xCA, 0xA2, 0xBF, 0x60, 0xB1, 0xD8, 0xCA, 0x93, 0xFB, 0x09, 0xC8, 0x1B, 0x78, 0x3D,
    0x27, 0x09, 0x61, 0xAB, 0xA1, 0x04, 0x59, 0x9D, 0x00, 0x7B, 0x8C, 0x01, 0xE8, 0x31, 0x05, 0x04,
    0x0A, 0x80, 0x4F, 0xF0, 0xC3, 0x09, 0xB1, 0x3A, 0xF0, 0x7F, 0xE8, 0xCA, 0x96, 0x2F, 0x8F, 0x43,
    0x77, 0x58, 0xB2, 0x6B, 0x77, 0x2D, 0xD4, 0x4E, 0xF0, 0x47, 0xC9, 0x5A, 0x9F, 0xF4, 0xAE, 0x7D,
    0xED, 0x2A, 0x5B, 0x5A, 0xB6, 0xBD, 0xEC, 0x8D, 0x5E, 0xFF, 0x94, 0x3D, 0x76, 0xB5, 0xE3, 0x04,
    0x5B, 0x14, 0x85, 0xAF, 0x7A, 0xD6, 0x4D, 0x41, 0xFE, 0x99, 0x2E, 0xCA, 0x63, 0xA1, 0x1C, 0x1B,
    0xBB, 0x8E, 0x48, 0x61, 0xEC, 0x3A, 0x56, 0x6D, 0x41, 0xBB, 0xBA, 0x3E, 0x76, 0x2C, 0x74, 0x1D,
    0x03, 0xD0, 0xA5, 0x0C, 0x60, 0xD7, 0x11, 0x90, 0xDF, 0x0C, 0x50, 0xBE, 0x55, 0x96, 0x53, 0x96,
    0x0C, 0xC0, 0xDA, 0xB5, 0x36, 0x19, 0xEF, 0xA9, 0xAF, 0x97, 0xF5, 0x29, 0x6B, 0x58, 0xD6, 0xB9,
    0x6C, 0x45, 0xAF, 0x5D, 0xD7, 0xE9, 0x3A, 0xDD, 0x1B, 0xBD, 0xFE, 0xE9, 0xEB, 0xB2, 0x7B, 0x6E,
    0x7A, 0xC1, 0x96, 0x13, 0x5B, 0x96, 0xB3, 0xAE, 0x08, 0x8D, 0x29, 0xEA, 0xBA, 0x88, 0x37, 0x2F,
    0x40, 0x78, 0x77, 0x3C, 0x1E, 0xFA, 0xD0, 0x75, 0xB8, 0x41, 0xB7, 0x71, 0xC1, 0x26, 0xF1, 0x9D,
    0x52, 0x1E, 0x82, 0x76, 0x1D, 0x60, 0x11, 0x73, 0xD2, 0xB8, 0x9B, 0x19, 0xD9, 0x34, 0x06, 0x86,
    0xB8, 0x91, 0x7A, 0xD0, 0x75, 0x00, 0xCC, 0xA1, 0xF3, 0x8E, 0x84, 0x5B, 0x87, 0x9D, 0xB4, 0x91,
    0x03, 0xB7, 0x9E, 0xE6, 0x01, 0x0A, 0x8A, 0x53, 0xB9, 0x23, 0x83, 0xB5, 0x06, 0xCC, 0x38, 0x6C,
    0x25, 0x52, 0xBA, 0xC0, 0xB7, 0x03, 0xE6, 0x02, 0x20, 0x8B, 0x59, 0x68, 0xED, 0xB1, 0x31, 0x63,
    0xDC, 0xF5, 0x49, 0x01, 0xD3, 0xF2, 0x5B, 0x01, 0x74, 0x9D, 0x2D, 0xBB, 0x46, 0x88, 0xB3, 0x2E,
    0x9C, 0x92, 0x91, 0x85, 0x5D, 0x97, 0xB1, 0x07, 0xAC, 0x89, 0x82, 0xD9, 0x4D, 0xD8, 0x75, 0xD7,
    0x2E, 0xD8, 0x97, 0x9B, 0x75, 0x3D, 0xCE, 0xA7, 0x9C, 0x75, 0x03, 0x6A, 0xE5, 0x9A, 0x7A, 0x2D,
    0x07, 0x6A, 0x75, 0x97, 0xEB, 0xDD, 0x29, 0xCD, 0xC9, 0xFA, 0x16, 0xEC, 0xBC, 0xC7, 0x0B, 0xB6,
    0x4B, 0xE4, 0x9D, 0x45, 0x1F, 0x82, 0x46, 0x21, 0x49, 0xE0, 0x43, 0x5B, 0x10, 0x6D, 0x24, 0xB2,
    0x0D, 0x0B, 0x16, 0xBE, 0xBD, 0x8C, 0x52, 0x6C, 0x6C, 0xD7, 0x32, 0xAE, 0x65, 0x98, 0x75, 0xA8,
    0x7A, 0xF4, 0x64, 0xDA, 0xC0, 0x17, 0xE1, 0x56, 0x16, 0xE7, 0x8D, 0x1D, 0xBC, 0x18, 0x4F, 0x41,
    0x3F, 0xD2, 0xF2, 0x5C, 0x86, 0x1F, 0xA9, 0x54, 0xC0, 0x01, 0xEC, 0x1A, 0x04, 0x48, 0xC4, 0x00,
    0xCF, 0x20, 0xFE, 0xCA, 0x1B, 0x79, 0x63, 0x3F, 0xBC, 0x84, 0x26, 0x87, 0xC2, 0x82, 0x97, 0x60,
    0xFA, 0x15, 0xC2, 0x6B, 0xC5, 0x34, 0xEB, 0x2E, 0xD3, 0xF0, 0x90, 0x3D, 0x29, 0xDE, 0x22, 0x6C,
    0xDC, 0x0E, 0x0E, 0x15, 0xD4, 0xAC, 0x0E, 0xE9, 0x23, 0xA9, 0x55, 0x9E, 0xEA, 0xBA, 0x2B, 0xB2,
    0xB4, 0x04, 0x0C, 0x95, 0xF9, 0x5F, 0x57, 0xF9, 0xE8, 0xF1, 0x96, 0xA0, 0xBD, 0x70, 0x14, 0x93,
    0xFF, 0xA3, 0xCF, 0xBA, 0x14, 0xF6, 0x70, 0x9A, 0x75, 0x62, 0x2D, 0xCC, 0x6D, 0x98, 0x75, 0xC5,
    0x40, 0xF4, 0x26, 0x07, 0xAB, 0xD4, 0xF1, 0xB2, 0xF8, 0xDD, 0xEF, 0xC6, 0x6D, 0xC2, 0x47, 0xA9,
    0x76, 0x9C, 0x30, 0xB0, 0x10, 0x24, 0x0D, 0x04, 0x1E, 0xEC, 0x04, 0x69, 0x8C, 0xC0, 0x81, 0x8E,
    0x9F, 0x49, 0x05, 0xE4, 0x0A, 0x08, 0x14, 0xD0, 0x6A, 0x28, 0x00, 0x3A, 0x97, 0x81, 0xE3, 0x28,
    0xD3, 0x41, 0xC0, 0x82, 0x0E, 0xA7, 0x02, 0x5D, 0x58, 0xB9, 0x08, 0x20, 0xA2, 0xE3, 0x4F, 0xE0,
    0x36, 0x01, 0x40, 0xD7, 0x50, 0x5D, 0x87, 0x46, 0x26, 0xD4, 0x75, 0x51, 0xD3, 0xE7, 0x6D, 0xE2,
    0x40, 0xC7, 0xE6, 0xAE, 0xBB, 0x48, 0x04, 0xED, 0xAB, 0xDC, 0x26, 0x06, 0x1E, 0x7F, 0x6D, 0x70,
    0x5D, 0xCB, 0xE0, 0x6D, 0x82, 0x70, 0x6F, 0x07, 0x2D, 0x18, 0x06, 0x3E, 0x67, 0xD3, 0x0E, 0xDB,
    0x0A, 0xA4, 0x41, 0x34, 0x62, 0x4E, 0x02, 0x39, 0x68, 0xDA, 0x39, 0xDA, 0x1A, 0x60, 0xD6, 0x9D,
    0xA1, 0x5D, 0x00, 0x70, 0xDD, 0xB2, 0xDE, 0x0E, 0xF8, 0x0A, 0x3C, 0x79, 0x9A, 0x9E, 0xC9, 0xF5,
    0x06, 0xC1, 0xFB, 0xC5, 0x9D, 0x08, 0x14, 0x9F, 0xF3, 0x8B, 0x81, 0x83, 0xA4, 0x3C, 0xF5, 0xD0,
    0x75, 0x0C, 0xFA, 0x10, 0x9D, 0xA1, 0x2C, 0xDA, 0x61, 0x95, 0x35, 0xA6, 0xD6, 0x3F, 0xFA, 0xCA,
    0x1C, 0x20, 0x72, 0x15, 0xD0, 0xA3, 0x01, 0x7A, 0xB8, 0xEE, 0xA6, 0x76, 0xD8, 0x40, 0x4B, 0x4D,
    0xAF, 0x63, 0x29, 0xD3, 0xB3, 0xBF, 0x54, 0xF3, 0xB0, 0x44, 0x8C, 0xAA, 0x60, 0xFE, 0x6A, 0xF7,
    0x7A, 0x5D, 0x67, 0x68, 0xCF, 0x1E, 0x4B, 0x02, 0x99, 0xDD, 0xA0, 0xAE, 0x63, 0x83, 0x55, 0x68,
    0x9D, 0x9B, 0x04, 0x48, 0xB4, 0x07, 0x1D, 0xC0, 0x53, 0x3B, 0xB1, 0xEB, 0x68, 0xB6, 0x20, 0xAE,
    0x53, 0x80, 0x9A, 0x75, 0xB8, 0x4D, 0x28, 0x20, 0x7F, 0x45, 0xA0, 0xA3, 0xE7, 0x61, 0xCB, 0x57,
    0xD3, 0x2F, 0x73, 0x79, 0xD6, 0x2D, 0xB7, 0x03, 0x9E, 0x75, 0x27, 0x5A, 0x0D, 0x9A, 0x75, 0x28,
    0x10, 0xA1, 0x59, 0x87, 0xF2, 0x11, 0xD5, 0x75, 0x87, 0x8A, 0xD7, 0x80, 0x38, 0x29, 0x67, 0xDD,
    0xAB, 0x20, 0x4E, 0x82, 0x1B, 0x12, 0x27, 0x7D, 0x74, 0x1D, 0xF6, 0x3B, 0x11, 0x27, 0x0C, 0x30,
    0x67, 0x92, 0xBB, 0x4A, 0x89, 0x9E, 0x10, 0xAE, 0x83, 0x7F, 0x96, 0x8B, 0xB3, 0xAB, 0x00, 0xF2,
    0xCB, 0xC5, 0x59, 0xD7, 0x6E, 0xE4, 0x81, 0xCB, 0xC4, 0x49, 0x42, 0xAA, 0x45, 0x59, 0xD8, 0x16,
    0x03, 0xB8, 0xEA, 0x0E, 0x11, 0xA0, 0xF6, 0x03, 0x65, 0xFE, 0x8E, 0x93, 0xCD, 0xB4, 0x78, 0xB2,
    0x75, 0xDC, 0x88, 0xEC, 0x82, 0x65, 0x1E, 0x64, 0x7C, 0x3F, 0x41, 0xEA, 0x12, 0xB7, 0x09, 0xEE,
    0x2A, 0xA8, 0xE1, 0x93, 0x57, 0xCF, 0x3A, 0xDD, 0x8A, 0x9B, 0x26, 0x4E, 0xCE, 0x5F, 0x15, 0xA2,
    0xE0, 0x9A, 0x59, 0xE7, 0xE8, 0x59, 0x17, 0xAB, 0x59, 0x57, 0xE2, 0x4C, 0x4F, 0xCF, 0xBA, 0x86,
    0xDE, 0xD6, 0x7B, 0xB3, 0x6E, 0xCE, 0xA0, 0xA1, 0xB4, 0xBB, 0x6B, 0xB0, 0x87, 0x0B, 0xE4, 0x33,
    0x0F, 0x53, 0xF7, 0x79, 0x72, 0x47, 0x41, 0xD4, 0x29, 0x52, 0x5F, 0x2E, 0x37, 0x90, 0x81, 0xB4,
    0xA1, 0x80, 0x2C, 0x56, 0x00, 0xD1, 0x6C, 0x2E, 0x10, 0xBC, 0x0C, 0xA4, 0x42, 0x01, 0xFB, 0xB3,
    0x06, 0x03, 0x36, 0xA0, 0x41, 0x04, 0x1C, 0x17, 0x00, 0x7C, 0xFD, 0xDD, 0x00, 0x10, 0x5D, 0x97,
    0x00, 0x00, 0x7D, 0x78, 0x16, 0x78, 0xEE, 0xAC, 0x41, 0x5D, 0xDB, 0x42, 0xEE, 0xD9, 0xE5, 0x5A,
    0xF1, 0xAC, 0xEB, 0x6C, 0x8F, 0x69, 0xD6, 0xAD, 0x2C, 0x04, 0x3C, 0xEB, 0x10, 0x0B, 0xB6, 0x70,
    0x4A, 0x20, 0x8D, 0x7D, 0xD3, 0xDB, 0xC4, 0x03, 0x7A, 0x9B, 0xE8, 0xEB, 0xB1, 0x22, 0xEC, 0x7F,
    0xD8, 0xBE, 0x61, 0x8F, 0xF5, 0xAD, 0x53, 0x35, 0xF9, 0x9D, 0xAE, 0x53, 0x38, 0x40, 0x10, 0x08,
    0xB7, 0x6D, 0x75, 0xAC, 0x8E, 0x09, 0x1B, 0x6B, 0xFE, 0x60, 0xEB, 0xBD, 0xED, 0xAD, 0x28, 0xB4,
    0xC9, 0xF2, 0xBC, 0xD5, 0x8C, 0x93, 0xC6, 0x89, 0xFC, 0xE9, 0x56, 0x1D, 0x96, 0x55, 0x7C, 0x00,
    0x1E, 0x32, 0x71, 0x77, 0xB8, 0xBB, 0x03, 0x64, 0x2A, 0x12, 0x1E, 0x28, 0x84, 0xFF, 0xCC, 0x6A,
    0x45, 0xE7, 0x21, 0xFA, 0x0F, 0x96, 0xA7, 0xD3, 0xB5, 0x0B, 0xC4, 0x6C, 0x2D, 0x7C, 0xC9, 0xC0,
    0x8D, 0x95, 0x4B, 0xCE, 0xA8, 0xE4, 0xBC, 0xD9, 0x48, 0x83, 0x13, 0xF9, 0xA7, 0x5A, 0x7B, 0xDB,
    0x40, 0x93, 0xA8, 0x92, 0x23, 0x57, 0x95, 0x8C, 0x8D, 0xC0, 0x92, 0x5F, 0x35, 0x8A, 0xBB, 0x0E,
    0x4D, 0x52, 0x0A, 0xB2, 0xFB, 0x30, 0x5B, 0x51, 0x6A, 0xAA, 0xB2, 0x6B, 0x31, 0x5B, 0xA8, 0x27,
    0x76, 0xDA, 0xDF, 0x63, 0xD8, 0x9B, 0x80, 0x81, 0xDD, 0xC2, 0x46, 0x1E, 0x08, 0x48, 0x02, 0x44,
    0x47, 0x40, 0xB7, 0x0B, 0xA2, 0xE7, 0x61, 0x62, 0x44, 0x81, 0xC2, 0xF3, 0xB0, 0x3C, 0x5B, 0x44,
    0xF6, 0xC3, 0xA6, 0xD0, 0x0E, 0x70, 0x5F, 0xC8, 0x88, 0xF2, 0x27, 0xF4, 0x55, 0x7C, 0xE1, 0x8E,
    0xC5, 0x3B, 0x11, 0xF3, 0xB7, 0x94, 0xEF, 0x7F, 0x0F, 0x28, 0x9F, 0xD1, 0x40, 0x8C, 0xE6, 0x02,
    0xCB, 0xB4, 0x4E, 0x01, 0x3E, 0x4E, 0xEB, 0x34, 0xA7, 0xD2, 0x12, 0xE2, 0x17, 0x60, 0x12, 0x02,
    0x36, 0xD8, 0x49, 0xFC, 0x48, 0x88, 0x03, 0x29, 0xBB, 0x0E, 0x52, 0x41, 0xD8, 0x8C, 0x5D, 0x9D,
    0x5E, 0xE5, 0x7B, 0x4B, 0xA6, 0x9C, 0x12, 0xF6, 0xAA, 0x39, 0x96, 0xAF, 0x5A, 0x7A, 0x3D, 0x52,
    0x84, 0xFE, 0x71, 0xBC, 0x8C, 0x46, 0xD8, 0x83, 0x39, 0xFD, 0x24, 0x5D, 0xF9, 0x23, 0x2C, 0xAC,
    0xFB, 0x47, 0x9F, 0x69, 0x89, 0xED, 0x7B, 0xCE, 0x75, 0x3F, 0x22, 0xC6, 0xCC, 0x73, 0x99, 0x23,
    0x46, 0xC5, 0x8B, 0x89, 0x2D, 0xEA, 0xE2, 0x93, 0xC2, 0x0A, 0x47, 0x45, 0x20, 0x6C, 0x31, 0x26,
    0xB6, 0x0B, 0x47, 0x0C, 0x92, 0xE9, 0x24, 0xDA, 0x51, 0xD6, 0x84, 0x15, 0xAD, 0x47, 0xE7, 0xD8,
    0xE7, 0xE5, 0x05, 0x98, 0xFC, 0x5F, 0x16, 0x9B, 0x22, 0xF4, 0x2C, 0x41, 0x85, 0xC1, 0x15, 0x79,
    0x05, 0xD2, 0x4B, 0xE2, 0x0D, 0x89, 0xBE, 0x72, 0x41, 0x5E, 0x48, 0x30, 0xD6, 0xCA, 0x40, 0x99,
    0x6E, 0x62, 0x2C, 0xAC, 0x38, 0xF8, 0x75, 0xB7, 0xD3, 0xB8, 0xFE, 0xEB, 0x37, 0x22, 0xD7, 0xFD,
    0xD3, 0x7F, 0xB5, 0xED, 0x8C, 0x10, 0xDB, 0x47, 0x4E, 0x64, 0xCB, 0xDB, 0xC5, 0x67, 0xA7, 0xC2,
    0x64, 0xEE, 0xD7, 0xA2, 0xE3, 0x07, 0x44, 0x32, 0x32, 0x9F, 0x7C, 0x7A, 0xE7, 0x8E, 0xB4, 0xFE,
    0x4B, 0x51, 0x60, 0xED, 0x4F, 0x9B, 0x81, 0xB0, 0xAC, 0x13, 0x0B, 0xF9, 0x88, 0x30, 0x1F, 0x3C,
    0xFD, 0x4B, 0xE8, 0x3D, 0x70, 0xFA, 0xB3, 0x3F, 0xF3, 0x5F, 0xA0, 0xE4, 0x17, 0x3E, 0xFE, 0x96,
    0x5F, 0x81, 0xEC, 0xF1, 0xAF, 0xBC, 0xEB, 0xFF, 0x84, 0x1A, 0x6D, 0xFF, 0xC3, 0xE1, 0x2F, 0x41,
    0x99, 0x6F, 0xF9, 0xEA, 0xD0, 0x8B, 0x90, 0xFD, 0xCB, 0xBF, 0x19, 0xFC, 0x36, 0x8A, 0x8A, 0xA5,
    0xFC, 0x26, 0x5B, 0xFC, 0xA2, 0xE1, 0x62, 0xF5, 0x50, 0xF1, 0x45, 0xFE, 0xF5, 0xE1, 0xDE, 0xAF,
    0xAA, 0xFA, 0x15, 0xCB, 0x2F, 0xF6, 0x3D, 0xC9, 0x17, 0x01, 0x0F, 0xA2, 0x85, 0x1C, 0x12, 0x55,
    0x68, 0x87, 0xE0, 0x9F, 0x0C, 0x2D, 0x32, 0x87, 0xB6, 0x78, 0x36, 0x37, 0xC9, 0x39, 0x88, 0xFC,
    0x62, 0x50, 0xBF, 0x94, 0xFD, 0xB0, 0x29, 0x97, 0x50, 0x47, 0xC7, 0x3D, 0x2E, 0x19, 0xCD, 0xAB,
    0x6D, 0xF5, 0x2D, 0xDE, 0x53, 0x28, 0x8E, 0x50, 0x3D, 0x50, 0xEB, 0x8A, 0x8D, 0x60, 0xDE, 0x48,
    0x63, 0xBF, 0x3E, 0xE9, 0x99, 0xC5, 0x0C, 0x53, 0x27, 0x9F, 0x43, 0x59, 0xB4, 0x75, 0x80, 0x24,
    0xE2, 0x16, 0x0E, 0xCA, 0x60, 0xDC, 0x86, 0x81, 0x1B, 0xB3, 0xB0, 0xC2, 0xA3, 0x16, 0x7D, 0x88,
    0x52, 0xBE, 0x32, 0x64, 0x61, 0x1D, 0xF8, 0x49, 0x9B, 0x84, 0x6F, 0x26, 0xAD, 0x3A, 0x4B, 0x60,
    0x05, 0xEC, 0xF8, 0x0A, 0x2A, 0x14, 0x48, 0xA7, 0x62, 0x5E, 0xFC, 0x1E, 0x09, 0xF9, 0xE6, 0x71,
    0xFD, 0xBD, 0x08, 0x9C, 0x72, 0x8A, 0xBA, 0x98, 0xC1, 0x8B, 0xB2, 0x2B, 0xE5, 0x3F, 0xD0, 0x9E,
    0x3B, 0x14, 0x2A, 0xE3, 0x2B, 0xF2, 0xBE, 0x5A, 0x43, 0xF1, 0x3C, 0x9C, 0x07, 0x68, 0xE0, 0xC9,
    0xC0, 0xFD, 0x75, 0x2F, 0x50, 0x78, 0xA2, 0xF7, 0x2E, 0x91, 0x2E, 0xC1, 0x25, 0x17, 0xA5, 0x01,
    0x58, 0xBC, 0x4F, 0x86, 0x6B, 0x9B, 0x68, 0xAA, 0x6F, 0xCC, 0x52, 0xDB, 0xFF, 0x90, 0xF4, 0x76,
    0x0F, 0x08, 0x94, 0xBB, 0xBF, 0x3D, 0xDA, 0x26, 0xCC, 0xF0, 0xA7, 0x92, 0xB7, 0x45, 0x5E, 0xB2,
    0x39, 0xFD, 0x33, 0xFB, 0x07, 0xC9, 0x60, 0x56, 0xAF, 0xC0, 0x94, 0xCC, 0x6B, 0x23, 0xAE, 0xA8,
    0xE4, 0x6E, 0x5A, 0x13, 0x95, 0x26, 0xC6, 0x03, 0xA9, 0x2E, 0xE1, 0x2C, 0xAB, 0x4E, 0x63, 0x5D,
    0xAB, 0x33, 0x58, 0x35, 0x6F, 0x06, 0x8D, 0xCF, 0x01, 0x26, 0x2B, 0x28, 0x95, 0x92, 0xFC, 0x13,
    0x26, 0x6B, 0x46, 0xEA, 0x40, 0xD4, 0x60, 0x19, 0xA7, 0xA8, 0xF2, 0x2F, 0x92, 0x51, 0x77, 0xB4,
    0x44, 0x6A, 0x39, 0x52, 0x20, 0x90, 0xE9, 0xFA, 0x34, 0xE9, 0xEA, 0x38, 0x9D, 0xA1, 0x60, 0x13,
    0xE3, 0xA4, 0xC6, 0x70, 0x23, 0x72, 0xA6, 0x4C, 0xBA, 0x64, 0xD0, 0xEE, 0x45, 0x68, 0xC3, 0x67,
    0xE6, 0x34, 0x12, 0x87, 0xE9, 0x81, 0x71, 0x0E, 0x3D, 0xC1, 0x2E, 0xD5, 0xE4, 0x34, 0xE8, 0x84,
    0x4B, 0xF4, 0x09, 0xDA, 0x2E, 0x93, 0x3E, 0x15, 0x79, 0x72, 0x73, 0x4B, 0xF8, 0xFF, 0xA2, 0x25,
    0xFC, 0x25, 0x5A, 0xC2, 0xDF, 0xC3, 0x25, 0xFC, 0x47, 0xDF, 0x3B, 0xF7, 0xB0, 0x78, 0x5B, 0xF7,
    0xA5, 0x27, 0x9F, 0x13, 0x1F, 0x97, 0x9F, 0x0C, 0x5E, 0x0C, 0xDF, 0x26, 0x1B, 0x8D, 0xE7, 0xC4,
    0x3B, 0xE4, 0x1F, 0xC7, 0xDF, 0x10, 0x83, 0xF2, 0xEF, 0xE4, 0xDF, 0x08, 0x37, 0xF8, 0x6B, 0x09,
    0x4B, 0xF8, 0xD1, 0xF5, 0x6B, 0x69, 0x09, 0x5F, 0x4E, 0x09, 0x91, 0x40, 0x41, 0xC5, 0xE4, 0x03,
    0xF0, 0xD9, 0xA7, 0xEF, 0xFF, 0x79, 0xE6, 0x4A, 0xCA, 0x85, 0x7C, 0x45, 0xF3, 0x29, 0x65, 0xAA,
    0x96, 0x30, 0xDB, 0x28, 0x7A, 0xFF, 0xFA, 0x30, 0xAE, 0xDD, 0xB7, 0xFF, 0xD5, 0xE1, 0x27, 0x85,
    0x78, 0x53, 0x70, 0x22, 0x93, 0xB7, 0x89, 0x43, 0x7B, 0xC2, 0x64, 0xDF, 0x03, 0xD1, 0x13, 0xB8,
    0x76, 0xFF, 0x53, 0x12, 0xEF, 0x0C, 0x93, 0x7A, 0x23, 0x7A, 0x33, 0xAE, 0xDD, 0x77, 0x0A, 0xEB,
    0xCE, 0xE3, 0x69, 0x56, 0x17, 0xC6, 0x89, 0x13, 0x19, 0xCC, 0x17, 0x71, 0xEA, 0xDC, 0x39, 0x74,
    0x78, 0xF8, 0xFE, 0x8B, 0x2F, 0x9E, 0x81, 0xEC, 0xCB, 0x2F, 0xBE, 0xF8, 0x0D, 0x8C, 0x61, 0x74,
    0xE5, 0xCA, 0x53, 0x14, 0xA4, 0x4A, 0x5E, 0x64, 0xDC, 0x5E, 0x30, 0xF2, 0x67, 0x6F, 0x58, 0xB2,
    0xB2, 0x75, 0x3F, 0x7F, 0x2F, 0x76, 0x77, 0x15, 0x66, 0xDA, 0x35, 0xBF, 0xF4, 0xBA, 0x56, 0x4F,
    0x72, 0xC6, 0x6B, 0xD7, 0xFC, 0xDC, 0xC6, 0xDD, 0xF7, 0x0B, 0xAB, 0x88, 0x2F, 0xAB, 0x40, 0x2D,
    0xAB, 0x57, 0xF0, 0xBF, 0x99, 0x9C, 0xFC, 0xA0, 0x5E, 0x7F, 0xBE, 0x96, 0x40, 0xFC, 0x10, 0x29,
    0x97, 0xF0, 0xF9, 0xC9, 0xC9, 0x0F, 0x09, 0xF5, 0x95, 0xC5, 0xC5, 0xC5, 0x83, 0x6A, 0xED, 0x8E,
    0x90, 0x67, 0xAE, 0x5E, 0xBB, 0xA2, 0xCF, 0x8C, 0x8D, 0xA2, 0xA6, 0x70, 0x80, 0x2E, 0x75, 0x85,
    0x1C, 0xDE, 0x0C, 0xB4, 0x88, 0x03, 0xB4, 0x43, 0xA4, 0x79, 0x07, 0x47, 0xC0, 0x0B, 0x49, 0xCD,
    0xD7, 0xA1, 0x4D, 0xF5, 0x9A, 0xD4, 0xEF, 0x60, 0x1D, 0xF8, 0x49, 0x5B, 0xCA, 0xDE, 0x0A, 0xFE,
    0xAD, 0xBB, 0x85, 0xBE, 0xE2, 0x86, 0x14, 0x4A, 0xE5, 0x72, 0x1C, 0xAA, 0xEF, 0xFA, 0x3D, 0x9B,
    0xAF, 0x8E, 0xC4, 0x15, 0xDC, 0xC9, 0x56, 0xAD, 0x60, 0xF6, 0x88, 0x24, 0xF1, 0xB1, 0x73, 0x28,
    0xA4, 0x5D, 0x87, 0x82, 0x8C, 0xA8, 0xA0, 0x1E, 0x05, 0x6F, 0x48, 0x34, 0x47, 0x0A, 0xA0, 0x8E,
    0xF3, 0xB8, 0x38, 0x42, 0x6D, 0x9F, 0xA3, 0x1D, 0xEB, 0x49, 0x5A, 0x6C, 0xCF, 0x91, 0x4B, 0xE0,
    0x8B, 0x44, 0x0E, 0xBF, 0x90, 0xD6, 0xE2, 0x42, 0x5E, 0xCA, 0x8E, 0xCA, 0x4F, 0xCB, 0x56, 0x1E,
    0x00, 0x29, 0xD5, 0xCA, 0xFD, 0xDC, 0x93, 0xED, 0x1C, 0xAD, 0x68, 0xDB, 0x48, 0x86, 0xC9, 0xF6,
    0x12, 0x49, 0x12, 0x0E, 0x93, 0xA0, 0xF8, 0x30, 0xEE, 0x73, 0x90, 0xAE, 0x5A, 0xBB, 0x6C, 0xF7,
    0x17, 0x93, 0x83, 0x06, 0x4D, 0x0F, 0xE7, 0x0A, 0xF5, 0xD2, 0x09, 0x52, 0xDD, 0x3E, 0x42, 0xB4,
    0xC6, 0x21, 0x45, 0x71, 0xB0, 0x32, 0x37, 0xA4, 0x1E, 0xE0, 0xF9, 0x84, 0x3E, 0x56, 0xF1, 0x73,
    0xD0, 0xF8, 0xED, 0xD4, 0x9F, 0xFC, 0x8C, 0xC1, 0xD3, 0xA5, 0x2F, 0x35, 0xD9, 0xB4, 0x9D, 0xDA,
    0xC8, 0xEF, 0xFA, 0x44, 0xF7, 0x7D, 0x85, 0x06, 0x30, 0xC7, 0xF5, 0x6D, 0xAD, 0x88, 0x81, 0x2E,
    0xD3, 0xD0, 0x4C, 0xDC, 0x44, 0x55, 0xD8, 0xBA, 0x9F, 0x4B, 0x3C, 0x63, 0xF1, 0xF3, 0x4E, 0x12,
    0xAC, 0x84, 0x03, 0x40, 0x0B, 0xD0, 0x86, 0xDD, 0x18, 0x40, 0x93, 0xC3, 0xE0, 0x59, 0x8B, 0x8D,
    0x5B, 0xB1, 0x42, 0x53, 0x72, 0xD5, 0xB6, 0xAD, 0xA7, 0x84, 0x0E, 0x42, 0xA4, 0x83, 0x0E, 0x31,
    0x8B, 0x62, 0x29, 0x12, 0xC8, 0x55, 0xE4, 0x52, 0xA0, 0x08, 0x4D, 0x45, 0x47, 0x59, 0x8A, 0x8A,
    0x77, 0x15, 0x3D, 0x14, 0xA8, 0x20, 0x44, 0x31, 0x4F, 0x37, 0x43, 0x91, 0x8F, 0x4C, 0x47, 0x16,
    0x3A, 0xB4, 0x43, 0xE8, 0x69, 0xEF, 0x42, 0xC5, 0xC3, 0x36, 0x56, 0xDB, 0x66, 0x68, 0x32, 0xB1,
    0x75, 0xA3, 0x3C, 0x5E, 0x6D, 0xC2, 0x91, 0xE9, 0xF2, 0x6C, 0xD9, 0x0D, 0xCE, 0x61, 0x85, 0xEE,
    0x9F, 0x8F, 0xF3, 0xDB, 0xE6, 0xCB, 0x2E, 0xA5, 0xEE, 0xD7, 0x9C, 0x56, 0x29, 0x54, 0xD2, 0xA4,
    0x6F, 0xA2, 0xA6, 0x23, 0xE4, 0xEB, 0x94, 0x1D, 0xC8, 0xB1, 0x70, 0xDD, 0x79, 0x94, 0x77, 0x35,
    0x80, 0x7E, 0xDB, 0xD1, 0x6E, 0xBB, 0x51, 0x4D, 0x04, 0x99, 0x85, 0x16, 0x15, 0x89, 0x91, 0x51,
    0x80, 0x9D, 0x6C, 0x0C, 0xDD, 0x7D, 0xB3, 0x1A, 0x99, 0x0B, 0x0C, 0x13, 0x46, 0xF5, 0xC8, 0xA8,
    0xC1, 0x2D, 0xA7, 0xFB, 0x76, 0x22, 0x3B, 0x6A, 0xA4, 0xC4, 0x6E, 0x21, 0x80, 0x3F, 0x7D, 0x8E,
    0x0E, 0x14, 0xB9, 0x14, 0xCD, 0x6A, 0x3B, 0xE9, 0x4A, 0x28, 0x36, 0x4B, 0x8B, 0x56, 0xE7, 0x04,
    0xF5, 0xAE, 0x9F, 0x08, 0x6D, 0x2E, 0xD1, 0xEF, 0x2A, 0xBB, 0xBB, 0xF4, 0x26, 0xEA, 0x79, 0xEB,
    0xE3, 0xED, 0x61, 0x5C, 0xBD, 0xB3, 0x16, 0xF9, 0x77, 0xE7, 0x6C, 0xB0, 0x60, 0x47, 0x80, 0xFE,
    0x5D, 0x7C, 0x7B, 0x1C, 0x2B, 0x55, 0x53, 0xF5, 0x73, 0x43, 0x32, 0x2D, 0x81, 0x2D, 0xAA, 0x86,
    0x3A, 0x75, 0xA8, 0xD5, 0x61, 0xAA, 0x23, 0xEE, 0xAF, 0x1E, 0x56, 0xC9, 0xF9, 0x92, 0x0E, 0x0B,
    0xC0, 0x61, 0x4C, 0x16, 0xAE, 0x0E, 0xC5, 0x42, 0x2A, 0x10, 0x65, 0xCD, 0xA2, 0x15, 0x70, 0x6E,
    0x69, 0xF1, 0xA1, 0x75, 0x73, 0x01, 0x77, 0xAF, 0xB2, 0x64, 0xD0, 0xE4, 0x63, 0x29, 0x26, 0x08,
    0x57, 0x5D, 0x89, 0xF5, 0x33, 0xFA, 0xAD, 0xB5, 0xF0, 0x56, 0xB1, 0x5B, 0xBB, 0xB7, 0xCA, 0x48,
    0x33, 0xBD, 0xB9, 0xA2, 0x4B, 0x61, 0x4C, 0xD5, 0xC8, 0x17, 0xA5, 0xE9, 0xAD, 0xD0, 0xAC, 0x45,
    0xA8, 0x81, 0xE8, 0x5A, 0x40, 0xDB, 0xFE, 0x84, 0xE5, 0x5B, 0x41, 0x3F, 0x3B, 0x4D, 0x93, 0x03,
    0x79, 0x84, 0x82, 0xE3, 0xD0, 0x74, 0x83, 0xC2, 0xEF, 0x8A, 0x32, 0xF4, 0x0C, 0xCF, 0x9B, 0x56,
    0xD9, 0x9C, 0x48, 0xB3, 0x04, 0xB9, 0x5E, 0x01, 0xAD, 0x7E, 0xC0, 0xC4, 0xB9, 0xB4, 0xD0, 0x33,
    0xA3, 0x60, 0xB5, 0x20, 0x6B, 0x91, 0x2F, 0xD1, 0x28, 0x66, 0xE4, 0xBD, 0x42, 0xC1, 0x78, 0x7C,
    0x1A, 0xED, 0x23, 0x6A, 0x17, 0x17, 0x6D, 0x52, 0xAC, 0x6F, 0xE7, 0x9D, 0x3E, 0xAC, 0x09, 0xF6,
    0xCD, 0x42, 0xBA, 0x61, 0x86, 0x3C, 0xF9, 0x6B, 0xE2, 0x5F, 0x44, 0x30, 0x7B, 0x8C, 0x4B, 0x2D,
    0x07, 0x28, 0xFB, 0x4B, 0x68, 0x2D, 0xF2, 0x78, 0xFD, 0x6F, 0x3F, 0x57, 0x5A, 0x06, 0x65, 0xB8,
    0xD3, 0x6F, 0x4A, 0x26, 0x42, 0x54, 0xB5, 0x3A, 0x6D, 0xF2, 0xFD, 0x9F, 0xA1, 0xA6, 0xC1, 0x40,
    0x4D, 0x4E, 0x4E, 0xEE, 0x56, 0xE1, 0xDC, 0xD6, 0x52, 0x0C, 0x24, 0x68, 0xAC, 0x89, 0x03, 0x67,
    0x60, 0xCF, 0x12, 0xA2, 0x22, 0x1A, 0x3F, 0xD6, 0x3D, 0x7E, 0xBC, 0xEC, 0xF2, 0x17, 0x57, 0xF5,
    0xB9, 0x14, 0xF1, 0x35, 0xBD, 0xDE, 0xEB, 0xED, 0x57, 0x80, 0xC2, 0xDE, 0xBB, 0xBD, 0xF2, 0xB4,
    0x30, 0xAB, 0x28, 0x0D, 0x84, 0x3B, 0x7A, 0x64, 0x90, 0x0B, 0xD5, 0xDC, 0xA3, 0x66, 0x4C, 0x7B,
    0xBC, 0x6A, 0x4F, 0x56, 0x22, 0x4B, 0xFE, 0xAC, 0x5B, 0x06, 0x93, 0xD1, 0xA8, 0xAA, 0x87, 0xBC,
    0x7A, 0xE8, 0xAC, 0x87, 0xE0, 0xD4, 0x24, 0xB6, 0x64, 0xA9, 0x58, 0xD6, 0x8F, 0x61, 0x89, 0x5D,
    0x8D, 0x28, 0xB5, 0xE6, 0x04, 0x3E, 0x5D, 0x12, 0x4E, 0x13, 0xD7, 0x04, 0x7B, 0x13, 0xAA, 0xB0,
    0xA2, 0xDF, 0x13, 0xC0, 0xD3, 0x91, 0xD8, 0xB2, 0x5E, 0x5C, 0x2D, 0x43, 0x2A, 0x7C, 0x2F, 0x95,
    0x2C, 0x0C, 0x3F, 0xE9, 0x33, 0x1A, 0x55, 0x81, 0x05, 0x7A, 0x13, 0x93, 0x9C, 0x52, 0x7A, 0x68,
    0x5F, 0x63, 0xD0, 0x2C, 0xE8, 0xC7, 0x87, 0x2A, 0x53, 0x1E, 0x0F, 0x89, 0x7A, 0x41, 0xAB, 0xF6,
    0x55, 0x7F, 0x04, 0x3D, 0x81, 0x4C, 0x52, 0x7E, 0x56, 0x55, 0x42, 0x55, 0x49, 0x55, 0x50, 0x57,
    0xD7, 0xE5, 0xCA, 0xDB, 0xDC, 0x14, 0xB3, 0xAB, 0x03, 0x68, 0xD2, 0xAF, 0x42, 0xF5, 0x12, 0xED,
    0x1E, 0xFB, 0x0C, 0x65, 0xB6, 0x53, 0x63, 0xAD, 0xE9, 0x30, 0x21, 0x49, 0x22, 0x6A, 0x4D, 0xCE,
    0x28, 0x46, 0x24, 0xCC, 0xC4, 0x4C, 0x8C, 0xEF, 0x46, 0xB1, 0x26, 0xFA, 0xE9, 0xB8, 0xE1, 0xB4,
    0x98, 0x76, 0x92, 0x61, 0x56, 0xB5, 0x72, 0xC0, 0x8D, 0x9C, 0x83, 0x5D, 0x34, 0x55, 0x06, 0x17,
    0xFF, 0x27, 0xB8, 0x38, 0x2E, 0xAC, 0x87, 0xE1, 0x11, 0x37, 0xF4, 0x1E, 0x4E, 0x1D, 0x68, 0xDF,
    0x95, 0x87, 0xD1, 0x65, 0x25, 0x3E, 0x73, 0x17, 0xF9, 0x4E, 0x3B, 0x16, 0x2D, 0xB4, 0x8F, 0x9A,
    0xE7, 0xC9, 0xE5, 0x9A, 0xCC, 0x14, 0xB6, 0x84, 0xC4, 0x0D, 0x7A, 0xDC, 0x5A, 0xB4, 0x42, 0xE7,
    0xED, 0xEE, 0x9F, 0xE9, 0xD1, 0xDA, 0xA7, 0xAD, 0x54, 0x54, 0x88, 0x48, 0x0F, 0xF5, 0xFE, 0x14,
    0x7E, 0x03, 0x78, 0xF9, 0x63, 0xE4, 0x90, 0xE0, 0x77, 0xC8, 0x29, 0xC1, 0xEA, 0x06, 0x1D, 0x32,
    0x5B, 0x70, 0x00, 0x70, 0x68, 0x8E, 0x75, 0x83, 0xAE, 0x4B, 0x40, 0x11, 0x14, 0x2E, 0x6F, 0x87,
    0xBE, 0x54, 0xA2, 0x4D, 0x8F, 0x01, 0x47, 0xEE, 0x92, 0x0F, 0x33, 0x43, 0xFD, 0x88, 0x3C, 0x89,
    0x95, 0xB0, 0xE0, 0xF7, 0x32, 0x03, 0x27, 0x19, 0x30, 0x21, 0x3B, 0x81, 0x80, 0x01, 0x5C, 0xFD,
    0x7E, 0x8C, 0x4E, 0xF1, 0x34, 0x30, 0xED, 0x3B, 0xE4, 0x13, 0xA1, 0x7D, 0x5C, 0x5A, 0x85, 0x21,
    0x77, 0xA6, 0xDE, 0xF1, 0xAE, 0x05, 0xD5, 0xB0, 0xF2, 0xE0, 0x44, 0xCB, 0xCE, 0xCD, 0x36, 0x30,
    0x87, 0xCB, 0xA9, 0x1D, 0x59, 0xA9, 0xD5, 0x69, 0xF0, 0x9C, 0x75, 0xBA, 0xCA, 0xCB, 0xC1, 0xED,
    0x72, 0x30, 0x1C, 0x11, 0x74, 0xD9, 0x09, 0x4A, 0x90, 0x7A, 0x91, 0xBD, 0xE9, 0x5C, 0xA4, 0x01,
    0x06, 0x94, 0xDF, 0x17, 0x6D, 0xC1, 0x7A, 0x1D, 0x85, 0x6A, 0xF1, 0xB4, 0x95, 0xB4, 0x84, 0x16,
    0xC0, 0x26, 0x1D, 0xF0, 0x0A, 0xBA, 0x6E, 0x37, 0xCF, 0xF2, 0xEA, 0xCB, 0xFD, 0x67, 0x7E, 0xC9,
    0x2B, 0x02, 0xF8, 0x7E, 0x90, 0x03, 0x63, 0xB2, 0x46, 0x79, 0xF4, 0x56, 0x95, 0xF3, 0x2B, 0x12,
    0x9C, 0x68, 0x84, 0x82, 0x62, 0x6A, 0xEC, 0xB6, 0x6A, 0xC0, 0x66, 0x4B, 0x68, 0x44, 0x55, 0x05,
    0x36, 0x87, 0xFF, 0xD4, 0xEF, 0x8A, 0x30, 0xBF, 0xB4, 0x1E, 0x65, 0xDF, 0xD0, 0x0C, 0x41, 0xE1,
    0x7D, 0x90, 0x46, 0xF5, 0xFA, 0xCD, 0x62, 0x3F, 0x84, 0x92, 0x88, 0x36, 0x4A, 0x23, 0x90, 0x4E,
    0x5B, 0x19, 0x13, 0xEE, 0x8A, 0x20, 0x33, 0x4B, 0x0A, 0x33, 0xFA, 0xAA, 0x93, 0x75, 0x87, 0xC5,
    0xCF, 0x89, 0x46, 0x1B, 0xC6, 0x51, 0xB6, 0xE0, 0x9B, 0xB0, 0x9A, 0x3A, 0x42, 0x26, 0x8D, 0x96,
    0x98, 0x2B, 0x69, 0xA3, 0x9B, 0xFD, 0xF8, 0xA6, 0xB6, 0xA8, 0x6E, 0xA2, 0x1B, 0x05, 0x5C, 0x2B,
    0xC2, 0x57, 0xAE, 0xD5, 0x4D, 0x7D, 0x7C, 0x2F, 0x71, 0xEB, 0x2F, 0xF7, 0xBF, 0x14, 0x9F, 0xB8,
    0x18, 0xCD, 0xD9, 0xC9, 0x8C, 0x9D, 0xD4, 0xE1, 0x7F, 0x27, 0xAA, 0x7B, 0xA2, 0x3E, 0x2B, 0x3E,
    0x99, 0x89, 0xDF, 0x14, 0x68, 0xFF, 0x85, 0x46, 0x48, 0x66, 0x3A, 0xE3, 0xA7, 0xBF, 0x89, 0xB4,
    0x57, 0xDA, 0x38, 0x9D, 0xEE, 0x83, 0x9F, 0x57, 0xFD, 0xEF, 0xA4, 0x33, 0x31, 0xDD, 0xFD, 0x41,
    0xDA, 0xB8, 0x33, 0x9D, 0x86, 0x95, 0xCB, 0xFF, 0x93, 0x4D, 0x57, 0x9F, 0x05, 0x54, 0x6E, 0x7F,
    0x06, 0xFE, 0xA4, 0xC8, 0xFD, 0x42, 0xBC, 0x20, 0x31, 0x2A, 0x53, 0x64, 0xCB, 0xB3, 0x51, 0xD0,
    0xB5, 0xD1, 0xFE, 0x24, 0xFA, 0x8D, 0x9C, 0x9E, 0xC1, 0xBF, 0xFD, 0xF0, 0x77, 0x51, 0xE4, 0x80,
    0x0C, 0xF3, 0x46, 0x17, 0x38, 0x3D, 0x9C, 0x74, 0x91, 0x23, 0x1F, 0x8A, 0x1A, 0x2D, 0x7E, 0x76,
    0x9A, 0x9E, 0x33, 0x42, 0x22, 0x72, 0xF2, 0x55, 0xE4, 0x87, 0xF9, 0x34, 0x4E, 0x5D, 0xF3, 0x4A,
    0xCE, 0xD1, 0xA8, 0x4A, 0x77, 0x53, 0xF6, 0x8F, 0xA6, 0xF4, 0x56, 0x48, 0xD7, 0x02, 0x2A, 0xC6,
    0xE0, 0x44, 0xFE, 0x85, 0x78, 0x51, 0xD2, 0x86, 0xC1, 0x1B, 0x08, 0x6C, 0x5F, 0xF3, 0x81, 0x88,
    0xC3, 0x61, 0xB8, 0xEB, 0xAE, 0x7A, 0xEB, 0x15, 0x53, 0xA6, 0x51, 0xC8, 0x8F, 0x9A, 0x96, 0x8F,
    0xF9, 0x34, 0xD5, 0x21, 0x0C, 0x7B, 0xE8, 0x9E, 0x9E, 0x34, 0xCF, 0xD1, 0xF5, 0x73, 0x34, 0x4E,
    0x9F, 0x8C, 0x7A, 0x25, 0xF8, 0xF4, 0x9C, 0x2F, 0x6E, 0x81, 0xE1, 0xFF, 0x29, 0xA0, 0xCD, 0xFC,
    0x0B, 0x7F, 0xB1, 0x78, 0x59, 0xD4, 0xE3, 0xF7, 0x36, 0x0E, 0x84, 0xEF, 0x80, 0x2D, 0xF5, 0x2C,
    0x2C, 0x89, 0x9F, 0x12, 0x5D, 0x18, 0xFE, 0x9F, 0x22, 0xAC, 0xF8, 0x53, 0xF4, 0x56, 0x7F, 0xEA,
    0x5F, 0x93, 0x72, 0xC9, 0xE4, 0xA2, 0x2C, 0x5E, 0x48, 0x7B, 0xB5, 0x62, 0xDE, 0xFD, 0x96, 0xFE,
    0x29, 0xDA, 0xE0, 0x70, 0xA0, 0xC9, 0x08, 0xC6, 0x49, 0xB0, 0x28, 0xFA, 0x80, 0xA8, 0x00, 0x6A,
    0xFE, 0x04, 0x46, 0x49, 0xFE, 0x8F, 0xE8, 0xD3, 0x3C, 0x62, 0x2C, 0x87, 0x83, 0x42, 0x6C, 0xB3,
    0x8C, 0x04, 0xB8, 0x45, 0xFB, 0xB7, 0xCD, 0xAF, 0x63, 0xBF, 0x1F, 0xB1, 0x2F, 0x3C, 0x98, 0x06,
    0x5D, 0x68, 0xE1, 0x96, 0x91, 0x8A, 0x85, 0x38, 0xF9, 0xF6, 0x41, 0x03, 0x43, 0x1A, 0xAC, 0x1F,
    0xC5, 0x22, 0x92, 0x75, 0x18, 0xBB, 0x40, 0xEC, 0xB5, 0xF6, 0x5A, 0x1B, 0xA0, 0x08, 0x6B, 0xE4,
    0x75, 0x30, 0x02, 0x83, 0x03, 0xDB, 0xA0, 0xA0, 0xD1, 0xD7, 0xAD, 0x5F, 0x1F, 0xA0, 0xC0, 0xBC,
    0x6D, 0xD7, 0xC5, 0xDE, 0x44, 0xD4, 0x61, 0xD6, 0xFC, 0x72, 0x24, 0xE6, 0x45, 0x22, 0x7E, 0x05,
    0x5E, 0x84, 0x29, 0xFA, 0xCB, 0xA1, 0x19, 0x42, 0x4D, 0xF6, 0x62, 0x7C, 0x47, 0x07, 0x9E, 0xE4,
    0xCD, 0x72, 0x94, 0x2B, 0x7C, 0x7B, 0x7F, 0x3C, 0x18, 0xA1, 0xF6, 0x62, 0x4B, 0xED, 0xCE, 0xCE,
    0x25, 0xE5, 0x9E, 0x95, 0xCC, 0xA9, 0xE1, 0xE1, 0xF0, 0xA9, 0x0D, 0xE1, 0xFE, 0x25, 0x7B, 0xCA,
    0x13, 0x4E, 0x06, 0x0A, 0x99, 0xA3, 0x20, 0xE7, 0xCC, 0xD4, 0x02, 0x51, 0xBC, 0x91, 0x9E, 0x0B,
    0xE7, 0x50, 0xAC, 0xE2, 0x74, 0x8C, 0xEF, 0x61, 0x54, 0x1D, 0xD8, 0xB7, 0xAA, 0x84, 0x90, 0x64,
    0x58, 0xC5, 0xD0, 0x04, 0xD6, 0x95, 0xA4, 0xAA, 0xBC, 0x4E, 0xAB, 0x18, 0xFC, 0x00, 0x6E, 0x55,
    0x95, 0x7C, 0xA5, 0x4A, 0xF1, 0x0A, 0xD5, 0x10, 0x04, 0x24, 0x1A, 0xE1, 0xE0, 0x91, 0x35, 0xCC,
    0x2F, 0x2F, 0x2E, 0xCC, 0x2D, 0x6A, 0x9F, 0xD9, 0x02, 0x77, 0xD0, 0x5C, 0x6B, 0x79, 0x74, 0xE8,
    0xA8, 0xA1, 0xD5, 0x14, 0xC2, 0x6B, 0xDD, 0xBE, 0x5B, 0x55, 0xFB, 0x64, 0x48, 0xED, 0x13, 0x3B,
    0x13, 0x6E, 0x9F, 0x99, 0x70, 0xFB, 0xEC, 0x88, 0xDB, 0xE7, 0xAA, 0xF6, 0xD5, 0x54, 0xFB, 0x5A,
    0xDC, 0x3E, 0x03, 0xB6, 0xEE, 0xFF, 0x3E, 0xDA, 0x17, 0x71, 0xFB, 0xEE, 0xBC, 0xAA, 0x7D, 0x81,
    0x1A, 0xBF, 0x37, 0x24, 0xDC, 0x3E, 0x23, 0xE5, 0xF6, 0xDD, 0x99, 0xF0, 0xF8, 0xC1, 0xCE, 0xF6,
    0x4F, 0xBA, 0x7D, 0x86, 0x6A, 0x9F, 0xCB, 0xF3, 0x13, 0x71, 0x18, 0xB5, 0xEF, 0x93, 0x6A, 0x7E,
    0x3E, 0xC7, 0xED, 0x3B, 0x71, 0x92, 0xC7, 0xCF, 0x92, 0x09, 0xB5, 0xCF, 0x3C, 0x18, 0x71, 0xFB,
    0xEC, 0x7F, 0xE2, 0xF3, 0x73, 0xE3, 0x55, 0xE3, 0x97, 0xAA, 0xF6, 0xA5, 0xAA, 0x7D, 0x30, 0x6F,
    0x69, 0xFC, 0x2C, 0x35, 0x7E, 0x26, 0xB7, 0x0F, 0xE6, 0xF1, 0x7F, 0x5F, 0xE3, 0x17, 0xA8, 0xF6,
    0xE5, 0xAB, 0xDB, 0xB7, 0x43, 0xB5, 0xEF, 0xF8, 0x19, 0x6E, 0x9F, 0x71, 0x5C, 0xB5, 0xEF, 0xB4,
    0x6A, 0x5F, 0xAC, 0xDA, 0xB7, 0xE6, 0x9F, 0x68, 0xFB, 0x26, 0xB9, 0x7D, 0x3B, 0x64, 0xC2, 0xED,
    0xB3, 0x42, 0x6E, 0x9F, 0x73, 0x15, 0xFE, 0xDC, 0xAC, 0xF0, 0xCB, 0x90, 0xC2, 0x2F, 0x63, 0x0A,
    0x7F, 0x36, 0xFF, 0x89, 0xCF, 0x4F, 0xBD, 0x3F, 0x08, 0xB5, 0xFE, 0x84, 0x1A, 0x3F, 0xA1, 0xDA,
    0x27, 0x54, 0xFB, 0x84, 0x6A, 0x9F, 0x50, 0xED, 0xD3, 0xF2, 0x77, 0xF1, 0x1A, 0xB7, 0x6F, 0xED,
    0xE4, 0x64, 0xCF, 0x51, 0x4E, 0xB5, 0xF1, 0x78, 0x2E, 0x66, 0x6E, 0xD5, 0x1E, 0x45, 0x9B, 0x0F,
    0x73, 0xD4, 0x38, 0x4F, 0x38, 0x2D, 0x7E, 0x3F, 0x88, 0xCC, 0x3A, 0xBB, 0xD1, 0x7C, 0x2C, 0x15,
    0x75, 0x8E, 0x53, 0x9D, 0x35, 0x39, 0x0E, 0x5B, 0x86, 0xA1, 0x9F, 0x89, 0x34, 0x69, 0x5B, 0x0F,
    0xE6, 0x1C, 0xA4, 0xCD, 0x7B, 0xC8, 0x92, 0xCF, 0x27, 0xCA, 0xDD, 0x7A, 0xED, 0x41, 0x26, 0xAA,
    0x07, 0x15, 0x89, 0xF9, 0x7A, 0x15, 0x1D, 0x4C, 0x6C, 0x22, 0xF1, 0xB6, 0xD8, 0x5E, 0x83, 0xBE,
    0x1C, 0x24, 0x97, 0x96, 0x8A, 0x70, 0x28, 0x3E, 0xB3, 0x05, 0x53, 0xDD, 0xA4, 0x10, 0xCD, 0x66,
    0x82, 0xB1, 0x68, 0x89, 0xF1, 0xCA, 0x00, 0x21, 0x0B, 0xF4, 0x74, 0x87, 0x8F, 0xA7, 0x15, 0x92,
    0x77, 0xAC, 0x19, 0x13, 0x69, 0x55, 0x7C, 0x22, 0x41, 0x5F, 0x06, 0x03, 0x9E, 0xCF, 0xE0, 0xB9,
    0x4E, 0xD5, 0x8A, 0xAC, 0x3B, 0x91, 0xEB, 0xF9, 0xEE, 0x7D, 0xB1, 0x30, 0x97, 0xBF, 0x3E, 0x19,
    0x3A, 0x7B, 0x90, 0x3F, 0xFD, 0x06, 0xB0, 0x68, 0x9B, 0x05, 0x4F, 0x1B, 0x0A, 0x57, 0x4D, 0x81,
    0xEF, 0x8C, 0x24, 0xA7, 0xE3, 0x14, 0x60, 0x56, 0x25, 0x4B, 0x14, 0x75, 0xA3, 0x42, 0x01, 0xFF,
    0x28, 0xDE, 0x4F, 0x68, 0x24, 0xAE, 0xD7, 0x51, 0xA1, 0xD9, 0xAC, 0xBF, 0xA3, 0x66, 0x6C, 0x04,
    0x0E, 0xAF, 0x23, 0xAE, 0x09, 0xDF, 0xA8, 0x0F, 0x86, 0x58, 0xAB, 0x23, 0x3A, 0x75, 0x55, 0xD8,
    0x17, 0xC5, 0x19, 0xA9, 0x78, 0x65, 0x4A, 0x48, 0xA5, 0xB4, 0xBB, 0x26, 0xD9, 0x5D, 0x50, 0x78,
    0xE6, 0x35, 0x26, 0xD1, 0xF3, 0xD0, 0x30, 0x0F, 0x45, 0x25, 0x09, 0x0C, 0x35, 0xCA, 0x2A, 0x92,
    0x20, 0x8C, 0x51, 0x7A, 0xD1, 0x3A, 0x4A, 0xE6, 0x3F, 0xC8, 0x7A, 0xBB, 0x32, 0x0A, 0x5A, 0xB6,
    0x6C, 0x5B, 0x12, 0x48, 0x5B, 0x13, 0xA3, 0x0D, 0x44, 0x41, 0xB6, 0x06, 0xBE, 0x87, 0xB9, 0x8F,
    0x02, 0xAB, 0x28, 0x00, 0x4E, 0x7D, 0xEA, 0x41, 0x19, 0xFA, 0xED, 0xFB, 0x0F, 0xDD, 0x76, 0x00,
    0x4D, 0xAF, 0xA0, 0x55, 0x40, 0x1D, 0x03, 0xF9, 0xBF, 0x1E, 0xA3, 0x55, 0xD8, 0x32, 0x84, 0x0E,
    0x44, 0xF1, 0xE9, 0x85, 0x43, 0xB7, 0x91, 0xA9, 0x00, 0x86, 0x27, 0xC8, 0x54, 0xFD, 0xA2, 0xEB,
    0xC4, 0x7A, 0xF7, 0xB5, 0x91, 0xE2, 0xFD, 0xF3, 0x2F, 0xDB, 0xCE, 0xE2, 0xB1, 0x29, 0x65, 0xCA,
    0x6F, 0x50, 0x3B, 0x8D, 0xC5, 0x05, 0x1F, 0xDA, 0xD9, 0x06, 0xD6, 0xD0, 0xC6, 0xD9, 0xED, 0xBD,
    0x54, 0xFC, 0x32, 0xB4, 0x33, 0x09, 0xBE, 0x2F, 0xB3, 0x0E, 0x1A, 0x92, 0x27, 0x32, 0x99, 0xC0,
    0x79, 0xBD, 0x1F, 0x6A, 0x0B, 0x24, 0xB6, 0x6D, 0x3E, 0xBE, 0xC1, 0x0B, 0xC7, 0x61, 0xE9, 0x18,
    0x6D, 0x37, 0x1A, 0x77, 0xA1, 0x7F, 0x3A, 0x6E, 0xB4, 0x0F, 0xEA, 0x6C, 0x15, 0xF0, 0xDB, 0x47,
    0xEF, 0x25, 0xCC, 0x61, 0xC4, 0x20, 0x9F, 0x70, 0x61, 0xF9, 0xCF, 0x79, 0xA1, 0xEF, 0x3C, 0xB6,
    0xFB, 0xD2, 0xAC, 0x2F, 0xBC, 0x9D, 0xF2, 0x05, 0xD9, 0x0E, 0x50, 0x6E, 0xFE, 0xA2, 0xCC, 0x8F,
    0x0A, 0x3B, 0x43, 0x37, 0x04, 0x68, 0x67, 0xEB, 0xB6, 0x85, 0xCB, 0x3B, 0x5B, 0x18, 0xAB, 0x4B,
    0x34, 0xDD, 0x8C, 0xBC, 0xFF, 0x37, 0xA0, 0xBE, 0x0C, 0x98, 0xAA, 0x4D, 0x2F, 0xD3, 0x4E, 0xED,
    0xC0, 0x77, 0xB3, 0x7E, 0xF8, 0x3F, 0x12, 0x80, 0x11, 0x52, 0x32, 0x07, 0x5D, 0xF2, 0xC9, 0x7A,
    0x09, 0x63, 0x4C, 0x1C, 0xB3, 0x3A, 0x4E, 0x16, 0xB0, 0xC1, 0x25, 0x19, 0x17, 0x39, 0x68, 0x22,
    0x56, 0xB8, 0x39, 0x4C, 0x02, 0xF4, 0xC3, 0xEF, 0x07, 0xCA, 0x5B, 0xE5, 0xC3, 0xE5, 0xEB, 0x65,
    0x81, 0xE5, 0x27, 0x5E, 0xEB, 0xCA, 0x97, 0xFD, 0x33, 0xC0, 0x1D, 0xF6, 0xF8, 0xCD, 0x07, 0xAE,
    0x69, 0x93, 0xF3, 0x3F, 0x86, 0x24, 0xE0, 0x8A, 0xC1, 0xDC, 0xB1, 0xC9, 0x04, 0x01, 0x66, 0x0B,
    0x5D, 0xC9, 0x6F, 0x11, 0xFB, 0x28, 0x76, 0x46, 0x1A, 0x84, 0x8C, 0xE6, 0xBE, 0x5F, 0xE8, 0x50,
    0x36, 0x24, 0xBA, 0xCB, 0xB5, 0x04, 0x97, 0x2C, 0x8D, 0x94, 0xDF, 0x3B, 0x4F, 0xEA, 0x9C, 0x75,
    0x90, 0x64, 0x84, 0x94, 0x91, 0x7B, 0x68, 0x2E, 0xBB, 0x28, 0xAC, 0x40, 0xA0, 0xE3, 0xC9, 0x56,
    0x0D, 0x81, 0xB6, 0x2F, 0x3B, 0x83, 0x08, 0xB4, 0x02, 0xD9, 0x59, 0x7F, 0x0D, 0x30, 0x88, 0x35,
    0x84, 0x6A, 0xB6, 0xB7, 0x79, 0x64, 0x56, 0x22, 0xF3, 0x31, 0x1F, 0x3B, 0xD3, 0x90, 0x87, 0xE7,
    0xC8, 0xBA, 0x2E, 0x14, 0x2A, 0x5E, 0x4D, 0x26, 0x54, 0x68, 0x9D, 0x2E, 0x4B, 0xD8, 0x6E, 0xA6,
    0xC7, 0x6E, 0xD3, 0x4E, 0xA2, 0x77, 0x60, 0xFA, 0x05, 0xBA, 0xDE, 0x21, 0x7F, 0xC1, 0xA1, 0x57,
    0x93, 0xDA, 0x09, 0xA6, 0x30, 0xB7, 0xCB, 0x94, 0xAF, 0xDC, 0x6C, 0x09, 0xBF, 0x89, 0x5F, 0x3F,
    0xC2, 0x5F, 0xBF, 0x61, 0x4D, 0xC6, 0x29, 0x95, 0x7D, 0xE9, 0xBE, 0x57, 0x5B, 0x4F, 0x21, 0x0E,
    0x53, 0x5A, 0xF4, 0xA5, 0x47, 0xFE, 0x91, 0x6A, 0xF2, 0x4A, 0x7D, 0xF2, 0x5A, 0xD5, 0xE4, 0x30,
    0xD5, 0xA1, 0xD0, 0xE9, 0xBE, 0xAB, 0xCB, 0x79, 0x85, 0xF4, 0x26, 0x4A, 0x78, 0xED, 0x6A, 0xF2,
    0xB2, 0x7D, 0xF2, 0xE3, 0xAC, 0x09, 0x5F, 0xE9, 0x7F, 0x66, 0x5C, 0x8F, 0xC8, 0xAB, 0xAF, 0x89,
    0x72, 0xD5, 0xB2, 0x59, 0x6B, 0xBD, 0xF2, 0x40, 0x97, 0x4E, 0xA0, 0x8A, 0x43, 0x0C, 0xE8, 0x82,
    0x6E, 0x85, 0x48, 0x5B, 0xA1, 0x1E, 0xC4, 0x68, 0x91, 0x94, 0xE3, 0x08, 0x89, 0xD5, 0x67, 0xC7,
    0x51, 0xF9, 0x3F, 0x0E, 0x5B, 0xB8, 0xDB, 0x1E, 0x9F, 0x45, 0xB9, 0xE1, 0x04, 0xC3, 0x78, 0x3D,
    0x1F, 0xE7, 0x67, 0xF8, 0x79, 0x7E, 0x97, 0xCB, 0xE1, 0x32, 0xB9, 0x7C, 0xF5, 0x2D, 0xFE, 0xAE,
    0x72, 0x17, 0x5B, 0x5D, 0x93, 0xCE, 0xCD, 0xD5, 0xC4, 0x49, 0xB1, 0x26, 0x5E, 0x8E, 0x35, 0xC1,
    0xC8, 0xFE, 0x13, 0x0C, 0xE3, 0xF5, 0xD7, 0xA6, 0x26, 0xA5, 0x88, 0x9E, 0x6D, 0x04, 0x38, 0x22,
    0x6B, 0xCE, 0x3A, 0x25, 0xC2, 0xD5, 0x9D, 0x40, 0xA7, 0x1D, 0xAF, 0x8B, 0x8A, 0x7F, 0xBB, 0x8B,
    0x98, 0xD4, 0x2A, 0x18, 0x2E, 0xAF, 0x93, 0xBF, 0x8A, 0x54, 0x4E, 0x37, 0xB2, 0xC5, 0xE5, 0x70,
    0x99, 0x4A, 0x05, 0x17, 0xE8, 0x60, 0x63, 0x3F, 0x62, 0x4D, 0x5A, 0x3E, 0x7E, 0x31, 0x73, 0xB1,
    0x26, 0xA9, 0x83, 0x35, 0x21, 0x58, 0x5D, 0xFF, 0xA1, 0x6A, 0xF2, 0xC3, 0x06, 0xDE, 0x78, 0x4D,
    0xC3, 0x8C, 0xBC, 0xA6, 0x91, 0x3A, 0x5E, 0xD3, 0x60, 0x17, 0xAF, 0x69, 0xBC, 0x88, 0x06, 0x9E,
    0x11, 0x81, 0x42, 0x42, 0xC8, 0xF6, 0xBD, 0x1F, 0x6D, 0x6D, 0x66, 0xC5, 0x80, 0x2C, 0xE6, 0x67,
    0x49, 0xD5, 0x85, 0xAA, 0xE9, 0xD7, 0xB7, 0x58, 0x41, 0x7D, 0xF3, 0x69, 0x03, 0x8B, 0x41, 0xC7,
    0x87, 0x15, 0xBC, 0x72, 0x9F, 0x2C, 0xF0, 0xFA, 0x26, 0x2E, 0x6D, 0x60, 0x81, 0x9E, 0x11, 0x37,
    0x4A, 0xFB, 0xEB, 0x43, 0x25, 0xD0, 0x1E, 0x5D, 0xCC, 0x13, 0x06, 0x69, 0xFD, 0xE8, 0x29, 0xD6,
    0x47, 0xBE, 0x8A, 0xFA, 0xB0, 0xD5, 0x47, 0xA8, 0x83, 0x41, 0x59, 0x6C, 0xD5, 0xBD, 0x34, 0x23,
    0xBC, 0x3D, 0x24, 0x13, 0x4E, 0xB7, 0x88, 0x36, 0xE9, 0xBB, 0x1A, 0xA1, 0xBD, 0xBF, 0x45, 0x21,
    0x22, 0xBB, 0xC0, 0x0F, 0xC5, 0xA1, 0x1D, 0xA1, 0xF7, 0xBF, 0x99, 0x40, 0x92, 0xA1, 0xDC, 0xDC,
    0x0E, 0x81, 0x0D, 0x99, 0x46, 0x43, 0x8B, 0x2D, 0xC8, 0xD4, 0x0C, 0xA1, 0x5A, 0x6C, 0x06, 0xCD,
    0x16, 0xAB, 0x62, 0x09, 0xB5, 0xED, 0x56, 0xF2, 0x46, 0x3C, 0xA5, 0xC3, 0xFE, 0x63, 0x60, 0x34,
    0x03, 0x33, 0xCA, 0xC4, 0x16, 0x27, 0x1C, 0xDE, 0xF7, 0x4C, 0x02, 0xFC, 0xCE, 0x51, 0x33, 0x5D,
    0xF2, 0x92, 0x3C, 0x1D, 0x36, 0xBF, 0x11, 0xFE, 0x79, 0x3A, 0x2C, 0xC6, 0x16, 0x9C, 0xBB, 0x51,
    0xFE, 0xB5, 0x24, 0x36, 0xD7, 0xCD, 0xAE, 0x68, 0x0E, 0x43, 0xF1, 0x6E, 0x5D, 0x6C, 0x10, 0xB5,
    0x25, 0x0C, 0xF1, 0x48, 0xFA, 0xE8, 0x74, 0x8B, 0xAA, 0xB6, 0x1B, 0x8E, 0x97, 0xE1, 0xB7, 0xAF,
    0x28, 0xA6, 0x39, 0xB7, 0x4E, 0xB0, 0x3A, 0xC1, 0x02, 0x66, 0x6D, 0x49, 0xF9, 0xC4, 0x07, 0xE1,
    0xB0, 0x62, 0x96, 0xFE, 0x34, 0x65, 0x73, 0x90, 0xDC, 0x4C, 0x9B, 0x74, 0xC6, 0x0F, 0xC6, 0x48,
    0xAC, 0xD1, 0x83, 0x2E, 0xD4, 0xDE, 0x25, 0x8D, 0x5E, 0x0D, 0xCF, 0x1B, 0x8A, 0xF0, 0xC1, 0x1C,
    0x59, 0xCC, 0x0C, 0x2D, 0xF8, 0x52, 0x3E, 0x80, 0x28, 0x45, 0xFA, 0x1D, 0x0D, 0xD9, 0xF0, 0x27,
    0x62, 0x6E, 0xE1, 0xEC, 0xC2, 0x24, 0x2F, 0x35, 0x6C, 0xE1, 0x75, 0xAC, 0xBB, 0x3D, 0xED, 0x01,
    0xBD, 0xA4, 0xFC, 0xF4, 0x8D, 0xE5, 0x33, 0x3C, 0x9F, 0xCD, 0xDF, 0xFD, 0x69, 0x56, 0xB5, 0x5A,
    0xBF, 0xF3, 0x2F, 0x92, 0xD5, 0x57, 0xCA, 0x67, 0xC4, 0x92, 0xA3, 0x5E, 0xDF, 0xAE, 0x07, 0xAE,
    0x32, 0xA2, 0x01, 0x25, 0x59, 0x16, 0x9B, 0x55, 0x10, 0x09, 0xA7, 0x13, 0x30, 0xF3, 0x3D, 0xCC,
    0xA6, 0x96, 0x18, 0xAC, 0x62, 0x80, 0xD9, 0xC5, 0x81, 0x23, 0xBE, 0xE2, 0x9D, 0x06, 0x87, 0x90,
    0x19, 0x87, 0x0D, 0x6D, 0x68, 0x08, 0x83, 0x0A, 0x3C, 0x1F, 0x8A, 0x21, 0xE0, 0x7F, 0x9F, 0x47,
    0x89, 0xCD, 0xB6, 0x41, 0x61, 0x9D, 0x14, 0x69, 0x2E, 0xC6, 0x06, 0x85, 0x0B, 0xA3, 0x56, 0x13,
    0x63, 0xEB, 0xC5, 0x90, 0x2D, 0x32, 0x57, 0x8C, 0xAE, 0x17, 0x4B, 0xB6, 0x58, 0x98, 0x10, 0xA3,
    0x15, 0x31, 0xEB, 0x88, 0xDF, 0xD8, 0x82, 0xC0, 0xCC, 0x9C, 0x08, 0xEC, 0x74, 0xA4, 0x62, 0x65,
    0xC0, 0x21, 0x45, 0xC7, 0x9A, 0xD5, 0xC6, 0x9D, 0xA8, 0x4B, 0x71, 0x32, 0xFB, 0x3C, 0x6A, 0x51,
    0x96, 0x74, 0x70, 0x82, 0xED, 0x5A, 0xA5, 0x8A, 0x06, 0x42, 0x1C, 0x25, 0xFF, 0x58, 0x68, 0x1C,
    0xBB, 0xCA, 0xDF, 0x79, 0x23, 0x39, 0x12, 0xB8, 0x5C, 0x4D, 0xE3, 0x88, 0xCB, 0xAA, 0x58, 0xBF,
    0xE3, 0x7E, 0x83, 0x5C, 0xA5, 0x7F, 0xD0, 0x5E, 0xF7, 0x27, 0xA4, 0x08, 0xBD, 0x6B, 0xC9, 0x1E,
    0x22, 0x0A, 0x6C, 0x30, 0xB7, 0xEE, 0xA6, 0x81, 0xFA, 0x58, 0x6A, 0x9E, 0x80, 0x91, 0xB7, 0x8E,
    0x2F, 0x27, 0x22, 0x6F, 0x2E, 0x41, 0xDD, 0x1D, 0x8C, 0x1E, 0x30, 0x0C, 0x8C, 0xF9, 0x30, 0xC6,
    0x1C, 0x70, 0xC2, 0xBC, 0x4E, 0x21, 0x0B, 0x4E, 0x9C, 0x39, 0x4E, 0x33, 0x24, 0x6F, 0xC6, 0x36,
    0xCD, 0x85, 0xDA, 0x10, 0x3D, 0x82, 0x0F, 0xD1, 0x23, 0xF0, 0xD0, 0xF2, 0x71, 0x35, 0x89, 0xA4,
    0xAD, 0xAC, 0x87, 0x66, 0x07, 0xB7, 0xAB, 0xF9, 0x55, 0xFF, 0x4A, 0xC4, 0x12, 0x8B, 0x13, 0xA8,
    0xB7, 0x81, 0xBD, 0xD4, 0x76, 0xA6, 0x67, 0x9C, 0xC4, 0xDA, 0x07, 0x8F, 0x54, 0xB6, 0x8C, 0x27,
    0xC6, 0x13, 0x59, 0xFD, 0x2B, 0x3B, 0xEF, 0x7A, 0x26, 0x14, 0x1F, 0x7B, 0xFA, 0xC4, 0xE9, 0xEC,
    0xEC, 0xEF, 0x41, 0x77, 0x37, 0x9C, 0x70, 0x66, 0x62, 0x9B, 0x10, 0xD5, 0x2D, 0xC3, 0x62, 0xCB,
    0x0C, 0xCA, 0x8B, 0x1E, 0x6A, 0x09, 0xFB, 0x1C, 0x0C, 0xCB, 0x9F, 0x3F, 0x9D, 0x0B, 0xEB, 0xA1,
    0xA7, 0x84, 0xF9, 0xDD, 0xF6, 0x61, 0xE1, 0xFA, 0x9F, 0x48, 0x36, 0xFD, 0xC5, 0x09, 0xA8, 0xF3,
    0x1F, 0xFD, 0xB7, 0x95, 0x77, 0x1D, 0x12, 0x7F, 0x28, 0xDE, 0x16, 0x7E, 0xF9, 0xCA, 0x5B, 0xDB,
    0xE2, 0x9F, 0x89, 0x6D, 0xC2, 0x7B, 0x62, 0x33, 0xEB, 0x8C, 0xEC, 0x9A, 0x3A, 0x9A, 0xCD, 0x5E,
    0x75, 0xD2, 0x82, 0x12, 0xAE, 0xB0, 0xE2, 0x44, 0xA0, 0xBA, 0x1A, 0xF8, 0x72, 0xB2, 0x5F, 0x7B,
    0x29, 0xA7, 0x6D, 0xEF, 0x0A, 0xC7, 0x16, 0x90, 0x34, 0x1C, 0x8D, 0x45, 0x8C, 0xFB, 0x81, 0xAA,
    0xB7, 0xAA, 0xB6, 0x2A, 0x58, 0x51, 0x0A, 0xF8, 0x14, 0xED, 0xA8, 0xD8, 0xF4, 0xA3, 0x4A, 0x6E,
    0x5C, 0x9C, 0x6D, 0xE2, 0x8B, 0x71, 0x6F, 0x7B, 0x5B, 0x41, 0xB7, 0xF7, 0x2A, 0x31, 0xDF, 0x9F,
    0xAB, 0x2A, 0x71, 0xCE, 0xA3, 0x4A, 0xC6, 0xA0, 0x4E, 0x3E, 0x20, 0xE5, 0xF9, 0x1E, 0x66, 0x69,
    0xAB, 0x06, 0x19, 0x88, 0x56, 0xB1, 0x8A, 0x06, 0x9B, 0xC8, 0xD8, 0xFC, 0x88, 0xCB, 0x4A, 0x58,
    0x37, 0xA3, 0x52, 0x9C, 0x95, 0x9F, 0x53, 0xE6, 0xEB, 0xE7, 0x99, 0xC1, 0x67, 0x86, 0xB8, 0x7A,
    0x28, 0x65, 0xA9, 0xD0, 0x82, 0x3E, 0x52, 0xA0, 0xEF, 0xDF, 0xAD, 0x25, 0x14, 0x97, 0xD0, 0xD9,
    0xD2, 0x21, 0xFB, 0xB9, 0xF2, 0x21, 0xC9, 0x8F, 0x4A, 0x31, 0x70, 0x26, 0xC5, 0x1F, 0xE6, 0xF2,
    0xF1, 0x78, 0xBF, 0xBC, 0x73, 0x19, 0x10, 0xDA, 0x09, 0xF9, 0x1F, 0xC4, 0xDF, 0xCA, 0x13, 0x89,
    0x30, 0x9E, 0x8F, 0x3C, 0x40, 0x7C, 0xCF, 0x43, 0x65, 0xE5, 0xF3, 0x57, 0x1E, 0xBC, 0xF8, 0x3C,
    0x39, 0xF9, 0x17, 0xA1, 0xDC, 0x71, 0x4C, 0x0A, 0x92, 0x2A, 0x3C, 0x47, 0xA9, 0xF9, 0xBD, 0x48,
    0x9C, 0xA5, 0xD4, 0xFA, 0xE3, 0x04, 0x20, 0x4C, 0xAD, 0x0F, 0xA7, 0x08, 0x41, 0x6A, 0x0F, 0x65,
    0x00, 0x61, 0xBA, 0x6E, 0xA8, 0x09, 0x10, 0xA6, 0x95, 0xA1, 0x3A, 0x40, 0x98, 0x0E, 0x0E, 0x8D,
    0x02, 0x84, 0xE9, 0xD0, 0xD0, 0x36, 0x80, 0x30, 0x1D, 0x83, 0x35, 0x78, 0x96, 0xD2, 0xD1, 0xA1,
    0x0A, 0x40, 0x98, 0xD6, 0x87, 0xAA, 0x00, 0x61, 0xFA, 0xE7, 0xC7, 0x7E, 0x1F, 0x20, 0x4C, 0xA1,
    0xB3, 0x8C, 0x2B, 0x91, 0x32, 0x0C, 0xB2, 0x68, 0xCB, 0x85, 0x65, 0xE6, 0x5A, 0x22, 0x85, 0x54,
    0x4C, 0xEC, 0x38, 0x02, 0x10, 0xA4, 0x68, 0xE4, 0x05, 0x10, 0xBB, 0x36, 0xC2, 0xF2, 0xFB, 0x0D,
    0xA1, 0x03, 0x62, 0xAA, 0x83, 0x4D, 0x1C, 0xA1, 0x8F, 0x39, 0x74, 0x43, 0x0D, 0xD9, 0xDA, 0xC9,
    0x07, 0xC5, 0x4C, 0xDA, 0x93, 0x71, 0x63, 0x19, 0x24, 0x9C, 0xDD, 0x2C, 0x8C, 0x15, 0xB1, 0xA9,
    0xA5, 0x4D, 0x2B, 0x29, 0x00, 0xC9, 0xB0, 0x8A, 0x27, 0xCC, 0xE7, 0x21, 0x78, 0x91, 0x3A, 0x21,
    0x01, 0x2E, 0xA9, 0xF0, 0x37, 0x5E, 0xC4, 0xA6, 0x0B, 0xC2, 0x38, 0x6C, 0xAB, 0xD2, 0x06, 0x75,
    0x08, 0x96, 0x4A, 0x95, 0x94, 0xF0, 0x6F, 0x12, 0x95, 0x0A, 0x9A, 0xF4, 0xCD, 0x07, 0x2B, 0x43,
    0x55, 0x1C, 0xA4, 0x5B, 0xDF, 0x11, 0xB7, 0x3D, 0x9C, 0x99, 0x9D, 0x7D, 0xC6, 0xFC, 0xDB, 0x68,
    0x6A, 0xC2, 0x40, 0x8E, 0xE2, 0x33, 0x8F, 0x3A, 0xFA, 0xB4, 0xC5, 0x23, 0x68, 0xAF, 0xB1, 0x71,
    0x72, 0x92, 0x0E, 0xC3, 0x41, 0xBA, 0x8D, 0x6C, 0x91, 0x66, 0xE0, 0x19, 0x9A, 0x44, 0x23, 0xDF,
    0x96, 0xCF, 0x3D, 0x81, 0xC0, 0x9F, 0x02, 0x6A, 0xA0, 0xC3, 0x4B, 0xCE, 0x14, 0x93, 0x31, 0x9A,
    0x4C, 0x1B, 0x27, 0xEF, 0x92, 0xD9, 0x9F, 0xA0, 0x94, 0xEE, 0x11, 0xB1, 0x1C, 0x8E, 0x22, 0x39,
    0xFB, 0xB3, 0xE2, 0x4C, 0x58, 0x83, 0xD9, 0xE5, 0x0C, 0x89, 0x33, 0x62, 0x33, 0x60, 0xD8, 0xEA,
    0x18, 0x74, 0xB9, 0x0B, 0x88, 0x75, 0x10, 0xC7, 0xCD, 0x46, 0x45, 0x62, 0x06, 0x83, 0x6F, 0xFD,
    0xAE, 0x10, 0x6F, 0x4D, 0xC4, 0x31, 0x61, 0xFE, 0x95, 0x10, 0x6F, 0x49, 0x70, 0x46, 0x9D, 0xD5,
    0xDA, 0xD4, 0x63, 0x7A, 0x21, 0x96, 0x33, 0x92, 0x2C, 0x37, 0xF0, 0x18, 0x1F, 0xA3, 0x05, 0x75,
    0xB3, 0x52, 0xE0, 0x76, 0xAC, 0xC4, 0xD2, 0x09, 0xFC, 0xEC, 0xC0, 0x8D, 0x9D, 0x1D, 0x78, 0xC4,
    0xED, 0xC0, 0xC3, 0x3E, 0x74, 0xE3, 0xB6, 0x46, 0x6B, 0xDD, 0xFC, 0x60, 0x0C, 0x2C, 0xFA, 0xEF,
    0xB2, 0xA7, 0x13, 0x1D, 0xBF, 0x80, 0x2B, 0xA2, 0x83, 0xA3, 0x80, 0xD8, 0x9C, 0x02, 0x57, 0x50,
    0xF8, 0x66, 0x46, 0xB1, 0x63, 0xA5, 0x80, 0x73, 0x7D, 0x7F, 0x78, 0x9B, 0x3E, 0x1F, 0x2D, 0x57,
    0x87, 0x82, 0xAD, 0xD8, 0x3D, 0x60, 0x0D, 0x8D, 0x3E, 0x00, 0x1E, 0xC9, 0xCC, 0x06, 0xAD, 0x10,
    0xD7, 0xE8, 0x52, 0xFB, 0xC3, 0xD6, 0xA7, 0x9F, 0xC6, 0xAD, 0xDD, 0x6F, 0x03, 0x12, 0xC1, 0xD3,
    0xF0, 0x60, 0xA8, 0x87, 0x39, 0xA8, 0x72, 0x19, 0x10, 0xC8, 0x93, 0x74, 0x78, 0x9D, 0x2B, 0x5A,
    0x46, 0x86, 0x5B, 0xA2, 0x6B, 0x45, 0x62, 0x88, 0xE2, 0xC8, 0x54, 0xCD, 0xF6, 0x3A, 0x18, 0xA1,
    0xFB, 0x3B, 0x83, 0xDE, 0x9E, 0x9D, 0x3B, 0x2F, 0xCF, 0xCB, 0xCF, 0x8D, 0x8E, 0x59, 0x27, 0xF6,
    0x1F, 0xCA, 0x33, 0x31, 0x52, 0xC7, 0x18, 0xED, 0xCD, 0x6B, 0x81, 0xCB, 0xBB, 0x47, 0xC6, 0xCC,
    0xE3, 0xC7, 0xDF, 0x9F, 0x1F, 0xEA, 0x6C, 0xDB, 0xE2, 0xDC, 0x79, 0x40, 0x2E, 0x88, 0xCD, 0x83,
    0x76, 0xD7, 0xA2, 0x60, 0xE9, 0x8E, 0x0A, 0xFF, 0xE2, 0xC2, 0x07, 0xC7, 0xC8, 0x2E, 0x50, 0x7C,
    0x79, 0x20, 0xC3, 0xFD, 0x65, 0x06, 0x43, 0x16, 0xD1, 0xF9, 0x2F, 0x14, 0xD6, 0x28, 0xC7, 0x6D,
    0x3F, 0x15, 0x0D, 0x32, 0x02, 0xDC, 0xD7, 0xB1, 0x9E, 0x4B, 0xA0, 0x8B, 0x26, 0x72, 0x68, 0xD7,
    0x15, 0xB2, 0x4D, 0x5C, 0x6F, 0x91, 0x96, 0xD9, 0xD0, 0x6D, 0xEF, 0xEB, 0x8D, 0xB2, 0x7F, 0xAE,
    0xF6, 0xA5, 0x9C, 0x53, 0xB2, 0xEA, 0x90, 0x8E, 0x01, 0x92, 0x91, 0x18, 0x98, 0x08, 0x11, 0xCD,
    0xEC, 0x73, 0x0B, 0xA0, 0x3B, 0xA6, 0xDA, 0xEB, 0x64, 0x3E, 0x6E, 0xCB, 0xF3, 0x8E, 0x6C, 0x4F,
    0xB8, 0x32, 0x37, 0xE3, 0x42, 0x5E, 0x2C, 0x22, 0x43, 0x99, 0x6E, 0x35, 0xE4, 0x38, 0x19, 0x15,
    0x1E, 0x19, 0x27, 0xEE, 0xE9, 0xF0, 0x38, 0x19, 0x3D, 0x2E, 0x71, 0xA6, 0x7E, 0xCD, 0x8E, 0xD3,
    0xDE, 0x12, 0x8C, 0x1F, 0xE1, 0x7A, 0xB4, 0x18, 0xFD, 0xA5, 0x8A, 0xB2, 0x79, 0x2D, 0x32, 0x94,
    0xC0, 0x97, 0x72, 0x9E, 0x97, 0x97, 0x25, 0x76, 0x75, 0xC0, 0xE4, 0x5C, 0xC9, 0xAF, 0xE4, 0xD3,
    0x2D, 0x15, 0x39, 0x79, 0x19, 0x17, 0x18, 0x00, 0x07, 0x1F, 0x91, 0xDB, 0x0F, 0x91, 0xDF, 0x8E,
    0x53, 0x90, 0xDF, 0xCE, 0xB9, 0x42, 0xEC, 0x76, 0xD0, 0x21, 0xF6, 0x64, 0xB1, 0xCD, 0x7C, 0x84,
    0x22, 0x78, 0x16, 0x5B, 0xC5, 0xC3, 0x08, 0x9C, 0xE9, 0x9A, 0x6D, 0xBB, 0xDD, 0xC8, 0xE5, 0x0B,
    0xC0, 0x25, 0x59, 0x18, 0x4E, 0xB2, 0x85, 0x51, 0x06, 0x9E, 0x26, 0xCF, 0xCF, 0x39, 0xE0, 0x2E,
    0x51, 0x90, 0xB5, 0x7E, 0x9F, 0x7D, 0xDA, 0xD5, 0x57, 0x50, 0xF8, 0xD6, 0x42, 0xC7, 0x9E, 0x73,
    0x12, 0xDF, 0xF2, 0xE5, 0x81, 0x16, 0x00, 0x67, 0xBB, 0x76, 0x97, 0xCA, 0x81, 0x92, 0x77, 0x53,
    0xC9, 0x27, 0xA5, 0xFA, 0x16, 0x7D, 0x9D, 0x22, 0x54, 0xEA, 0xFA, 0xC8, 0x83, 0x0F, 0x73, 0x0D,
    0x7B, 0x75, 0x96, 0xA7, 0x74, 0x2B, 0xCA, 0x76, 0x95, 0x2D, 0x7D, 0x45, 0xC9, 0x58, 0xFF, 0x74,
    0xE8, 0x1D, 0xF7, 0xAA, 0x83, 0x74, 0xD5, 0xB4, 0x7E, 0xA3, 0xE9, 0xEA, 0x28, 0x5B, 0x0A, 0xDB,
    0x59, 0x91, 0x3A, 0x33, 0xC6, 0x16, 0xAC, 0xA1, 0x40, 0xA4, 0x4B, 0xEA, 0x0B, 0xDC, 0xC0, 0x98,
    0x86, 0xAB, 0xDC, 0x08, 0x30, 0xE4, 0x6F, 0x0B, 0xF1, 0xD3, 0x28, 0xDB, 0xDB, 0x0F, 0xB3, 0xED,
    0xD8, 0x0E, 0x54, 0x3C, 0x39, 0x21, 0xD9, 0x9E, 0xD5, 0x91, 0xF8, 0xC6, 0x33, 0x88, 0xA1, 0x0A,
    0x99, 0x8D, 0xA5, 0x66, 0x5E, 0x3A, 0x5D, 0xB1, 0xDA, 0x40, 0xB0, 0x4D, 0xCF, 0x8C, 0x0E, 0x56,
    0xAA, 0x40, 0xB0, 0xA5, 0xC7, 0x8E, 0xC5, 0xC7, 0x2C, 0x5B, 0x34, 0x97, 0xB1, 0x0D, 0xCB, 0xAE,
    0x18, 0xC3, 0x23, 0x26, 0x8C, 0x65, 0x28, 0xE5, 0x14, 0x36, 0xEF, 0x2E, 0x58, 0xC5, 0x6B, 0x2A,
    0xB5, 0xA1, 0x11, 0x0C, 0xF0, 0xEF, 0x0E, 0x8E, 0x0E, 0x8E, 0x61, 0x83, 0xB6, 0xB4, 0xEA, 0x15,
    0x77, 0x89, 0x90, 0x49, 0xEE, 0x92, 0xDD, 0x42, 0xF5, 0xAE, 0xDC, 0xA5, 0x80, 0x64, 0x66, 0x31,
    0x5D, 0x51, 0xE4, 0xC5, 0xD8, 0xA0, 0x56, 0xED, 0x68, 0xFD, 0x43, 0x55, 0x9F, 0xF3, 0x5C, 0x52,
    0x25, 0xFA, 0xD0, 0x54, 0x75, 0x54, 0xB3, 0xF2, 0x0F, 0xC1, 0x98, 0xB5, 0x8A, 0x40, 0x3F, 0xAD,
    0xA2, 0xA3, 0x24, 0x2D, 0xB5, 0x0B, 0x1D, 0x51, 0xA1, 0xAC, 0xC6, 0x95, 0xE5, 0x21, 0x6E, 0x3C,
    0xEB, 0xE4, 0xB8, 0x94, 0x97, 0x31, 0x32, 0xC9, 0x1C, 0x11, 0x0B, 0xC5, 0xE4, 0xA5, 0xC9, 0xC9,
    0x7B, 0xE3, 0x08, 0xD5, 0x90, 0x4E, 0xE4, 0x44, 0x13, 0x46, 0x46, 0xA6, 0xC9, 0xDE, 0x32, 0x60,
    0xF8, 0x6C, 0x42, 0xD8, 0x2F, 0xC2, 0x0E, 0x9E, 0x77, 0x84, 0xD1, 0x85, 0xC6, 0xBE, 0x94, 0x73,
    0x9C, 0xDD, 0xFF, 0x9A, 0x10, 0x89, 0x6E, 0x22, 0xF9, 0xBC, 0xB1, 0x2B, 0x5C, 0x14, 0xD5, 0x0D,
    0x07, 0x51, 0x83, 0xA2, 0xDE, 0x3B, 0xCF, 0x74, 0x10, 0xFB, 0xD5, 0x8C, 0x3D, 0x84, 0xC6, 0x66,
    0x85, 0xA4, 0xBD, 0x65, 0xD6, 0x69, 0xB5, 0x70, 0x83, 0xDB, 0x17, 0x47, 0xF2, 0xEE, 0x88, 0x0E,
    0x81, 0xA3, 0x98, 0x0B, 0x18, 0x45, 0x5B, 0xF6, 0xA6, 0x03, 0x1F, 0xA0, 0x67, 0xB3, 0x0B, 0x1B,
    0xB7, 0xD0, 0x61, 0x46, 0xAA, 0xC1, 0xDE, 0xB2, 0xCA, 0x7E, 0xF0, 0x3C, 0x6B, 0x29, 0x42, 0x21,
    0xCA, 0x93, 0xC5, 0xC2, 0xBE, 0x30, 0xD4, 0x1C, 0xE9, 0xFA, 0x1A, 0x1E, 0x97, 0x8E, 0x42, 0xE0,
    0x8E, 0xDB, 0xD4, 0x2E, 0x0B, 0xA0, 0xC8, 0xBD, 0x36, 0x15, 0x4C, 0x27, 0x34, 0x92, 0xBE, 0x4F,
    0x58, 0xE1, 0xEA, 0x77, 0xC9, 0x54, 0x86, 0x29, 0x6C, 0xDA, 0x83, 0xD8, 0x92, 0x91, 0x6A, 0x45,
    0x35, 0xE4, 0xDA, 0xF2, 0xA1, 0x2C, 0x6C, 0xE5, 0xB9, 0x61, 0x75, 0x7C, 0x26, 0x75, 0x30, 0x94,
    0x5C, 0x65, 0x1B, 0x36, 0xDE, 0x17, 0x3B, 0xD8, 0x54, 0xD1, 0x82, 0x5A, 0x7D, 0xC3, 0x6B, 0x33,
    0xC9, 0x3E, 0x95, 0xF5, 0x19, 0x4F, 0x6E, 0x16, 0x57, 0x59, 0x7A, 0x0B, 0x15, 0x1F, 0x89, 0x3A,
    0xE3, 0x6E, 0x3D, 0x83, 0x2C, 0xD5, 0xFC, 0x21, 0x7D, 0xE2, 0xD2, 0x98, 0x3E, 0x68, 0xA9, 0xA9,
    0xCF, 0x63, 0xCE, 0x78, 0xA3, 0x43, 0xB2, 0x62, 0x48, 0xAD, 0x30, 0x45, 0x0A, 0x3A, 0xA2, 0xC5,
    0x5C, 0x52, 0xD5, 0xEC, 0x70, 0x4F, 0x0C, 0x59, 0x1D, 0x2E, 0x68, 0xCC, 0xEC, 0xF0, 0xEA, 0x6B,
    0x02, 0x40, 0x05, 0x65, 0x00, 0xE0, 0xD4, 0x36, 0x50, 0x53, 0x5D, 0xE3, 0x85, 0xDA, 0xE6, 0x23,
    0x3B, 0x90, 0x68, 0x71, 0x79, 0x7D, 0xB6, 0xC9, 0x35, 0x69, 0x10, 0x4D, 0xDC, 0x71, 0xA3, 0x23,
    0x73, 0x77, 0x3C, 0xA1, 0x79, 0x9A, 0x8C, 0xDE, 0x73, 0xFD, 0xFF, 0x34, 0x5D, 0xA4, 0x2D, 0xD1,
    0xA2, 0xD8, 0x6C, 0x50, 0x90, 0x8A, 0x42, 0xC8, 0x27, 0xC7, 0x1E, 0x46, 0xA7, 0xB3, 0xCD, 0xA4,
    0xA1, 0xC5, 0x33, 0x9C, 0x79, 0xCB, 0x36, 0xD2, 0xE9, 0xBE, 0xF8, 0x86, 0xDC, 0xCA, 0xF2, 0x4A,
    0x70, 0x8D, 0x36, 0x43, 0xF4, 0x85, 0x18, 0x52, 0xD3, 0x87, 0xED, 0xAD, 0x0D, 0x66, 0x7C, 0xED,
    0xAF, 0xF2, 0x52, 0xE3, 0x5E, 0x69, 0x8D, 0x32, 0x07, 0x4C, 0x0B, 0xCC, 0xA3, 0xA3, 0xB0, 0xC5,
    0x61, 0xEA, 0x5E, 0xD8, 0xC9, 0x79, 0xAD, 0x6D, 0x66, 0x39, 0x40, 0x8D, 0x5D, 0x08, 0xEB, 0x4C,
    0xCD, 0xA1, 0xB4, 0x6A, 0x5C, 0x18, 0x93, 0x93, 0x1F, 0xE5, 0xB0, 0x74, 0x35, 0x3A, 0xFF, 0xD6,
    0xC8, 0xB7, 0x73, 0x68, 0xB0, 0x7D, 0x68, 0x5E, 0xBD, 0x1D, 0x27, 0x6C, 0x4A, 0x54, 0x07, 0x90,
    0x30, 0x34, 0xFD, 0xD8, 0x92, 0xBF, 0xCA, 0x62, 0x85, 0x21, 0x3E, 0xEE, 0x6D, 0x9A, 0xFD, 0x6E,
    0x72, 0x36, 0x7A, 0xE5, 0x25, 0x6E, 0x1D, 0x60, 0x8F, 0x1C, 0x66, 0x82, 0x37, 0xB3, 0xE9, 0xEB,
    0x3B, 0xB3, 0x3E, 0xD7, 0x2C, 0xA1, 0x0E, 0xD3, 0x51, 0x33, 0x71, 0xD3, 0x79, 0x9F, 0xED, 0xA0,
    0x0B, 0x61, 0x9F, 0xF7, 0x2F, 0xCB, 0x08, 0xD6, 0x79, 0xEE, 0x66, 0xDB, 0xC5, 0x78, 0xCB, 0xCA,
    0x6B, 0x62, 0xF6, 0xB0, 0xD1, 0xAA, 0x61, 0xE0, 0xB1, 0xB6, 0x4E, 0x67, 0xA7, 0x45, 0x6B, 0x5C,
    0xD4, 0x72, 0x33, 0xF7, 0x60, 0x8E, 0x5A, 0x99, 0x93, 0x7A, 0x2D, 0x2F, 0xE1, 0xB0, 0x4F, 0xB0,
    0x55, 0x37, 0xE8, 0x44, 0x1F, 0xAC, 0x19, 0xA7, 0xF7, 0x7D, 0x6D, 0xD3, 0xD7, 0x60, 0x4B, 0x6F,
    0xE3, 0xB1, 0x49, 0x0F, 0x9C, 0x9F, 0x3A, 0xBF, 0xFA, 0x2E, 0xA7, 0x3D, 0xCE, 0x42, 0x45, 0x27,
    0xCB, 0x7B, 0x41, 0xB4, 0x8D, 0x30, 0xC0, 0xC1, 0x8B, 0xDB, 0x9D, 0x11, 0x32, 0x31, 0x6E, 0x6D,
    0x3C, 0x28, 0x5C, 0xE0, 0x7D, 0xD1, 0x8B, 0x18, 0xAD, 0xDD, 0x63, 0x14, 0x50, 0xB4, 0x60, 0xD1,
    0x02, 0x39, 0x22, 0x77, 0x3E, 0x13, 0xCE, 0xE2, 0xB2, 0x3A, 0x0E, 0xBF, 0xE6, 0xBE, 0x2C, 0x71,
    0xBE, 0xB4, 0x96, 0x80, 0x2A, 0xD8, 0x6E, 0x66, 0x39, 0x7C, 0xC8, 0x3D, 0xB0, 0x9C, 0xC1, 0x72,
    0xB7, 0xAF, 0x5C, 0x8C, 0x70, 0x1A, 0x61, 0xF4, 0x20, 0x74, 0x11, 0xCB, 0x08, 0x07, 0x28, 0xFF,
    0x37, 0x98, 0x92, 0x44, 0x46, 0x34, 0x76, 0x1C, 0xE5, 0x35, 0xAA, 0x48, 0x05, 0x55, 0xCD, 0xF7,
    0xA7, 0x25, 0x4A, 0x50, 0x2E, 0x50, 0x68, 0x5A, 0x39, 0x35, 0xDF, 0x49, 0xB1, 0x72, 0xF9, 0x6E,
    0xE1, 0x7E, 0x0D, 0x43, 0x93, 0x05, 0x34, 0x83, 0x28, 0xA6, 0xBE, 0x90, 0xE7, 0x0D, 0x72, 0xC1,
    0x47, 0x6C, 0x0A, 0x3D, 0x95, 0xC3, 0x62, 0xB6, 0xB2, 0x5C, 0x4C, 0xCC, 0x8A, 0x17, 0x32, 0x51,
    0x9B, 0x40, 0xEB, 0xC0, 0x59, 0x2F, 0x8A, 0x43, 0x31, 0x8B, 0x47, 0x06, 0x40, 0x95, 0xD1, 0xA0,
    0x6D, 0x9C, 0xA6, 0x3B, 0xC6, 0x7F, 0x43, 0xD3, 0x01, 0x8F, 0x0C, 0x7C, 0x65, 0x2F, 0x12, 0x16,
    0x23, 0x2D, 0x4A, 0xCD, 0x83, 0x17, 0x4A, 0x4F, 0x29, 0x8C, 0x27, 0xB7, 0xFA, 0x2E, 0x1F, 0xAF,
    0x8C, 0x72, 0xB8, 0x05, 0x1D, 0xC3, 0x9C, 0xBA, 0xD5, 0xCF, 0x01, 0x5F, 0xEE, 0xAB, 0x63, 0x2C,
    0x8A, 0xAD, 0xCE, 0x79, 0x40, 0x25, 0xF4, 0xA9, 0x71, 0x65, 0x77, 0x7D, 0x18, 0xE7, 0xD9, 0x0C,
    0x59, 0x7A, 0xF2, 0x4F, 0xBA, 0xE1, 0xD1, 0x61, 0x0A, 0x29, 0x54, 0x86, 0xEB, 0x32, 0xD5, 0x12,
    0x7D, 0xC7, 0xC9, 0xD0, 0xB7, 0xA9, 0x1A, 0xAA, 0x46, 0xC9, 0xAA, 0x44, 0xFD, 0x7B, 0x33, 0x1E,
    0x13, 0x8C, 0xE3, 0x6B, 0x3F, 0x49, 0x07, 0x62, 0x35, 0x61, 0x0E, 0x75, 0x47, 0xE8, 0xB8, 0x2E,
    0x27, 0xF3, 0xCF, 0x26, 0xF0, 0x8D, 0x2C, 0xA4, 0xAF, 0xCD, 0xE2, 0x1A, 0x9E, 0x29, 0xAB, 0x41,
    0x3F, 0x75, 0x35, 0x32, 0x5D, 0x0D, 0x44, 0x7E, 0x53, 0xFD, 0x11, 0x75, 0x02, 0x42, 0xA5, 0x1E,
    0x9A, 0xB1, 0x5F, 0x03, 0xB4, 0x0D, 0x9E, 0x63, 0x41, 0xE1, 0x92, 0xB9, 0x7A, 0x1E, 0xC4, 0xC8,
    0xF0, 0xBA, 0x57, 0xF2, 0xC0, 0xC7, 0xDE, 0x6B, 0x9C, 0xC9, 0x03, 0x3A, 0x40, 0x46, 0xEE, 0xCC,
    0x37, 0xA2, 0xD3, 0xFA, 0x5D, 0x1D, 0x63, 0xB7, 0x28, 0x9D, 0xDF, 0x1A, 0xCA, 0x00, 0x5C, 0x0C,
    0xBA, 0x2B, 0x03, 0xBC, 0x3D, 0xB9, 0x99, 0x3A, 0xF6, 0x08, 0x76, 0x2C, 0x0E, 0x13, 0x09, 0x2C,
    0x0A, 0x9B, 0x75, 0x04, 0xE2, 0x1A, 0x40, 0xDF, 0x2A, 0x1F, 0xC6, 0xD7, 0x19, 0xB5, 0xAC, 0x98,
    0x52, 0x47, 0xB2, 0xE9, 0x68, 0xC3, 0x4B, 0xE5, 0x70, 0x67, 0x97, 0x87, 0x7D, 0x95, 0x16, 0x09,
    0xD7, 0x00, 0x8B, 0xC5, 0x82, 0x72, 0x2A, 0x50, 0x66, 0x21, 0x25, 0x20, 0x26, 0xBB, 0xBB, 0x6F,
    0xF8, 0xFA, 0x17, 0x7A, 0x14, 0x57, 0xC4, 0x61, 0xF2, 0x51, 0xB0, 0xF5, 0xFC, 0x77, 0x39, 0x36,
    0x21, 0x59, 0x9A, 0x14, 0x3C, 0x83, 0xA0, 0x8F, 0x71, 0xCC, 0x71, 0x26, 0x62, 0xF7, 0x8F, 0xF3,
    0x89, 0xDB, 0x87, 0x75, 0x4C, 0x42, 0x8C, 0x4F, 0x88, 0xD7, 0xF0, 0x1E, 0x3E, 0x43, 0xF3, 0xC3,
    0x2F, 0xC7, 0xA5, 0x71, 0xBE, 0x74, 0x06, 0x73, 0x53, 0x74, 0x4F, 0xF2, 0x85, 0x75, 0xEA, 0x6B,
    0xC8, 0x40, 0x7C, 0xFF, 0x2C, 0x8E, 0xEE, 0xA5, 0xB3, 0xC9, 0x61, 0x72, 0x18, 0xE0, 0x14, 0xAF,
    0x9C, 0x49, 0xF9, 0x2E, 0x3E, 0xF9, 0xFF, 0xE1, 0x5B, 0x91, 0xF6, 0x0C, 0x2C, 0xC7, 0xFB, 0x66,
    0x4E, 0x2C, 0x32, 0x74, 0xC8, 0x58, 0x58, 0x5E, 0x14, 0x32, 0xD6, 0x39, 0xCF, 0x21, 0x63, 0x53,
    0xDA, 0x8E, 0xD1, 0xD3, 0xB6, 0xC5, 0xDB, 0xA7, 0xCB, 0x11, 0x59, 0x5D, 0x31, 0xC4, 0x7B, 0x9C,
    0x15, 0x8E, 0x6D, 0xD6, 0x21, 0x63, 0x6B, 0x3A, 0x64, 0xEC, 0xA8, 0x0E, 0x19, 0xAB, 0xF7, 0xCA,
    0xAC, 0xA9, 0x03, 0xC4, 0x2E, 0xBC, 0x72, 0xB4, 0xDD, 0xFE, 0x13, 0x8B, 0x18, 0xE8, 0x0B, 0x19,
    0xAB, 0xBE, 0xA5, 0x88, 0x3E, 0x3A, 0x76, 0x87, 0xEB, 0x53, 0x46, 0xDB, 0x35, 0x99, 0x48, 0xE8,
    0xE7, 0x10, 0xCB, 0x50, 0xB8, 0x37, 0x79, 0xEC, 0x8E, 0x8E, 0xC3, 0xA2, 0x43, 0x9E, 0x0D, 0x68,
    0x97, 0xAB, 0x46, 0x3A, 0x42, 0xF1, 0x65, 0xCD, 0x2B, 0x62, 0xA4, 0x4A, 0x5D, 0x77, 0x40, 0x8C,
    0xAC, 0xA7, 0xAE, 0xB3, 0x00, 0xB0, 0xFB, 0xA3, 0xFF, 0xFC, 0x83, 0x15, 0xD6, 0x2B, 0xD6, 0x11,
    0x61, 0xFF, 0x0E, 0xDE, 0xB2, 0x86, 0x85, 0xBB, 0x9E, 0x00, 0x57, 0x6C, 0x66, 0xC0, 0x0E, 0x6B,
    0x83, 0xF4, 0xCC, 0xCE, 0xF2, 0xFC, 0xC2, 0x74, 0x9A, 0x6F, 0x41, 0xDB, 0x35, 0x90, 0x2B, 0x20,
    0xD7, 0x40, 0xB3, 0xE4, 0x0E, 0x72, 0x7E, 0x3D, 0x2C, 0x6F, 0xE5, 0xE5, 0x5B, 0x65, 0x39, 0x65,
    0xC9, 0xE5, 0xB7, 0xCA, 0xAF, 0x97, 0xF5, 0x29, 0x6B, 0x58, 0xD6, 0xB9, 0x17, 0xDF, 0xA1, 0x6C,
    0x57, 0xD9, 0xD2, 0xB2, 0xED, 0xA2, 0x31, 0xCF, 0xBD, 0xD1, 0xEB, 0x9F, 0x5E, 0x90, 0x38, 0x42,
    0x7B, 0xE6, 0xA5, 0x29, 0x3A, 0x57, 0x7E, 0x33, 0x9F, 0x11, 0x5A, 0x87, 0x79, 0x81, 0x87, 0x9B,
    0x6E, 0x83, 0x3D, 0x7E, 0x1B, 0xC2, 0x70, 0x6D, 0x14, 0x46, 0x12, 0xA8, 0x7B, 0x33, 0xB1, 0xCE,
    0x7B, 0x61, 0x19, 0x9F, 0xD3, 0x3F, 0x1F, 0xCF, 0x0B, 0x8E, 0x23, 0xE2, 0x5C, 0x8E, 0x2F, 0x4B,
    0xE1, 0x25, 0x8D, 0xDC, 0x4B, 0x02, 0xD1, 0x6D, 0xD9, 0xE9, 0xB8, 0x68, 0xB5, 0xAD, 0x6C, 0xD6,
    0xC8, 0x8F, 0x98, 0x39, 0xA4, 0xB3, 0x66, 0x5E, 0x23, 0x78, 0x42, 0xB4, 0xDB, 0x78, 0x06, 0x7C,
    0x9C, 0xBB, 0x89, 0x9B, 0x05, 0x59, 0x23, 0x52, 0x9E, 0x93, 0xC0, 0x07, 0xB7, 0xD0, 0x0D, 0x6B,
    0x23, 0x95, 0x6C, 0x25, 0x9B, 0x56, 0x70, 0x8D, 0x58, 0x49, 0x0C, 0xBB, 0xF8, 0xE5, 0x78, 0x79,
    0xB9, 0x38, 0x94, 0xFB, 0x91, 0xF3, 0xCC, 0x13, 0x99, 0xD9, 0x9E, 0x10, 0xE6, 0x4B, 0x4F, 0x45,
    0xE2, 0x08, 0xA0, 0xD1, 0x2B, 0x17, 0xA1, 0xF5, 0xD4, 0x15, 0x40, 0x94, 0x1E, 0xC1, 0x15, 0x27,
    0x70, 0x33, 0xE2, 0xDF, 0x40, 0x9A, 0x5C, 0xB9, 0x18, 0x8A, 0x7D, 0x81, 0xB0, 0x5E, 0x7C, 0x32,
    0x11, 0x1D, 0x37, 0xF5, 0xCE, 0x9C, 0x6C, 0xD9, 0xE8, 0xEA, 0xB1, 0xF3, 0x38, 0xC5, 0xFD, 0xED,
    0x5A, 0x09, 0xBA, 0x84, 0xAC, 0x0D, 0x8D, 0x10, 0x9D, 0xFA, 0x88, 0x32, 0x9D, 0x22, 0x12, 0x22,
    0xA4, 0x35, 0x6E, 0x17, 0xB0, 0x3B, 0xC2, 0xE7, 0x13, 0x37, 0xB5, 0x73, 0x3C, 0x43, 0x36, 0xF3,
    0x71, 0x46, 0x62, 0x64, 0xC9, 0x09, 0x14, 0x26, 0xC1, 0x17, 0x81, 0x7E, 0x10, 0x18, 0xC0, 0x47,
    0xB4, 0xFB, 0x81, 0xA3, 0x93, 0x00, 0xB4, 0x02, 0xDC, 0x81, 0x29, 0xD0, 0x66, 0x04, 0x73, 0x39,
    0x10, 0x76, 0xEE, 0xB6, 0x3C, 0xD8, 0x9E, 0x00, 0x6F, 0x50, 0x24, 0x74, 0xDA, 0x61, 0x62, 0xC2,
    0xD2, 0x6D, 0x15, 0x7E, 0x77, 0x6D, 0x3F, 0x55, 0x6E, 0xAE, 0x68, 0xEA, 0xFA, 0xBE, 0xF3, 0xDA,
    0xC9, 0x88, 0x07, 0xD3, 0x4E, 0x81, 0x1E, 0xD7, 0x46, 0xF0, 0xB4, 0x27, 0x8D, 0x69, 0x97, 0xC8,
    0x9A, 0x96, 0xEF, 0x8C, 0x6B, 0x5A, 0x7A, 0x42, 0xBB, 0xB5, 0xBE, 0x4B, 0x47, 0x65, 0x7E, 0x7B,
    0xA8, 0x9E, 0xFE, 0x99, 0x44, 0x3D, 0xCD, 0x4A, 0x04, 0x78, 0x7A, 0x34, 0x53, 0x4F, 0x0F, 0x35,
    0x15, 0xE5, 0x3C, 0x38, 0xA7, 0x96, 0x68, 0xF5, 0x93, 0x19, 0x3F, 0xED, 0xD4, 0x09, 0xD5, 0x6F,
    0x11, 0x56, 0x93, 0x38, 0x19, 0x1B, 0x43, 0x70, 0xE2, 0x25, 0x33, 0x31, 0xF2, 0xBD, 0xB8, 0x6C,
    0x81, 0xD0, 0xCB, 0xE7, 0x70, 0x67, 0x00, 0xBA, 0xA2, 0x69, 0xC3, 0x98, 0x89, 0xC3, 0xA9, 0x98,
    0x08, 0xF7, 0x0A, 0xFF, 0x40, 0x9A, 0x22, 0xFB, 0x73, 0x2B, 0x30, 0x45, 0xE8, 0xD7, 0x15, 0x7A,
    0xD1, 0x10, 0x02, 0x66, 0xCB, 0x6C, 0x0D, 0x12, 0xD9, 0xED, 0x47, 0x43, 0x0C, 0xC0, 0x4B, 0x83,
    0xBC, 0xDD, 0x7A, 0x91, 0x12, 0xA7, 0x1B, 0xDD, 0x41, 0xB5, 0x15, 0x78, 0x17, 0xD5, 0x46, 0xAC,
    0x74, 0x02, 0x5A, 0xA2, 0xBD, 0x96, 0x5D, 0xA4, 0x0B, 0x72, 0x5D, 0x7D, 0x03, 0x9B, 0xCA, 0xC1,
    0x2C, 0xBE, 0x3C, 0x79, 0x6F, 0xAE, 0x7D, 0x5F, 0x07, 0x69, 0x87, 0x38, 0x36, 0x79, 0x5F, 0x26,
    0xCC, 0xE7, 0x65, 0x31, 0x4B, 0x92, 0x4D, 0x97, 0x7A, 0x8A, 0x63, 0x6B, 0x1B, 0xE4, 0x61, 0x68,
    0xA4, 0xC1, 0x79, 0x61, 0x1C, 0x4A, 0xDF, 0x1A, 0x4B, 0x79, 0x1E, 0x90, 0xDA, 0xC6, 0xDD, 0x7C,
    0x25, 0xE6, 0x2B, 0xC9, 0x28, 0x9E, 0x20, 0xCC, 0x4F, 0x26, 0x74, 0x60, 0x0C, 0x9D, 0xBA, 0xCB,
    0x58, 0x0F, 0x23, 0x75, 0x20, 0xE2, 0xAB, 0x50, 0x5A, 0x25, 0xA2, 0xD7, 0x26, 0x39, 0x9B, 0x45,
    0x0C, 0x3B, 0xD2, 0xC1, 0xB0, 0x27, 0x14, 0x21, 0x72, 0x69, 0xCF, 0xC9, 0x82, 0xBD, 0x55, 0x32,
    0x74, 0x88, 0xA6, 0x38, 0xC2, 0xBC, 0x39, 0x6C, 0x54, 0xCC, 0x1B, 0x45, 0xD0, 0x3D, 0xCF, 0x11,
    0x74, 0xD5, 0x6E, 0xB5, 0xD4, 0xB7, 0x5B, 0x1D, 0xD6, 0xBB, 0x15, 0x46, 0xD0, 0xA5, 0xDD, 0x0A,
    0x89, 0x99, 0xFE, 0xD8, 0xC3, 0xD7, 0xF9, 0x33, 0x8B, 0x90, 0xA2, 0xE4, 0xCE, 0xBD, 0xBB, 0x23,
    0x6E, 0xA5, 0x19, 0xE2, 0xAA, 0x49, 0xE2, 0xA8, 0x87, 0x30, 0x57, 0x0E, 0x22, 0x78, 0x94, 0x0C,
    0x92, 0x5B, 0x0D, 0x0A, 0xBD, 0x40, 0x7F, 0x77, 0x1C, 0x5B, 0x80, 0xD9, 0xDE, 0x12, 0x1B, 0x8F,
    0xEE, 0x2E, 0xAF, 0xA9, 0x03, 0x99, 0x99, 0xB5, 0x44, 0x8D, 0x3F, 0xD2, 0x77, 0x47, 0x38, 0xD0,
    0xAC, 0x93, 0xD8, 0x29, 0xD0, 0xB8, 0xB8, 0x24, 0x3A, 0x6E, 0x64, 0xE5, 0x50, 0xDB, 0x84, 0xE2,
    0xA4, 0xE2, 0xA1, 0xE6, 0x48, 0xC5, 0x91, 0x5B, 0x3C, 0xFF, 0x01, 0xCD, 0x85, 0xAA, 0xF6, 0x08,
    0xA8, 0xB0, 0xB0, 0xFF, 0xBA, 0x58, 0x17, 0x0A, 0xC3, 0xDD, 0x21, 0x9C, 0x5D, 0x77, 0x87, 0xCE,
    0x53, 0x53, 0x21, 0xB9, 0x6A, 0x42, 0x1D, 0x1A, 0x2C, 0x84, 0xC9, 0x11, 0xC6, 0x6B, 0x78, 0x0F,
    0x9F, 0xC1, 0x67, 0xD9, 0xD1, 0x8A, 0xFF, 0x06, 0x0E, 0x2D, 0xA2, 0xEE, 0x48, 0xAC, 0xDD, 0xF3,
    0xD8, 0xAA, 0xEB, 0xDA, 0xE9, 0xFF, 0xD5, 0xA5, 0x56, 0xDB, 0x09, 0x63, 0x74, 0x6B, 0x44, 0x72,
    0xC7, 0x8B, 0x1C, 0xD2, 0x53, 0xA1, 0x54, 0xD7, 0x68, 0xF3, 0xF1, 0x5A, 0xAD, 0x1E, 0x5D, 0x8D,
    0xFB, 0xDE, 0x1D, 0x8F, 0x0B, 0x63, 0x71, 0xA1, 0x21, 0x43, 0x1B, 0xE8, 0xFE, 0x3D, 0xA9, 0xF7,
    0xF5, 0xDD, 0xC2, 0x6A, 0xD1, 0xE4, 0x65, 0xA7, 0x0F, 0x3F, 0xEB, 0xF7, 0x3E, 0xD7, 0xDC, 0x2E,
    0x4A, 0x22, 0x8E, 0x47, 0xC2, 0x39, 0x99, 0x42, 0xB3, 0x42, 0x32, 0xD9, 0x45, 0x23, 0x57, 0xFC,
    0x1A, 0xFD, 0xB5, 0xF8, 0x9C, 0x40, 0x07, 0xF0, 0x9C, 0xF3, 0x44, 0x22, 0x9C, 0x13, 0x11, 0xBF,
    0xD3, 0xFB, 0xC3, 0xB8, 0x8A, 0x18, 0x8D, 0x33, 0x08, 0xED, 0xD6, 0x1C, 0x54, 0x2E, 0x08, 0x2D,
    0x8C, 0x9F, 0x9E, 0xE1, 0x75, 0x5A, 0x2E, 0x03, 0x0B, 0x62, 0x0E, 0x4F, 0x6E, 0x84, 0x51, 0x80,
    0xDA, 0x72, 0xE8, 0xFD, 0x46, 0xA4, 0x00, 0x3F, 0xC5, 0xEB, 0x36, 0x9B, 0x22, 0x36, 0x52, 0x18,
    0xE2, 0x8D, 0x5F, 0xDE, 0x1D, 0xC8, 0x1C, 0xC7, 0x7F, 0x46, 0xA8, 0xFF, 0xE9, 0xDF, 0x34, 0xAE,
    0xB3, 0x59, 0xF4, 0xF6, 0x9C, 0x40, 0x6E, 0xD0, 0xC5, 0x39, 0x8E, 0x55, 0xE2, 0xD3, 0x25, 0x91,
    0xB5, 0x47, 0x99, 0x45, 0xBB, 0xC1, 0x2E, 0x9C, 0xE4, 0x40, 0x88, 0x51, 0x26, 0xE8, 0x11, 0x77,
    0x27, 0x06, 0x03, 0xC0, 0xD7, 0xA8, 0x80, 0x19, 0x5D, 0xE8, 0x9C, 0x60, 0xD3, 0xE1, 0x00, 0x95,
    0x04, 0x47, 0x91, 0xE4, 0xEC, 0x40, 0x27, 0x03, 0x82, 0x81, 0x09, 0x84, 0x16, 0x97, 0xA8, 0xD9,
    0xEA, 0x20, 0x21, 0xBA, 0x0F, 0xE5, 0xF8, 0x01, 0x1A, 0x19, 0x7B, 0x74, 0xA8, 0x25, 0x4C, 0xAA,
    0xFB, 0x0F, 0x15, 0x2C, 0xBB, 0xBC, 0x6E, 0xC2, 0x27, 0xA1, 0xD1, 0x41, 0x68, 0xF4, 0xDA, 0x1C,
    0x16, 0x80, 0x45, 0x19, 0x6D, 0x27, 0xE5, 0xE2, 0xE9, 0x43, 0xF4, 0x49, 0xFA, 0x38, 0x55, 0xA3,
    0x81, 0x15, 0xEA, 0x53, 0xA2, 0xB7, 0x39, 0x25, 0xA7, 0xC9, 0xD7, 0x24, 0x85, 0x01, 0x83, 0xD4,
    0xBD, 0x2A, 0x6D, 0x2C, 0x1E, 0xBA, 0x70, 0xB0, 0xDD, 0xFF, 0x45, 0x4D, 0x88, 0xDF, 0x30, 0xE5,
    0x67, 0x28, 0x1D, 0x58, 0x5C, 0xFC, 0xDC, 0x75, 0x63, 0xFD, 0x15, 0x07, 0x39, 0xD6, 0x5F, 0xA1,
    0x42, 0x39, 0xE0, 0x6C, 0xF2, 0x0B, 0xE6, 0xA8, 0xC4, 0x18, 0xD2, 0x61, 0xC8, 0xC4, 0x8E, 0xA2,
    0x2B, 0x36, 0x6E, 0xCE, 0x75, 0x41, 0x51, 0xD7, 0xA2, 0x4D, 0x39, 0xBA, 0xD4, 0x4B, 0xF3, 0x32,
    0xBA, 0x94, 0xA1, 0xB2, 0xDA, 0x43, 0x04, 0x15, 0x06, 0x64, 0x4D, 0x08, 0xDC, 0xE8, 0xBB, 0xC8,
    0x6D, 0x3A, 0xB5, 0x92, 0x5F, 0x63, 0xFF, 0xE9, 0xDF, 0xCF, 0xFE, 0x94, 0x80, 0x1F, 0xC8, 0xEC,
    0x1C, 0xDF, 0x72, 0x72, 0x06, 0x22, 0x3B, 0x7F, 0x3A, 0x11, 0xDB, 0x31, 0x56, 0x1A, 0x02, 0x14,
    0xDC, 0x30, 0x7F, 0x1A, 0x03, 0x17, 0x03, 0xBB, 0x99, 0xBF, 0x20, 0x77, 0x11, 0xB6, 0xCE, 0xFF,
    0x0C, 0xB7, 0x55, 0xC0, 0x9A, 0xD9, 0x27, 0xB0, 0x1A, 0x55, 0x20, 0xA1, 0x03, 0x6C, 0x97, 0x23,
    0xFC, 0xC4, 0xC7, 0x5B, 0x0E, 0x05, 0xAC, 0x43, 0xE0, 0xF2, 0x45, 0x3A, 0xAB, 0x0E, 0x50, 0xDB,
    0x47, 0x90, 0x87, 0xC5, 0x73, 0xDD, 0x91, 0x1A, 0x38, 0x55, 0xEC, 0x64, 0x42, 0x89, 0xD4, 0x92,
    0x4C, 0x63, 0x7A, 0x1C, 0x08, 0xAB, 0xA5, 0x0D, 0xE6, 0x83, 0x79, 0xF3, 0x86, 0xB1, 0xFE, 0xAE,
    0x25, 0xCF, 0x3F, 0xA3, 0xC9, 0x73, 0x3B, 0xD1, 0xE4, 0x79, 0xA1, 0x4F, 0x74, 0xE8, 0xAA, 0x13,
    0x1D, 0x8C, 0x8B, 0x6B, 0x88, 0x3C, 0x17, 0xE2, 0xAE, 0xAE, 0x3A, 0x0C, 0x83, 0xC4, 0x46, 0x2E,
    0x7B, 0x0D, 0xBB, 0x62, 0xF0, 0x76, 0x00, 0x9E, 0xF8, 0x22, 0x90, 0xE7, 0x24, 0x57, 0xE9, 0x98,
    0xC9, 0xAF, 0xCB, 0x87, 0x70, 0x97, 0x33, 0x12, 0x20, 0x87, 0x00, 0x78, 0xF2, 0x8B, 0xD9, 0x91,
    0x26, 0x96, 0xFA, 0x60, 0x3B, 0xCB, 0x37, 0x04, 0xA7, 0x01, 0xFF, 0x75, 0x81, 0x06, 0xAF, 0xA3,
    0x10, 0xE7, 0xA9, 0x3C, 0xE3, 0x83, 0x6A, 0x77, 0x20, 0x20, 0x35, 0x79, 0x4E, 0x62, 0x1B, 0x3C,
    0x0C, 0xC3, 0xF8, 0x6F, 0x8A, 0x3C, 0xA7, 0xA3, 0x96, 0xE9, 0x40, 0xD1, 0x96, 0x26, 0xCF, 0xC7,
    0x04, 0x9D, 0xE8, 0x40, 0x82, 0x7E, 0x2B, 0xC2, 0xFA, 0x6C, 0x8F, 0x14, 0x79, 0x0E, 0x33, 0x62,
    0x33, 0xED, 0x4F, 0x1F, 0x25, 0xBB, 0x8F, 0x9C, 0xE4, 0xCB, 0x4C, 0x9E, 0x7F, 0x34, 0x54, 0xE4,
    0x79, 0x23, 0x51, 0xE4, 0x79, 0x55, 0x9F, 0xE8, 0x50, 0x9D, 0xBA, 0x51, 0x20, 0x62, 0x1D, 0xFB,
    0x00, 0xD6, 0xDC, 0xAF, 0xE3, 0x81, 0x57, 0xEF, 0x0B, 0xEB, 0xE8, 0x87, 0x0F, 0x34, 0x2C, 0x5C,
    0x8E, 0x20, 0xC3, 0x05, 0x07, 0x99, 0x09, 0x4B, 0x0E, 0x32, 0x2B, 0x37, 0x31, 0x33, 0x5B, 0x56,
    0x86, 0x8F, 0x14, 0x87, 0x12, 0xCC, 0x7C, 0x49, 0x2F, 0x98, 0x39, 0x67, 0xD9, 0x2B, 0x67, 0x97,
    0x42, 0xCA, 0xE8, 0x0B, 0x65, 0xC6, 0xF7, 0x8C, 0x79, 0xCA, 0x68, 0x9F, 0x52, 0x35, 0xDB, 0xA8,
    0x8E, 0x62, 0x14, 0xB7, 0x2D, 0x52, 0xBD, 0x31, 0x7E, 0xFA, 0xAF, 0x42, 0x0B, 0xE7, 0x5F, 0xBF,
    0xF8, 0xB8, 0x58, 0x10, 0x95, 0x81, 0x79, 0x21, 0x3E, 0xF8, 0x3A, 0x31, 0x72, 0xBB, 0xB8, 0x3F,
    0x32, 0xEF, 0x14, 0x5B, 0x23, 0x53, 0x8C, 0x88, 0x28, 0xDC, 0x1B, 0xC1, 0x6F, 0x11, 0x45, 0x75,
    0x74, 0xD4, 0x33, 0xEF, 0x8C, 0x3E, 0x42, 0xCF, 0xAD, 0x8B, 0x7E, 0x9E, 0xDF, 0x8B, 0x76, 0x63,
    0x39, 0xF7, 0xAF, 0x89, 0x7E, 0x41, 0xBC, 0x7F, 0xF1, 0xF1, 0x1D, 0xDB, 0xA2, 0x5F, 0xD8, 0xB6,
    0x41, 0x88, 0xFB, 0xB6, 0x45, 0x3F, 0x39, 0x54, 0x17, 0xEB, 0x9F, 0xFF, 0x97, 0xE2, 0x16, 0xCA,
    0x5F, 0x07, 0x35, 0xDA, 0x2A, 0xD6, 0xCF, 0xEF, 0x65, 0x57, 0x8E, 0x5F, 0x15, 0xBD, 0x7A, 0x94,
    0xF5, 0x81, 0xE4, 0x7E, 0xAC, 0xCF, 0x6D, 0xAA, 0x3E, 0x50, 0xEE, 0x87, 0xA0, 0x3E, 0x7B, 0xE1,
    0xFB, 0xC6, 0x83, 0x54, 0x9F, 0xAD, 0x50, 0x8F, 0xBD, 0xF4, 0x1B, 0xEA, 0x83, 0x8E, 0xA9, 0x1F,
    0x32, 0xA3, 0x49, 0x81, 0xF5, 0xB8, 0x25, 0x7A, 0x2F, 0x19, 0x48, 0xCC, 0x47, 0xEF, 0x5D, 0x87,
    0xED, 0xBA, 0x05, 0xEA, 0x03, 0xE5, 0x18, 0xDB, 0xA2, 0x5F, 0x51, 0xF5, 0xF9, 0x38, 0xD5, 0xE3,
    0x8E, 0xE8, 0x23, 0x94, 0x43, 0xFD, 0x53, 0xAC, 0x4F, 0xF3, 0xA6, 0xEB, 0x6F, 0xDE, 0xB0, 0xFE,
    0x1A, 0xE5, 0x4C, 0xD1, 0x19, 0x97, 0x62, 0xEA, 0x3B, 0x93, 0xEF, 0x47, 0xD2, 0x7A, 0x05, 0x7E,
    0xBF, 0xAF, 0x25, 0xBC, 0x6F, 0xC8, 0xC7, 0xE2, 0xEE, 0x31, 0x11, 0x34, 0xBA, 0xF1, 0x53, 0xB2,
    0x11, 0x36, 0x1A, 0x45, 0x7C, 0x48, 0x36, 0xA2, 0xC6, 0xF3, 0xF2, 0x8A, 0x2C, 0x64, 0xF4, 0x49,
    0x79, 0x50, 0xCA, 0x43, 0x97, 0xA3, 0x7D, 0x64, 0x61, 0xB0, 0x27, 0x9A, 0xCB, 0x1E, 0x90, 0xC5,
    0x7B, 0x5F, 0x8A, 0x66, 0xE5, 0xA3, 0x62, 0xED, 0xB1, 0xB3, 0xD1, 0xEC, 0xD9, 0x8B, 0x52, 0x7E,
    0xEE, 0x6C, 0x54, 0x3B, 0xFB, 0x88, 0x7C, 0xF1, 0xF6, 0xB3, 0xA1, 0x47, 0x39, 0x06, 0x0D, 0x84,
    0x1C, 0x89, 0x20, 0x94, 0x47, 0x93, 0xC8, 0xE1, 0x01, 0x0E, 0xA3, 0x51, 0xD6, 0xE7, 0xD0, 0x6B,
    0x53, 0x9F, 0xB4, 0xAF, 0x3E, 0x31, 0xD6, 0x47, 0x52, 0x7D, 0x66, 0xB9, 0x3E, 0xD1, 0x27, 0x29,
    0xBF, 0x1C, 0xCD, 0x7D, 0x05, 0xEB, 0xF3, 0x99, 0xA8, 0xF1, 0x6D, 0xB8, 0xFF, 0x6C, 0x0C, 0xCF,
    0x3F, 0x36, 0x39, 0x19, 0xFF, 0x30, 0xF5, 0xE7, 0x13, 0x14, 0x01, 0x77, 0x71, 0x0C, 0x28, 0x96,
    0xAB, 0x94, 0x59, 0xD6, 0xCB, 0x8C, 0xA9, 0xD2, 0x8F, 0xA3, 0x17, 0x53, 0x01, 0x88, 0x0B, 0x87,
    0x15, 0x46, 0x88, 0x25, 0x86, 0x88, 0xBA, 0x17, 0x63, 0xA3, 0x74, 0x0C, 0xF6, 0xE8, 0x28, 0x9D,
    0x8C, 0x3D, 0x8A, 0xCE, 0x2A, 0x88, 0x20, 0x36, 0x90, 0x93, 0x89, 0xB1, 0xC6, 0x80, 0x2D, 0x71,
    0xB3, 0xD9, 0xB1, 0xF6, 0x8B, 0xCF, 0xA2, 0x3B, 0x90, 0x35, 0xD6, 0x40, 0xE1, 0xE3, 0xCE, 0x1C,
    0x95, 0x22, 0xE6, 0xD9, 0x84, 0x4C, 0xAC, 0x8E, 0xB1, 0xBA, 0x6A, 0x88, 0xD5, 0xF7, 0x15, 0xC6,
    0x41, 0x55, 0xD6, 0x30, 0x38, 0x9C, 0xAD, 0xA3, 0xC3, 0xC9, 0xD1, 0x97, 0x34, 0x61, 0x3E, 0x23,
    0x63, 0x56, 0x65, 0x86, 0xF9, 0x90, 0x2D, 0x4C, 0xE0, 0x59, 0xE7, 0x59, 0x7D, 0x3A, 0xA5, 0x76,
    0xA8, 0x7B, 0x56, 0xFB, 0xAA, 0xF4, 0xC2, 0x13, 0x98, 0xA1, 0xF8, 0xAE, 0xD6, 0x1F, 0x99, 0x5F,
    0x55, 0xD0, 0x11, 0x4B, 0xE9, 0x06, 0xAC, 0x5D, 0xBB, 0x94, 0x9A, 0xD6, 0x7A, 0xB0, 0xB0, 0x70,
    0xE5, 0x60, 0x53, 0x31, 0xD2, 0x22, 0xF5, 0xE1, 0x13, 0xE9, 0xA6, 0xF3, 0x2C, 0x0F, 0x81, 0xBD,
    0xEE, 0xFB, 0xC7, 0xA0, 0x7A, 0x6B, 0x71, 0xFB, 0x0B, 0xF0, 0xB4, 0xD4, 0xE0, 0x3B, 0x99, 0x8A,
    0x1B, 0x56, 0x83, 0x9A, 0x02, 0xEE, 0x86, 0xBD, 0xC8, 0x7B, 0x30, 0x11, 0x6C, 0xDD, 0x65, 0xFE,
    0x80, 0xDC, 0x60, 0x91, 0xD2, 0x09, 0x58, 0xA5, 0x80, 0x07, 0xC3, 0x27, 0x44, 0x46, 0x0C, 0x22,
    0xF4, 0xE5, 0x3D, 0xE4, 0x90, 0x23, 0xAA, 0xE7, 0x52, 0xC4, 0xFB, 0xF0, 0x6C, 0xED, 0x93, 0xE4,
    0xF1, 0x05, 0xD7, 0x10, 0x91, 0xD7, 0xC9, 0x5D, 0x27, 0x9D, 0xA2, 0x03, 0x27, 0xBD, 0xD4, 0xBA,
    0xC8, 0x1A, 0x8F, 0xB5, 0xAD, 0x52, 0x28, 0x3B, 0x5C, 0xAA, 0x3F, 0xDC, 0xD2, 0x59, 0xC7, 0x51,
    0x6A, 0x8C, 0x7E, 0x88, 0x4D, 0xCF, 0xF8, 0x0D, 0xF7, 0xF3, 0x84, 0xBF, 0xEE, 0x6D, 0x97, 0x41,
    0x40, 0x7A, 0x71, 0x8D, 0x36, 0xAC, 0x15, 0xE1, 0x2D, 0x22, 0x14, 0xC9, 0xA0, 0x19, 0x8D, 0xE2,
    0x09, 0xCC, 0xF0, 0xE6, 0x86, 0x41, 0xA8, 0x59, 0x48, 0xBD, 0xBF, 0xC6, 0x0C, 0x37, 0x0C, 0xA0,
    0xFC, 0xBC, 0xAA, 0xEC, 0x01, 0x6A, 0xB6, 0x58, 0xC2, 0xD3, 0x60, 0xEA, 0x15, 0x91, 0xBE, 0x51,
    0x1F, 0x52, 0xE0, 0x88, 0x5B, 0x44, 0x74, 0x8B, 0x11, 0x0E, 0x89, 0x31, 0x3B, 0x1C, 0x75, 0xA0,
    0x19, 0x1B, 0x0C, 0xC5, 0x70, 0x6D, 0x5D, 0x4B, 0x77, 0x0C, 0x28, 0x3F, 0xE4, 0xF2, 0xAB, 0x62,
    0xC3, 0x90, 0x2A, 0x7F, 0xFA, 0x15, 0xCA, 0xD7, 0x3A, 0x2D, 0xD4, 0xAE, 0x47, 0x50, 0xCB, 0xCD,
    0x62, 0x08, 0x58, 0x30, 0x1B, 0xEA, 0x35, 0x62, 0x8B, 0x0D, 0x15, 0x7C, 0x8F, 0x3F, 0x14, 0x8A,
    0x68, 0xD0, 0x88, 0xB6, 0x59, 0x38, 0x99, 0x1C, 0xB1, 0x61, 0xF3, 0x4D, 0xD6, 0x9F, 0x8D, 0x16,
    0xD1, 0x4B, 0xDF, 0xB6, 0x44, 0xBA, 0xB0, 0x60, 0xA0, 0xD4, 0x74, 0xF7, 0x6E, 0xDC, 0xA8, 0xB0,
    0x87, 0xEA, 0x0D, 0x59, 0xC0, 0xB3, 0xFF, 0x03, 0x74, 0xD8, 0xBF, 0x13, 0x15, 0x3A, 0x7B, 0x77,
    0x64, 0x8D, 0x55, 0xC8, 0x38, 0xDD, 0x20, 0xEE, 0x6A, 0xCF, 0x79, 0xA7, 0x84, 0xF8, 0x2C, 0xFC,
    0x3A, 0x2B, 0x4C, 0x0B, 0x03, 0x53, 0x84, 0x3F, 0x61, 0xE0, 0x39, 0x87, 0xFF, 0x6E, 0x9D, 0x21,
    0x9F, 0x93, 0xE1, 0xC2, 0x9B, 0x4F, 0x02, 0x56, 0x78, 0xE6, 0x3B, 0x6C, 0x95, 0xC9, 0x7A, 0xB9,
    0x0E, 0x67, 0xDD, 0x97, 0xC9, 0x3A, 0xAC, 0x2B, 0x6B, 0xF3, 0xDA, 0xCC, 0xD9, 0x15, 0x89, 0x43,
    0x4B, 0x68, 0x19, 0xE3, 0x3D, 0xA5, 0x4E, 0x4D, 0x89, 0xDB, 0x8E, 0x1A, 0x47, 0xB5, 0x2E, 0xD9,
    0xD1, 0xA1, 0x90, 0x58, 0x82, 0xB6, 0x59, 0x1B, 0xE5, 0xA8, 0x5D, 0x1D, 0xCF, 0x8F, 0x61, 0xF5,
    0xFD, 0xCA, 0x14, 0x2B, 0xA3, 0xAC, 0x84, 0x42, 0x0F, 0xAA, 0xC3, 0xE0, 0x11, 0xA8, 0xD2, 0x34,
    0x04, 0xE0, 0x23, 0x34, 0x0B, 0xFD, 0xC8, 0x61, 0xB9, 0xD0, 0x40, 0x6B, 0xBB, 0x1A, 0x8E, 0x9A,
    0x9E, 0x64, 0x95, 0xBA, 0x56, 0xB6, 0x69, 0xA0, 0xA2, 0x95, 0x4E, 0x43, 0xEA, 0x61, 0xD8, 0xBE,
    0xB5, 0xF4, 0x4A, 0xAC, 0x9D, 0xDC, 0x33, 0xF9, 0x2C, 0xC7, 0xC5, 0xA8, 0xB0, 0x16, 0xC9, 0x81,
    0x01, 0x95, 0xC0, 0xE1, 0x03, 0x69, 0x34, 0x66, 0xBC, 0x0F, 0x23, 0xF5, 0x35, 0xE0, 0xE3, 0x2E,
    0x32, 0x94, 0xB1, 0x68, 0x74, 0x86, 0xD1, 0x06, 0x72, 0x9F, 0xD8, 0x38, 0x3B, 0xCD, 0x81, 0x52,
    0xC4, 0x98, 0x8A, 0xDD, 0x21, 0xDE, 0x95, 0xF4, 0x39, 0x10, 0x92, 0xD7, 0xA2, 0x5A, 0xF9, 0x52,
    0x79, 0xC5, 0x6B, 0xD5, 0x4F, 0x69, 0x3A, 0x83, 0xC6, 0xFD, 0x0B, 0x81, 0x0E, 0xD2, 0xD8, 0xC4,
    0x26, 0x64, 0x94, 0xE0, 0x2A, 0x4A, 0x87, 0x54, 0x62, 0xA4, 0x83, 0xC8, 0xAA, 0x6F, 0x46, 0x84,
    0x50, 0x51, 0x89, 0x85, 0x3E, 0x7C, 0x40, 0x06, 0x01, 0xEB, 0x84, 0x72, 0x1A, 0xC0, 0x66, 0x0D,
    0xD4, 0x4A, 0xF3, 0x09, 0xB1, 0x4B, 0x7D, 0x34, 0x0C, 0x29, 0xDA, 0x7A, 0x09, 0xC9, 0xED, 0xE8,
    0x5C, 0x4A, 0x52, 0x7C, 0xA6, 0x24, 0x53, 0xEF, 0x25, 0xEE, 0xAA, 0x24, 0xA2, 0x48, 0x42, 0x14,
    0x2F, 0x9B, 0xA3, 0xDF, 0x70, 0xDC, 0x98, 0x52, 0x87, 0x4A, 0xAA, 0x53, 0x40, 0x2C, 0x15, 0x60,
    0xBE, 0x81, 0xE0, 0x01, 0x74, 0x59, 0x17, 0x7F, 0x91, 0x18, 0x51, 0xDD, 0x4C, 0x73, 0x23, 0xA9,
    0x3B, 0x21, 0xE0, 0xA3, 0x3A, 0x2C, 0x75, 0x48, 0x97, 0x84, 0x75, 0x3C, 0xF9, 0x35, 0xE8, 0xDF,
    0xEF, 0x27, 0x18, 0x8F, 0x70, 0x22, 0x41, 0x2A, 0x70, 0x7B, 0xF2, 0x71, 0x28, 0xF4, 0xFF, 0x49,
    0xEA, 0x80, 0xA5, 0x4E, 0x25, 0xF5, 0x9A, 0x70, 0x76, 0x24, 0x75, 0x40, 0x12, 0xF0, 0xBC, 0x95,
    0x2C, 0x41, 0x2A, 0x5E, 0x48, 0xA1, 0x34, 0x11, 0x84, 0x80, 0x07, 0xF0, 0x70, 0xD7, 0xC8, 0x97,
    0x3A, 0xDC, 0x14, 0x47, 0x1A, 0xD8, 0x8B, 0x18, 0x3D, 0x07, 0x0E, 0xD6, 0xC9, 0xDD, 0x14, 0x4F,
    0x5E, 0x69, 0xA1, 0xD9, 0x4A, 0x17, 0x87, 0x28, 0x40, 0xE5, 0xBF, 0x7B, 0x16, 0x31, 0x34, 0x8D,
    0x13, 0x56, 0x7D, 0x00, 0xA5, 0x01, 0x3E, 0x0A, 0xDA, 0x63, 0xB8, 0x08, 0x4F, 0x75, 0x51, 0x67,
    0x1E, 0x84, 0x7E, 0x02, 0xF4, 0x79, 0x03, 0x4D, 0x1D, 0x67, 0x85, 0x16, 0xEF, 0x2A, 0x09, 0x17,
    0x5C, 0xFC, 0xFA, 0x2C, 0xF3, 0xC3, 0x5B, 0x78, 0x1A, 0x7B, 0x4A, 0xA3, 0x9D, 0x70, 0x0F, 0xA7,
    0xBD, 0x2C, 0xE0, 0x6C, 0xFB, 0xE2, 0x41, 0xDE, 0x30, 0x68, 0x4F, 0x19, 0x2C, 0xB5, 0xD6, 0x2A,
    0xB0, 0x83, 0xAF, 0x06, 0x87, 0x75, 0x9B, 0xBC, 0x5E, 0xAC, 0x97, 0x5A, 0xAC, 0x90, 0xE8, 0xB0,
    0x82, 0xA2, 0xC1, 0x76, 0x7E, 0x28, 0xAB, 0x87, 0x79, 0xE7, 0x64, 0xD4, 0x08, 0x72, 0x45, 0x48,
    0xA9, 0x25, 0xC1, 0x85, 0xC5, 0x45, 0xA9, 0x82, 0x26, 0x25, 0x46, 0x2F, 0x38, 0xD2, 0x8F, 0x14,
    0xDF, 0x9B, 0x8E, 0x1A, 0x41, 0xDE, 0xE2, 0x69, 0x49, 0xB1, 0xCA, 0x5D, 0x06, 0x30, 0x48, 0x35,
    0x03, 0xA1, 0xAF, 0x80, 0x28, 0x50, 0x40, 0xD2, 0xA0, 0xE0, 0xE7, 0x87, 0x31, 0x0A, 0x6E, 0x24,
    0xA6, 0xF2, 0xB0, 0x91, 0x91, 0x02, 0x65, 0x37, 0x9E, 0x3F, 0x9B, 0x19, 0x05, 0xC6, 0x58, 0xCF,
    0xE5, 0xD3, 0x4F, 0x03, 0x29, 0x80, 0x5E, 0x5C, 0x57, 0xF8, 0xAD, 0x5C, 0xCA, 0xAB, 0x81, 0x58,
    0x01, 0x19, 0x9F, 0xB5, 0x11, 0xAB, 0x28, 0xB8, 0x39, 0x45, 0xC1, 0xC5, 0xD0, 0xEB, 0x14, 0xDF,
    0xBA, 0xED, 0xE3, 0x59, 0x1E, 0x78, 0xC6, 0xBC, 0xDD, 0x45, 0x81, 0x13, 0x4A, 0x5C, 0x84, 0xCF,
    0x91, 0x96, 0xD5, 0x09, 0x1A, 0x3F, 0xEC, 0xE1, 0x23, 0xBD, 0x10, 0x69, 0x0F, 0x28, 0xCD, 0xCF,
    0xA6, 0x95, 0xA9, 0x79, 0x16, 0xE0, 0x99, 0xCC, 0x40, 0xBD, 0x39, 0xE2, 0x28, 0x60, 0x46, 0x57,
    0xC5, 0x87, 0xB2, 0x33, 0xA5, 0x5A, 0x73, 0x23, 0x65, 0x00, 0xB2, 0x45, 0x85, 0x54, 0x02, 0xBC,
    0x56, 0xD3, 0x7A, 0x7D, 0xD6, 0x24, 0x18, 0xC9, 0x28, 0x2B, 0xFF, 0xAD, 0xA8, 0xCB, 0x78, 0xD0,
    0xB6, 0x9E, 0xE0, 0x23, 0x91, 0xD7, 0xB9, 0xD6, 0xF7, 0x48, 0xA9, 0x5D, 0x19, 0x12, 0x6D, 0xD2,
    0x7E, 0x0C, 0x4E, 0x2B, 0x0B, 0x81, 0xA1, 0x0C, 0x5E, 0x47, 0x64, 0xF9, 0xCE, 0x44, 0xE9, 0xD5,
    0xDF, 0x15, 0x92, 0x5C, 0x9B, 0x25, 0xA4, 0x33, 0x4A, 0x69, 0x0F, 0x73, 0x2D, 0x17, 0x2A, 0x4C,
    0x68, 0x8D, 0x4D, 0x14, 0xD1, 0x91, 0x57, 0x9B, 0x8B, 0x27, 0xDA, 0x8F, 0x56, 0xCD, 0xEC, 0xAA,
    0xAE, 0x9C, 0x1D, 0xF5, 0xCC, 0x79, 0xD4, 0x43, 0x4B, 0xDA, 0x20, 0x61, 0x48, 0x59, 0xF1, 0x40,
    0x05, 0xD4, 0x15, 0xEB, 0xA4, 0x56, 0x24, 0x16, 0xE5, 0x4E, 0xCD, 0xBA, 0x78, 0xA5, 0x28, 0xE3,
    0x09, 0x4D, 0xA6, 0xBB, 0x56, 0x81, 0x82, 0x66, 0xE1, 0xEC, 0xE1, 0xC0, 0x7A, 0x87, 0xDA, 0x2E,
    0x93, 0x74, 0x68, 0xB2, 0xE8, 0xEE, 0x21, 0x59, 0xE1, 0x80, 0xA9, 0xC3, 0xCC, 0x3D, 0xC1, 0x08,
    0xF4, 0x49, 0x98, 0x9D, 0x6D, 0xB4, 0x9A, 0x70, 0x25, 0x39, 0x78, 0x7B, 0x6C, 0x7B, 0xB2, 0x9D,
    0x43, 0xC6, 0x6C, 0xC7, 0x43, 0x6F, 0x28, 0x23, 0x7D, 0x22, 0x9F, 0xE0, 0xE7, 0x4A, 0xD2, 0xB7,
    0xDB, 0xF2, 0xC0, 0x32, 0x8D, 0xAC, 0xB5, 0x4C, 0x7A, 0x37, 0xB8, 0xC7, 0xD1, 0xD9, 0x20, 0xC3,
    0x73, 0x7C, 0x28, 0xEB, 0xAA, 0x78, 0x57, 0x93, 0xCA, 0xEA, 0xD3, 0xD0, 0xCA, 0x05, 0x2F, 0x57,
    0xF1, 0x79, 0x30, 0x94, 0x15, 0xF9, 0x95, 0x5F, 0x04, 0x00, 0xE3, 0xD5, 0xBA, 0x77, 0x67, 0xC2,
    0x7F, 0x08, 0x86, 0x6D, 0x18, 0x06, 0xDA, 0xDD, 0x81, 0x71, 0xD8, 0x60, 0x31, 0xDB, 0x38, 0x22,
    0x14, 0xCA, 0x11, 0x86, 0x19, 0xF7, 0x8C, 0x0E, 0xAD, 0xF2, 0x84, 0x00, 0xA2, 0x24, 0xEF, 0x28,
    0x16, 0x80, 0x7A, 0xB4, 0xD1, 0x39, 0x26, 0x87, 0xC7, 0x1D, 0x41, 0x80, 0x45, 0x53, 0x01, 0x2D,
    0x24, 0xC2, 0xED, 0x0C, 0x98, 0x64, 0x21, 0xD1, 0x21, 0x0B, 0x09, 0x3F, 0xA4, 0x4D, 0xB4, 0x59,
    0x57, 0x31, 0xBA, 0x9A, 0xE3, 0x1C, 0xE0, 0xCA, 0xCC, 0x5C, 0xEE, 0xFF, 0xA9, 0xC8, 0x90, 0xCF,
    0x02, 0xDD, 0x75, 0x08, 0x9E, 0xFF, 0x36, 0x19, 0x27, 0x53, 0x08, 0xE0, 0x7B, 0x1F, 0xBF, 0x07,
    0x37, 0xCF, 0xA6, 0x9A, 0x76, 0x6C, 0x9F, 0x8A, 0xE9, 0x98, 0x9A, 0x7F, 0x4C, 0x9C, 0x61, 0x3D,
    0x5D, 0x2D, 0x4B, 0xE7, 0xBE, 0xD3, 0x43, 0x47, 0xE8, 0xCD, 0xFF, 0x57, 0x93, 0x77, 0x65, 0xDA,
    0x3E, 0x56, 0x39, 0x4C, 0x68, 0x9C, 0x32, 0xA0, 0x54, 0xA0, 0x37, 0xF0, 0xFF, 0xC2, 0xDD, 0x21,
    0xC1, 0x0D, 0x39, 0xC8, 0xDD, 0x47, 0x42, 0xB1, 0xD2, 0xF2, 0xAD, 0xD4, 0xCA, 0x3A, 0x13, 0xA2,
    0xE5, 0x46, 0xB3, 0xE3, 0xA8, 0x62, 0x47, 0x2F, 0x82, 0xB6, 0x18, 0x27, 0x7D, 0xFC, 0x44, 0x0D,
    0xD9, 0xF1, 0xF1, 0x71, 0x31, 0xB1, 0x5D, 0x8C, 0x4F, 0x88, 0x36, 0x3C, 0xE3, 0x03, 0xE3, 0x9C,
    0x1D, 0x71, 0x1F, 0x89, 0xE0, 0x5D, 0x3C, 0x9E, 0x31, 0xC8, 0xB9, 0x4C, 0x2C, 0xBF, 0x81, 0x5E,
    0x57, 0xF7, 0xAD, 0xF6, 0x30, 0x1A, 0x49, 0x46, 0x12, 0xB1, 0xBC, 0x3A, 0x37, 0x97, 0x23, 0x31,
    0xF2, 0x54, 0x3D, 0x71, 0x97, 0x73, 0x31, 0x72, 0x29, 0x4F, 0xC6, 0x96, 0x87, 0xC4, 0x68, 0xFD,
    0x74, 0xD4, 0x5C, 0xAE, 0x8A, 0xC1, 0x91, 0x65, 0x71, 0xFA, 0xCC, 0x49, 0xE1, 0xD4, 0xFF, 0x4E,
    0x2C, 0x1F, 0x5B, 0x16, 0x46, 0xDE, 0x82, 0xD7, 0xE8, 0x45, 0xCA, 0x4D, 0xF5, 0xDB, 0xA9, 0x7F,
    0x55, 0x2C, 0xCB, 0x65, 0x7C, 0x3E, 0x3C, 0xBD, 0xFC, 0x90, 0x18, 0x6D, 0x9E, 0x8A, 0xEA, 0xCB,
    0x15, 0x31, 0x72, 0x99, 0xCB, 0x1B, 0xF9, 0x2B, 0x55, 0x3E, 0x7C, 0xCF, 0x58, 0x0E, 0x55, 0x1E,
    0xF5, 0xAE, 0xAB, 0xE7, 0x46, 0x9B, 0xA7, 0xE9, 0x3D, 0x2A, 0xE7, 0xCC, 0x43, 0x50, 0xEE, 0xB7,
    0xC4, 0x72, 0x7C, 0xED, 0x77, 0x8D, 0xF2, 0xBB, 0xDF, 0xD2, 0xDF, 0x15, 0xF4, 0xDD, 0xFA, 0xE9,
    0xD5, 0xDF, 0xFD, 0x6F, 0xD7, 0x7E, 0xB7, 0xBF, 0xFD, 0xD7, 0x15, 0x94, 0xFD, 0x50, 0x07, 0x00,
    0xAD, 0x8E, 0xA7, 0x28, 0x75, 0xC8, 0x46, 0x59, 0x9E, 0x47, 0x5B, 0x6A, 0x14, 0x93, 0xD2, 0xE7,
    0xB8, 0xE7, 0x7C, 0xCC, 0x0A, 0xD2, 0x46, 0xAE, 0x42, 0xEB, 0x05, 0x2F, 0x07, 0x94, 0x6F, 0x5D,
    0xE7, 0x2C, 0x0C, 0xED, 0xD6, 0x5C, 0x56, 0xC3, 0xD1, 0x81, 0x05, 0xAF, 0x73, 0xA0, 0x43, 0x43,
    0x11, 0x72, 0x3D, 0x84, 0x6F, 0xA9, 0x47, 0xFA, 0x10, 0xBE, 0x5D, 0x2A, 0x12, 0x6F, 0x5B, 0x65,
    0xEA, 0x38, 0xCC, 0xFC, 0x7F, 0x1C, 0xE2, 0x56, 0x6B, 0x49, 0x24, 0x21, 0xC8, 0x3A, 0x15, 0xB2,
    0xF1, 0x78, 0x1C, 0xB3, 0xDB, 0xE3, 0x0A, 0x6D, 0xC3, 0x31, 0x5B, 0x23, 0xC5, 0xC6, 0x22, 0xBA,
    0x18, 0x1C, 0xE1, 0x88, 0xB0, 0x4B, 0x0D, 0xEA, 0xC8, 0x66, 0x4C, 0x1D, 0xDB, 0x54, 0x0B, 0x57,
    0x67, 0x24, 0xC1, 0x5C, 0xA2, 0xA3, 0xA5, 0xC4, 0x11, 0x26, 0x18, 0xF0, 0x14, 0x9A, 0xBE, 0xC2,
    0x74, 0x56, 0xF5, 0x4F, 0xA2, 0xBD, 0xAD, 0x13, 0x3F, 0x85, 0xBF, 0x28, 0x86, 0x6C, 0xCC, 0x82,
    0xCC, 0x98, 0xE3, 0x89, 0x4E, 0xF6, 0xDB, 0x3B, 0xF7, 0x48, 0xB0, 0x8E, 0x8A, 0x9E, 0xA1, 0xAC,
    0x7B, 0xD9, 0x1E, 0x86, 0x2D, 0x0F, 0xB8, 0xC1, 0xD0, 0x15, 0x18, 0xB5, 0xD7, 0x3B, 0x57, 0xA0,
    0xF5, 0x78, 0x23, 0x3A, 0xE6, 0xB7, 0x50, 0x74, 0x3A, 0xE1, 0x77, 0x01, 0x5D, 0x9F, 0xFB, 0x9E,
    0x8F, 0xD1, 0x5C, 0xE1, 0x1E, 0x76, 0x3E, 0x66, 0x39, 0x67, 0x2D, 0x9F, 0xB2, 0xCC, 0xA5, 0x2C,
    0x31, 0xE5, 0x39, 0x3C, 0x55, 0x43, 0xC4, 0xE7, 0xDA, 0x78, 0xCC, 0x9B, 0x7F, 0xAE, 0xF0, 0x32,
    0x8A, 0x9E, 0x4B, 0xA7, 0x01, 0x2A, 0x0F, 0x88, 0x58, 0x87, 0xE6, 0x67, 0x95, 0x80, 0x8A, 0xCF,
    0xAF, 0x36, 0x8A, 0x99, 0x55, 0x73, 0x54, 0x45, 0x1D, 0xFC, 0x16, 0x63, 0x7D, 0xDE, 0x15, 0x87,
    0x78, 0x6F, 0x6A, 0xB2, 0xA9, 0x5A, 0x42, 0xC8, 0xC9, 0x5D, 0x6F, 0x60, 0xA0, 0xE7, 0x5A, 0x60,
    0xA4, 0x68, 0x86, 0x26, 0x8F, 0xA7, 0x35, 0xA0, 0x22, 0xBF, 0xF4, 0xA9, 0x14, 0x6D, 0xCE, 0x36,
    0xE3, 0x96, 0x55, 0xC3, 0x4C, 0xE4, 0xD3, 0x94, 0x8D, 0x8E, 0x51, 0xD6, 0xAC, 0x62, 0x86, 0x31,
    0x2D, 0x36, 0xDF, 0x76, 0x01, 0x30, 0x6F, 0xB6, 0xD9, 0xE9, 0x00, 0x7E, 0x1C, 0xDB, 0x6C, 0xA1,
    0x15, 0x5A, 0x75, 0xB3, 0x78, 0x30, 0x21, 0x59, 0x82, 0xC3, 0xC6, 0x76, 0x43, 0x8C, 0x36, 0x9B,
    0x6C, 0x57, 0x47, 0xB3, 0xD3, 0xE2, 0xFD, 0x48, 0x1C, 0xE9, 0xAB, 0xB3, 0x4F, 0xEB, 0xE2, 0x46,
    0x29, 0xF3, 0x4A, 0x38, 0xA5, 0xBB, 0x1C, 0xA9, 0x91, 0xC9, 0x2C, 0x5A, 0x3D, 0xEC, 0x45, 0xD9,
    0x6D, 0xFC, 0x23, 0xA4, 0xC2, 0x07, 0x7E, 0x7F, 0x42, 0xA7, 0x22, 0xA2, 0x54, 0x94, 0x70, 0x40,
    0xD7, 0x0B, 0x4C, 0x89, 0x82, 0x99, 0x20, 0x17, 0xAE, 0x09, 0x2F, 0xC1, 0x2B, 0x01, 0x4A, 0x35,
    0x26, 0xE6, 0xF0, 0x18, 0xBF, 0x09, 0x92, 0x5F, 0x94, 0x30, 0x5F, 0x57, 0x77, 0x45, 0x2F, 0x5D,
    0x75, 0xFD, 0x65, 0xDE, 0xA2, 0x58, 0x86, 0x41, 0x7E, 0x55, 0x96, 0xD0, 0x46, 0x3B, 0xA7, 0xC2,
    0x92, 0xFC, 0xB8, 0xFE, 0xA9, 0xEF, 0xA9, 0xAF, 0x5F, 0xB7, 0x66, 0x3D, 0xCB, 0x25, 0xD9, 0x73,
    0x8C, 0xD5, 0x6E, 0xAF, 0x12, 0x8F, 0xF0, 0x62, 0x4C, 0xC3, 0x1C, 0x67, 0x9C, 0xF2, 0x6A, 0x43,
    0xAA, 0x1B, 0x55, 0x44, 0xB2, 0x77, 0x92, 0x26, 0x9E, 0x84, 0x89, 0x1A, 0x1A, 0xD4, 0xC8, 0xE3,
    0x1F, 0xC2, 0x78, 0x0D, 0xEF, 0xC5, 0x64, 0x40, 0x16, 0xB2, 0x6D, 0x2B, 0x9E, 0x0B, 0x4C, 0xD8,
    0x29, 0x73, 0x98, 0xDC, 0xCF, 0x5D, 0x5A, 0x3B, 0x78, 0xE2, 0x08, 0x13, 0x52, 0x6C, 0xDF, 0x66,
    0x69, 0x6B, 0x59, 0xCD, 0xF2, 0xC4, 0x0A, 0x87, 0x05, 0x3A, 0xCE, 0xA5, 0x3E, 0x43, 0x34, 0xEB,
    0x59, 0x11, 0x09, 0x3E, 0x18, 0xF7, 0x8D, 0xEC, 0x92, 0x36, 0x8C, 0x59, 0xF5, 0x7A, 0x19, 0xDD,
    0x9B, 0xE0, 0xAC, 0x43, 0x19, 0x89, 0xC5, 0x86, 0x59, 0x17, 0x33, 0xCC, 0x3C, 0xEC, 0x30, 0x63,
    0x98, 0x61, 0xBC, 0x05, 0xEF, 0xE1, 0x2D, 0xC8, 0x02, 0x22, 0x21, 0x87, 0xD9, 0x51, 0xEF, 0x46,
    0xD9, 0x3A, 0xCE, 0x3C, 0x9D, 0x55, 0xAF, 0x97, 0xF5, 0x1E, 0x59, 0x25, 0x75, 0xA7, 0x03, 0x81,
    0x05, 0x9E, 0xB2, 0x42, 0x3A, 0x46, 0xB2, 0x9A, 0x8B, 0xB3, 0x8F, 0x23, 0xC1, 0xD4, 0x5D, 0xA8,
    0x4B, 0xD4, 0x0A, 0x2C, 0xD4, 0x49, 0xD1, 0xB7, 0x50, 0x77, 0xD1, 0x04, 0x71, 0xA1, 0x6E, 0x75,
    0x80, 0x37, 0x5D, 0xA8, 0x0B, 0xE9, 0xB4, 0x30, 0x0B, 0x2E, 0xA6, 0x98, 0xB9, 0xD0, 0xDF, 0x90,
    0xA1, 0x21, 0x2E, 0x64, 0x48, 0xA0, 0x42, 0xE6, 0x41, 0xAF, 0x42, 0xD6, 0xD8, 0x95, 0x41, 0x66,
    0x74, 0x81, 0xD4, 0x58, 0xA8, 0xDB, 0x2D, 0xA0, 0x35, 0x16, 0xEA, 0xA8, 0x4B, 0x8C, 0x16, 0xD0,
    0x52, 0xC0, 0xCD, 0x16, 0x3E, 0x86, 0x27, 0x2B, 0xB7, 0x17, 0x3E, 0x81, 0xE8, 0xB4, 0x58, 0x20,
    0xA3, 0xE2, 0xA0, 0xAC, 0xD9, 0x2A, 0x96, 0xEB, 0x8E, 0xC5, 0xC7, 0xEF, 0x5D, 0x5C, 0x9C, 0x6F,
    0x10, 0x33, 0x92, 0x61, 0x9C, 0x4B, 0x53, 0x72, 0xAD, 0x1B, 0x19, 0xA9, 0x54, 0xE1, 0x05, 0x3A,
    0xC3, 0x32, 0x9B, 0x25, 0x8B, 0x83, 0x6C, 0x9A, 0x54, 0xAC, 0x59, 0x9D, 0x2C, 0x11, 0x16, 0x76,
    0x1B, 0x78, 0x73, 0x6B, 0x48, 0xBA, 0x6A, 0xC8, 0xF0, 0xE6, 0x86, 0x90, 0x14, 0x98, 0x1B, 0x50,
    0x7B, 0x42, 0x19, 0xDE, 0xC4, 0x0C, 0x6E, 0x6E, 0xDD, 0x4D, 0xD6, 0xD8, 0x5B, 0xF7, 0x12, 0x2B,
    0xB2, 0xB7, 0x4E, 0xA6, 0xA5, 0x19, 0xE2, 0x58, 0xEF, 0x54, 0x86, 0x22, 0x07, 0xFB, 0x25, 0xAA,
    0x27, 0xF0, 0x96, 0x54, 0x6B, 0xA8, 0x44, 0x9B, 0x7F, 0xE1, 0xF1, 0xEE, 0x32, 0x83, 0xEA, 0x4E,
    0x42, 0x75, 0x8D, 0xFB, 0xC9, 0xF0, 0x76, 0xB7, 0xB6, 0x84, 0xEE, 0x8B, 0x9E, 0xC3, 0x9B, 0x47,
    0x19, 0xA6, 0x59, 0x8F, 0x4B, 0x3F, 0x28, 0x61, 0x1F, 0x2D, 0x43, 0xFF, 0x66, 0x25, 0x98, 0xB4,
    0x7B, 0xE0, 0x6C, 0x0F, 0x1C, 0xEF, 0x81, 0xDB, 0x7B, 0xAF, 0x29, 0x93, 0xF0, 0xD5, 0x2E, 0x09,
    0x5A, 0x5D, 0xC8, 0x35, 0xBA, 0xA3, 0x07, 0x8A, 0xEB, 0x83, 0x82, 0x8F, 0xCE, 0xA2, 0xD4, 0xEB,
    0x81, 0x2E, 0x33, 0xD4, 0xAD, 0xD2, 0xA6, 0xB8, 0x77, 0x78, 0x29, 0xAF, 0xEC, 0x0C, 0xB8, 0xC8,
    0xC9, 0xC9, 0xC9, 0x0C, 0xB5, 0xEF, 0xB7, 0xC3, 0x46, 0x00, 0x8B, 0x6B, 0x1B, 0x64, 0x3E, 0x67,
    0x74, 0x9E, 0x69, 0xC6, 0x47, 0x8F, 0x64, 0x68, 0xC7, 0x7E, 0x3B, 0x73, 0x41, 0xDB, 0x56, 0x65,
    0x62, 0x55, 0x76, 0x13, 0x8F, 0x88, 0x57, 0xFF, 0xDE, 0x82, 0xAA, 0xB7, 0xE2, 0xC6, 0x66, 0xB5,
    0x6C, 0xA9, 0x4F, 0x88, 0x20, 0x54, 0xD4, 0x58, 0x15, 0x33, 0xB6, 0xA1, 0xD8, 0x2A, 0xDE, 0x7C,
    0x95, 0xE9, 0x93, 0x8A, 0x30, 0xAB, 0x9C, 0x1B, 0xF6, 0x69, 0xFD, 0xB7, 0x2E, 0x7A, 0x90, 0x33,
    0x97, 0x33, 0xE4, 0x0F, 0xEA, 0x62, 0xAD, 0xA0, 0xA3, 0x45, 0x86, 0x71, 0x4F, 0xAE, 0xA3, 0x2A,
    0x1B, 0x32, 0x93, 0x6C, 0x76, 0xEB, 0x88, 0x0C, 0x73, 0x51, 0xC7, 0xB0, 0xAE, 0xB3, 0xA2, 0x8E,
    0xB3, 0xC5, 0x53, 0xC3, 0x9A, 0xB0, 0x5E, 0x2A, 0x2C, 0x3D, 0x07, 0x50, 0xA5, 0x8F, 0xBA, 0x59,
    0xAC, 0xDC, 0x5D, 0xBF, 0xB5, 0xDA, 0xA8, 0x03, 0x4D, 0xB9, 0xAE, 0x36, 0x6B, 0x74, 0x92, 0xC3,
    0x33, 0x5E, 0x36, 0x83, 0x7F, 0x00, 0xDF, 0xC0, 0xAC, 0x71, 0x56, 0xED, 0xCF, 0xEB, 0xC2, 0x23,
    0xE6, 0xBC, 0x0F, 0xBC, 0x43, 0x1E, 0xE4, 0x47, 0xBC, 0x76, 0x00, 0x50, 0xCB, 0x4D, 0x8E, 0xA0,
    0x28, 0x8C, 0xD8, 0x4F, 0x14, 0x83, 0xA0, 0x81, 0x93, 0x29, 0x9F, 0x97, 0x38, 0xA6, 0x0D, 0x74,
    0x9D, 0x72, 0x33, 0x3F, 0x02, 0x6C, 0x87, 0x46, 0x22, 0x6D, 0xC4, 0x80, 0x9D, 0xB9, 0x32, 0xA1,
    0x9F, 0x01, 0xDA, 0xF1, 0xD0, 0x23, 0xC0, 0x79, 0xB9, 0x99, 0x8D, 0xAF, 0x99, 0x92, 0xCF, 0xFE,
    0x6D, 0x0B, 0x3E, 0xEB, 0xF1, 0xAA, 0x7F, 0x3A, 0x70, 0xF4, 0x7A, 0x2D, 0x72, 0xD4, 0xE2, 0x50,
    0xBD, 0xB9, 0xA8, 0xFC, 0xED, 0x6A, 0x30, 0x3F, 0xAE, 0x8A, 0xF8, 0x13, 0xC5, 0x51, 0xA7, 0xA9,
    0x12, 0x12, 0x64, 0xE5, 0x6A, 0xC4, 0xF3, 0xBC, 0x0F, 0x5E, 0x38, 0x76, 0x10, 0xBE, 0xD8, 0xB6,
    0xC5, 0x18, 0x72, 0xD5, 0xBE, 0x23, 0x86, 0xC8, 0x78, 0xEA, 0x5B, 0xA2, 0xD2, 0x66, 0x99, 0x96,
    0xCB, 0x34, 0x9F, 0x0E, 0x2C, 0x9A, 0x5E, 0xE1, 0x58, 0x9C, 0x57, 0xD8, 0xAF, 0xBA, 0x19, 0xDC,
    0x49, 0x1F, 0xC8, 0xAE, 0x9C, 0xA2, 0xFC, 0x6C, 0xDA, 0x26, 0x27, 0xE3, 0x8B, 0x34, 0x22, 0x68,
    0x40, 0x61, 0xAB, 0xF8, 0x69, 0x24, 0x33, 0x1C, 0x50, 0x72, 0xD8, 0x35, 0x7D, 0x2D, 0x7A, 0x75,
    0xED, 0x7B, 0x97, 0x6E, 0x9F, 0x6A, 0xD7, 0xF7, 0x57, 0xB7, 0x8F, 0x27, 0x35, 0x9E, 0xCE, 0xF1,
    0xA7, 0xD4, 0xBE, 0xC5, 0xC7, 0xDF, 0x4A, 0xED, 0x13, 0x57, 0xB5, 0xEF, 0xAB, 0x62, 0x0D, 0xB5,
    0xEF, 0x17, 0xD5, 0xD9, 0xF3, 0x43, 0xAA, 0x7D, 0x63, 0xA9, 0x8A, 0x35, 0xDA, 0xFE, 0x79, 0x6E,
    0x9F, 0xCF, 0x14, 0x5B, 0xF6, 0x50, 0xD9, 0xBE, 0xEC, 0x06, 0xED, 0x6B, 0xBD, 0x26, 0xED, 0x7B,
    0xFB, 0x55, 0xED, 0xBB, 0x66, 0xFC, 0x98, 0xF5, 0x7A, 0xE1, 0x49, 0x1E, 0xBF, 0xCF, 0xFE, 0xF6,
    0xA2, 0x1A, 0x3F, 0xB1, 0xAA, 0x7D, 0xA7, 0x94, 0x67, 0x40, 0x5B, 0x54, 0x37, 0xB0, 0x48, 0x90,
    0x8D, 0x5E, 0xED, 0x94, 0xFD, 0x78, 0x47, 0x1E, 0x3A, 0xB3, 0xBA, 0x7D, 0xED, 0x4F, 0xFD, 0x28,
    0xED, 0x1B, 0x50, 0x8E, 0x93, 0xB8, 0xAC, 0xC9, 0xA9, 0xA1, 0xC5, 0x9B, 0x3D, 0x90, 0xE7, 0x4C,
    0x42, 0x9C, 0x4D, 0x0E, 0x67, 0xFD, 0xF3, 0x44, 0xCF, 0x9B, 0xE9, 0x78, 0x99, 0xEA, 0xF1, 0xAE,
    0x94, 0x5D, 0x30, 0xF4, 0x3C, 0x3B, 0xCA, 0x54, 0x82, 0xF5, 0x2D, 0x51, 0xC5, 0xEF, 0x7A, 0xD0,
    0x2E, 0x94, 0x68, 0x1C, 0xC6, 0x79, 0x0A, 0x7C, 0x14, 0xCD, 0xDB, 0x56, 0x39, 0x8F, 0xF5, 0xBC,
    0xEE, 0x9B, 0x07, 0x4F, 0xAB, 0x7E, 0xFB, 0xB5, 0x64, 0x75, 0xBF, 0xEA, 0x7E, 0xF6, 0xB5, 0x0C,
    0xFF, 0xAA, 0x71, 0x59, 0x73, 0x2D, 0x89, 0xD7, 0xE8, 0xED, 0x1E, 0x39, 0xA2, 0x35, 0x93, 0x64,
    0xB8, 0x98, 0xFA, 0xC9, 0x0D, 0xD2, 0x14, 0x52, 0x78, 0xE1, 0x85, 0xD5, 0xE9, 0x1D, 0xF1, 0x85,
    0x4F, 0x5F, 0xE7, 0xF9, 0x7D, 0x28, 0x56, 0x06, 0x64, 0xB1, 0x36, 0x04, 0x14, 0x84, 0x83, 0x98,
    0xE0, 0xC6, 0x2C, 0x91, 0x8D, 0xC2, 0xA3, 0x16, 0x82, 0x84, 0x98, 0xA1, 0x15, 0x3E, 0x22, 0x9D,
    0x79, 0xA0, 0x6B, 0x23, 0x4D, 0x97, 0x12, 0xB3, 0x81, 0xB6, 0x92, 0x3C, 0xAE, 0x8D, 0xDB, 0xC0,
    0x35, 0x3E, 0x26, 0x8C, 0xF7, 0x03, 0x7B, 0xFE, 0x0E, 0xC5, 0x0D, 0x7F, 0x27, 0x1F, 0x12, 0xEF,
    0x8F, 0xD1, 0x19, 0xCC, 0x48, 0xAB, 0xA5, 0x69, 0xB8, 0xFD, 0x35, 0xA5, 0x90, 0x26, 0x66, 0xBE,
    0xA5, 0xE2, 0x7B, 0x7F, 0xE3, 0xFE, 0xA5, 0x0B, 0x9F, 0xC1, 0xF0, 0x07, 0xE6, 0x49, 0x31, 0x9A,
    0x3A, 0x43, 0xAB, 0x20, 0xE7, 0xE4, 0xFC, 0x68, 0xEA, 0xA3, 0xBA, 0x63, 0xCF, 0xBF, 0xBF, 0x34,
    0xFD, 0xF5, 0xFF, 0xBA, 0x69, 0x1E, 0xE5, 0xC8, 0x71, 0x4B, 0xE6, 0xC0, 0x09, 0x28, 0x87, 0x3D,
    0xAD, 0xFB, 0xA4, 0xC9, 0x61, 0x7C, 0xDD, 0x00, 0xAC, 0x7D, 0xCF, 0x5A, 0x28, 0x50, 0x9E, 0xC4,
    0x51, 0xC3, 0x78, 0x0E, 0x50, 0x1E, 0xA0, 0xD8, 0x41, 0xF1, 0xE3, 0x81, 0x2C, 0x3A, 0x6B, 0x86,
    0xCF, 0xFA, 0x8E, 0x04, 0x85, 0x0D, 0x07, 0x28, 0x29, 0x21, 0x7D, 0x8D, 0xF4, 0xC9, 0x6B, 0xEF,
    0xE9, 0xD7, 0xA3, 0x0C, 0xF5, 0xFC, 0x57, 0x05, 0xE9, 0x88, 0xFA, 0x2E, 0x2A, 0xF7, 0xD0, 0xAF,
    0x70, 0x1F, 0x9E, 0x63, 0x0E, 0x2F, 0x51, 0x9A, 0x9E, 0x3A, 0x4F, 0x32, 0x7A, 0x74, 0xDF, 0xE4,
    0x94, 0x9A, 0x4F, 0xDC, 0x25, 0x15, 0xCE, 0xD6, 0xF7, 0x65, 0x43, 0xE3, 0x74, 0x71, 0x56, 0xA2,
    0x05, 0x9E, 0xD1, 0xC1, 0xF3, 0x03, 0x85, 0xFD, 0x07, 0xFB, 0xD6, 0xC3, 0xA2, 0xDA, 0x02, 0x8F,
    0x60, 0x4C, 0x10, 0xC8, 0x9C, 0xD0, 0xC8, 0x20, 0x33, 0x53, 0x3B, 0xC2, 0xF7, 0x96, 0xB6, 0xD0,
    0xEB, 0xC3, 0xB5, 0xDA, 0xE0, 0xDC, 0x7A, 0xBF, 0x3A, 0xF8, 0xCB, 0x83, 0xCF, 0xBD, 0xE7, 0x67,
    0x7E, 0x56, 0x67, 0xFF, 0x76, 0xF0, 0x34, 0x66, 0x73, 0xF0, 0x2B, 0xB8, 0x3A, 0x13, 0x83, 0xF2,
    0x3D, 0xA2, 0xC2, 0xCB, 0xA8, 0xCB, 0x71, 0xF2, 0xBE, 0xA0, 0xE3, 0xDF, 0xBB, 0x3D, 0x29, 0x37,
    0x66, 0x97, 0x26, 0xD1, 0xB6, 0x07, 0xF6, 0x2B, 0xEF, 0xEA, 0xAC, 0x01, 0xD4, 0x99, 0x87, 0x34,
    0xD5, 0xAA, 0x2C, 0x24, 0xF4, 0xF1, 0x63, 0xCB, 0x7A, 0xC6, 0x81, 0x1D, 0x45, 0x82, 0x29, 0x9E,
    0x8B, 0xC3, 0x7B, 0xF2, 0x8E, 0xDA, 0xD0, 0xC7, 0x3A, 0x28, 0x4B, 0x2F, 0x26, 0x21, 0xCE, 0xBF,
    0x12, 0x8F, 0x17, 0xD2, 0x1F, 0x16, 0x0C, 0x6C, 0x14, 0x16, 0x1C, 0x60, 0x30, 0x47, 0x8C, 0x51,
    0x17, 0x36, 0xA0, 0x6F, 0x62, 0x14, 0x5E, 0x45, 0x9C, 0x85, 0x74, 0x54, 0x41, 0x41, 0x46, 0x74,
    0xE6, 0xE7, 0xF4, 0xC9, 0x72, 0x1F, 0x5C, 0x25, 0xA4, 0x98, 0x61, 0xF9, 0xCA, 0x0C, 0xCA, 0x58,
    0x5A, 0xEC, 0xF8, 0x72, 0xD4, 0x28, 0xD0, 0x68, 0xC8, 0x9F, 0x92, 0xCF, 0xE1, 0x5A, 0x97, 0x07,
    0xE9, 0xB8, 0x85, 0x16, 0x11, 0x61, 0x80, 0xD7, 0xD1, 0xE8, 0x0C, 0xFE, 0xC8, 0xD0, 0x88, 0x90,
    0x31, 0xB6, 0xC0, 0x42, 0x6B, 0x3B, 0xCA, 0x70, 0x13, 0x41, 0x0C, 0xED, 0xB2, 0x61, 0x28, 0xD0,
    0x43, 0x2E, 0xC7, 0x21, 0x0D, 0x88, 0xD7, 0x7B, 0x37, 0xF6, 0x81, 0x17, 0x4B, 0x74, 0x19, 0x9D,
    0xB3, 0xE5, 0x83, 0x2D, 0xDC, 0x16, 0x66, 0x90, 0x7C, 0xD9, 0x0B, 0xD9, 0xED, 0x57, 0xD7, 0xAC,
    0xCC, 0x06, 0xB4, 0x9E, 0x3B, 0xEA, 0xCF, 0x0D, 0xC8, 0x0D, 0xF2, 0x7E, 0x73, 0x22, 0xFA, 0x5A,
    0xEA, 0x67, 0x18, 0xAC, 0xC0, 0xFC, 0x81, 0x2C, 0x88, 0x19, 0x8E, 0x2F, 0xB3, 0xE9, 0x66, 0x10,
    0xC2, 0xD6, 0xD1, 0xA4, 0x38, 0x9D, 0x6D, 0x41, 0x87, 0x96, 0xC0, 0x27, 0x73, 0x3C, 0x57, 0x06,
    0xF5, 0x04, 0x01, 0xAB, 0x52, 0xCA, 0xBC, 0x66, 0xB0, 0x39, 0x55, 0x0D, 0xF7, 0x99, 0x59, 0xCC,
    0x8F, 0xD0, 0x2B, 0x35, 0x68, 0x84, 0xC5, 0xB1, 0xCB, 0xCF, 0x93, 0x3B, 0x92, 0x71, 0x45, 0xCA,
    0xA3, 0xC4, 0xEA, 0xC4, 0x2D, 0x8C, 0xDD, 0xEA, 0x46, 0x4E, 0x84, 0x14, 0xE0, 0x00, 0xEA, 0x29,
    0xC3, 0x6B, 0xEB, 0xDB, 0xCB, 0x5F, 0x9B, 0x51, 0xE8, 0xD2, 0x28, 0x58, 0x92, 0x46, 0xC1, 0x96,
    0x07, 0x70, 0x14, 0x1C, 0xCC, 0x84, 0x67, 0x49, 0xB4, 0xD8, 0x74, 0x77, 0x14, 0xAF, 0xE5, 0x28,
    0x94, 0x2E, 0xAE, 0xFA, 0x8C, 0x33, 0x6A, 0x52, 0x39, 0xDF, 0x2B, 0xA5, 0xAF, 0xCF, 0x50, 0xE9,
    0x50, 0xBB, 0xA4, 0xD0, 0x94, 0x30, 0x4F, 0xE9, 0x33, 0x48, 0x9C, 0x53, 0x9A, 0x97, 0xF4, 0xD2,
    0x58, 0x79, 0xA7, 0x04, 0x99, 0xAF, 0x54, 0xDA, 0xEF, 0xCA, 0x5C, 0xE5, 0x96, 0xF2, 0x67, 0xB9,
    0xA7, 0x14, 0x36, 0xCF, 0xE4, 0x1E, 0x93, 0x46, 0xC6, 0x89, 0xDC, 0xE7, 0x11, 0xB0, 0x1E, 0xCC,
    0x7D, 0x87, 0x55, 0x95, 0x3B, 0xD3, 0xE0, 0x7B, 0x13, 0x1C, 0xEF, 0x25, 0x89, 0xBB, 0xB4, 0xA9,
    0x6E, 0x76, 0xF7, 0xCB, 0x0E, 0xB9, 0x3D, 0x8D, 0x79, 0x07, 0x24, 0xED, 0x64, 0xA2, 0xE9, 0x3D,
    0x24, 0x43, 0x32, 0x64, 0xCE, 0x51, 0xE5, 0x82, 0x02, 0x8B, 0x2D, 0x6D, 0x17, 0x05, 0x7E, 0xC5,
    0x56, 0x31, 0x26, 0xE9, 0x00, 0x78, 0x39, 0x2A, 0xB2, 0xF8, 0x4A, 0x87, 0x4E, 0x9F, 0xB1, 0x92,
    0x06, 0x05, 0x11, 0x6B, 0x74, 0x1C, 0x5C, 0xAC, 0x7E, 0x43, 0x06, 0x9D, 0x61, 0xB4, 0xB0, 0x9D,
    0xF3, 0x0B, 0xBF, 0x3B, 0x06, 0x9B, 0xDC, 0x54, 0xD7, 0x2B, 0x3C, 0xD9, 0x90, 0x2B, 0xB1, 0xEC,
    0xB8, 0x5D, 0x57, 0x72, 0x04, 0x31, 0xB7, 0xF0, 0x94, 0x44, 0x6C, 0x0F, 0xF2, 0x8A, 0x9B, 0xD4,
    0x66, 0x87, 0x68, 0xFC, 0x10, 0x6C, 0x76, 0x8F, 0x5E, 0xB3, 0xA4, 0xB5, 0x2E, 0x7F, 0xE3, 0x3D,
    0x8A, 0x43, 0x71, 0x4A, 0xFB, 0xC6, 0x22, 0x54, 0xB2, 0x45, 0x07, 0x46, 0xB8, 0x68, 0x2B, 0xE7,
    0x6B, 0xD8, 0xAF, 0x58, 0xF1, 0x6D, 0x49, 0x1C, 0x7A, 0xB4, 0x34, 0xC0, 0xF3, 0xBB, 0x96, 0x48,
    0x26, 0x02, 0x95, 0x88, 0x86, 0x69, 0x6D, 0xE2, 0xA9, 0x63, 0x2E, 0x2A, 0x44, 0x70, 0x23, 0x4D,
    0xE0, 0x96, 0xBF, 0x42, 0x27, 0xE3, 0xC2, 0x3E, 0xF8, 0xA6, 0xA9, 0x93, 0x24, 0x2C, 0xCE, 0x94,
    0xC8, 0x3C, 0x23, 0x91, 0x20, 0xC7, 0x79, 0xC1, 0x5D, 0xC2, 0x0B, 0x27, 0x00, 0x1A, 0x25, 0x1A,
    0x64, 0x1A, 0x9A, 0x3C, 0xAA, 0xDC, 0xE1, 0xBF, 0xBE, 0x7B, 0x54, 0x69, 0xD9, 0x64, 0xC1, 0x50,
    0x66, 0xA4, 0x1C, 0xD3, 0x97, 0xCC, 0x09, 0x72, 0xE5, 0x91, 0x40, 0x76, 0x0B, 0x62, 0xF2, 0x7D,
    0x89, 0x16, 0xD3, 0x73, 0x20, 0x19, 0xD1, 0x78, 0x56, 0xD8, 0xF7, 0xCA, 0xCB, 0x93, 0xEF, 0x4F,
    0x97, 0x70, 0x43, 0x32, 0xA0, 0x43, 0xB2, 0xA6, 0xF0, 0xAB, 0xDA, 0x53, 0x69, 0xBA, 0xA2, 0xA1,
    0xDF, 0x18, 0xD2, 0x90, 0xC7, 0xA2, 0x7D, 0x34, 0x94, 0xE4, 0x73, 0x4F, 0x4B, 0x8F, 0x26, 0x51,
    0x4A, 0xE3, 0x65, 0xC6, 0x8C, 0x58, 0xC9, 0x8B, 0x29, 0x49, 0x11, 0x3B, 0xBC, 0x8D, 0x6E, 0xE1,
    0x1D, 0xF0, 0x3F, 0x9C, 0xF5, 0xC8, 0x21, 0xFF, 0xAB, 0xF5, 0xB7, 0xFD, 0x67, 0xAC, 0xE7, 0x7B,
    0x46, 0xEB, 0x78, 0xE8, 0xA5, 0xB5, 0x6D, 0xDB, 0x3C, 0x3A, 0xA7, 0x59, 0x23, 0xB3, 0xF9, 0xAF,
    0xE3, 0xF5, 0x91, 0x46, 0xFE, 0x36, 0xC4, 0x39, 0x23, 0x71, 0xEB, 0x67, 0x30, 0x87, 0x7E, 0x79,
    0x01, 0xA7, 0xF7, 0x46, 0x2F, 0xF9, 0x05, 0xB4, 0xD9, 0xA8, 0x7A, 0xCB, 0xA8, 0x88, 0xDB, 0xE2,
    0xAC, 0xDB, 0x89, 0x39, 0xD9, 0xE3, 0xE3, 0xFB, 0x3B, 0xA5, 0x44, 0x69, 0x94, 0x09, 0xE3, 0xF7,
    0xBF, 0x63, 0x0E, 0x83, 0xF2, 0xFF, 0x62, 0xBE, 0x5E, 0xB6, 0x29, 0x7F, 0x4F, 0x90, 0x63, 0x6E,
    0xBC, 0x27, 0x48, 0x31, 0xDF, 0xB4, 0x4B, 0xCA, 0xBF, 0xC2, 0x98, 0x39, 0xFF, 0xAA, 0xF1, 0xEC,
    0xC3, 0x85, 0x00, 0xFA, 0x25, 0x80, 0xE9, 0x92, 0x4E, 0x1B, 0x91, 0x6C, 0xAF, 0x13, 0x79, 0xD3,
    0x06, 0x12, 0xC6, 0x16, 0xCD, 0x7D, 0xA8, 0x51, 0x37, 0xCC, 0x9C, 0xB5, 0x76, 0x53, 0x99, 0x0F,
    0x5D, 0x69, 0x4C, 0xA9, 0x28, 0x77, 0xD0, 0x37, 0xA6, 0x16, 0x61, 0x34, 0x94, 0x94, 0xC6, 0xD1,
    0xE7, 0x56, 0x4D, 0x69, 0xA1, 0xCD, 0xA4, 0x36, 0xAD, 0xDB, 0xBA, 0xDA, 0xEB, 0x1B, 0x97, 0x9B,
    0xDE, 0x71, 0x46, 0xB5, 0xA7, 0xDB, 0xA8, 0xA1, 0x24, 0x6F, 0xA3, 0x3A, 0x18, 0xF1, 0xA8, 0x60,
    0xEF, 0x61, 0x00, 0xD4, 0x71, 0x26, 0xA3, 0x86, 0x9A, 0xA0, 0xA3, 0xBE, 0x42, 0x68, 0x6F, 0xD5,
    0x47, 0x0D, 0x05, 0x7A, 0x00, 0xCA, 0x40, 0xC6, 0xA3, 0xAF, 0x04, 0xDC, 0x07, 0xD5, 0x0F, 0x09,
    0x31, 0x3D, 0x76, 0x6F, 0x8C, 0xDA, 0x37, 0x24, 0xE5, 0x46, 0xD1, 0xF3, 0x62, 0x9A, 0x9E, 0x99,
    0x8A, 0x68, 0x52, 0x8E, 0xA2, 0x41, 0xEB, 0x0C, 0x93, 0x97, 0xE3, 0x78, 0x46, 0x15, 0xCA, 0x23,
    0x9D, 0x10, 0xA5, 0xBD, 0x8F, 0x13, 0xB9, 0xEF, 0x2B, 0xED, 0xAE, 0x50, 0xEA, 0xDD, 0x54, 0x8B,
    0x15, 0x52, 0xC5, 0xFC, 0x1B, 0xA9, 0x22, 0x94, 0x38, 0xCE, 0x89, 0x52, 0x0B, 0x92, 0x8A, 0xF5,
    0x08, 0x07, 0xB0, 0x52, 0x7E, 0xEE, 0x4E, 0xA9, 0x32, 0xDF, 0x38, 0x79, 0x55, 0xD0, 0x1C, 0xD1,
    0xD0, 0xB7, 0xC4, 0xD0, 0xBA, 0x29, 0x85, 0xF1, 0x86, 0xDF, 0xB4, 0x9B, 0x45, 0x15, 0xC6, 0x47,
    0xFE, 0x97, 0x5F, 0x1B, 0x55, 0x7A, 0x8A, 0xAE, 0x31, 0xAA, 0x6C, 0xA7, 0xA6, 0xC5, 0x04, 0x29,
    0xD7, 0xED, 0x7F, 0xFE, 0x31, 0x71, 0x1B, 0xA9, 0xAC, 0x36, 0xBD, 0xED, 0xE3, 0xEB, 0x43, 0x63,
    0x86, 0x64, 0x1B, 0x1F, 0xBB, 0xE5, 0x6F, 0x76, 0x6F, 0x23, 0x6E, 0x11, 0x5A, 0x39, 0x80, 0xD0,
    0xD9, 0x4E, 0x93, 0x3D, 0x37, 0xCD, 0x27, 0x3B, 0xCD, 0x17, 0x84, 0x3A, 0xD3, 0x61, 0xE8, 0x97,
    0x6F, 0xFF, 0xEB, 0x9F, 0x24, 0x51, 0xFE, 0x98, 0xD8, 0xF0, 0xD7, 0x6F, 0x01, 0x68, 0xDD, 0x02,
    0x8E, 0xCB, 0x4F, 0xE4, 0x40, 0x36, 0xE5, 0xD9, 0x0B, 0x1B, 0xB0, 0x88, 0x41, 0x3F, 0xCF, 0xFE,
    0x0C, 0x9F, 0xDB, 0x38, 0xDB, 0x40, 0xB3, 0xE3, 0xDF, 0x79, 0x4B, 0xF8, 0x4E, 0x98, 0x0E, 0x97,
    0x1F, 0x43, 0x45, 0x6C, 0xBD, 0x2E, 0x2F, 0x7D, 0x5B, 0xCA, 0x0B, 0xEF, 0x0B, 0x2F, 0x5F, 0x96,
    0xAD, 0x34, 0x7B, 0xD3, 0x9E, 0x98, 0xA2, 0x64, 0x5C, 0xBE, 0x34, 0xE6, 0x58, 0xD3, 0xF0, 0xF4,
    0xBD, 0x07, 0xE1, 0xD7, 0xFB, 0xA6, 0xB9, 0xD7, 0x36, 0x1E, 0x94, 0xA5, 0x2B, 0x7B, 0xCF, 0x9F,
    0x50, 0x34, 0xEB, 0x25, 0x34, 0x56, 0x42, 0xE5, 0x60, 0xE7, 0x65, 0x6C, 0x80, 0x4C, 0xAB, 0xE4,
    0x8D, 0x54, 0x6F, 0x16, 0x56, 0x52, 0x1E, 0xC3, 0x15, 0x12, 0x69, 0x37, 0x39, 0x59, 0x06, 0x25,
    0x5A, 0xCD, 0x02, 0xF9, 0xAB, 0xA3, 0x3F, 0xA9, 0xC0, 0x04, 0xC2, 0x51, 0x4E, 0x45, 0xC3, 0x17,
    0x95, 0x7B, 0xE2, 0xDF, 0x71, 0x5C, 0xA2, 0xA7, 0xFF, 0x8E, 0xAA, 0x67, 0xEF, 0xFF, 0x26, 0x75,
    0xB9, 0x6B, 0x7E, 0x93, 0x2A, 0x54, 0x33, 0xBF, 0x49, 0x7B, 0xC9, 0x92, 0xF5, 0x07, 0x14, 0xD6,
    0x2A, 0xB3, 0xBE, 0xE8, 0xB0, 0x9B, 0xFB, 0x17, 0xC9, 0x03, 0x46, 0x40, 0x4E, 0x52, 0x5E, 0xEB,
    0x0B, 0xC8, 0x26, 0x0C, 0x09, 0xEB, 0x30, 0xCE, 0x98, 0x31, 0xCC, 0x9B, 0xA8, 0x9F, 0x81, 0x7C,
    0x14, 0x7B, 0xD5, 0x5A, 0x42, 0x6F, 0xA0, 0x14, 0xF3, 0x41, 0xC4, 0x6F, 0xB0, 0x11, 0x57, 0x11,
    0xD9, 0xFE, 0x42, 0x0B, 0x0B, 0x79, 0x37, 0xB7, 0xC8, 0x96, 0x8F, 0x1A, 0x5F, 0x9E, 0x9C, 0x14,
    0xCE, 0xFC, 0xDA, 0x7B, 0xB8, 0xB7, 0x82, 0x42, 0x2E, 0x08, 0xF1, 0xA6, 0xDD, 0x71, 0xE7, 0xC5,
    0x7F, 0x50, 0x12, 0xC6, 0x0E, 0x7E, 0xE6, 0x5E, 0xDC, 0x08, 0x3E, 0xB7, 0x99, 0x3B, 0xB9, 0xA3,
    0x3C, 0x4A, 0x66, 0x2C, 0xAD, 0xE5, 0xD3, 0x88, 0x0C, 0xFE, 0xDF, 0x78, 0x0F, 0x19, 0x8F, 0x06,
    0x74, 0x8C, 0x39, 0x1E, 0x6F, 0x35, 0xC1, 0x32, 0x7E, 0x12, 0x69, 0x31, 0xF3, 0xF7, 0x0A, 0xD9,
    0xAB, 0xD6, 0x22, 0xDC, 0x44, 0x99, 0xF4, 0x75, 0x60, 0x13, 0x17, 0xE7, 0xC5, 0x1D, 0x07, 0x33,
    0xAE, 0x59, 0xEA, 0x50, 0x16, 0xA9, 0x98, 0x19, 0xB8, 0x86, 0x72, 0x2D, 0x81, 0xEC, 0x68, 0xA5,
    0x83, 0x62, 0x0C, 0xE3, 0x52, 0xC6, 0x2F, 0xE5, 0xFD, 0x9F, 0x47, 0x41, 0x0A, 0x4D, 0x8B, 0x96,
    0x71, 0x89, 0x65, 0xA4, 0xC5, 0x96, 0x63, 0x4A, 0x1E, 0xFB, 0xF4, 0x3F, 0x30, 0x63, 0x5D, 0x0C,
    0x2B, 0x6B, 0x9E, 0x6F, 0xE3, 0xC0, 0xDF, 0x1F, 0xCB, 0x2E, 0xBB, 0x9B, 0xFA, 0xF2, 0xAC, 0x54,
    0x81, 0xAE, 0xD4, 0xC9, 0x2C, 0x3A, 0xA8, 0x95, 0xA3, 0x0F, 0x11, 0x0D, 0xE4, 0x45, 0xC4, 0x4D,
    0x48, 0x14, 0xEF, 0x42, 0x0F, 0x84, 0x05, 0x2B, 0x6E, 0xA3, 0x8C, 0x7C, 0xBA, 0x6E, 0xC9, 0x08,
    0x50, 0x88, 0xFD, 0x10, 0x95, 0x24, 0xA3, 0xB1, 0x6D, 0xBC, 0xBE, 0x4F, 0x1F, 0x57, 0xAA, 0xDD,
    0xAE, 0xF2, 0xC9, 0x95, 0x29, 0xFB, 0xDB, 0xBA, 0x85, 0x8A, 0xDB, 0xE7, 0xE6, 0x6A, 0xA7, 0x76,
    0x77, 0xAA, 0xC6, 0x4E, 0x2B, 0xFE, 0xCB, 0xDE, 0xCF, 0xEF, 0x6E, 0xD8, 0xB6, 0x85, 0x2F, 0x7C,
    0x43, 0xBD, 0x6B, 0x44, 0xDA, 0x71, 0xA8, 0x8C, 0x13, 0xE1, 0xF7, 0x49, 0xD6, 0x3E, 0xA8, 0xC9,
    0x2A, 0xA9, 0x35, 0xDB, 0xCA, 0x13, 0x17, 0xEA, 0xCA, 0x86, 0x34, 0xE7, 0x15, 0x56, 0xB3, 0x95,
    0x41, 0x03, 0x4C, 0x40, 0x15, 0x52, 0xA8, 0xC2, 0xB1, 0xFE, 0x49, 0xEA, 0xC1, 0x92, 0x8C, 0x1A,
    0x9D, 0x65, 0xC6, 0xF8, 0x95, 0x7B, 0x01, 0xD6, 0xEC, 0xE5, 0x54, 0xB9, 0x14, 0x6E, 0xC8, 0x14,
    0x4E, 0x24, 0x7D, 0x87, 0xC1, 0x56, 0x57, 0x0A, 0x27, 0x76, 0x94, 0x73, 0x98, 0x8B, 0x24, 0x93,
    0xAD, 0xD5, 0x2D, 0x04, 0x04, 0x97, 0x15, 0x30, 0x0B, 0x15, 0xA7, 0xDA, 0xDD, 0x0A, 0xBC, 0x3F,
    0x9B, 0x9B, 0xB5, 0x0F, 0x0B, 0xEB, 0x22, 0x16, 0x9B, 0x7B, 0x91, 0xB5, 0x3F, 0x06, 0x64, 0xB7,
    0xC1, 0x6C, 0x59, 0x40, 0x5A, 0xCD, 0xD3, 0x2A, 0x4C, 0x6E, 0x7B, 0x37, 0xEE, 0xFF, 0x5B, 0xCC,
    0xC4, 0x6F, 0x63, 0xB8, 0xAF, 0xC2, 0xB8, 0x70, 0x14, 0x1E, 0xDA, 0x38, 0xF9, 0x51, 0x68, 0x1F,
    0x7A, 0x3F, 0x18, 0x47, 0x90, 0x6F, 0xF0, 0x49, 0x79, 0x0F, 0x1B, 0x88, 0x71, 0xFF, 0xE5, 0xC7,
    0x9B, 0xB7, 0xC9, 0x0B, 0x8F, 0xED, 0x36, 0x00, 0xE3, 0x6B, 0x01, 0x79, 0xE7, 0xF5, 0xC7, 0xE2,
    0x52, 0x72, 0x4F, 0x67, 0x03, 0xAE, 0x0A, 0xCC, 0x65, 0x69, 0x49, 0xA5, 0xAB, 0xC9, 0x4B, 0x5F,
    0xBB, 0xA5, 0x07, 0x9A, 0x9E, 0x0A, 0x7A, 0x53, 0xB1, 0x04, 0xB4, 0xBF, 0x62, 0xE9, 0x02, 0x2F,
    0x2F, 0x87, 0x0A, 0x50, 0xF3, 0x35, 0xE8, 0x3F, 0x8D, 0x4F, 0x29, 0x9A, 0xE5, 0x21, 0xA9, 0xF8,
    0x52, 0x3A, 0xFE, 0x2C, 0x26, 0x6B, 0x81, 0x14, 0x36, 0x07, 0x3C, 0x14, 0xC0, 0xC3, 0x78, 0x7A,
    0x36, 0x1E, 0x55, 0x86, 0xC1, 0x28, 0xD4, 0xE1, 0x93, 0x73, 0xE8, 0x32, 0x97, 0x6B, 0x2F, 0x95,
    0x5C, 0x5B, 0xE5, 0x20, 0xF0, 0xB8, 0xE0, 0x5B, 0xF6, 0x57, 0x22, 0x9B, 0x80, 0x2D, 0x3F, 0x9D,
    0xF1, 0xFC, 0x7D, 0xFB, 0x5B, 0xEA, 0x18, 0xA1, 0x7C, 0x9B, 0x78, 0xFB, 0x5F, 0x4C, 0xBB, 0x1D,
    0xF4, 0x39, 0x41, 0xA0, 0x0D, 0x35, 0x0A, 0xF1, 0x56, 0x0B, 0xE9, 0x3E, 0x78, 0xD8, 0xCD, 0x49,
    0xB2, 0xFC, 0x95, 0xC8, 0xCF, 0xC5, 0xAD, 0x6B, 0xB1, 0xC0, 0x38, 0x5F, 0x1D, 0xE5, 0x82, 0xB5,
    0x73, 0xAB, 0x78, 0xA9, 0x9E, 0x8E, 0xC0, 0x95, 0x17, 0x14, 0x85, 0x30, 0xFC, 0xFA, 0x58, 0x19,
    0xC4, 0xE0, 0x1C, 0x9A, 0x4B, 0xB4, 0xDC, 0x9C, 0x9D, 0x4E, 0x9B, 0x25, 0xFA, 0x27, 0x4D, 0xC1,
    0xA8, 0x9A, 0x3E, 0xEC, 0xA9, 0x42, 0xA6, 0x36, 0x51, 0x45, 0x39, 0xD3, 0x39, 0xCA, 0x69, 0x13,
    0xC3, 0xC0, 0x58, 0x4A, 0x3E, 0x31, 0x64, 0xE3, 0x5C, 0x26, 0x43, 0x58, 0x77, 0x47, 0xC2, 0xC5,
    0xD5, 0xB7, 0xA0, 0xB4, 0x8C, 0xA6, 0xCE, 0xB6, 0xA4, 0x4E, 0xB4, 0xA3, 0x91, 0x8E, 0xCE, 0x8F,
    0x92, 0x7A, 0xCF, 0x4A, 0xF2, 0x26, 0x1F, 0x9C, 0x60, 0xEF, 0xC8, 0xEB, 0x15, 0x34, 0x42, 0x07,
    0x76, 0x27, 0x1F, 0x73, 0x68, 0xBB, 0x1E, 0xB6, 0xB3, 0x9A, 0x15, 0xE2, 0x1E, 0x5A, 0x73, 0x53,
    0xDF, 0x4C, 0xB0, 0x9E, 0x4B, 0x7E, 0xEA, 0x47, 0x4F, 0x21, 0x7E, 0xCA, 0x50, 0x56, 0x15, 0x37,
    0xF0, 0x4C, 0x93, 0x38, 0x81, 0x1E, 0x33, 0x0A, 0x01, 0x4C, 0xC1, 0xDF, 0x1E, 0x2A, 0x1A, 0x62,
    0xD3, 0x0A, 0xF0, 0x4C, 0xF2, 0x22, 0x39, 0x62, 0xCA, 0xFB, 0x64, 0x62, 0x73, 0x44, 0x61, 0x3D,
    0xEE, 0xFA, 0x24, 0x02, 0xE5, 0xAB, 0x6A, 0xEB, 0xF8, 0xAE, 0x2D, 0xF4, 0xC9, 0xB4, 0xC9, 0x88,
    0x52, 0x34, 0x42, 0x3A, 0x1B, 0x8E, 0xDC, 0x6C, 0xEC, 0x14, 0x69, 0x1E, 0x27, 0xC7, 0x0E, 0x0E,
    0x72, 0x94, 0x97, 0xC5, 0x74, 0xA0, 0x43, 0x07, 0x71, 0x29, 0x9A, 0xCD, 0xEE, 0x13, 0xCC, 0x50,
    0xB2, 0xFB, 0x1C, 0xA6, 0xE8, 0x84, 0x4C, 0x82, 0x82, 0x63, 0xA4, 0x93, 0x0D, 0x32, 0x0C, 0x6A,
    0xE4, 0xE6, 0x3E, 0x31, 0x56, 0xC4, 0xDB, 0x25, 0xB8, 0xEE, 0x82, 0xC8, 0x2A, 0x28, 0xE0, 0x50,
    0x4C, 0x56, 0x2D, 0x0E, 0xAB, 0x48, 0xDF, 0x4F, 0x63, 0x35, 0x10, 0xF5, 0x42, 0xC7, 0xDC, 0x20,
    0xB5, 0xF4, 0x49, 0x89, 0x51, 0x9F, 0x7A, 0xB5, 0xFC, 0x77, 0x0F, 0x2D, 0x1D, 0x32, 0xEF, 0xBD,
    0x51, 0xBA, 0xB1, 0xBB, 0x7B, 0xE3, 0xB1, 0x7B, 0x1A, 0x12, 0xE6, 0x5B, 0x87, 0xD3, 0x8D, 0x93,
    0xBB, 0x29, 0x8E, 0xA0, 0xA6, 0xB3, 0x3D, 0x5E, 0x8D, 0x99, 0xF8, 0x32, 0x9D, 0x1A, 0x0A, 0x4B,
    0x5E, 0xF1, 0x23, 0x8C, 0x21, 0x30, 0xBE, 0x47, 0x15, 0xA3, 0x81, 0x8E, 0x1A, 0x4D, 0x51, 0x81,
    0xF5, 0xDD, 0x1E, 0x03, 0x5A, 0xA0, 0x82, 0x16, 0x0A, 0x13, 0xEB, 0xA6, 0x45, 0x65, 0xF0, 0x8E,
    0xC5, 0xD1, 0xE0, 0x8D, 0x43, 0x00, 0x04, 0x72, 0x34, 0x18, 0xD9, 0x2C, 0x2A, 0xEB, 0x61, 0xAE,
    0x05, 0x23, 0x5D, 0x05, 0x8C, 0xFE, 0x25, 0x00, 0x81, 0x1C, 0x09, 0xB6, 0xFD, 0x47, 0x00, 0xEE,
    0x58, 0x1C, 0x09, 0x06, 0xFF, 0x37, 0xBA, 0x35, 0x12, 0xAC, 0x1F, 0x17, 0x15, 0x5C, 0x1A, 0xE3,
    0xD5, 0x9C, 0x85, 0x57, 0x35, 0xE0, 0x91, 0x18, 0x10, 0x08, 0x78, 0x2D, 0x05, 0x1C, 0xDE, 0x22,
    0x26, 0x10, 0x30, 0x53, 0x33, 0x0A, 0x42, 0x00, 0xAC, 0xFD, 0x49, 0x32, 0x71, 0x3C, 0x01, 0x60,
    0x67, 0x9E, 0xD4, 0x5E, 0x40, 0xE0, 0xAE, 0x56, 0x52, 0x83, 0x21, 0xA8, 0x58, 0x0F, 0xC1, 0x15,
    0x98, 0xB4, 0x15, 0xF3, 0xF8, 0xA7, 0xA3, 0x1A, 0x0C, 0x44, 0x05, 0xA3, 0x10, 0xD5, 0xB6, 0x60,
    0x39, 0x7E, 0x5B, 0xD4, 0x30, 0xE6, 0x23, 0x47, 0x08, 0x1B, 0x13, 0x15, 0xDC, 0xA4, 0x67, 0x87,
    0x86, 0x78, 0x83, 0xEA, 0xC0, 0x15, 0x22, 0x87, 0x3C, 0xB7, 0xC5, 0x82, 0x36, 0xDB, 0x8C, 0x94,
    0x96, 0x88, 0xC8, 0x48, 0xE5, 0xBF, 0x14, 0xF4, 0x1F, 0x23, 0x9C, 0x5D, 0x95, 0xAD, 0x4C, 0x4E,
    0xEE, 0x91, 0xA4, 0x44, 0x75, 0x39, 0x5B, 0x1B, 0x97, 0x2A, 0x55, 0x1C, 0xFF, 0x03, 0x7C, 0x6F,
    0xB9, 0x3F, 0x13, 0x36, 0x67, 0x1E, 0xA9, 0x62, 0x5D, 0x3A, 0x08, 0x98, 0x14, 0xB3, 0xF2, 0xD9,
    0x7B, 0x8B, 0xA9, 0x0C, 0xD8, 0x7B, 0xD9, 0xB6, 0xB3, 0x59, 0xF1, 0xC0, 0xE5, 0xD0, 0x22, 0x7D,
    0x29, 0x16, 0x96, 0x29, 0x0D, 0xE9, 0x85, 0xC5, 0x6B, 0x2B, 0xD1, 0x77, 0x4C, 0x27, 0x5B, 0x5E,
    0x14, 0x2A, 0x25, 0x13, 0x03, 0x4A, 0x27, 0x54, 0x8A, 0x32, 0xBA, 0x62, 0xD5, 0x33, 0x57, 0x3F,
    0x3F, 0xB1, 0x2A, 0xBD, 0xFE, 0x33, 0xE2, 0x66, 0xD2, 0xFF, 0x1F, 0xA5, 0xCD, 0x41, 0x0A, 0x80,
    0x30, 0x0C, 0x44, 0xD1, 0xB1, 0x81, 0x46, 0xF0, 0x50, 0x5E, 0x42, 0xF0, 0x82, 0x5D, 0x78, 0x0B,
    0xAF, 0xD5, 0x45, 0xD2, 0x38, 0x22, 0x45, 0xDD, 0x6A, 0x16, 0x2F, 0x9B, 0x81, 0x0F, 0x5C, 0x97,
    0x2A, 0x72, 0x51, 0xC7, 0x1C, 0x53, 0x43, 0x84, 0x7A, 0x8A, 0x36, 0x14, 0x69, 0x23, 0x20, 0x86,
    0x8E, 0x23, 0x6D, 0x7B, 0x98, 0xD8, 0xCD, 0xEA, 0x8B, 0xF0, 0xE1, 0x1F, 0x8C, 0xE7, 0xC2, 0xB8,
    0xD6, 0x33, 0x5E, 0x19, 0xD7, 0xCA, 0x38, 0x31, 0x74, 0x9C, 0x30, 0xF9, 0x84, 0xF1, 0xD7, 0xE4,
    0x1B, 0x07, 0xED, 0x7C, 0x6F, 0x8C, 0x1C, 0xE5, 0x99, 0xE7, 0xF3, 0x56, 0xD9, 0x53, 0xC6, 0xE5,
    0xEE, 0xF2, 0x07, 0x40, 0x2C, 0xEE, 0x99, 0x76, 0x56, 0xAC, 0xE4, 0xBD, 0xEB, 0x99, 0x9E, 0x95,
    0x7B, 0x93, 0x26, 0x19, 0xBB, 0xCB, 0xF0, 0xC1, 0x27, 0x59, 0x1B, 0xE6, 0x03, 0x46, 0x77, 0x80,
    0x02, 0x3A, 0xA1, 0x48, 0x09, 0xD9, 0x9D, 0x5E, 0x65, 0x56, 0xF1, 0x06, 0xDB, 0x5D, 0xC0, 0x07,
    0x56, 0x0A, 0x77, 0x3B, 0x27, 0xC1, 0xEA, 0xB4, 0x77, 0xBA, 0xF3, 0x9E, 0x42, 0xB4, 0x40, 0x12,
    0x17, 0xC7, 0x48, 0x37, 0x24, 0xF6, 0x74, 0xC1, 0xE8, 0xD6, 0x3A, 0x05, 0x96, 0x02, 0xEF, 0x2D,
    0x1F, 0x36, 0xBB, 0x5B, 0x84, 0x01, 0x44, 0xD8, 0x95, 0x2B, 0x9B, 0x26, 0xF4, 0xD8, 0xDD, 0x5D,
    0xF7, 0xFC, 0x9E, 0xF7, 0xAD, 0x9E, 0xB1, 0x3D, 0xFE, 0x03, 0x18, 0x0C, 0xD1, 0x0D, 0x66, 0xFA,
    0x99, 0xAE, 0x7F, 0xEF, 0xFB, 0xAB, 0xDF, 0xF3, 0xEF, 0x7D, 0x9F, 0xF7, 0x25, 0x22, 0x75, 0x3B,
    0xC9, 0x8F, 0xCA, 0xB2, 0x8E, 0x08, 0xD5, 0xC7, 0xD4, 0x4C, 0xC0, 0x9F, 0x16, 0xFF, 0xA9, 0xBA,
    0x2C, 0x78, 0xF8, 0xAB, 0xCA, 0xFF, 0x4F, 0xE1, 0xB0, 0x1D, 0x11, 0xA5, 0x72, 0x62, 0x2A, 0xB2,
    0x7C, 0xEF, 0xF8, 0x22, 0x8C, 0x52, 0x51, 0xDF, 0xCC, 0xA5, 0x8A, 0x16, 0xEC, 0xA0, 0xAE, 0x05,
    0x2B, 0x9A, 0x25, 0xCF, 0xA7, 0x32, 0xA9, 0x38, 0xA4, 0x46, 0x84, 0x7F, 0xC9, 0x50, 0x48, 0x8C,
    0x10, 0x26, 0xFA, 0x1C, 0x08, 0xFA, 0x67, 0x1D, 0x21, 0xF5, 0xDE, 0x24, 0xDA, 0xD8, 0xA6, 0x34,
    0xDC, 0x72, 0x7D, 0x3B, 0x7B, 0xE7, 0x56, 0x4A, 0x66, 0x8B, 0x78, 0xFC, 0x36, 0x15, 0xD7, 0xDD,
    0xEC, 0xA9, 0x3B, 0x8F, 0x0E, 0xAC, 0xA8, 0x62, 0x67, 0xFC, 0xD3, 0xB3, 0x83, 0x22, 0x41, 0x48,
    0x5D, 0x72, 0xFD, 0x6A, 0x47, 0x65, 0xC1, 0x18, 0xB7, 0xD9, 0x89, 0xE9, 0x10, 0xFA, 0x92, 0xD2,
    0xB6, 0x81, 0x8F, 0xBE, 0x0C, 0xFB, 0xE5, 0xE1, 0x3E, 0xE5, 0xB5, 0x7D, 0xA7, 0xD6, 0x1C, 0xCD,
    0xC4, 0xD2, 0x81, 0x2C, 0xEB, 0x1A, 0xA4, 0x0C, 0x62, 0x43, 0x61, 0x78, 0xE8, 0xC2, 0xD0, 0xED,
    0xC2, 0x61, 0x67, 0x0D, 0x74, 0x96, 0x86, 0xAE, 0x7E, 0x99, 0xD0, 0x6D, 0xE4, 0x2E, 0x6B, 0xE8,
    0x12, 0x6A, 0x0B, 0x74, 0xE1, 0x2C, 0xC5, 0x09, 0xA0, 0x8B, 0xEB, 0x56, 0xD4, 0xBC, 0x28, 0x62,
    0xC9, 0xC8, 0x1C, 0x7F, 0x7C, 0x8D, 0xA1, 0x9B, 0x68, 0x9F, 0x7E, 0x2A, 0x7B, 0x37, 0x48, 0xC3,
    0x1D, 0xF6, 0x4C, 0xF6, 0x5F, 0xAD, 0x20, 0x99, 0x1D, 0xB7, 0xE9, 0xC8, 0x16, 0xE7, 0xC1, 0xB8,
    0xEE, 0x9D, 0x64, 0xA1, 0xC5, 0xD0, 0xB9, 0x33, 0x8F, 0xFD, 0xC5, 0xCC, 0x7F, 0x63, 0xE8, 0xEC,
    0x87, 0x8F, 0x66, 0xDF, 0xAF, 0xB8, 0xDC, 0xC2, 0x67, 0xF9, 0x50, 0x32, 0xCA, 0x10, 0x95, 0xE9,
    0x88, 0xE7, 0x03, 0x3A, 0x6B, 0xF9, 0x2F, 0x16, 0x34, 0x74, 0x37, 0x9E, 0xF6, 0x2F, 0x1F, 0xBA,
    0x8D, 0xFB, 0xE9, 0x1C, 0xEC, 0xD6, 0x10, 0x6F, 0x15, 0x3F, 0xBE, 0xA4, 0xAB, 0xFF, 0x5F, 0x8B,
    0xE1, 0x1A, 0x14, 0x57, 0x71, 0xE4, 0xD3, 0xE4, 0x19, 0x74, 0x00, 0x87, 0xFC, 0x90, 0x7F, 0x73,
    0x4B, 0xF9, 0x2A, 0x07, 0x5F, 0x1F, 0xF2, 0xF8, 0x57, 0x69, 0x4C, 0x70, 0xBD, 0x95, 0x5B, 0x58,
    0x17, 0x48, 0xD5, 0x0B, 0x7C, 0x8B, 0xD9, 0xAD, 0xD7, 0xB1, 0xE4, 0xEF, 0xE1, 0xD3, 0x42, 0xCA,
    0x22, 0xAA, 0x76, 0x88, 0x01, 0x0B, 0xED, 0x20, 0xA5, 0xF9, 0x0A, 0xC4, 0x44, 0xD1, 0x56, 0xF2,
    0x37, 0xF0, 0x51, 0x7A, 0x4B, 0x43, 0xF9, 0xA3, 0x90, 0xD4, 0x69, 0xFD, 0xB4, 0x2F, 0x76, 0xC9,
    0xDD, 0x63, 0x5E, 0x61, 0x99, 0x4A, 0x96, 0x6E, 0x75, 0xC5, 0x8E, 0xEA, 0xF6, 0x6D, 0xEF, 0xF8,
    0x74, 0x7D, 0xBB, 0xA4, 0xA2, 0x9A, 0xAD, 0x09, 0x5A, 0xA0, 0xB8, 0xE6, 0x6A, 0x8A, 0xBA, 0x14,
    0x8F, 0x8F, 0x3B, 0x42, 0x52, 0xFB, 0x91, 0xC8, 0xEB, 0x59, 0x9A, 0xA6, 0x19, 0xF1, 0xDB, 0x6F,
    0x6B, 0xA2, 0xA2, 0x17, 0x42, 0xD5, 0x51, 0x21, 0xA5, 0xB5, 0xCC, 0x3D, 0x9B, 0xD2, 0x7D, 0x35,
    0x74, 0x3D, 0x0B, 0x87, 0x35, 0xE8, 0xAC, 0x22, 0xBF, 0x06, 0xFB, 0xB5, 0xE8, 0xAF, 0x87, 0xFF,
    0x15, 0x57, 0x7B, 0x6E, 0xD6, 0x2E, 0xE1, 0xAE, 0xC7, 0x4C, 0xD5, 0x6A, 0x9F, 0x52, 0x26, 0xDC,
    0x15, 0x01, 0xDC, 0x35, 0x42, 0x62, 0x04, 0x66, 0xAA, 0x9B, 0xD0, 0xA2, 0x08, 0x7C, 0xEF, 0xA9,
    0x2B, 0xAC, 0xF6, 0x96, 0x51, 0xFB, 0x65, 0x75, 0xFC, 0xB3, 0xA6, 0xF6, 0xFA, 0x79, 0x0C, 0x5D,
    0x39, 0xA6, 0x96, 0x0F, 0xE8, 0x9E, 0x5B, 0xB0, 0xDE, 0xD2, 0x6A, 0x5F, 0xB2, 0xFD, 0xC9, 0x8B,
    0xAB, 0xFD, 0x2A, 0x74, 0x42, 0xC9, 0x0F, 0x08, 0xDD, 0x90, 0x86, 0x4C, 0xC2, 0x84, 0x16, 0x3E,
    0x0A, 0x74, 0x43, 0xDA, 0xAD, 0x62, 0x38, 0x3C, 0x26, 0xE0, 0x39, 0x46, 0xE5, 0x55, 0xD7, 0x8B,
    0x0C, 0x7C, 0xE5, 0x4A, 0x6C, 0xF0, 0xB3, 0x3B, 0xCD, 0x1C, 0xC0, 0xA4, 0x6E, 0xC8, 0xA7, 0xA2,
    0x82, 0x81, 0xD0, 0x0A, 0x36, 0x1B, 0x0C, 0x6D, 0x72, 0x0C, 0x88, 0x36, 0xFF, 0x57, 0x1F, 0x4A,
    0x1A, 0x46, 0xDB, 0x77, 0x59, 0x95, 0xAB, 0x09, 0xB5, 0x9E, 0x8F, 0xC7, 0x59, 0xEA, 0x1C, 0xB4,
    0x5E, 0x4F, 0x5B, 0x50, 0xFA, 0x60, 0x93, 0xF2, 0xB7, 0xF3, 0x37, 0x43, 0xBC, 0x2E, 0x21, 0xA5,
    0xDE, 0x8A, 0xC0, 0x99, 0x90, 0xC1, 0xD3, 0x4F, 0x68, 0x08, 0x28, 0xD5, 0x59, 0xBD, 0xEF, 0x00,
    0xA2, 0x94, 0x43, 0xEA, 0xD3, 0x10, 0x53, 0xED, 0x86, 0xDA, 0xD0, 0x6D, 0x51, 0x6D, 0xF1, 0x43,
    0x80, 0x35, 0x0B, 0xA4, 0x87, 0x43, 0x5C, 0x35, 0xB0, 0xD5, 0x73, 0xD4, 0x1A, 0xD0, 0x46, 0xE7,
    0x2A, 0xF5, 0xF9, 0x3A, 0xFD, 0xB1, 0x11, 0xD3, 0xC6, 0xE5, 0x15, 0x26, 0xA6, 0x36, 0xCF, 0x20,
    0x66, 0x35, 0xC0, 0x3F, 0x26, 0xA6, 0xD5, 0xC5, 0x97, 0x4C, 0xCC, 0x6D, 0x1D, 0xC5, 0x24, 0x09,
    0x13, 0x7B, 0x85, 0x68, 0xA4, 0xC7, 0x82, 0x85, 0x3B, 0xDE, 0xF0, 0xA9, 0x26, 0xA6, 0xDA, 0xBF,
    0x7F, 0x1A, 0x9F, 0xDB, 0xF0, 0x88, 0x65, 0x9C, 0xC1, 0xC6, 0xE6, 0xC6, 0x2C, 0x86, 0x57, 0xD8,
    0x78, 0x3B, 0xB9, 0x3D, 0x6A, 0x07, 0x0E, 0x8E, 0x64, 0x94, 0xF9, 0x8B, 0xBE, 0x6A, 0xFB, 0x99,
    0xDF, 0x7E, 0x8D, 0xFB, 0xE1, 0xBC, 0x95, 0x51, 0x35, 0x7B, 0x8C, 0xEF, 0x94, 0xF5, 0xC8, 0xC9,
    0xE4, 0x27, 0x21, 0x75, 0x0A, 0x9F, 0x67, 0x22, 0xC6, 0xEC, 0xCE, 0x2C, 0x7B, 0x47, 0xB1, 0x7D,
    0xCB, 0xC9, 0x63, 0x50, 0xAD, 0xE7, 0xA8, 0x56, 0x0C, 0x51, 0xA9, 0x40, 0x35, 0xA8, 0xF8, 0x80,
    0xCF, 0x68, 0xAA, 0x5F, 0x25, 0xCE, 0xDF, 0x45, 0x2E, 0x0B, 0xC1, 0xBD, 0x23, 0x14, 0x81, 0xB8,
    0xE6, 0x5D, 0x0C, 0x85, 0xE6, 0x79, 0x42, 0x4D, 0x0B, 0xC5, 0xD5, 0x1B, 0x56, 0x88, 0x3D, 0xDF,
    0x41, 0xFE, 0x28, 0x92, 0xBB, 0x72, 0x7F, 0xCA, 0x07, 0xB8, 0x19, 0x33, 0x03, 0x34, 0x43, 0xDE,
    0x24, 0x71, 0xC3, 0x54, 0x92, 0x23, 0xB6, 0x20, 0xEE, 0x84, 0xFF, 0x9F, 0x80, 0x70, 0x10, 0xFC,
    0x48, 0xF4, 0xFF, 0x44, 0xD2, 0x65, 0xA1, 0x8C, 0xC0, 0x23, 0xD0, 0x0D, 0x1D, 0xB8, 0xFE, 0x39,
    0xC6, 0xFF, 0xEF, 0x97, 0xAB, 0xD9, 0xA2, 0xCF, 0x64, 0xFC, 0x94, 0x36, 0xBD, 0x1D, 0xB9, 0x2B,
    0x74, 0x57, 0x62, 0xBD, 0x46, 0x49, 0xF7, 0x30, 0x1F, 0x3B, 0x5C, 0xDE, 0x4B, 0x49, 0x15, 0x77,
    0x74, 0x7B, 0xDC, 0x17, 0x21, 0x86, 0x9A, 0x1B, 0xF6, 0x8A, 0xDB, 0x69, 0x4C, 0x1E, 0x37, 0xDE,
    0xF4, 0x82, 0x4A, 0x39, 0x52, 0xFC, 0x6E, 0x47, 0x8D, 0x54, 0xCB, 0x61, 0x5C, 0x05, 0x94, 0x71,
    0x28, 0x0D, 0x8F, 0xE6, 0x57, 0xD4, 0x35, 0x04, 0x82, 0x01, 0x77, 0x3E, 0x26, 0xA7, 0x23, 0x92,
    0xD5, 0xA3, 0x6A, 0x24, 0x12, 0xBB, 0xDE, 0x76, 0xCC, 0xD2, 0x14, 0xD9, 0x7D, 0x6A, 0x40, 0xAA,
    0x90, 0x2D, 0x47, 0xA7, 0x70, 0xBF, 0x23, 0xB4, 0xD9, 0xE7, 0xB3, 0x0A, 0xE6, 0x7E, 0xB3, 0x82,
    0x8F, 0x7E, 0x2E, 0xEB, 0xC9, 0x34, 0x59, 0xCC, 0x78, 0x80, 0xB7, 0xC0, 0x54, 0x63, 0x0D, 0x62,
    0xF5, 0x2F, 0x7F, 0xAF, 0x4B, 0x4E, 0x80, 0x13, 0x98, 0xA2, 0x72, 0xFA, 0x94, 0x69, 0xBC, 0xE1,
    0xA4, 0x68, 0x9C, 0x9D, 0x0C, 0x1D, 0xF8, 0x71, 0xE0, 0xA2, 0x03, 0x9D, 0x65, 0xD6, 0x1D, 0x7D,
    0xFB, 0x36, 0xF0, 0x33, 0xCC, 0xF4, 0xAF, 0x88, 0x76, 0x6F, 0xCC, 0xB5, 0xFB, 0xB0, 0xD1, 0x6E,
    0x2B, 0x31, 0xDA, 0xAD, 0x15, 0x9E, 0xB5, 0x7B, 0xE3, 0x59, 0x6E, 0xE7, 0x5E, 0xF1, 0xD8, 0x3E,
    0x59, 0xA9, 0x09, 0xD4, 0xCB, 0xBE, 0x09, 0xD4, 0x17, 0x44, 0x85, 0x59, 0xC8, 0xE6, 0x4C, 0xC4,
    0x7E, 0x47, 0x67, 0x5D, 0xED, 0x36, 0x42, 0x9A, 0xBF, 0xDE, 0x64, 0x96, 0x36, 0x70, 0x53, 0x19,
    0xA6, 0x3A, 0x54, 0x13, 0x90, 0x71, 0xBC, 0xB0, 0xC2, 0x46, 0x02, 0xDA, 0xCD, 0xA4, 0x99, 0x23,
    0x57, 0xEC, 0xCF, 0x34, 0x5A, 0x38, 0x8C, 0x32, 0x56, 0x63, 0xBD, 0x8F, 0xEA, 0x76, 0xAE, 0x4E,
    0xA0, 0x3E, 0xAF, 0x5E, 0xBF, 0x44, 0xA0, 0xAE, 0x3E, 0xC7, 0x1F, 0xD7, 0x22, 0x50, 0xFF, 0x2A,
    0xDF, 0x6E, 0x27, 0x43, 0xB7, 0xE5, 0x45, 0x36, 0x9E, 0x5F, 0x05, 0x74, 0x68, 0x58, 0x00, 0xE8,
    0x4C, 0x2C, 0x30, 0x7C, 0x56, 0x05, 0x4A, 0x5C, 0x11, 0xE8, 0xAC, 0xC1, 0x5D, 0x5D, 0x0D, 0x1D,
    0xCC, 0xE0, 0xC7, 0x02, 0xDD, 0xD0, 0x61, 0x57, 0xFF, 0x46, 0xC9, 0xC9, 0xDA, 0x5D, 0xE7, 0xD0,
    0x95, 0x73, 0xE8, 0xEC, 0xF8, 0x3C, 0xE8, 0x86, 0x71, 0x62, 0x71, 0x08, 0x9D, 0x6F, 0x74, 0x95,
    0xE3, 0x65, 0x73, 0x7B, 0x86, 0x8E, 0xE3, 0xF1, 0x8D, 0x12, 0xE3, 0xB0, 0xDD, 0x6D, 0x74, 0xB8,
    0xEF, 0x76, 0x3C, 0x4F, 0x9D, 0x29, 0xE0, 0xA3, 0x23, 0xF1, 0x66, 0x8E, 0xD8, 0x6C, 0x2E, 0xD4,
    0x56, 0x05, 0xFD, 0x88, 0xAD, 0xCD, 0x54, 0x7F, 0x35, 0xDB, 0x0C, 0x67, 0x0D, 0xFB, 0x66, 0xA5,
    0xEF, 0x56, 0x9C, 0xD4, 0x45, 0x7B, 0xDD, 0x5F, 0xC4, 0x15, 0x51, 0xBD, 0x89, 0x6A, 0x54, 0x24,
    0x28, 0x5C, 0xC7, 0xF3, 0xD9, 0xA7, 0xF8, 0xE4, 0xA6, 0x76, 0xC0, 0x71, 0xE2, 0xE0, 0xCF, 0xFB,
    0x07, 0xB8, 0xE9, 0x29, 0x1B, 0xF6, 0x78, 0x93, 0x92, 0x78, 0x14, 0x86, 0x32, 0x92, 0x9E, 0x1E,
    0x00, 0xEA, 0x80, 0xAE, 0x2C, 0xBD, 0x6A, 0x00, 0xBA, 0x09, 0x0D, 0xDD, 0x4A, 0xBB, 0x63, 0xA0,
    0xDB, 0xE8, 0x5F, 0x41, 0xD6, 0x89, 0xCA, 0x30, 0xEB, 0x54, 0x9F, 0x4F, 0xE9, 0x30, 0xEB, 0x5C,
    0x64, 0x73, 0x7F, 0xC0, 0xAC, 0x13, 0x73, 0xE8, 0xDC, 0xB2, 0x36, 0x4E, 0x34, 0x8A, 0x36, 0x14,
    0x56, 0x39, 0x66, 0x07, 0x1C, 0xC3, 0x54, 0xC0, 0xBA, 0x76, 0x80, 0x30, 0xE8, 0x32, 0x15, 0xF6,
    0x7C, 0xD6, 0x91, 0xCF, 0x6F, 0x03, 0xAC, 0x63, 0x50, 0xE6, 0x35, 0xEB, 0x0E, 0xDF, 0x15, 0x6B,
    0xD6, 0xB9, 0x83, 0x4F, 0xA7, 0xC2, 0x4A, 0x9E, 0xC1, 0xD0, 0x55, 0xDB, 0x5D, 0x2B, 0x3B, 0xF5,
    0x70, 0x50, 0x6F, 0x23, 0xEB, 0xCA, 0x7E, 0x16, 0xCD, 0x4A, 0xFA, 0x95, 0xFD, 0x22, 0x0E, 0xB5,
    0x90, 0x26, 0x2C, 0xF0, 0x39, 0x2C, 0x24, 0xAD, 0x8C, 0xAF, 0xCA, 0xE2, 0x30, 0xA9, 0xB2, 0x4B,
    0x6F, 0x67, 0x41, 0x98, 0xB8, 0x9C, 0x27, 0x36, 0x06, 0x82, 0x21, 0x21, 0xBF, 0xB9, 0x04, 0x74,
    0xBF, 0x6D, 0xCD, 0x69, 0xE8, 0xDA, 0x59, 0xAA, 0xA1, 0x43, 0xB2, 0x25, 0xB6, 0x0E, 0xDF, 0x08,
    0x74, 0x8D, 0xEC, 0x63, 0x82, 0x6E, 0x55, 0x61, 0x97, 0xB5, 0xC2, 0xAA, 0x5C, 0x61, 0xDD, 0xF3,
    0x14, 0xB6, 0x93, 0x43, 0x17, 0xE7, 0x0A, 0x1B, 0x18, 0x85, 0xF5, 0x72, 0x5B, 0xC7, 0xF1, 0xCC,
    0xE9, 0xA7, 0x38, 0x45, 0xED, 0x66, 0xE6, 0xA7, 0xD7, 0x5E, 0xE2, 0xDF, 0x1D, 0xFE, 0xD7, 0xBA,
    0x2D, 0xCB, 0xDC, 0x7F, 0xE1, 0xB8, 0xA7, 0x7D, 0x4F, 0xD6, 0xB7, 0xDF, 0x60, 0xEC, 0x70, 0x18,
    0xA9, 0x2D, 0x84, 0xAE, 0x32, 0x42, 0x87, 0x8C, 0xC0, 0x21, 0x38, 0x0B, 0xEF, 0x67, 0xEC, 0x1F,
    0xCB, 0xD9, 0xA0, 0x19, 0xB6, 0x57, 0xD0, 0x91, 0xE5, 0xB0, 0x99, 0x43, 0x67, 0x22, 0x19, 0x8A,
    0xA7, 0xF0, 0x7C, 0xD7, 0xB7, 0xA2, 0x51, 0x66, 0xBE, 0x5A, 0x64, 0xE8, 0xF8, 0xEF, 0x56, 0x96,
    0x68, 0xE8, 0xD0, 0xD3, 0xE2, 0x6A, 0x9B, 0x0D, 0x74, 0x9D, 0x35, 0xFD, 0xD2, 0xA6, 0xC9, 0x37,
    0xD0, 0xF5, 0x04, 0x8D, 0x35, 0xD0, 0xAD, 0x7C, 0x42, 0x6E, 0x42, 0x1D, 0x41, 0x98, 0xC3, 0x0A,
    0x5B, 0x66, 0xBE, 0xA8, 0x45, 0x76, 0x13, 0x07, 0xE4, 0xF2, 0xE7, 0xE3, 0x70, 0xAB, 0x9C, 0x13,
    0xAC, 0x51, 0x58, 0x95, 0xF9, 0x54, 0x4E, 0xA1, 0xB0, 0xEC, 0x3E, 0x1E, 0xE8, 0x19, 0x57, 0x6B,
    0x8B, 0xC0, 0x5D, 0x51, 0x9D, 0x0F, 0xA0, 0xB0, 0x9B, 0x35, 0xEB, 0x00, 0x93, 0xB0, 0x0E, 0xE1,
    0xA6, 0xF6, 0xB0, 0xEC, 0xC4, 0xC1, 0x3A, 0x7E, 0x37, 0xB1, 0x86, 0x6E, 0xFF, 0xFE, 0xCF, 0x8A,
    0x87, 0x1D, 0xDA, 0x3A, 0x3D, 0x54, 0xB8, 0xEE, 0x28, 0xE2, 0xA5, 0x87, 0x13, 0x2F, 0x0A, 0x5D,
    0x95, 0x59, 0x1A, 0x00, 0xBA, 0xEB, 0xF6, 0xEF, 0xDF, 0xEF, 0x1B, 0xE8, 0x28, 0x87, 0xEE, 0xB3,
    0x1B, 0x9C, 0x9C, 0xEF, 0x26, 0x38, 0xED, 0xE1, 0x7F, 0x0C, 0x1D, 0x6C, 0x5D, 0x7A, 0x99, 0xC3,
    0x09, 0x17, 0x83, 0x8E, 0x55, 0x3B, 0x8B, 0x7F, 0x6D, 0xA0, 0x1B, 0x81, 0xCD, 0x5C, 0x61, 0xE8,
    0x76, 0x4B, 0x5A, 0xCA, 0x0A, 0xBB, 0x5D, 0x0E, 0xF9, 0xE7, 0x28, 0xAC, 0xDB, 0x65, 0x7C, 0x1C,
    0x56, 0xD8, 0xDD, 0x99, 0xA1, 0x1F, 0x89, 0x50, 0x0E, 0x10, 0xE0, 0x7F, 0x60, 0x0F, 0x8B, 0x7E,
    0x09, 0x74, 0x1C, 0x81, 0x08, 0x74, 0xAA, 0xC3, 0xBD, 0x11, 0xE8, 0xE0, 0x7C, 0xAF, 0x20, 0x74,
    0xD7, 0xE4, 0x6E, 0xA2, 0x0C, 0x37, 0x01, 0xB0, 0x1A, 0xB9, 0x9B, 0x78, 0x26, 0x36, 0xD0, 0x09,
    0x5F, 0x18, 0x3A, 0x13, 0xAC, 0xA5, 0xE4, 0xE8, 0x54, 0xAB, 0xCE, 0x88, 0x15, 0x34, 0x74, 0x05,
    0x9D, 0xE0, 0xBA, 0x7C, 0xC0, 0xD1, 0xD0, 0x4D, 0x69, 0xC1, 0x8A, 0x0E, 0xE9, 0x43, 0x2A, 0x6E,
    0x1B, 0x80, 0x93, 0x67, 0xE3, 0x83, 0x06, 0xBA, 0x2C, 0x31, 0xD4, 0xDA, 0x70, 0x61, 0xD6, 0x59,
    0x70, 0xBE, 0x0C, 0x6F, 0xEA, 0x7C, 0x2F, 0xA5, 0x77, 0x7E, 0x70, 0x29, 0xE8, 0xF4, 0xD3, 0x8B,
    0xBA, 0x83, 0xC2, 0xBA, 0x2A, 0xFB, 0x19, 0x81, 0xAE, 0xCB, 0xB6, 0x53, 0xA0, 0x03, 0x86, 0x9F,
    0x46, 0xD6, 0xED, 0xE0, 0xCF, 0x08, 0x0A, 0x3B, 0x0F, 0x3F, 0xC6, 0xAC, 0xDB, 0x26, 0xAF, 0x60,
    0x4F, 0x1C, 0xCA, 0x7D, 0x46, 0xA2, 0xF5, 0xE2, 0xBA, 0x75, 0x10, 0xA3, 0xED, 0x34, 0xBD, 0x09,
    0x1E, 0xE4, 0xAD, 0x94, 0x8E, 0x1F, 0x02, 0xEB, 0x38, 0xE4, 0x63, 0xDF, 0x73, 0xB9, 0xD0, 0x0D,
    0x15, 0xF6, 0x3A, 0xB6, 0x0D, 0x02, 0x5D, 0x83, 0x5F, 0xC2, 0x67, 0xC3, 0xD6, 0x89, 0xC1, 0x87,
    0xAD, 0x13, 0x17, 0xB0, 0xFE, 0x64, 0xD3, 0xA5, 0xE7, 0x98, 0xD6, 0x55, 0x58, 0x0B, 0x6D, 0x06,
    0x74, 0xAD, 0x27, 0xDA, 0x01, 0xA0, 0xE3, 0x46, 0x2B, 0x1F, 0xD0, 0x09, 0x0A, 0x80, 0xAE, 0xF4,
    0x6B, 0xEA, 0x26, 0x72, 0xD6, 0x21, 0xA8, 0xA2, 0x83, 0xC8, 0xC8, 0x7A, 0x18, 0x97, 0x35, 0x26,
    0xAE, 0x8A, 0xE1, 0x3E, 0x33, 0x00, 0xC8, 0x02, 0x5B, 0x12, 0xE6, 0x5B, 0x98, 0x9A, 0x01, 0xC0,
    0x34, 0x34, 0x03, 0x80, 0xEB, 0xB3, 0x6E, 0x93, 0xA5, 0xA1, 0xDB, 0x7E, 0xD8, 0x8D, 0x03, 0x40,
    0x77, 0xE8, 0xFD, 0x1F, 0xBC, 0x1F, 0x03, 0x3A, 0xEF, 0xC1, 0x4E, 0x55, 0xA0, 0xB3, 0x40, 0xE7,
    0xCF, 0x0E, 0xEB, 0x02, 0xC3, 0xBA, 0xD6, 0x90, 0x75, 0xC1, 0x87, 0x60, 0xDD, 0xF1, 0xDC, 0x4D,
    0xB8, 0xB9, 0xC2, 0x3A, 0x39, 0x74, 0x13, 0xB9, 0xC2, 0xBA, 0xB9, 0xC2, 0xDA, 0xBE, 0x61, 0x9D,
    0x9B, 0xB3, 0xEE, 0x78, 0xCE, 0xBA, 0xAD, 0x9F, 0x28, 0xEB, 0xEC, 0xB3, 0xA0, 0x1B, 0x37, 0xD9,
    0xC4, 0x2D, 0x92, 0x60, 0x8C, 0x51, 0xD1, 0xF5, 0x0D, 0x74, 0xE2, 0x37, 0xB6, 0x1B, 0xE8, 0xAC,
    0x8E, 0x81, 0xAE, 0xEC, 0x1B, 0xE8, 0x8E, 0xE5, 0x71, 0x5D, 0x36, 0x47, 0xA9, 0x1E, 0x62, 0xEA,
    0x5E, 0x18, 0xB1, 0x6A, 0x20, 0xC2, 0x7D, 0xD4, 0x4A, 0x9A, 0xA9, 0x0C, 0xA7, 0x21, 0x94, 0x11,
    0xC4, 0xB2, 0x4C, 0xF8, 0x8C, 0xFC, 0x25, 0xA9, 0x4B, 0x1B, 0x38, 0xF5, 0xA8, 0xC8, 0x21, 0x4E,
    0xC1, 0x34, 0x74, 0xAD, 0x2C, 0x06, 0x74, 0x65, 0x3E, 0x14, 0xA0, 0xFD, 0xC7, 0x28, 0xEB, 0xE7,
    0xBD, 0xC8, 0xFB, 0xA5, 0xFC, 0x35, 0x03, 0x1D, 0xAB, 0xD0, 0x5D, 0x8D, 0x6C, 0xE2, 0x62, 0x0A,
    0x5B, 0x8D, 0xA9, 0x25, 0xA3, 0xF1, 0x7F, 0x9C, 0xD2, 0xAF, 0x64, 0xD0, 0x29, 0xA9, 0x5B, 0x51,
    0x08, 0xA0, 0xFC, 0xAD, 0xF8, 0x77, 0x29, 0xD6, 0x2D, 0xE4, 0xAC, 0x9B, 0x39, 0x8F, 0x75, 0xE5,
    0x9C, 0x75, 0x13, 0x39, 0xEB, 0x9C, 0xDC, 0xD6, 0xD9, 0x39, 0xEB, 0x66, 0x72, 0xD6, 0x2D, 0x5C,
    0x45, 0x5B, 0x27, 0x43, 0x70, 0x0C, 0xDD, 0x1E, 0x76, 0xFC, 0xD5, 0x0E, 0x43, 0x27, 0x53, 0xC1,
    0xBF, 0x8F, 0x44, 0x0C, 0xA7, 0x6C, 0x58, 0x1F, 0xBA, 0xD5, 0xD1, 0x27, 0x8E, 0x37, 0x52, 0xB1,
    0x75, 0x07, 0x54, 0x72, 0xF0, 0xF2, 0xC7, 0xEB, 0x16, 0xF2, 0xF1, 0xBA, 0x99, 0x7C, 0xBC, 0xEE,
    0x2A, 0x43, 0xD7, 0xB9, 0x62, 0xAC, 0xF3, 0xF2, 0xB1, 0x75, 0xDB, 0xFF, 0x18, 0x13, 0xB1, 0x11,
    0x4C, 0xC1, 0xFC, 0x3B, 0x86, 0xCE, 0xCB, 0x7E, 0x7E, 0x67, 0x3B, 0xDB, 0x13, 0xD7, 0xBD, 0xEC,
    0x28, 0xFF, 0x77, 0x4B, 0x54, 0xF1, 0x32, 0x9A, 0xF4, 0x32, 0xD4, 0x24, 0x40, 0x18, 0xB8, 0xE4,
    0xEE, 0x81, 0xD0, 0xE3, 0xBC, 0x36, 0x6A, 0xB1, 0x90, 0x00, 0xBA, 0x32, 0x0B, 0x3E, 0xA0, 0x73,
    0x68, 0xB2, 0x28, 0xE9, 0xFF, 0x5E, 0x9F, 0x0A, 0x02, 0xDD, 0xFB, 0x01, 0x15, 0x25, 0xFD, 0x67,
    0x9B, 0xDC, 0x10, 0xE8, 0x46, 0xBA, 0xCA, 0x28, 0x2C, 0xE2, 0xC3, 0x0B, 0x4E, 0xF0, 0x5E, 0x71,
    0x0C, 0x1B, 0xB1, 0xC6, 0x50, 0xC5, 0x07, 0x18, 0x43, 0x6E, 0xA5, 0x4D, 0x05, 0x60, 0x78, 0x9C,
    0x46, 0xCA, 0x0E, 0x30, 0x74, 0x83, 0x6B, 0x1A, 0xB7, 0x02, 0xC3, 0xA3, 0xE9, 0x35, 0x0D, 0x9B,
    0x81, 0x72, 0xDF, 0x3C, 0x32, 0xB2, 0xC1, 0x61, 0xA1, 0x00, 0xB6, 0x14, 0x34, 0x74, 0x7C, 0xB9,
    0xC1, 0x90, 0x55, 0x7E, 0x0D, 0x86, 0xB0, 0x53, 0x4C, 0x65, 0xC1, 0xF0, 0xCF, 0x8F, 0x9E, 0x85,
    0xA1, 0x9B, 0xF9, 0x39, 0x86, 0x7E, 0x8E, 0x21, 0x0B, 0x3D, 0xCC, 0x8D, 0xB7, 0x7C, 0x83, 0xA1,
    0xE7, 0x1B, 0x0C, 0x6D, 0x7F, 0xB2, 0x20, 0xF4, 0xBB, 0x75, 0x2D, 0x86, 0x9A, 0x7E, 0xF1, 0x2A,
    0x86, 0x86, 0x7E, 0xE5, 0x1C, 0x43, 0xBA, 0xFD, 0x13, 0xE7, 0xA1, 0xC2, 0x7D, 0x6E, 0x62, 0x0C,
    0x65, 0x80, 0xAB, 0x03, 0x0C, 0xAB, 0x01, 0xC2, 0x12, 0xC6, 0x90, 0x1F, 0xA6, 0x67, 0x2B, 0x46,
    0xFA, 0xD6, 0x8A, 0x68, 0x2E, 0x37, 0x74, 0x1B, 0xE2, 0x16, 0x89, 0x64, 0xBE, 0xB1, 0x2E, 0x0F,
    0x2D, 0xF0, 0xF0, 0xDF, 0x0E, 0x79, 0xA8, 0x72, 0x0C, 0x2D, 0x8D, 0x61, 0x79, 0x60, 0x30, 0x2C,
    0xF7, 0x0C, 0x86, 0xE5, 0xCE, 0xA8, 0xC6, 0xB0, 0x1C, 0x1B, 0x0C, 0xCB, 0x64, 0x30, 0x2C, 0xE5,
    0x18, 0x96, 0xAA, 0x06, 0xC3, 0xF1, 0x1C, 0xC3, 0x56, 0xA4, 0x31, 0xB4, 0xBA, 0x97, 0xC1, 0xC3,
    0xAB, 0x17, 0xF2, 0x5D, 0x46, 0xB8, 0x92, 0x60, 0x66, 0xAC, 0x03, 0x0C, 0xD5, 0xFD, 0x09, 0xB5,
    0x1E, 0xC3, 0xD0, 0x3D, 0x7B, 0xD0, 0x91, 0xC1, 0x07, 0xC8, 0xD1, 0xCC, 0x28, 0xE8, 0x0A, 0x77,
    0xEB, 0xEA, 0xE7, 0x68, 0x8E, 0x9E, 0x80, 0x74, 0xFC, 0x09, 0x8C, 0x96, 0x62, 0xB2, 0x4C, 0xAE,
    0x62, 0xE8, 0x46, 0xD0, 0x8C, 0xDF, 0xB8, 0x04, 0x74, 0x52, 0x02, 0x73, 0x56, 0x79, 0xCB, 0xF9,
    0x82, 0x3E, 0xE7, 0xB2, 0x47, 0x06, 0xA6, 0x0D, 0x74, 0xE5, 0xCC, 0xD7, 0xD0, 0xAD, 0x8C, 0xE8,
    0x01, 0x64, 0x7E, 0xCF, 0x07, 0x7E, 0x0D, 0x13, 0x8D, 0x55, 0x6A, 0x4D, 0x4B, 0xEF, 0x43, 0xA9,
    0x0F, 0x72, 0x65, 0xC8, 0xDD, 0x65, 0xDD, 0xD1, 0x60, 0x76, 0xAD, 0x4C, 0xA0, 0xF3, 0x3A, 0x2A,
    0x13, 0xE8, 0x4C, 0x61, 0xD1, 0x2C, 0xB1, 0xCB, 0xDF, 0x75, 0x21, 0xD6, 0x61, 0xA4, 0x5D, 0x58,
    0xB7, 0xF8, 0x74, 0x22, 0xD0, 0xD9, 0x09, 0xC7, 0x7C, 0x80, 0x8E, 0xE3, 0x83, 0x0D, 0x1F, 0x33,
    0x74, 0x28, 0x3D, 0x03, 0x74, 0xBB, 0xF9, 0x45, 0x0A, 0x74, 0xDD, 0x6B, 0x75, 0x09, 0x88, 0xD5,
    0x93, 0xC9, 0x6F, 0x86, 0xEE, 0x6E, 0x89, 0x5D, 0x19, 0xBA, 0x12, 0xE9, 0xF8, 0xBF, 0x52, 0x91,
    0x43, 0x0C, 0x5D, 0xED, 0xDA, 0x8A, 0x86, 0xCE, 0xCA, 0x7C, 0x0D, 0x9D, 0x7D, 0x4B, 0x74, 0x59,
    0xD0, 0x39, 0x02, 0x9D, 0x77, 0x79, 0xD0, 0x1D, 0xFA, 0x54, 0x42, 0x77, 0x39, 0xAC, 0xBB, 0x81,
    0x2F, 0xF0, 0xC1, 0x3A, 0x14, 0xA8, 0xA4, 0x2E, 0x89, 0xFD, 0x65, 0x4B, 0x1C, 0xE8, 0xB9, 0x3F,
    0x8F, 0xA1, 0xDB, 0x22, 0x2D, 0xFC, 0xF0, 0x71, 0xCB, 0x64, 0xAE, 0xB0, 0xF3, 0xB9, 0xC2, 0xF6,
    0x8C, 0xC2, 0x5A, 0x2F, 0x19, 0x85, 0xB5, 0xF7, 0xA1, 0x3B, 0xF0, 0x17, 0x36, 0xA6, 0x3B, 0x18,
    0xBA, 0x82, 0xB5, 0xAC, 0x16, 0x19, 0x3A, 0xF7, 0x6E, 0x8A, 0x69, 0x13, 0xA0, 0xEB, 0xD2, 0x11,
    0xAD, 0xB0, 0x5D, 0x79, 0xCB, 0x29, 0xDA, 0x1F, 0x6A, 0xE8, 0xA4, 0xFC, 0x10, 0x3D, 0x2D, 0xA2,
    0xA6, 0xA0, 0x2B, 0x65, 0x17, 0xB1, 0xA9, 0xFC, 0xB9, 0xE3, 0xE3, 0x57, 0x58, 0x97, 0xE4, 0x17,
    0x8A, 0x22, 0xF0, 0x86, 0x83, 0xBA, 0x83, 0xB3, 0xFB, 0x0C, 0xDD, 0x66, 0x9C, 0xB4, 0x79, 0x7D,
    0x85, 0x45, 0x6F, 0x8E, 0x00, 0x9F, 0xC3, 0x04, 0x0D, 0x85, 0x89, 0x03, 0x91, 0x20, 0xA8, 0x2E,
    0x5A, 0xC2, 0x42, 0x6B, 0x59, 0xB5, 0x11, 0xAE, 0x38, 0xCB, 0xDC, 0xB0, 0xE3, 0x70, 0xB5, 0xB8,
    0x78, 0xD3, 0x05, 0xDC, 0x04, 0xC8, 0x26, 0xAC, 0x3B, 0x7C, 0x97, 0x9E, 0xF1, 0x91, 0x09, 0xC7,
    0x2B, 0x6A, 0xEB, 0x28, 0x17, 0xDA, 0x48, 0xF9, 0xA0, 0x6C, 0x6F, 0xD2, 0x5D, 0xC9, 0xDA, 0xB2,
    0x0C, 0xA9, 0xD4, 0x70, 0xF3, 0x3B, 0x2B, 0x3C, 0x8B, 0xD1, 0xB4, 0x52, 0xE1, 0x7C, 0x87, 0x91,
    0xF5, 0x50, 0xF5, 0x51, 0x91, 0x49, 0x6E, 0x9B, 0x23, 0x24, 0x7E, 0x87, 0x56, 0xE4, 0xE6, 0xB0,
    0x0C, 0xCB, 0x54, 0xF2, 0xCA, 0x95, 0xD9, 0x61, 0x69, 0xCA, 0x14, 0xFD, 0xF1, 0x0C, 0xAD, 0xFC,
    0x3E, 0x4D, 0xD5, 0xA9, 0xDA, 0xA7, 0x56, 0x97, 0x2A, 0x79, 0xC5, 0xCB, 0xBA, 0xC2, 0x48, 0x44,
    0xF6, 0x1C, 0x55, 0x1A, 0x49, 0x9B, 0x9F, 0x3E, 0xD8, 0xD7, 0xDD, 0xD5, 0x7E, 0x9B, 0x1B, 0xF4,
    0xDA, 0xE0, 0x60, 0xF3, 0x06, 0xD7, 0xCA, 0x82, 0xE4, 0xA6, 0x42, 0x48, 0x85, 0xEA, 0x9F, 0x75,
    0x9B, 0x54, 0x6C, 0xE2, 0x7C, 0xFE, 0x57, 0xA8, 0x4B, 0x11, 0x4D, 0x85, 0x2A, 0xA1, 0x58, 0xDF,
    0x3A, 0x15, 0x63, 0x19, 0xB0, 0x6D, 0xB2, 0x35, 0xD8, 0x0A, 0x61, 0x72, 0x83, 0x3B, 0x7F, 0x00,
    0xD8, 0x4D, 0x8D, 0x8F, 0x55, 0x4F, 0x21, 0x4E, 0xF3, 0xCE, 0x74, 0xF1, 0x66, 0xB8, 0xEF, 0xFE,
    0x59, 0x15, 0x29, 0xC3, 0x82, 0x94, 0xD5, 0x7A, 0x94, 0xEB, 0xCC, 0xE7, 0x4C, 0x36, 0xD0, 0xA5,
    0x41, 0x2B, 0xE6, 0x64, 0x8C, 0x95, 0xCF, 0xF8, 0x12, 0x8B, 0x11, 0x48, 0x60, 0x66, 0x13, 0x17,
    0x48, 0x6A, 0x71, 0x88, 0xC6, 0xC9, 0x14, 0xF7, 0xB8, 0xBE, 0x38, 0x7A, 0xF2, 0xED, 0x48, 0xC5,
    0x78, 0x7B, 0x9C, 0xAE, 0xDA, 0xC1, 0x8C, 0x3C, 0x3D, 0x74, 0xF0, 0x06, 0xD9, 0xE2, 0xD7, 0xF2,
    0x92, 0x9B, 0xA9, 0x1C, 0xCC, 0x4A, 0x0E, 0xE6, 0x68, 0x5E, 0xF1, 0x53, 0xA8, 0xD4, 0xF9, 0xCD,
    0x70, 0x48, 0x57, 0xA8, 0x1C, 0x67, 0xC5, 0x62, 0x53, 0x56, 0x1C, 0x7F, 0xD7, 0xE9, 0x89, 0x50,
    0x5E, 0x7A, 0x58, 0xBE, 0x29, 0x94, 0xD5, 0x2B, 0x72, 0xCE, 0xE8, 0x98, 0xA9, 0x37, 0x2A, 0x55,
    0x4C, 0xCD, 0x14, 0xBF, 0x82, 0x1D, 0xBA, 0x8A, 0xA0, 0x66, 0x02, 0xCC, 0x70, 0x92, 0x85, 0xEB,
    0xF4, 0x5C, 0x64, 0xC5, 0x86, 0x0A, 0x47, 0x53, 0x54, 0x2F, 0xFB, 0x87, 0xB8, 0xCD, 0x63, 0x2A,
    0xAD, 0x73, 0x24, 0x3A, 0xC6, 0x4A, 0x19, 0x99, 0x7E, 0x5D, 0x9F, 0xE4, 0x4C, 0x01, 0x65, 0xAA,
    0x80, 0xC3, 0x7D, 0x8F, 0xB6, 0x99, 0xA2, 0xBD, 0x2C, 0x33, 0x90, 0xE5, 0xD0, 0x5D, 0x55, 0x0F,
    0x6B, 0x8C, 0xDE, 0x7A, 0xB6, 0xEE, 0x82, 0x46, 0xEF, 0xE2, 0xC1, 0x09, 0x6A, 0x4E, 0xCC, 0xEC,
    0x76, 0x2A, 0x0A, 0xCB, 0x46, 0xAF, 0x27, 0x0A, 0x2B, 0x82, 0xB8, 0x09, 0x08, 0xA2, 0x32, 0x83,
    0xBB, 0x3A, 0x57, 0xCD, 0x4D, 0x3C, 0x8F, 0x10, 0x62, 0x99, 0xA1, 0xDB, 0xF7, 0x37, 0x7C, 0xF2,
    0x61, 0x86, 0x4E, 0x86, 0xA1, 0x9C, 0xAB, 0x07, 0x1D, 0x4C, 0x9C, 0x40, 0xD7, 0xD6, 0x6E, 0x42,
    0xF7, 0xEB, 0x02, 0xD0, 0x21, 0x93, 0xFA, 0x08, 0xD0, 0x8D, 0x3C, 0xA9, 0x19, 0x33, 0x92, 0x19,
    0x5B, 0xD7, 0xFA, 0xE9, 0xCE, 0x56, 0x22, 0x95, 0x3C, 0x8F, 0xEE, 0xFC, 0x1D, 0x7C, 0xE5, 0x7D,
    0xF7, 0xD1, 0x9D, 0x93, 0xFF, 0x88, 0xAA, 0x96, 0x9B, 0x58, 0x78, 0x99, 0x6F, 0xF4, 0x4B, 0x08,
    0x2F, 0x76, 0xC8, 0xFE, 0x65, 0xFB, 0xD1, 0x9D, 0x5F, 0xF8, 0x27, 0x7E, 0xAB, 0xDF, 0xE2, 0x93,
    0x27, 0x07, 0x2F, 0x53, 0xF1, 0x4B, 0x38, 0xF4, 0xD7, 0x27, 0xFC, 0xCA, 0x4E, 0x39, 0x67, 0x29,
    0x9A, 0xFA, 0xCD, 0x9B, 0xFE, 0xE4, 0x37, 0xB7, 0xFF, 0xC9, 0xC3, 0xF1, 0xEC, 0xB9, 0xDE, 0x01,
    0x61, 0x86, 0x8F, 0xC9, 0xEB, 0x66, 0x0E, 0x94, 0x16, 0x38, 0x03, 0xAA, 0xE5, 0xDF, 0xD4, 0x72,
    0xE8, 0x86, 0x25, 0x3D, 0xCD, 0xF0, 0x5C, 0x21, 0x1C, 0xDE, 0x59, 0xA0, 0xF3, 0x49, 0x01, 0x3A,
    0x94, 0x69, 0xD8, 0x51, 0x51, 0x17, 0x3C, 0x38, 0x3E, 0x87, 0xC4, 0x40, 0xCC, 0x43, 0x75, 0x68,
    0x0E, 0x9D, 0xD4, 0x5D, 0xCC, 0x7F, 0x42, 0x85, 0x01, 0x5B, 0x73, 0xD6, 0xD5, 0xD8, 0x9E, 0x89,
    0xC2, 0x26, 0x1C, 0xBE, 0x41, 0x61, 0xF9, 0xEB, 0x31, 0x51, 0xD8, 0x09, 0x9C, 0x92, 0xB3, 0xCE,
    0x3F, 0x9B, 0x75, 0x35, 0x0E, 0x10, 0x84, 0x75, 0x35, 0x59, 0x84, 0x10, 0xC2, 0xE7, 0x1C, 0x10,
    0xD6, 0xE9, 0x45, 0x0A, 0x4C, 0x2D, 0x6E, 0x8D, 0x9A, 0xBE, 0x40, 0x22, 0x86, 0x4A, 0x62, 0x00,
    0xAE, 0x96, 0xD5, 0x82, 0xB0, 0xCE, 0xC1, 0xD0, 0x30, 0x58, 0x57, 0x42, 0xAD, 0x34, 0x58, 0xD7,
    0xC8, 0xA7, 0x68, 0x31, 0x57, 0x9B, 0x80, 0x75, 0xAD, 0xBC, 0xB0, 0x56, 0xD6, 0x20, 0x48, 0x32,
    0xBB, 0xA2, 0xDA, 0xE2, 0xE3, 0x6E, 0x64, 0xC2, 0x04, 0x1F, 0xC5, 0xC3, 0xE6, 0xE5, 0x28, 0x6D,
    0x83, 0x6A, 0x79, 0xD9, 0x9C, 0xBC, 0x62, 0xBC, 0xAC, 0x8C, 0xCE, 0xE1, 0xAE, 0x52, 0x77, 0x8A,
    0xB2, 0x44, 0xA9, 0x8E, 0x60, 0xBB, 0xAA, 0x6B, 0x53, 0xD9, 0x5F, 0x18, 0x8F, 0xEF, 0x71, 0x4F,
    0xEE, 0x43, 0xB2, 0xCF, 0x6D, 0x96, 0xBA, 0xD4, 0xEA, 0x2D, 0x91, 0x5E, 0xDC, 0x61, 0x25, 0xF1,
    0x94, 0xB6, 0xE5, 0xCD, 0x34, 0x77, 0x9A, 0xCD, 0x9C, 0x2D, 0xB3, 0x4D, 0xE5, 0x6F, 0xA5, 0xED,
    0x16, 0xD5, 0x9A, 0xD6, 0x9B, 0x1D, 0xDA, 0xF5, 0x07, 0x54, 0x0B, 0x89, 0x5F, 0x9F, 0xDB, 0xA1,
    0x7A, 0x5E, 0x73, 0x52, 0xD3, 0x42, 0xBB, 0x53, 0x93, 0xAB, 0xDC, 0xB9, 0x72, 0x58, 0xD3, 0x41,
    0x86, 0x4A, 0xA5, 0xEB, 0x60, 0x26, 0x23, 0xA8, 0xFA, 0xEC, 0xE4, 0x4B, 0x6C, 0x72, 0xBD, 0x2C,
    0x8A, 0x69, 0x8B, 0x8B, 0xB4, 0x3D, 0x69, 0x52, 0x41, 0xE6, 0xC8, 0xF8, 0xD1, 0x5B, 0xB8, 0xCD,
    0x55, 0x0C, 0x2C, 0x57, 0x98, 0x6F, 0x1B, 0x95, 0x6F, 0xFF, 0xA7, 0x50, 0xF7, 0x0B, 0x03, 0x0F,
    0x08, 0x23, 0xA4, 0xFA, 0x46, 0x60, 0x3B, 0xAE, 0x8B, 0x73, 0x4C, 0xBC, 0xA1, 0x72, 0xAD, 0x64,
    0x0F, 0xFB, 0x91, 0x6C, 0xDD, 0x11, 0x0E, 0x50, 0xC1, 0x3A, 0x0B, 0x19, 0x10, 0x58, 0x87, 0xE0,
    0x1F, 0xA3, 0xA0, 0x84, 0xB2, 0xB1, 0x7B, 0xD7, 0xB5, 0x75, 0x0A, 0x35, 0xBD, 0xC7, 0xC0, 0x3A,
    0xBE, 0x3F, 0xBF, 0x20, 0xB0, 0xAE, 0x43, 0xBA, 0x9C, 0xDB, 0x5D, 0x46, 0xB1, 0x13, 0x53, 0x6B,
    0x57, 0x9E, 0x44, 0x24, 0x12, 0x42, 0x7C, 0xAA, 0x59, 0xF7, 0xF1, 0x7B, 0x58, 0x7E, 0x8D, 0x13,
    0xA2, 0xB0, 0x32, 0xE4, 0x7E, 0xD6, 0xD8, 0xBB, 0x11, 0x12, 0x3C, 0xA3, 0x7A, 0x89, 0x91, 0x13,
    0x14, 0x47, 0xB1, 0x6D, 0xE2, 0x90, 0x18, 0x42, 0x9F, 0xA1, 0xF3, 0xEA, 0x93, 0xD3, 0xCF, 0xBF,
    0xCC, 0xD0, 0x6D, 0x81, 0xB0, 0x24, 0xA3, 0x4F, 0xF8, 0x61, 0xE8, 0xF4, 0x37, 0x20, 0xFF, 0x01,
    0x16, 0x5E, 0x72, 0x31, 0xC4, 0x8D, 0xCB, 0x3F, 0xAE, 0x82, 0xCF, 0x73, 0x06, 0xEE, 0xBA, 0x1F,
    0x00, 0xBA, 0x3D, 0xF8, 0x8A, 0x1B, 0xE6, 0x79, 0x52, 0xAC, 0xE8, 0x51, 0x49, 0x9F, 0xFC, 0xB0,
    0x3F, 0x25, 0xD6, 0x5C, 0x9D, 0x8C, 0x6A, 0xEA, 0x39, 0x30, 0x4A, 0x45, 0xA1, 0x7B, 0x2A, 0xA0,
    0xC6, 0x71, 0x86, 0xAE, 0xFC, 0x9D, 0x98, 0x0E, 0x57, 0x31, 0xF6, 0xFE, 0x1D, 0xCE, 0x41, 0x50,
    0xAC, 0xB8, 0x8E, 0xB0, 0x8F, 0x24, 0x33, 0x66, 0x61, 0xDB, 0xE0, 0xCB, 0x5A, 0x38, 0x7D, 0xE7,
    0x80, 0x85, 0xD0, 0xDE, 0xC7, 0x2F, 0xA5, 0x44, 0x49, 0xD3, 0x9C, 0x83, 0x44, 0x6C, 0xFF, 0xFE,
    0xAF, 0x94, 0xB0, 0x88, 0x60, 0x5F, 0x96, 0x0D, 0x4A, 0x18, 0xB8, 0x73, 0x59, 0x60, 0xBD, 0x75,
    0xB5, 0xC0, 0xC1, 0xCA, 0x09, 0xF7, 0xCD, 0x8D, 0x8B, 0x05, 0x56, 0xF4, 0xB7, 0x91, 0xF8, 0x70,
    0x18, 0x4D, 0x2D, 0x08, 0x9C, 0x2A, 0xAB, 0x01, 0x53, 0x60, 0x94, 0xCD, 0xC4, 0x30, 0xCF, 0x65,
    0x5B, 0x3C, 0xCB, 0xE1, 0x3E, 0x77, 0x6E, 0x9E, 0x5D, 0x76, 0x8C, 0xFE, 0x56, 0xB3, 0xB7, 0x9E,
    0x6C, 0x4B, 0x84, 0xA7, 0xCD, 0xF2, 0x67, 0x75, 0x9A, 0xDB, 0xE9, 0x9B, 0x28, 0xA5, 0x81, 0xB0,
    0x16, 0x51, 0x0A, 0xC2, 0x39, 0x68, 0xAE, 0x30, 0x01, 0x9A, 0x2B, 0xDD, 0x39, 0x2B, 0x4A, 0x91,
    0x73, 0x84, 0x7E, 0x18, 0xBD, 0x14, 0xFA, 0xA1, 0xEF, 0x57, 0x4D, 0x73, 0x65, 0x8C, 0x08, 0x01,
    0x9E, 0xB0, 0x8E, 0xA1, 0xD3, 0xC9, 0xFE, 0x25, 0x02, 0xBC, 0x5D, 0x72, 0x1B, 0x4C, 0xFD, 0x48,
    0x55, 0x27, 0x5C, 0x2D, 0x21, 0x65, 0x08, 0x13, 0xF3, 0x8D, 0xB1, 0x7E, 0xD1, 0x07, 0x2F, 0x9A,
    0xB5, 0xFA, 0x79, 0x32, 0x9B, 0x0F, 0xDC, 0xB1, 0xE3, 0xD0, 0xD0, 0x41, 0x10, 0xE8, 0x20, 0x08,
    0x74, 0x4E, 0x66, 0xD6, 0xB0, 0xA8, 0xFE, 0x87, 0x82, 0xEE, 0xEB, 0xD3, 0x79, 0x32, 0xAB, 0x87,
    0x92, 0xDD, 0x95, 0x17, 0xBF, 0xA0, 0xAF, 0x9A, 0x7C, 0x71, 0x67, 0x03, 0xD1, 0xCE, 0xFB, 0x2C,
    0xEC, 0xE4, 0xA6, 0xBB, 0xCF, 0xB2, 0x30, 0xC9, 0xC7, 0xC6, 0x76, 0x42, 0xF8, 0x07, 0xA2, 0x83,
    0x22, 0xBC, 0xEC, 0x53, 0x6F, 0x67, 0xFA, 0xE2, 0xCE, 0xF4, 0xE5, 0x48, 0xFD, 0xB4, 0xD1, 0x7C,
    0x71, 0xE7, 0xA1, 0x17, 0x13, 0xFB, 0xAF, 0xCF, 0xF0, 0xA1, 0x2F, 0xF5, 0x52, 0xE7, 0xFF, 0xFC,
    0xFB, 0xED, 0x1C, 0xE1, 0xFD, 0xE7, 0x05, 0xF7, 0xDC, 0x8C, 0xAC, 0x54, 0x80, 0x66, 0xB0, 0xEB,
    0x1E, 0x1D, 0xDD, 0xCE, 0xF9, 0x97, 0xC3, 0xD9, 0x56, 0xE9, 0x80, 0xDD, 0xC3, 0x72, 0x8B, 0xE2,
    0x68, 0x5F, 0x7F, 0x53, 0x2C, 0xFF, 0x44, 0x9F, 0x53, 0x28, 0xDF, 0xAA, 0x07, 0xBA, 0x0B, 0x45,
    0x15, 0xE7, 0x79, 0x5C, 0x98, 0xE7, 0xB9, 0x26, 0x23, 0xAB, 0xD1, 0x0E, 0x07, 0x1D, 0x64, 0xBF,
    0x5C, 0x62, 0xCF, 0xC1, 0x38, 0xB3, 0x20, 0xFD, 0x4A, 0x8C, 0x80, 0x6A, 0xA4, 0x3A, 0x72, 0x2B,
    0xC9, 0xC8, 0xAA, 0x6F, 0x0D, 0x38, 0x4E, 0x58, 0xCD, 0xC8, 0xEE, 0x48, 0x4C, 0xA4, 0xB7, 0x26,
    0x23, 0x7B, 0x73, 0x35, 0x23, 0x1B, 0x9C, 0x93, 0x91, 0xD1, 0xF5, 0x4F, 0x18, 0x61, 0x5B, 0x6E,
    0xF6, 0x54, 0xF6, 0x87, 0xFF, 0xC1, 0xC0, 0xF8, 0xCB, 0xCF, 0x3D, 0x7A, 0x42, 0x5E, 0x73, 0x63,
    0xE7, 0xE7, 0x1E, 0x5D, 0x3A, 0x04, 0xA9, 0x0F, 0x09, 0x90, 0xDA, 0xFF, 0x17, 0xD2, 0x4E, 0x7E,
    0x92, 0xFB, 0xBF, 0x45, 0xE2, 0x13, 0xC7, 0xB4, 0xC4, 0xEF, 0x74, 0x4A, 0x4B, 0x9C, 0xB0, 0x1E,
    0xF8, 0xAB, 0x6F, 0xF2, 0x5D, 0x76, 0x72, 0x32, 0xDB, 0xFD, 0x4E, 0xF6, 0xB9, 0x7F, 0x93, 0xFD,
    0x0B, 0xBF, 0xDC, 0x64, 0xCC, 0x61, 0xCF, 0x31, 0x6B, 0xF3, 0xAF, 0x29, 0x15, 0xD9, 0x3E, 0x1B,
    0x2A, 0x2B, 0xE2, 0xF8, 0x0F, 0x53, 0x42, 0x91, 0x1D, 0x35, 0x29, 0x76, 0x68, 0xB3, 0x91, 0x6C,
    0xDA, 0xCC, 0xBF, 0xA2, 0x49, 0x9C, 0x57, 0x80, 0x34, 0x65, 0x07, 0x56, 0xC4, 0x36, 0xCE, 0xEE,
    0x94, 0xEF, 0x21, 0x7A, 0x6F, 0xDE, 0x89, 0xDD, 0x99, 0xBD, 0x5D, 0xCC, 0x07, 0x0D, 0x3A, 0x0D,
    0x4E, 0xF4, 0xAD, 0x80, 0xAC, 0x9F, 0x1E, 0xFF, 0xD2, 0x96, 0x90, 0x5C, 0x66, 0xD6, 0xDD, 0x3F,
    0xFC, 0xC2, 0xEF, 0xB1, 0xD5, 0xE0, 0xF7, 0xB1, 0xE3, 0x1F, 0x3E, 0xFF, 0xC8, 0x18, 0x55, 0xBB,
    0x74, 0x70, 0xF2, 0xA5, 0x1D, 0x4B, 0x7B, 0x83, 0x46, 0x4F, 0xA5, 0x3F, 0x7B, 0xA9, 0xF4, 0xCC,
    0xF3, 0x69, 0xA3, 0xE7, 0x3E, 0xB4, 0xF4, 0x8D, 0x42, 0xCD, 0x3F, 0xD0, 0xE8, 0x8D, 0xAB, 0x91,
    0x3A, 0x6A, 0x09, 0x1A, 0x3D, 0x66, 0x73, 0x93, 0x63, 0x1E, 0xB7, 0xDC, 0x95, 0x35, 0xB1, 0x31,
    0xD9, 0xFB, 0x5E, 0x47, 0x2D, 0x18, 0x5B, 0x40, 0xDB, 0x47, 0x51, 0x3C, 0x02, 0x37, 0xC7, 0xE7,
    0x03, 0x07, 0x11, 0xCB, 0x95, 0x19, 0x3F, 0x89, 0xCD, 0xDA, 0xDD, 0xEB, 0x1F, 0xAB, 0x8A, 0x5D,
    0x44, 0x35, 0xFC, 0x47, 0x31, 0x8C, 0x6D, 0x04, 0xE7, 0x4C, 0x9D, 0x13, 0x58, 0x00, 0xDA, 0x63,
    0xED, 0xFE, 0xB2, 0x94, 0xB4, 0x5E, 0x7A, 0xB1, 0xF9, 0x84, 0x9E, 0x13, 0x8F, 0xCC, 0xD2, 0x49,
    0xB6, 0x8A, 0xED, 0xC0, 0xA4, 0x6F, 0x28, 0x50, 0x49, 0xCC, 0x21, 0x9D, 0xB5, 0x4D, 0x5C, 0xC8,
    0x30, 0xCA, 0x38, 0x04, 0xB4, 0xBB, 0x38, 0x6A, 0xB4, 0xBB, 0x92, 0x4F, 0xEC, 0xEE, 0xB0, 0x8D,
    0x76, 0x57, 0xB3, 0x61, 0xC1, 0xDE, 0x70, 0x46, 0x83, 0x72, 0xC3, 0x68, 0xFC, 0x32, 0x04, 0xD1,
    0x6E, 0x6F, 0x60, 0xB4, 0xDB, 0xE9, 0x7E, 0x52, 0x86, 0x71, 0x09, 0x53, 0xE1, 0x7D, 0xF8, 0x65,
    0x4C, 0xAC, 0x6C, 0xB8, 0x38, 0x74, 0xD6, 0x00, 0xDE, 0x80, 0xA1, 0xC3, 0xF0, 0xE3, 0x2E, 0x27,
    0x48, 0xC2, 0x1D, 0x5B, 0x8F, 0x70, 0x5C, 0x19, 0x27, 0xC9, 0x64, 0x6F, 0x92, 0x5E, 0x48, 0x9B,
    0x61, 0xF2, 0x3B, 0x2C, 0x2C, 0x75, 0x26, 0xC3, 0x64, 0xB2, 0x6B, 0xBE, 0xD9, 0x41, 0x72, 0x4E,
    0x98, 0x98, 0xAB, 0xC2, 0x54, 0xDF, 0x67, 0xAD, 0x61, 0xC4, 0xBC, 0xB9, 0xBA, 0x8E, 0xA1, 0xD3,
    0xF3, 0xE6, 0x08, 0x69, 0x64, 0x9D, 0x0B, 0xA0, 0x03, 0x53, 0x7C, 0x81, 0x0E, 0x5D, 0x36, 0x86,
    0xF1, 0x0A, 0x87, 0x34, 0xC8, 0x41, 0xBC, 0x44, 0xA2, 0xEE, 0x19, 0x58, 0x2C, 0x7D, 0xA9, 0xAD,
    0x57, 0x76, 0xD0, 0x77, 0x3D, 0x03, 0xDD, 0xC1, 0x5D, 0xF2, 0x38, 0xD7, 0xAF, 0x6D, 0x43, 0x18,
    0xCD, 0x79, 0x08, 0x06, 0xB1, 0x30, 0x5E, 0xFF, 0xF0, 0xB2, 0x92, 0x92, 0xF8, 0x71, 0xBA, 0xDD,
    0x95, 0xA1, 0xA2, 0xAA, 0x6F, 0xA0, 0x53, 0xFE, 0x25, 0x66, 0x34, 0xB0, 0x86, 0x85, 0x36, 0xC8,
    0xCC, 0xE3, 0x02, 0xCD, 0x8F, 0xCB, 0x70, 0xE8, 0x1C, 0xAA, 0xF2, 0x3E, 0xB0, 0x4F, 0x51, 0x7F,
    0x39, 0xF4, 0x29, 0x41, 0xCE, 0xBA, 0x24, 0x5F, 0x4D, 0x90, 0x9E, 0x53, 0xB0, 0xC7, 0x39, 0xC8,
    0xD5, 0x73, 0xC7, 0xB2, 0x38, 0x94, 0x59, 0x77, 0xCB, 0x8A, 0x4F, 0x23, 0x5D, 0x54, 0x62, 0xE0,
    0xE9, 0xA3, 0xEB, 0xE7, 0x20, 0x88, 0xAC, 0x36, 0x30, 0x74, 0x4E, 0x94, 0x52, 0xBA, 0x0B, 0xD0,
    0x9D, 0x89, 0x68, 0x77, 0x07, 0x0A, 0xCB, 0x28, 0x7B, 0xA2, 0xB0, 0x0D, 0x99, 0x36, 0x65, 0x61,
    0x7E, 0xC1, 0x4A, 0xE1, 0xA0, 0xAD, 0xF8, 0x06, 0xCB, 0xC7, 0x54, 0xB8, 0x4C, 0x7C, 0x5F, 0x7B,
    0x36, 0x74, 0x12, 0xD2, 0x00, 0x3A, 0x04, 0x27, 0x02, 0x1D, 0xD6, 0x0E, 0x9C, 0x35, 0x54, 0x25,
    0xC2, 0xD9, 0x91, 0x4C, 0x23, 0x77, 0xC7, 0x23, 0x4F, 0xFE, 0xFF, 0x92, 0xF8, 0xCB, 0x2A, 0x13,
    0xFD, 0x0C, 0xD6, 0x3A, 0x4A, 0x8D, 0x90, 0xA4, 0x6F, 0x6B, 0x0A, 0xF6, 0xCE, 0x89, 0x9F, 0xF5,
    0xD2, 0x66, 0xC6, 0x47, 0x4E, 0x96, 0x89, 0x8C, 0xA3, 0xD9, 0x77, 0x59, 0xE8, 0xA8, 0xF6, 0x3B,
    0x77, 0xB4, 0x97, 0x55, 0x9A, 0xED, 0xC3, 0x44, 0xC6, 0x62, 0x39, 0x7D, 0x5F, 0x46, 0xC7, 0xDD,
    0x7E, 0x1A, 0xEA, 0xBD, 0x26, 0xFC, 0x64, 0x56, 0x0F, 0x2D, 0x32, 0x74, 0x5A, 0x60, 0xE8, 0xA4,
    0x1D, 0x2E, 0x43, 0xA7, 0x05, 0x86, 0x6E, 0x9F, 0x71, 0x64, 0xF6, 0x29, 0xE9, 0xCE, 0x31, 0xA2,
    0x15, 0xCC, 0x5B, 0xFD, 0x0A, 0xD0, 0xA1, 0x8A, 0xF2, 0x61, 0x40, 0xB7, 0xA7, 0x9D, 0x2D, 0x6B,
    0xE8, 0xD4, 0xED, 0x97, 0x82, 0x4E, 0x2F, 0xE1, 0x84, 0x2E, 0xE8, 0x0A, 0x0D, 0xAC, 0xB5, 0x0D,
    0x65, 0x61, 0x6F, 0x87, 0xDF, 0x65, 0x32, 0x66, 0x96, 0xDC, 0xA9, 0x18, 0x43, 0xF2, 0x1E, 0x03,
    0xA2, 0x96, 0x1E, 0x8A, 0xF7, 0x4F, 0x4F, 0x71, 0x66, 0x65, 0x2D, 0x25, 0x1C, 0x56, 0x75, 0x76,
    0x97, 0x58, 0xEA, 0x34, 0xBA, 0x59, 0x32, 0x80, 0xD4, 0x73, 0xBA, 0x99, 0xC5, 0x92, 0x5A, 0xEA,
    0xDA, 0xDD, 0x3E, 0x41, 0x7A, 0x21, 0x56, 0x9D, 0x63, 0x34, 0xCE, 0x60, 0xBE, 0xE2, 0x63, 0x48,
    0x6E, 0x4B, 0x9D, 0xF2, 0xC5, 0xF1, 0x75, 0xCA, 0x97, 0xF2, 0xCE, 0x52, 0xBE, 0x94, 0x37, 0xC4,
    0x60, 0xC1, 0x34, 0xEA, 0x10, 0x43, 0xBF, 0x9A, 0x3A, 0x3D, 0x6E, 0x34, 0x3D, 0x10, 0x3B, 0x9D,
    0xA2, 0x47, 0xEE, 0xAD, 0x08, 0xD8, 0xFB, 0x1B, 0x14, 0x29, 0x64, 0x97, 0x5F, 0xE4, 0xBB, 0xA0,
    0x60, 0xFE, 0x8B, 0x47, 0xAA, 0xAC, 0xB8, 0xFC, 0x62, 0xAC, 0x6C, 0x0E, 0x65, 0x05, 0x4C, 0x1E,
    0x35, 0x8F, 0x1B, 0x4D, 0x7B, 0xFE, 0x56, 0xD5, 0x24, 0x5A, 0xB4, 0x06, 0xED, 0x77, 0x7B, 0x76,
    0x87, 0xCA, 0x3D, 0xFB, 0x7B, 0x6F, 0x1C, 0xFE, 0x7B, 0xCA, 0x82, 0x6B, 0x2A, 0x56, 0xBA, 0x74,
    0xD3, 0xF7, 0xAD, 0xE7, 0xB1, 0xE6, 0xB6, 0xBB, 0xF4, 0x5B, 0x5D, 0x74, 0xD0, 0x09, 0xAA, 0x67,
    0xDA, 0xB1, 0x27, 0x0B, 0x9D, 0x55, 0x7B, 0x45, 0xD6, 0x34, 0x63, 0x4A, 0x0A, 0x6B, 0x5A, 0xC1,
    0xA1, 0x18, 0xA5, 0x83, 0x3A, 0xD6, 0x7B, 0xE2, 0x69, 0x03, 0xE4, 0x88, 0x89, 0x0D, 0xD7, 0x43,
    0x32, 0x1D, 0x22, 0x29, 0x4B, 0xFE, 0x04, 0xC9, 0x08, 0x34, 0x03, 0x92, 0xD6, 0x65, 0x22, 0x69,
    0xAD, 0x83, 0xA4, 0x5A, 0x0F, 0xC9, 0x74, 0x88, 0x64, 0x33, 0x47, 0x72, 0x6B, 0x98, 0x23, 0xB9,
    0xFB, 0xA2, 0x48, 0x7E, 0x3B, 0xB9, 0x0F, 0x48, 0x3E, 0xC6, 0x48, 0x32, 0x41, 0x18, 0xC9, 0x2C,
    0x9B, 0x53, 0x9D, 0x49, 0x20, 0xF9, 0xCC, 0x31, 0x86, 0xA5, 0x09, 0x24, 0x9B, 0x63, 0xAC, 0x19,
    0xFF, 0x03, 0x48, 0xD6, 0x1C, 0x2A, 0xD0, 0x49, 0x20, 0x59, 0xE7, 0xE0, 0x52, 0xBD, 0x00, 0x24,
    0x4B, 0xB6, 0xEF, 0x3A, 0x41, 0x67, 0xE9, 0xA6, 0x6E, 0xD1, 0x25, 0x3B, 0x8B, 0xAA, 0xAF, 0xB5,
    0x62, 0x8F, 0x5F, 0xCB, 0x74, 0x6A, 0xB1, 0x13, 0x3D, 0x38, 0x6D, 0x54, 0x4F, 0x23, 0xE9, 0xC6,
    0x26, 0xC6, 0xE6, 0xB0, 0xEF, 0xB2, 0x90, 0xBC, 0x04, 0x27, 0x1F, 0x14, 0x24, 0x4B, 0x67, 0x21,
    0xD9, 0xAD, 0xF6, 0x04, 0x49, 0xB5, 0xC4, 0x09, 0xC5, 0x2A, 0x27, 0x07, 0xB4, 0xC8, 0x57, 0xBC,
    0xBA, 0x96, 0x93, 0xF7, 0x4E, 0xD2, 0xA6, 0x55, 0x24, 0x6B, 0x43, 0x4E, 0x36, 0x0D, 0x27, 0xB7,
    0x6A, 0x4E, 0x72, 0x33, 0x7B, 0xF8, 0x2E, 0xB4, 0x7A, 0x48, 0xB8, 0x6A, 0xD4, 0xE8, 0x60, 0x24,
    0xB8, 0x47, 0xAD, 0xE4, 0xC6, 0x01, 0x78, 0xB7, 0x60, 0x0F, 0xE6, 0x70, 0x17, 0x8C, 0xD8, 0x71,
    0xFB, 0xDE, 0x63, 0x76, 0x46, 0xA4, 0x9E, 0x63, 0x07, 0x21, 0x53, 0x57, 0x76, 0x96, 0xDC, 0x14,
    0xD2, 0xCD, 0x33, 0xAF, 0x24, 0xD4, 0x9C, 0xA3, 0x6F, 0x07, 0xE5, 0x4E, 0x3B, 0xBA, 0x26, 0x45,
    0x89, 0x99, 0x8A, 0x46, 0x91, 0x3E, 0x22, 0xF7, 0x7B, 0x6E, 0x1E, 0x1F, 0xCE, 0x6D, 0x84, 0x1D,
    0x3C, 0x9C, 0xEF, 0x90, 0x59, 0x78, 0xEF, 0x99, 0xB9, 0x44, 0xBA, 0x08, 0x27, 0xD7, 0x22, 0x79,
    0xFA, 0x8A, 0x22, 0xF9, 0xAF, 0xBB, 0xD9, 0x5C, 0x8E, 0xE4, 0x40, 0x23, 0xD9, 0x51, 0x9D, 0x9E,
    0x41, 0x12, 0x4C, 0xD4, 0x48, 0xDE, 0x48, 0xD6, 0x9C, 0x20, 0x79, 0x63, 0x3B, 0xF0, 0x7E, 0x35,
    0x07, 0x24, 0xDB, 0x59, 0x54, 0xCE, 0xB0, 0x1F, 0xC7, 0x6C, 0x06, 0xA9, 0x0B, 0x24, 0xB5, 0xD4,
    0x94, 0xA3, 0x81, 0x97, 0x75, 0x6A, 0x74, 0x5D, 0xC2, 0x18, 0x39, 0x59, 0x72, 0xF3, 0x74, 0xAB,
    0xEF, 0xF6, 0x99, 0xA7, 0x0F, 0xB1, 0xDF, 0x5D, 0x51, 0x0B, 0x23, 0x7E, 0xD7, 0x5A, 0x90, 0x37,
    0xC3, 0x48, 0x32, 0xE2, 0x23, 0xA7, 0xC5, 0x92, 0x5B, 0x03, 0x7F, 0xF7, 0x0A, 0xFD, 0xF6, 0x3D,
    0xAF, 0x1C, 0xB1, 0xCE, 0x60, 0xAC, 0x1C, 0x48, 0xE2, 0x1D, 0x35, 0x22, 0x0C, 0xF0, 0x73, 0xC0,
    0x86, 0x0D, 0x25, 0x18, 0x49, 0x8E, 0x97, 0x9D, 0x7F, 0x94, 0x8A, 0x37, 0xE7, 0x28, 0x59, 0x06,
    0x49, 0x75, 0x35, 0x91, 0xBC, 0x7C, 0x4E, 0xD6, 0x2E, 0xC2, 0x49, 0x5F, 0x02, 0x43, 0xFE, 0x03,
    0x03, 0xDE, 0x53, 0x39, 0x27, 0x09, 0x9C, 0x6C, 0xAD, 0xE5, 0xE4, 0x11, 0x3E, 0xD9, 0x1E, 0x4C,
    0x9F, 0xCF, 0xC9, 0x03, 0xAB, 0x9C, 0x8C, 0x6F, 0x42, 0x11, 0x01, 0xDF, 0xE3, 0x8F, 0xE6, 0x68,
    0x96, 0xBF, 0xA0, 0x64, 0x83, 0x20, 0x89, 0x21, 0x5A, 0x70, 0x92, 0x73, 0x8F, 0x95, 0xFD, 0x88,
    0x8C, 0x9C, 0x3F, 0xC5, 0x53, 0xE5, 0x83, 0x91, 0x1C, 0x49, 0x3F, 0x69, 0x4E, 0x9E, 0x6D, 0x27,
    0xBB, 0x8D, 0x9E, 0xB1, 0x93, 0x67, 0x21, 0xD9, 0xA7, 0x7E, 0x45, 0xDB, 0xC9, 0x1E, 0xED, 0x02,
    0x92, 0xC1, 0x07, 0xF7, 0x38, 0x7D, 0x63, 0x27, 0xD9, 0x90, 0xF9, 0xB9, 0x9D, 0xC4, 0x92, 0x6A,
    0x8E, 0x25, 0x76, 0x77, 0x34, 0x13, 0x19, 0xDD, 0xBE, 0x48, 0xD0, 0x78, 0xEE, 0xF3, 0x88, 0x54,
    0xB4, 0xD1, 0x73, 0xF2, 0xAA, 0xAC, 0x90, 0x46, 0x10, 0x48, 0xCE, 0x03, 0xBC, 0xF2, 0x82, 0x7E,
    0xC0, 0xBB, 0x91, 0x44, 0x13, 0x7C, 0x34, 0xF2, 0x81, 0x9C, 0x95, 0x90, 0xF6, 0x38, 0x43, 0xED,
    0x4E, 0x2E, 0x8E, 0xE4, 0xF9, 0x1E, 0x47, 0x51, 0xFE, 0xBB, 0x2A, 0x48, 0x62, 0xB1, 0xE8, 0x03,
    0x7A, 0xD8, 0x81, 0xBD, 0xDF, 0xFB, 0x72, 0xAB, 0x33, 0x1C, 0x51, 0xBD, 0x06, 0x4C, 0xAD, 0x13,
    0x8C, 0xD0, 0x09, 0x27, 0xD8, 0x7F, 0xBB, 0xBB, 0xB7, 0xC0, 0x12, 0xC6, 0x91, 0xFB, 0x4E, 0x81,
    0xF1, 0xF3, 0x5B, 0xDD, 0xAC, 0xE3, 0x16, 0x19, 0xBF, 0x80, 0x91, 0xC4, 0x14, 0xA7, 0x7A, 0x3E,
    0x82, 0x84, 0x41, 0x9A, 0x57, 0x52, 0xD5, 0x39, 0x4E, 0x53, 0x9C, 0xC8, 0x9E, 0x64, 0x0D, 0xAB,
    0x91, 0xC7, 0x39, 0xCC, 0x29, 0x1D, 0x14, 0xF5, 0xF4, 0x16, 0x1E, 0x3A, 0xBE, 0xD2, 0x33, 0x30,
    0xDC, 0xE5, 0x6B, 0x9B, 0x18, 0xA3, 0x19, 0xA5, 0xD9, 0xE9, 0x6A, 0x8A, 0x01, 0xE0, 0x45, 0x6A,
    0x24, 0x4E, 0x47, 0xB3, 0xB3, 0xED, 0xF3, 0x2F, 0x46, 0xF0, 0x20, 0xFF, 0xF9, 0x5B, 0xDC, 0x58,
    0x54, 0x87, 0x8C, 0xDF, 0xDB, 0xD0, 0x48, 0x5A, 0x1C, 0x4E, 0x77, 0x85, 0xA7, 0xEA, 0x98, 0x20,
    0xE6, 0xE8, 0xB7, 0xB5, 0x28, 0x92, 0xDD, 0xC5, 0x9E, 0x2A, 0x34, 0xC3, 0xE1, 0x53, 0x16, 0x8C,
    0x95, 0x98, 0x93, 0x6D, 0x52, 0x7F, 0x1B, 0x33, 0x72, 0x98, 0xB7, 0x43, 0xC4, 0x68, 0x9F, 0x83,
    0xE4, 0xAE, 0x1C, 0x49, 0xA9, 0x2A, 0x10, 0x8F, 0x53, 0xCE, 0x39, 0x79, 0xFF, 0xCA, 0x59, 0x48,
    0x2A, 0x5D, 0xAA, 0x30, 0xD2, 0x25, 0xFB, 0xEF, 0xE4, 0xDA, 0xD6, 0x0F, 0xF9, 0x99, 0x87, 0x64,
    0x8A, 0xDE, 0x45, 0x0D, 0x4E, 0x84, 0xB9, 0x3F, 0x0E, 0xBF, 0x8A, 0xAA, 0xB3, 0x7F, 0x7A, 0xC1,
    0x61, 0xC9, 0x63, 0x83, 0x95, 0xC5, 0x2D, 0x7E, 0xF8, 0xBE, 0x9E, 0xD7, 0xC9, 0x6E, 0xC9, 0x8A,
    0x64, 0xB3, 0xC7, 0xEE, 0x64, 0x56, 0x1F, 0x4C, 0x4C, 0xEC, 0x4E, 0x9F, 0x0E, 0x32, 0xF6, 0xAF,
    0x07, 0x56, 0xDA, 0xA3, 0x6B, 0x67, 0xA5, 0x47, 0x47, 0x9A, 0xA6, 0x6C, 0x47, 0xC7, 0xC8, 0x6B,
    0xA5, 0x26, 0xE6, 0xA9, 0x62, 0xBD, 0xA1, 0x58, 0x17, 0x13, 0x8C, 0x7C, 0x7A, 0xC2, 0x12, 0x03,
    0xC6, 0xD7, 0xF6, 0xD0, 0xA5, 0x05, 0x86, 0xB3, 0xDC, 0x91, 0xD1, 0x11, 0xD5, 0xF6, 0x77, 0xC5,
    0x12, 0xF1, 0xD0, 0xEE, 0x64, 0x6B, 0x5F, 0x22, 0x1E, 0x5C, 0xD6, 0xB5, 0x31, 0x89, 0xA2, 0x30,
    0x7C, 0xC6, 0xD4, 0x45, 0x47, 0x68, 0xEC, 0x81, 0xDB, 0x22, 0xEE, 0x77, 0xF1, 0xFD, 0x68, 0xD3,
    0xEE, 0x4A, 0xFC, 0x23, 0xCE, 0x5D, 0x5E, 0x0F, 0x68, 0xAA, 0xF6, 0x0C, 0x47, 0xE8, 0xA8, 0x3F,
    0x58, 0x0C, 0x6B, 0xFE, 0x56, 0x8C, 0xB6, 0xD1, 0x6B, 0x09, 0xF8, 0xE9, 0x71, 0x93, 0x1E, 0x8A,
    0x21, 0x1D, 0xBC, 0x09, 0x2B, 0xF9, 0x2A, 0x39, 0x13, 0x31, 0x4B, 0xA6, 0x99, 0xD8, 0xC8, 0x9E,
    0x38, 0xAA, 0x99, 0x38, 0x72, 0xC7, 0x59, 0x3A, 0xBD, 0x71, 0xC8, 0x44, 0xFC, 0x9E, 0x15, 0x35,
    0x9B, 0xE5, 0x8B, 0xF5, 0x7C, 0x18, 0xA6, 0x60, 0x63, 0xAD, 0xDD, 0x53, 0x8C, 0xD0, 0xBE, 0xE0,
    0xBA, 0x69, 0x6F, 0x33, 0x74, 0xFA, 0x05, 0x66, 0xE2, 0xB1, 0x09, 0x68, 0x72, 0xCA, 0x4C, 0x4C,
    0x0F, 0x03, 0x3F, 0xC4, 0x3E, 0x6A, 0x4D, 0x14, 0x39, 0xB4, 0x8E, 0xA2, 0xD3, 0x0F, 0x7E, 0xF7,
    0xDE, 0xC9, 0xFB, 0x44, 0xA7, 0x5D, 0xB6, 0x4E, 0xA7, 0x7C, 0x58, 0xC7, 0x51, 0xC7, 0xF7, 0xB0,
    0x5B, 0x06, 0xCD, 0x56, 0xAC, 0xA0, 0x40, 0x51, 0xC8, 0x4C, 0xAC, 0xD8, 0x90, 0x9A, 0x41, 0x35,
    0x1D, 0x75, 0xF6, 0x78, 0x76, 0xD4, 0x88, 0xAD, 0xAE, 0x3B, 0x28, 0x2F, 0x65, 0xD8, 0x19, 0xA1,
    0xC7, 0xE9, 0x7B, 0x70, 0x1F, 0xEB, 0xF4, 0xCD, 0xC9, 0xC8, 0x9C, 0x43, 0xFF, 0xCA, 0x47, 0x14,
    0xD9, 0xE8, 0x39, 0x2A, 0xFB, 0x19, 0xFB, 0x9E, 0xF9, 0xE6, 0x98, 0x63, 0x07, 0xCF, 0xB0, 0x1E,
    0xCD, 0x1F, 0x71, 0x38, 0xF2, 0xFE, 0xDD, 0x90, 0xC3, 0xF6, 0xC4, 0xF6, 0x7E, 0x42, 0x5F, 0xE0,
    0xB7, 0xD0, 0x4B, 0x9C, 0xEA, 0x4F, 0xA8, 0x96, 0x45, 0xBF, 0x31, 0x1A, 0x3A, 0x8D, 0xB7, 0xE9,
    0xF3, 0x88, 0x22, 0x43, 0xB7, 0xF1, 0xB6, 0xFF, 0x00, 0x46, 0xF8, 0xD2, 0x62, 0xE3, 0x64, 0x70,
    0x58, 0xAC, 0x63, 0xA1, 0xBC, 0x14, 0x89, 0x22, 0x86, 0x25, 0x25, 0xCD, 0x63, 0x89, 0x3B, 0x13,
    0xCB, 0xA8, 0x65, 0xDC, 0xF8, 0xF9, 0x51, 0x14, 0x51, 0xB3, 0x4D, 0xF8, 0x62, 0x76, 0x3A, 0x1D,
    0xFD, 0x14, 0x4D, 0x05, 0x94, 0x65, 0xFA, 0xFD, 0xC3, 0xAF, 0xEE, 0x45, 0x2F, 0xCC, 0x4E, 0x06,
    0x3A, 0x81, 0x76, 0x97, 0x65, 0x39, 0xBE, 0x2C, 0x00, 0x75, 0x3E, 0xB3, 0x59, 0xE0, 0x27, 0x00,
    0xDD, 0x70, 0xC3, 0x1B, 0xF3, 0x2C, 0x6C, 0x78, 0x73, 0x47, 0xFF, 0xDC, 0x0D, 0x6F, 0x3E, 0xF5,
    0xD0, 0xA1, 0xC6, 0x07, 0xD0, 0xC9, 0x4E, 0x33, 0x67, 0x41, 0x67, 0x3A, 0xF8, 0x61, 0x2B, 0xC7,
    0x0D, 0xBC, 0xA9, 0x01, 0x3C, 0x1D, 0x22, 0x3F, 0x7C, 0x29, 0x6B, 0xA0, 0xFB, 0x4C, 0x8F, 0x3D,
    0x08, 0x50, 0x0C, 0x9D, 0xCA, 0x62, 0x0E, 0xEB, 0x18, 0x3A, 0x27, 0xEB, 0xA8, 0x4C, 0xC6, 0x59,
    0x5B, 0xFF, 0x64, 0xFF, 0xF7, 0x33, 0x0C, 0x5D, 0xA9, 0xF1, 0x7B, 0x8E, 0x77, 0xD2, 0x4F, 0x92,
    0x12, 0x15, 0x1C, 0xB2, 0xFD, 0x70, 0x55, 0x28, 0x12, 0x9B, 0x3F, 0x17, 0xAB, 0xCC, 0x83, 0x79,
    0x95, 0x8C, 0xCB, 0xD4, 0x31, 0xEE, 0x03, 0xE8, 0xF4, 0xD2, 0xA5, 0x0F, 0xB1, 0xBA, 0xD7, 0xCF,
    0x47, 0xBC, 0xE2, 0x2B, 0x53, 0x4D, 0x79, 0x34, 0x9F, 0x57, 0x29, 0x9F, 0x7E, 0xDA, 0xEC, 0x64,
    0x75, 0x7C, 0xB8, 0x3B, 0x65, 0x6C, 0x76, 0xB6, 0x23, 0x59, 0x04, 0x98, 0x6A, 0x7C, 0xC8, 0x78,
    0xCD, 0xFA, 0xF0, 0x4F, 0x9D, 0x50, 0x4A, 0xF3, 0x9D, 0x40, 0x25, 0x88, 0x03, 0xEC, 0xC0, 0x8B,
    0xEC, 0x14, 0x7E, 0x15, 0xCE, 0xDB, 0x4E, 0x71, 0xCE, 0x18, 0x59, 0x3E, 0xCD, 0xE1, 0xBA, 0x29,
    0x53, 0x0C, 0xC8, 0x97, 0x2E, 0xFA, 0x76, 0xAC, 0x16, 0x5D, 0xDF, 0x7A, 0xFE, 0x6F, 0xBB, 0x6E,
    0x5A, 0xFE, 0xB3, 0xA5, 0xC8, 0xB9, 0x25, 0x70, 0x1F, 0x49, 0x3A, 0x14, 0x25, 0x9E, 0x8A, 0xD5,
    0x2F, 0xF6, 0x06, 0x76, 0x14, 0x8E, 0x62, 0x47, 0xCD, 0x71, 0x8E, 0x2D, 0xEA, 0x15, 0xEE, 0x9C,
    0x3B, 0xCF, 0x7F, 0x56, 0xD8, 0x7D, 0xC6, 0x56, 0xC2, 0x6D, 0x2C, 0xD5, 0x31, 0x7F, 0x74, 0x90,
    0x03, 0x8F, 0x42, 0x1D, 0x4F, 0xF1, 0x8E, 0x41, 0xB2, 0x1F, 0x6F, 0x47, 0xAA, 0xAF, 0x82, 0x52,
    0x45, 0xB5, 0x13, 0xD9, 0xAE, 0x4F, 0x46, 0x73, 0xE4, 0xD1, 0x75, 0xF4, 0x47, 0xF7, 0x09, 0xC5,
    0x2B, 0xA8, 0x81, 0x64, 0x4E, 0xB4, 0x1F, 0xBF, 0xB3, 0x5F, 0x7D, 0x62, 0x3F, 0xC2, 0x9D, 0x6C,
    0x10, 0xA8, 0x76, 0x96, 0x73, 0x9E, 0x86, 0x61, 0x9E, 0x0E, 0xF8, 0x10, 0xC5, 0xE8, 0x48, 0xE6,
    0x77, 0xB3, 0xB8, 0xD1, 0x15, 0x6C, 0x9B, 0x71, 0x38, 0x7F, 0x00, 0x05, 0xB5, 0xA8, 0xE6, 0x48,
    0x74, 0xFE, 0x1F, 0xA3, 0x68, 0xAA, 0x26, 0x84, 0x53, 0xC9, 0x01, 0xC1, 0x6A, 0x8C, 0xC3, 0xAB,
    0xB2, 0x8F, 0x98, 0x73, 0x96, 0xDB, 0x6C, 0xC9, 0x06, 0xA6, 0x09, 0x32, 0x83, 0x09, 0x3E, 0xD1,
    0x8E, 0xC6, 0xD9, 0x85, 0xDB, 0x11, 0x56, 0xE4, 0x87, 0x2E, 0x47, 0x46, 0x29, 0xB6, 0x5F, 0x8A,
    0x17, 0xA7, 0xB7, 0xA5, 0x75, 0x87, 0xB6, 0xD8, 0x8F, 0xF0, 0x93, 0x76, 0x73, 0x96, 0x5F, 0xB2,
    0xE1, 0xC5, 0x9D, 0xFF, 0x68, 0x45, 0x3B, 0x36, 0x23, 0xEC, 0x53, 0x6F, 0xAB, 0xA8, 0x56, 0x94,
    0xD6, 0x7E, 0x8B, 0xA2, 0x9A, 0x17, 0x6D, 0xE0, 0x86, 0x56, 0xFD, 0xB8, 0xE6, 0xF1, 0x8B, 0x74,
    0x23, 0x8F, 0xA5, 0x22, 0x35, 0xC8, 0x8B, 0x9C, 0x00, 0x6E, 0xAF, 0x2A, 0xE1, 0x94, 0x76, 0x80,
    0xE8, 0x50, 0xB4, 0x23, 0xEF, 0x21, 0x3F, 0x99, 0x36, 0x61, 0x87, 0x34, 0x2B, 0xDA, 0x02, 0xA5,
    0x61, 0x35, 0xB7, 0xFD, 0x22, 0x88, 0xD3, 0x83, 0xCF, 0x80, 0x8A, 0xDC, 0xE8, 0xCB, 0x0E, 0x2E,
    0x91, 0xA9, 0xEB, 0x1C, 0x8E, 0x79, 0x84, 0xF9, 0x5B, 0xB5, 0xF2, 0x5A, 0x2D, 0x29, 0xD6, 0x12,
    0x06, 0x9A, 0x85, 0x97, 0xCB, 0xA4, 0x66, 0xE6, 0xCC, 0xA0, 0xFE, 0x70, 0x87, 0xCE, 0xAF, 0x3F,
    0xB6, 0x0A, 0xAF, 0xA2, 0x9C, 0xEA, 0xF9, 0xE6, 0x7B, 0x08, 0x3C, 0xF3, 0x19, 0x4B, 0x54, 0xF1,
    0x50, 0xAE, 0x1D, 0xC6, 0x25, 0x70, 0x8B, 0x7C, 0xD6, 0xD2, 0x22, 0xD1, 0x9A, 0x4D, 0x65, 0xD0,
    0x98, 0x99, 0x2C, 0xD1, 0x2D, 0xDB, 0xEE, 0xAC, 0xF0, 0x1B, 0xD5, 0xB3, 0x97, 0xBB, 0x4D, 0xE5,
    0x92, 0x49, 0x9A, 0x16, 0xF4, 0x2D, 0x02, 0xCA, 0xAB, 0x5C, 0x8B, 0xE6, 0x96, 0xF9, 0x6D, 0xF4,
    0x2D, 0xC3, 0xBC, 0x7F, 0x6B, 0x1F, 0xA1, 0xF7, 0x85, 0x93, 0x0F, 0x43, 0x66, 0x2B, 0x5E, 0x5D,
    0x80, 0x3A, 0x0F, 0xB5, 0x61, 0xFD, 0xBE, 0x0E, 0xD3, 0x0E, 0xDC, 0x95, 0x89, 0x90, 0x7E, 0x84,
    0x29, 0xE4, 0xBC, 0x0A, 0x96, 0xFB, 0x52, 0x91, 0xEE, 0x6E, 0x44, 0x5F, 0x6A, 0x0A, 0x59, 0x06,
    0x66, 0x26, 0xE3, 0x9A, 0xA3, 0x45, 0x17, 0xFB, 0xCF, 0x92, 0x14, 0xE8, 0x43, 0xB4, 0x65, 0x03,
    0x3F, 0x75, 0x9C, 0xD8, 0x3C, 0xB4, 0x07, 0x88, 0x9A, 0x97, 0xE5, 0x5D, 0xDD, 0x9F, 0x52, 0xFB,
    0x31, 0xBD, 0xC5, 0x0E, 0x87, 0xF4, 0xC8, 0x31, 0x25, 0xA4, 0x94, 0xA5, 0x5D, 0x1C, 0x3C, 0xB7,
    0x7F, 0xFE, 0xD4, 0xF1, 0xAF, 0x9E, 0x7E, 0xAA, 0xCD, 0x5F, 0x8D, 0x80, 0xCD, 0x33, 0xD9, 0x3B,
    0xA6, 0x0E, 0x38, 0x5F, 0xAE, 0xE4, 0x60, 0x33, 0x19, 0xF9, 0x39, 0xEC, 0x4B, 0x0D, 0xB1, 0xAE,
    0x89, 0x95, 0xAA, 0x27, 0xE9, 0x9C, 0xCE, 0x2E, 0xA7, 0xD6, 0x20, 0x6B, 0x70, 0x52, 0x31, 0x9B,
    0x90, 0xFD, 0xB2, 0x1C, 0xF2, 0x91, 0x6C, 0x65, 0x26, 0x7B, 0x95, 0x2F, 0x71, 0x26, 0xCA, 0x59,
    0x96, 0x3E, 0x07, 0xA5, 0x9F, 0xDF, 0x7D, 0xFC, 0xD0, 0xB1, 0x09, 0xBE, 0x15, 0xDF, 0xDF, 0xE3,
    0x44, 0x2B, 0xE3, 0xD3, 0x7C, 0xA0, 0x6F, 0xBD, 0x1A, 0x79, 0x63, 0xFA, 0x3D, 0x84, 0x69, 0x61,
    0x4A, 0x16, 0x88, 0xD0, 0x54, 0xB3, 0xC0, 0xCF, 0x19, 0x67, 0x23, 0xE8, 0x35, 0x51, 0xC4, 0xB1,
    0x32, 0xE3, 0x23, 0x80, 0x0E, 0xA8, 0xF5, 0xF0, 0x5F, 0xAD, 0x70, 0xA2, 0xE6, 0xA1, 0xA4, 0x49,
    0xB6, 0x43, 0x28, 0xD1, 0x40, 0xB5, 0x07, 0xFE, 0x22, 0xCD, 0xD6, 0xDD, 0xBF, 0xE7, 0xD6, 0x47,
    0xDF, 0x8A, 0x2B, 0xCD, 0xAA, 0x67, 0x67, 0x59, 0x90, 0x74, 0x0B, 0xE1, 0x03, 0x8F, 0x04, 0x33,
    0x5D, 0xEB, 0xD5, 0x7F, 0x2E, 0x26, 0xBF, 0x78, 0x05, 0x89, 0xE2, 0xDE, 0xDB, 0xDC, 0x38, 0x99,
    0x6F, 0x3D, 0x71, 0x67, 0x6F, 0xCC, 0x71, 0xE2, 0x64, 0x37, 0xAE, 0x3D, 0xE6, 0x3A, 0xC9, 0xB7,
    0xCF, 0xA0, 0x97, 0xA7, 0x7E, 0xE8, 0x26, 0xE5, 0xA0, 0xFD, 0xE4, 0xD7, 0x07, 0x56, 0xC7, 0x63,
    0x8D, 0xFD, 0x76, 0x7B, 0xF0, 0x7D, 0x6D, 0x44, 0x12, 0xC9, 0x63, 0x2A, 0x63, 0xE2, 0x2A, 0xEC,
    0x98, 0xE6, 0x9D, 0x37, 0x17, 0xD1, 0xF3, 0xC5, 0xBB, 0x62, 0x6A, 0x8B, 0xA2, 0xB9, 0x3A, 0x63,
    0x59, 0xDD, 0x52, 0x71, 0x24, 0x1B, 0xDA, 0x8B, 0xC6, 0x9C, 0x5A, 0x34, 0xA4, 0xEE, 0xE4, 0x60,
    0xEA, 0x2D, 0x9C, 0x34, 0x41, 0xC6, 0x86, 0x70, 0x52, 0x9D, 0xDF, 0xF1, 0x56, 0x5D, 0x2E, 0x9D,
    0xB6, 0x12, 0x27, 0x93, 0x1C, 0x4A, 0xBD, 0x92, 0x1C, 0x9E, 0xD9, 0x8B, 0x65, 0x27, 0xB4, 0x6D,
    0x29, 0x70, 0xD8, 0x48, 0x20, 0x5B, 0x3A, 0x7D, 0x12, 0x9C, 0xFB, 0x9F, 0xEF, 0x06, 0x4C, 0x99,
    0x37, 0xF6, 0xFA, 0x2A, 0xFE, 0x66, 0x10, 0xB3, 0x7A, 0xBE, 0x71, 0x1B, 0x9B, 0xD7, 0x67, 0x83,
    0x90, 0x1C, 0xF5, 0xC2, 0x9F, 0xB2, 0xF8, 0x33, 0x8E, 0x71, 0x5D, 0xF5, 0xFC, 0x09, 0x36, 0xC4,
    0xAF, 0xB0, 0xE8, 0x70, 0x2A, 0x69, 0xCD, 0x11, 0x44, 0xDB, 0x7F, 0x15, 0x8B, 0xA5, 0x5F, 0xE5,
    0x73, 0xF9, 0x32, 0xDC, 0xEC, 0xD9, 0x80, 0x5F, 0x8D, 0xFF, 0x36, 0x50, 0xF9, 0x26, 0x7F, 0xEB,
    0xAA, 0xD7, 0x40, 0x88, 0xCF, 0x73, 0x88, 0x50, 0xB4, 0x4F, 0x30, 0xA6, 0xD1, 0x24, 0xE7, 0x0C,
    0x25, 0x6F, 0x29, 0x98, 0x59, 0xA1, 0xB0, 0x5B, 0xA2, 0xA9, 0x89, 0x57, 0x31, 0xB7, 0x76, 0xF2,
    0x9F, 0x0B, 0x54, 0xAB, 0x63, 0xC8, 0xA0, 0xFC, 0xC8, 0x6D, 0x1E, 0x35, 0x9B, 0x53, 0xE5, 0x77,
    0xEE, 0xEC, 0x33, 0xC2, 0x2C, 0x96, 0xF7, 0xB4, 0x07, 0xC1, 0x31, 0x88, 0xBB, 0xB0, 0xB7, 0x9A,
    0x7B, 0xEA, 0x2B, 0x2C, 0xBA, 0x71, 0xEB, 0x1D, 0x06, 0xB9, 0xEB, 0xC2, 0xF8, 0xDF, 0xDC, 0xCE,
    0x7E, 0x00, 0x0E, 0x55, 0xCC, 0x8C, 0x1D, 0xAB, 0x88, 0xE7, 0x1B, 0x9C, 0x17, 0xC8, 0x7E, 0xCF,
    0x00, 0x9D, 0xE8, 0x5C, 0x73, 0x88, 0xF4, 0xB0, 0xEE, 0x9F, 0x69, 0x6C, 0xCA, 0xEE, 0x18, 0x99,
    0xB2, 0xA6, 0x2F, 0xFC, 0x55, 0xD7, 0xA8, 0x9E, 0xC1, 0x57, 0x94, 0x55, 0x94, 0xDB, 0xF1, 0x4D,
    0x8A, 0x47, 0x45, 0xA7, 0x4F, 0x2D, 0x89, 0x7B, 0x2A, 0xA3, 0xCE, 0xBB, 0xF1, 0x2C, 0x5C, 0x58,
    0xBD, 0x4E, 0x5F, 0xC3, 0x72, 0x1D, 0xBE, 0x14, 0x16, 0x11, 0xC5, 0x89, 0x5E, 0x5A, 0xDB, 0x4A,
    0x1B, 0x4A, 0x5E, 0xCA, 0xE1, 0x42, 0xAD, 0x47, 0x8D, 0x0A, 0xF6, 0x4F, 0x98, 0xDB, 0xC1, 0x52,
    0x7D, 0xA4, 0x48, 0x6F, 0x24, 0xA5, 0x03, 0x34, 0x51, 0x73, 0x4F, 0xD0, 0x49, 0xF6, 0xF5, 0xE3,
    0x04, 0xE9, 0xF5, 0x64, 0x07, 0xDD, 0x40, 0x15, 0x77, 0x1F, 0x2B, 0x48, 0xCD, 0x4D, 0xA7, 0x4B,
    0xDC, 0xBF, 0xDD, 0xD3, 0xCD, 0xC3, 0x3F, 0x1E, 0x14, 0x36, 0x1E, 0x23, 0x37, 0xFD, 0xC3, 0xB4,
    0x71, 0xE6, 0x25, 0x4C, 0x63, 0x36, 0xBF, 0x14, 0xD1, 0x1F, 0xF5, 0x31, 0xBF, 0x50, 0x67, 0x6B,
    0x54, 0x39, 0x08, 0x8B, 0x56, 0x61, 0x1B, 0x5E, 0x29, 0xA3, 0x2D, 0x38, 0xA3, 0x22, 0x4B, 0x37,
    0x60, 0x0D, 0xEA, 0xD4, 0xCF, 0xA7, 0xB2, 0x91, 0x9E, 0xB3, 0x51, 0x1D, 0x61, 0x6D, 0x62, 0x8D,
    0x1C, 0x67, 0x9F, 0xFE, 0xF3, 0x3E, 0x4E, 0x98, 0x82, 0x4F, 0x97, 0xC9, 0x2F, 0xEC, 0xBB, 0x75,
    0x2D, 0x61, 0xAF, 0xCC, 0x71, 0x31, 0x6C, 0x13, 0xF8, 0xE6, 0xBF, 0x08, 0x06, 0x6F, 0xC9, 0x18,
    0x92, 0x44, 0x02, 0x01, 0x26, 0xDC, 0x74, 0x28, 0x20, 0x06, 0xCC, 0xD3, 0x4B, 0x91, 0x4A, 0x7A,
    0x6C, 0x66, 0x8A, 0x62, 0xCD, 0xC9, 0x54, 0xFB, 0xF7, 0x83, 0xFA, 0x43, 0xBB, 0x4C, 0x9D, 0xC4,
    0xD7, 0xBD, 0x60, 0x1B, 0x93, 0xB1, 0x5E, 0xB1, 0x06, 0x47, 0x53, 0xFE, 0x60, 0x1B, 0x7F, 0x98,
    0x6A, 0xE8, 0x81, 0x1B, 0xD4, 0xC6, 0x13, 0x4E, 0x8C, 0x93, 0x66, 0xF5, 0xA1, 0x14, 0xC5, 0x1F,
    0x65, 0x3B, 0xB5, 0x58, 0xB3, 0x47, 0x59, 0x7D, 0x83, 0x52, 0xC8, 0xA1, 0x94, 0x17, 0x15, 0x64,
    0x71, 0x94, 0x5F, 0xD4, 0x5B, 0x80, 0x16, 0x9B, 0x62, 0x06, 0xF8, 0x83, 0x06, 0x4F, 0x53, 0x81,
    0xD1, 0xDF, 0x3C, 0x10, 0x67, 0x0E, 0x4C, 0xB4, 0x7D, 0xAF, 0x6B, 0x8B, 0x5F, 0xD3, 0x3E, 0xA0,
    0xAE, 0xBD, 0x42, 0x45, 0x0F, 0x34, 0x14, 0xB5, 0x13, 0x72, 0xB5, 0x52, 0x15, 0x61, 0xDD, 0x31,
    0x7A, 0x03, 0x4B, 0x01, 0xF2, 0xB4, 0x75, 0x75, 0xA6, 0xFA, 0x7A, 0x5E, 0x26, 0x92, 0xD7, 0x8D,
    0x0C, 0x9D, 0xD7, 0x1A, 0x69, 0xBB, 0x15, 0x6D, 0x32, 0x05, 0x32, 0xC3, 0xC8, 0xAB, 0x38, 0x9C,
    0xA6, 0x73, 0x1E, 0x0C, 0xB4, 0x6A, 0x1F, 0x51, 0x81, 0x0A, 0x10, 0x37, 0xD8, 0x52, 0x7F, 0x3C,
    0x81, 0x5A, 0xB2, 0xAF, 0xE0, 0xBE, 0x0B, 0xFC, 0xA8, 0x1F, 0xDF, 0x93, 0x60, 0x94, 0x24, 0x23,
    0xF5, 0xC6, 0xDD, 0x18, 0x3C, 0xA9, 0x9F, 0x0C, 0x3C, 0x91, 0xDC, 0x1D, 0x27, 0x3B, 0xA5, 0x5C,
    0xAA, 0x57, 0x72, 0xA9, 0xB2, 0xBE, 0xF4, 0x0D, 0x48, 0xE3, 0x27, 0x4B, 0xF5, 0x77, 0x7B, 0x90,
    0xAA, 0x67, 0x4A, 0xF5, 0x15, 0xFA, 0x5F, 0xDD, 0xF2, 0xBB, 0x54, 0xBD, 0xBB, 0x1E, 0xD0, 0xE2,
    0x37, 0x6E, 0x6E, 0x91, 0xC5, 0x28, 0xB9, 0x9D, 0xA9, 0x5D, 0xDE, 0x32, 0x60, 0xDB, 0xBD, 0xA7,
    0xE3, 0x3E, 0x78, 0x08, 0x52, 0x8A, 0xBA, 0x14, 0xD7, 0x2F, 0xD4, 0x2C, 0xCC, 0x71, 0x24, 0x56,
    0xC4, 0xB6, 0x0C, 0xA3, 0x10, 0x7C, 0xA3, 0x52, 0x49, 0xEC, 0x36, 0xF7, 0xA8, 0x5E, 0x14, 0xE3,
    0xC3, 0x24, 0x9A, 0x75, 0x7C, 0xA3, 0x82, 0x89, 0xD4, 0x85, 0xC0, 0xC5, 0xC6, 0x5A, 0x62, 0x64,
    0x58, 0xB2, 0x86, 0x92, 0x3A, 0x4F, 0xB2, 0x04, 0x51, 0xE5, 0xAF, 0xE2, 0x6A, 0xCC, 0xA0, 0x19,
    0xD9, 0xA1, 0xD6, 0xE3, 0x66, 0x3B, 0x73, 0x30, 0x67, 0xD5, 0xD7, 0x96, 0x87, 0x26, 0x50, 0x8F,
    0xBC, 0xD5, 0x73, 0xE5, 0xD4, 0xBE, 0x25, 0x1C, 0xFE, 0x59, 0xA7, 0x7C, 0x48, 0x69, 0x54, 0x5E,
    0xB3, 0xEF, 0x6F, 0xDD, 0x00, 0x4B, 0x39, 0xCA, 0x51, 0x74, 0xA3, 0x87, 0x23, 0x53, 0xC3, 0xC1,
    0x9B, 0x61, 0x10, 0x92, 0xBF, 0x51, 0xD9, 0xC0, 0x52, 0xC1, 0x02, 0xC9, 0x86, 0x78, 0xEE, 0xE3,
    0x33, 0x94, 0xEF, 0x81, 0x64, 0xF6, 0x3A, 0xCA, 0x43, 0x9E, 0xBC, 0xF6, 0xD8, 0x04, 0x44, 0x22,
    0xE5, 0xDF, 0xA9, 0x38, 0x5F, 0xFB, 0x63, 0x47, 0xF9, 0x9A, 0x16, 0xD7, 0xB7, 0x8D, 0xCB, 0x3C,
    0x84, 0x4D, 0x76, 0xE5, 0x2B, 0x80, 0x38, 0x78, 0x9C, 0xD4, 0xFD, 0x12, 0x4C, 0x63, 0x47, 0xE2,
    0x81, 0xA9, 0xEB, 0xDA, 0x3F, 0xFD, 0x91, 0x02, 0xED, 0xA9, 0x0B, 0x06, 0xDA, 0x56, 0x80, 0xED,
    0xE9, 0x70, 0x99, 0x1B, 0xE7, 0x81, 0xB6, 0x17, 0xE7, 0x81, 0xF6, 0x46, 0x5F, 0x4D, 0xAF, 0x09,
    0xB4, 0xC7, 0xE5, 0xD2, 0x8D, 0xD3, 0x38, 0x09, 0x08, 0xB5, 0xB0, 0x4C, 0x8B, 0xA3, 0x41, 0x36,
    0x26, 0x70, 0x4B, 0x09, 0xFA, 0xE6, 0x2B, 0xB3, 0xE8, 0xE9, 0x6B, 0xA4, 0x9E, 0x84, 0x86, 0x93,
    0x7D, 0x6A, 0xB9, 0xFA, 0x74, 0x8C, 0x40, 0xBB, 0x48, 0x33, 0x1D, 0xA6, 0x0E, 0xB3, 0x6E, 0x0B,
    0x26, 0x8D, 0x2A, 0xF0, 0x91, 0x25, 0x36, 0xB5, 0x5B, 0x0B, 0x08, 0xB4, 0x7F, 0xC0, 0x66, 0x63,
    0x70, 0x4F, 0xCC, 0x81, 0x76, 0xB6, 0x37, 0xB2, 0x4F, 0x48, 0xA0, 0x8D, 0x71, 0xD7, 0x3C, 0xD0,
    0xD6, 0x3B, 0x54, 0x48, 0x78, 0xB2, 0x1A, 0x68, 0xB7, 0xDE, 0x44, 0xA0, 0x3D, 0x82, 0x59, 0xAE,
    0x73, 0x03, 0x6D, 0x52, 0x66, 0x6F, 0x29, 0xF2, 0xF2, 0x65, 0x38, 0xA5, 0x67, 0xCD, 0x42, 0xEB,
    0x89, 0x33, 0x51, 0xBE, 0xF4, 0xDA, 0x08, 0xF5, 0x67, 0x8C, 0x70, 0xF3, 0x33, 0xE6, 0xBD, 0x34,
    0xF2, 0x98, 0xE6, 0xC0, 0x7B, 0x49, 0xBE, 0x1C, 0xC1, 0x08, 0x61, 0x18, 0x9E, 0x23, 0x24, 0xF9,
    0x1E, 0x86, 0x89, 0xAE, 0x1E, 0x47, 0x5E, 0x5C, 0x37, 0xC6, 0x21, 0x34, 0x5B, 0x93, 0x07, 0x61,
    0xC9, 0x2C, 0x61, 0x0F, 0x0B, 0x26, 0xEC, 0x0C, 0x8B, 0x26, 0x3C, 0x0D, 0xB5, 0x4D, 0xBA, 0x87,
    0x85, 0x7B, 0x65, 0x3E, 0x99, 0x42, 0x1B, 0xC6, 0x76, 0x11, 0xDB, 0x99, 0xFC, 0x78, 0x99, 0xC3,
    0x9B, 0x90, 0x85, 0xB0, 0xE5, 0xEF, 0xE6, 0x00, 0x3F, 0xA4, 0x04, 0x8E, 0x6E, 0x8A, 0xD1, 0x90,
    0x46, 0x17, 0x9D, 0x81, 0x56, 0x02, 0xE7, 0xCB, 0x98, 0x6F, 0xC2, 0x43, 0x7B, 0xDA, 0xB4, 0x10,
    0xF5, 0x6D, 0x43, 0xEA, 0x86, 0x09, 0x20, 0x68, 0xB7, 0x33, 0xD4, 0xA7, 0xAE, 0x21, 0xA5, 0x2E,
    0x54, 0xD7, 0x81, 0x22, 0xD1, 0xFF, 0x03,
};

static const EpdGlyph lexenddeca_16_regularGlyphs[] = {
    { 0, 0, 312, 0, 0, 0, 0 }, // U+0000
    { 0, 0, 148, 0, 0, 0, 0 }, // U+000D
    { 0, 0, 157, 0, 0, 0, 0 }, // U+0020
    { 6, 25, 140, 1, 24, 38, 0 }, // !
    { 13, 10, 232, 1, 24, 33, 38 }, // "
    { 22, 24, 372, 1, 24, 132, 71 }, // #
    { 19, 31, 335, 1, 27, 148, 203 }, // $
    { 27, 25, 472, 1, 24, 169, 351 }, // %
    { 24, 25, 401, 1, 24, 150, 520 }, // &
    { 6, 10, 118, 1, 24, 15, 670 }, // '
    { 11, 31, 199, 1, 24, 86, 685 }, // (
    { 12, 31, 199, 0, 24, 93, 771 }, // )
    { 13, 12, 216, 0, 24, 39, 864 }, // *
    { 18, 17, 316, 1, 18, 77, 903 }, // +
    { 7, 12, 146, 1, 5, 21, 980 }, // ,
    { 12, 5, 220, 1, 12, 15, 1001 }, // -
    { 6, 6, 127, 1, 5, 9, 1016 }, // .
    { 19, 29, 304, 0, 24, 138, 1025 }, // /
    { 19, 25, 336, 1, 24, 119, 1163 }, // 0
    { 14, 24, 278, 2, 24, 84, 1282 }, // 1
    { 17, 24, 292, 1, 24, 102, 1366 }, // 2
    { 18, 25, 294, 0, 24, 113, 1468 }, // 3
    { 20, 24, 339, 0, 24, 120, 1581 }, // 4
    { 17, 25, 308, 1, 24, 107, 1701 }, // 5
    { 17, 24, 301, 1, 24, 102, 1808 }, // 6
    { 17, 24, 291, 1, 24, 102, 1910 }, // 7
    { 17, 25, 312, 1, 24, 107, 2012 }, // 8
    { 17, 24, 299, 1, 24, 102, 2119 }, // 9
    { 6, 19, 127, 1, 18, 29, 2221 }, // :
    { 7, 25, 145, 1, 18, 44, 2250 }, // ;
    { 15, 18, 279, 1, 17, 68, 2294 }, // <
    { 17, 11, 312, 1, 15, 47, 2362 }, // =
    { 16, 18, 280, 1, 17, 72, 2409 }, // >
    { 16, 25, 277, 0, 24, 100, 2481 }, // ?
    { 30, 30, 515, 1, 24, 225, 2581 }, // @
    { 23, 24, 372, 0, 24, 138, 2806 }, // A
    { 19, 24, 367, 3, 24, 114, 2944 }, // B
    { 21, 25, 365, 1, 24, 132, 3058 }, // C
    { 21, 24, 404, 3, 24, 126, 3190 }, // D
    { 16, 24, 333, 3, 24, 96, 3316 }, // E
    { 16, 24, 324, 3, 24, 96, 3412 }, // F
    { 24, 25, 411, 1, 24, 150, 3508 }, // G
    { 20, 24, 410, 3, 24, 120, 3658 }, // H
    { 13, 24, 269, 2, 24, 78, 3778 }, // I
    { 19, 25, 347, 1, 24, 119, 3856 }, // J
    { 21, 24, 391, 3, 24, 126, 3975 }, // K
    { 16, 24, 321, 3, 24, 96, 4101 }, // L
    { 23, 24, 463, 3, 24, 138, 4197 }, // M
    { 21, 24, 426, 3, 24, 126, 4335 }, // N
    { 24, 25, 423, 1, 24, 150, 4461 }, // O
    { 17, 24, 343, 3, 24, 102, 4611 }, // P
    { 24, 28, 423, 1, 24, 168, 4713 }, // Q
    { 19, 25, 372, 3, 24, 119, 4881 }, // R
    { 19, 25, 334, 1, 24, 119, 5000 }, // S
    { 18, 24, 322, 1, 24, 108, 5119 }, // T
    { 21, 25, 399, 2, 24, 132, 5227 }, // U
    { 24, 24, 381, 0, 24, 144, 5359 }, // V
    { 33, 24, 531, 0, 24, 198, 5503 }, // W
    { 23, 24, 369, 0, 24, 138, 5701 }, // X
    { 23, 24, 357, 0, 24, 138, 5839 }, // Y
    { 19, 24, 356, 2, 24, 114, 5977 }, // Z
    { 10, 31, 218, 2, 24, 78, 6091 }, // [
    { 18, 28, 302, 1, 24, 126, 6169 }, // <backslash>
    { 10, 31, 218, 1, 24, 78, 6295 }, // ]
    { 19, 13, 311, 0, 25, 62, 6373 }, // ^
    { 21, 4, 367, 1, -2, 21, 6435 }, // _
    { 9, 8, 267, 4, 27, 18, 6456 }, // `
    { 19, 19, 342, 1, 18, 91, 6474 }, // a
    { 19, 26, 341, 2, 25, 124, 6565 }, // b
    { 17, 19, 287, 1, 18, 81, 6689 }, // c
    { 19, 26, 342, 1, 25, 124, 6770 }, // d
    { 18, 19, 312, 1, 18, 86, 6894 }, // e
    { 13, 25, 210, 1, 25, 82, 6980 }, // f
    { 19, 26, 350, 1, 18, 124, 7062 }, // g
    { 17, 25, 325, 2, 25, 107, 7186 }, // h
    { 6, 27, 156, 2, 27, 41, 7293 }, // i
    { 10, 34, 151, -2, 27, 85, 7334 }, // j
    { 18, 25, 314, 2, 25, 113, 7419 }, // k
    { 5, 25, 144, 2, 25, 32, 7532 }, // l
    { 28, 18, 499, 2, 18, 126, 7564 }, // m
    { 17, 18, 325, 2, 18, 77, 7690 }, // n
    { 19, 19, 333, 1, 18, 91, 7767 }, // o
    { 19, 26, 342, 2, 18, 124, 7858 }, // p
    { 18, 26, 341, 1, 18, 117, 7982 }, // q
    { 12, 18, 224, 2, 18, 54, 8099 }, // r
    { 14, 19, 259, 1, 18, 67, 8153 }, // s
    { 13, 23, 207, 0, 23, 75, 8220 }, // t
    { 17, 19, 330, 2, 18, 81, 8295 }, // u
    { 19, 18, 311, 0, 18, 86, 8376 }, // v
    { 27, 18, 433, 0, 18, 122, 8462 }, // w
    { 19, 18, 308, 0, 18, 86, 8584 }, // x
    { 20, 26, 317, 0, 18, 130, 8670 }, // y
    { 15, 18, 270, 1, 18, 68, 8800 }, // z
    { 13, 31, 222, 1, 24, 101, 8868 }, // {
    { 5, 32, 140, 2, 25, 40, 8969 }, // |
    { 13, 31, 222, 0, 24, 101, 9009 }, // }
    { 16, 6, 281, 1, 13, 24, 9110 }, // ~
    { 0, 0, 0, 0, 0, 0, 9134 }, // U+007F
    { 0, 0, 157, 0, 0, 0, 0 }, // U+00A0
    { 6, 25, 140, 1, 19, 38, 0 }, // U+00A1
    { 17, 24, 291, 1, 24, 102, 38 }, // U+00A2
    { 21, 25, 331, 0, 24, 132, 140 }, // U+00A3
    { 17, 16, 295, 1, 18, 68, 272 }, // U+00A4
    { 23, 24, 357, 0, 24, 138, 340 }, // U+00A5
    { 5, 32, 143, 2, 25, 40, 478 }, // U+00A6
    { 17, 29, 298, 1, 24, 124, 518 }, // U+00A7
    { 13, 6, 267, 2, 27, 20, 642 }, // U+00A8
    { 25, 25, 420, 1, 24, 157, 662 }, // U+00A9
    { 12, 12, 199, 0, 25, 36, 819 }, // U+00AA
    { 16, 15, 274, 0, 16, 60, 855 }, // U+00AB
    { 20, 11, 357, 1, 14, 55, 915 }, // U+00AC
    { 12, 5, 221, 1, 12, 15, 970 }, // U+00AD
    { 17, 16, 270, 0, 24, 68, 985 }, // U+00AE
    { 11, 4, 226, 3, 25, 11, 1053 }, // U+00AF
    { 12, 11, 284, 3, 24, 33, 1064 }, // U+00B0
    { 18, 20, 322, 1, 19, 90, 1097 }, // U+00B1
    { 10, 13, 188, 1, 27, 33, 1187 }, // U+00B2
    { 10, 13, 185, 1, 26, 33, 1220 }, // U+00B3
    { 9, 8, 267, 4, 27, 18, 1253 }, // U+00B4
    { 16, 24, 323, 2, 18, 96, 1271 }, // U+00B5
    { 21, 24, 389, 1, 24, 126, 1367 }, // U+00B6
    { 6, 6, 127, 1, 14, 9, 1493 }, // U+00B7
    { 8, 10, 267, 4, 1, 20, 1502 }, // U+00B8
    { 7, 13, 151, 1, 26, 23, 1522 }, // U+00B9
    { 12, 11, 197, 0, 24, 33, 1545 }, // U+00BA
    { 16, 15, 276, 1, 16, 60, 1578 }, // U+00BB
    { 25, 25, 428, 1, 24, 157, 1638 }, // U+00BC
    { 25, 24, 427, 1, 24, 150, 1795 }, // U+00BD
    { 26, 25, 433, 0, 24, 163, 1945 }, // U+00BE
    { 16, 25, 277, 0, 19, 100, 2108 }, // U+00BF
    { 23, 31, 372, 0, 31, 179, 2208 }, // U+00C0
    { 23, 31, 372, 0, 31, 179, 2387 }, // U+00C1
    { 23, 30, 372, 0, 30, 173, 2566 }, // U+00C2
    { 23, 30, 372, 0, 30, 173, 2739 }, // U+00C3
    { 23, 31, 372, 0, 31, 179, 2912 }, // U+00C4
    { 23, 31, 372, 0, 31, 179, 3091 }, // U+00C5
    { 32, 24, 537, 0, 24, 192, 3270 }, // U+00C6
    { 21, 33, 365, 1, 24, 174, 3462 }, // U+00C7
    { 16, 31, 333, 3, 31, 124, 3636 }, // U+00C8
    { 16, 31, 333, 3, 31, 124, 3760 }, // U+00C9
    { 16, 30, 333, 3, 30, 120, 3884 }, // U+00CA
    { 16, 31, 333, 3, 31, 124, 4004 }, // U+00CB
    { 13, 31, 269, 2, 31, 101, 4128 }, // U+00CC
    { 13, 31, 269, 2, 31, 101, 4229 }, // U+00CD
    { 13, 30, 269, 2, 30, 98, 4330 }, // U+00CE
    { 13, 31, 269, 2, 31, 101, 4428 }, // U+00CF
    { 23, 24, 404, 1, 24, 138, 4529 }, // U+00D0
    { 21, 30, 426, 3, 30, 158, 4667 }, // U+00D1
    { 24, 32, 423, 1, 31, 192, 4825 }, // U+00D2
    { 24, 32, 423, 1, 31, 192, 5017 }, // U+00D3
    { 24, 31, 423, 1, 30, 186, 5209 }, // U+00D4
    { 24, 31, 423, 1, 30, 186, 5395 }, // U+00D5
    { 24, 32, 423, 1, 31, 192, 5581 }, // U+00D6
    { 15, 15, 267, 1, 17, 57, 5773 }, // U+00D7
    { 24, 27, 418, 1, 25, 162, 5830 }, // U+00D8
    { 21, 32, 399, 2, 31, 168, 5992 }, // U+00D9
    { 21, 32, 399, 2, 31, 168, 6160 }, // U+00DA
    { 21, 31, 399, 2, 30, 163, 6328 }, // U+00DB
    { 21, 32, 399, 2, 31, 168, 6491 }, // U+00DC
    { 23, 31, 357, 0, 31, 179, 6659 }, // U+00DD
    { 17, 24, 343, 3, 24, 102, 6838 }, // U+00DE
    { 20, 26, 355, 1, 25, 130, 6940 }, // U+00DF
    { 19, 28, 342, 1, 27, 133, 7070 }, // U+00E0
    { 19, 28, 342, 1, 27, 133, 7203 }, // U+00E1
    { 19, 27, 342, 1, 26, 129, 7336 }, // U+00E2
    { 19, 27, 342, 1, 26, 129, 7465 }, // U+00E3
    { 19, 28, 342, 1, 27, 133, 7594 }, // U+00E4
    { 19, 29, 342, 1, 28, 138, 7727 }, // U+00E5
    { 28, 19, 479, 1, 18, 133, 7865 }, // U+00E6
    { 17, 27, 287, 1, 18, 115, 7998 }, // U+00E7
    { 18, 28, 312, 1, 27, 126, 8113 }, // U+00E8
    { 18, 28, 312, 1, 27, 126, 8239 }, // U+00E9
    { 18, 27, 312, 1, 26, 122, 8365 }, // U+00EA
    { 18, 28, 312, 1, 27, 126, 8487 }, // U+00EB
    { 9, 27, 138, -1, 27, 61, 8613 }, // U+00EC
    { 9, 27, 138, 0, 27, 61, 8674 }, // U+00ED
    { 12, 26, 138, -2, 26, 78, 8735 }, // U+00EE
    { 13, 27, 138, -2, 27, 88, 8813 }, // U+00EF
    { 18, 26, 310, 1, 25, 117, 8901 }, // U+00F0
    { 17, 26, 325, 2, 26, 111, 9018 }, // U+00F1
    { 19, 28, 333, 1, 27, 133, 9129 }, // U+00F2
    { 19, 28, 333, 1, 27, 133, 9262 }, // U+00F3
    { 19, 27, 333, 1, 26, 129, 9395 }, // U+00F4
    { 19, 27, 333, 1, 26, 129, 9524 }, // U+00F5
    { 19, 28, 333, 1, 27, 133, 9653 }, // U+00F6
    { 18, 18, 318, 1, 18, 81, 9786 }, // U+00F7
    { 19, 21, 333, 1, 19, 100, 9867 }, // U+00F8
    { 17, 28, 330, 2, 27, 119, 9967 }, // U+00F9
    { 17, 28, 330, 2, 27, 119, 10086 }, // U+00FA
    { 17, 27, 330, 2, 26, 115, 10205 }, // U+00FB
    { 17, 28, 330, 2, 27, 119, 10320 }, // U+00FC
    { 20, 35, 317, 0, 27, 175, 10439 }, // U+00FD
    { 19, 33, 342, 2, 25, 157, 10614 }, // U+00FE
    { 20, 35, 317, 0, 27, 175, 10771 }, // U+00FF
    { 23, 30, 372, 0, 30, 173, 0 }, // U+0100
    { 19, 26, 342, 1, 25, 124, 173 }, // U+0101
    { 23, 31, 372, 0, 31, 179, 297 }, // U+0102
    { 19, 27, 342, 1, 26, 129, 476 }, // U+0103
    { 24, 31, 372, 0, 24, 186, 605 }, // U+0104
    { 19, 25, 342, 1, 18, 119, 791 }, // U+0105
    { 21, 32, 365, 1, 31, 168, 910 }, // U+0106
    { 17, 28, 287, 1, 27, 119, 1078 }, // U+0107
    { 21, 31, 365, 1, 30, 163, 1197 }, // U+0108
    { 17, 27, 287, 1, 26, 115, 1360 }, // U+0109
    { 21, 32, 365, 1, 31, 168, 1475 }, // U+010A
    { 17, 27, 287, 1, 26, 115, 1643 }, // U+010B
    { 21, 32, 365, 1, 31, 168, 1758 }, // U+010C
    { 17, 27, 287, 1, 26, 115, 1926 }, // U+010D
    { 21, 31, 404, 3, 31, 163, 2041 }, // U+010E
    { 26, 26, 367, 1, 25, 169, 2204 }, // U+010F
    { 23, 24, 404, 1, 24, 138, 2373 }, // U+0110
    { 21, 26, 342, 1, 25, 137, 2511 }, // U+0111
    { 16, 30, 333, 3, 30, 120, 2648 }, // U+0112
    { 18, 26, 312, 1, 25, 117, 2768 }, // U+0113
    { 16, 31, 333, 3, 31, 124, 2885 }, // U+0114
    { 18, 27, 312, 1, 26, 122, 3009 }, // U+0115
    { 16, 31, 333, 3, 31, 124, 3131 }, // U+0116
    { 18, 27, 312, 1, 26, 122, 3255 }, // U+0117
    { 16, 31, 333, 3, 24, 124, 3377 }, // U+0118
    { 18, 25, 312, 1, 18, 113, 3501 }, // U+0119
    { 16, 31, 333, 3, 31, 124, 3614 }, // U+011A
    { 18, 27, 312, 1, 26, 122, 3738 }, // U+011B
    { 24, 31, 411, 1, 30, 186, 3860 }, // U+011C
    { 19, 34, 350, 1, 26, 162, 4046 }, // U+011D
    { 24, 32, 411, 1, 31, 192, 4208 }, // U+011E
    { 19, 34, 350, 1, 26, 162, 4400 }, // U+011F
    { 24, 32, 411, 1, 31, 192, 4562 }, // U+0120
    { 19, 34, 350, 1, 26, 162, 4754 }, // U+0121
    { 24, 33, 411, 1, 24, 198, 4916 }, // U+0122
    { 19, 36, 350, 1, 28, 171, 5114 }, // U+0123
    { 20, 30, 410, 3, 30, 150, 5285 }, // U+0124
    { 17, 31, 325, 2, 31, 132, 5435 }, // U+0125
    { 26, 24, 450, 1, 24, 156, 5567 }, // U+0126
    { 19, 25, 325, 0, 25, 119, 5723 }, // U+0127
    { 13, 30, 269, 2, 30, 98, 5842 }, // U+0128
    { 12, 26, 138, -2, 26, 78, 5940 }, // U+0129
    { 13, 30, 269, 2, 30, 98, 6018 }, // U+012A
    { 11, 25, 138, -1, 25, 69, 6116 }, // U+012B
    { 13, 31, 269, 2, 31, 101, 6185 }, // U+012C
    { 12, 26, 138, -2, 26, 78, 6286 }, // U+012D
    { 13, 31, 269, 2, 24, 101, 6364 }, // U+012E
    { 8, 33, 138, -1, 26, 66, 6465 }, // U+012F
    { 13, 31, 269, 2, 31, 101, 6531 }, // U+0130
    { 5, 18, 138, 2, 18, 23, 6632 }, // U+0131
    { 35, 25, 616, 2, 24, 219, 6655 }, // U+0132
    { 16, 34, 307, 2, 27, 136, 6874 }, // U+0133
    { 19, 31, 347, 1, 30, 148, 7010 }, // U+0134
    { 13, 33, 150, -2, 26, 108, 7158 }, // U+0135
    { 21, 33, 391, 3, 24, 174, 7266 }, // U+0136
    { 18, 34, 314, 2, 25, 153, 7440 }, // U+0137
    { 17, 19, 310, 2, 18, 81, 7593 }, // U+0138
    { 18, 31, 321, 1, 31, 140, 7674 }, // U+0139
    { 10, 32, 144, 0, 32, 80, 7814 }, // U+013A
    { 16, 33, 321, 3, 24, 132, 7894 }, // U+013B
    { 7, 34, 144, 1, 25, 60, 8026 }, // U+013C
    { 16, 24, 321, 3, 24, 96, 8086 }, // U+013D
    { 12, 25, 170, 2, 25, 75, 8182 }, // U+013E
    { 16, 24, 321, 3, 24, 96, 8257 }, // U+013F
    { 12, 25, 205, 2, 25, 75, 8353 }, // U+0140
    { 20, 24, 338, 0, 24, 120, 8428 }, // U+0141
    { 11, 25, 158, -1, 25, 69, 8548 }, // U+0142
    { 21, 31, 426, 3, 31, 163, 8617 }, // U+0143
    { 17, 27, 325, 2, 27, 115, 8780 }, // U+0144
    { 21, 33, 426, 3, 24, 174, 8895 }, // U+0145
    { 17, 27, 325, 2, 18, 115, 9069 }, // U+0146
    { 21, 31, 426, 3, 31, 163, 9184 }, // U+0147
    { 17, 26, 325, 2, 26, 111, 9347 }, // U+0148
    { 23, 24, 346, -3, 24, 138, 9458 }, // U+0149
    { 21, 31, 426, 3, 24, 163, 9596 }, // U+014A
    { 17, 25, 325, 2, 18, 107, 9759 }, // U+014B
    { 24, 31, 423, 1, 30, 186, 9866 }, // U+014C
    { 19, 26, 333, 1, 25, 124, 10052 }, // U+014D
    { 24, 32, 423, 1, 31, 192, 10176 }, // U+014E
    { 19, 27, 333, 1, 26, 129, 10368 }, // U+014F
    { 24, 33, 423, 1, 32, 198, 10497 }, // U+0150
    { 19, 28, 333, 1, 27, 133, 10695 }, // U+0151
    { 32, 24, 557, 1, 24, 192, 10828 }, // U+0152
    { 32, 19, 540, 1, 18, 152, 11020 }, // U+0153
    { 19, 32, 372, 3, 31, 152, 11172 }, // U+0154
    { 12, 27, 224, 2, 27, 81, 11324 }, // U+0155
    { 19, 33, 372, 3, 24, 157, 11405 }, // U+0156
    { 13, 27, 224, 1, 18, 88, 11562 }, // U+0157
    { 19, 32, 372, 3, 31, 152, 11650 }, // U+0158
    { 12, 26, 224, 2, 26, 78, 11802 }, // U+0159
    { 19, 32, 334, 1, 31, 152, 11880 }, // U+015A
    { 14, 28, 259, 1, 27, 98, 12032 }, // U+015B
    { 19, 31, 334, 1, 30, 148, 12130 }, // U+015C
    { 14, 27, 259, 1, 26, 95, 12278 }, // U+015D
    { 19, 33, 334, 1, 24, 157, 12373 }, // U+015E
    { 14, 27, 259, 1, 18, 95, 12530 }, // U+015F
    { 19, 32, 334, 1, 31, 152, 12625 }, // U+0160
    { 14, 27, 259, 1, 26, 95, 12777 }, // U+0161
    { 18, 33, 322, 1, 24, 149, 12872 }, // U+0162
    { 13, 32, 207, 0, 23, 104, 13021 }, // U+0163
    { 18, 31, 322, 1, 31, 140, 13125 }, // U+0164
    { 16, 27, 207, 0, 27, 108, 13265 }, // U+0165
    { 18, 24, 322, 1, 24, 108, 13373 }, // U+0166
    { 13, 23, 207, 0, 23, 75, 13481 }, // U+0167
    { 21, 31, 399, 2, 30, 163, 13556 }, // U+0168
    { 17, 27, 330, 2, 26, 115, 13719 }, // U+0169
    { 21, 31, 399, 2, 30, 163, 13834 }, // U+016A
    { 17, 26, 330, 2, 25, 111, 13997 }, // U+016B
    { 21, 32, 399, 2, 31, 168, 14108 }, // U+016C
    { 17, 27, 330, 2, 26, 115, 14276 }, // U+016D
    { 21, 32, 399, 2, 31, 168, 14391 }, // U+016E
    { 17, 29, 330, 2, 28, 124, 14559 }, // U+016F
    { 21, 33, 399, 2, 32, 174, 14683 }, // U+0170
    { 17, 28, 330, 2, 27, 119, 14857 }, // U+0171
    { 21, 31, 399, 2, 24, 163, 14976 }, // U+0172
    { 17, 25, 330, 2, 18, 107, 15139 }, // U+0173
    { 33, 30, 531, 0, 30, 248, 15246 }, // U+0174
    { 27, 26, 433, 0, 26, 176, 15494 }, // U+0175
    { 23, 30, 357, 0, 30, 173, 15670 }, // U+0176
    { 20, 34, 317, 0, 26, 170, 15843 }, // U+0177
    { 23, 31, 357, 0, 31, 179, 16013 }, // U+0178
    { 19, 31, 356, 2, 31, 148, 16192 }, // U+0179
    { 15, 27, 270, 1, 27, 102, 16340 }, // U+017A
    { 19, 31, 356, 2, 31, 148, 16442 }, // U+017B
    { 15, 26, 270, 1, 26, 98, 16590 }, // U+017C
    { 19, 31, 356, 2, 31, 148, 16688 }, // U+017D
    { 15, 26, 270, 1, 26, 98, 16836 }, // U+017E
    { 24, 29, 423, 1, 28, 174, 0 }, // U+01A0
    { 19, 23, 333, 1, 22, 110, 174 }, // U+01A1
    { 24, 29, 399, 2, 28, 174, 284 }, // U+01AF
    { 20, 23, 330, 2, 22, 115, 458 }, // U+01B0
    { 42, 31, 735, 3, 31, 326, 573 }, // U+01C4
    { 38, 26, 673, 3, 26, 247, 899 }, // U+01C5
    { 36, 27, 613, 1, 26, 243, 1146 }, // U+01C6
    { 37, 25, 668, 3, 24, 232, 1389 }, // U+01C7
    { 25, 34, 472, 3, 27, 213, 1621 }, // U+01C8
    { 15, 34, 287, 2, 27, 128, 1834 }, // U+01C9
    { 44, 25, 772, 3, 24, 275, 1962 }, // U+01CA
    { 32, 34, 576, 3, 27, 272, 2237 }, // U+01CB
    { 26, 34, 476, 2, 27, 221, 2509 }, // U+01CC
    { 23, 31, 372, 0, 31, 179, 2730 }, // U+01CD
    { 19, 27, 342, 1, 26, 129, 2909 }, // U+01CE
    { 13, 31, 269, 2, 31, 101, 3038 }, // U+01CF
    { 12, 26, 138, -2, 26, 78, 3139 }, // U+01D0
    { 24, 32, 423, 1, 31, 192, 3217 }, // U+01D1
    { 19, 27, 333, 1, 26, 129, 3409 }, // U+01D2
    { 21, 32, 399, 2, 31, 168, 3538 }, // U+01D3
    { 17, 27, 330, 2, 26, 115, 3706 }, // U+01D4
    { 24, 32, 411, 1, 31, 192, 3821 }, // U+01E6
    { 19, 34, 350, 1, 26, 162, 4013 }, // U+01E7
    { 24, 31, 423, 1, 24, 186, 4175 }, // U+01EA
    { 19, 25, 333, 1, 18, 119, 4361 }, // U+01EB
    { 42, 24, 735, 3, 24, 252, 4480 }, // U+01F1
    { 38, 24, 673, 3, 24, 228, 4732 }, // U+01F2
    { 23, 37, 372, 0, 37, 213, 4960 }, // U+01FA
    { 19, 36, 342, 1, 35, 171, 5173 }, // U+01FB
    { 32, 31, 537, 0, 31, 248, 5344 }, // U+01FC
    { 28, 28, 479, 1, 27, 196, 5592 }, // U+01FD
    { 24, 33, 418, 1, 31, 198, 5788 }, // U+01FE
    { 19, 29, 333, 1, 27, 138, 5986 }, // U+01FF
    { 23, 32, 372, 0, 32, 184, 6124 }, // U+0200
    { 19, 28, 342, 1, 27, 133, 6308 }, // U+0201
    { 23, 31, 372, 0, 31, 179, 6441 }, // U+0202
    { 19, 27, 342, 1, 26, 129, 6620 }, // U+0203
    { 17, 32, 333, 2, 32, 136, 6749 }, // U+0204
    { 18, 28, 312, 1, 27, 126, 6885 }, // U+0205
    { 16, 31, 333, 3, 31, 124, 7011 }, // U+0206
    { 18, 27, 312, 1, 26, 122, 7135 }, // U+0207
    { 16, 32, 269, -1, 32, 128, 7257 }, // U+0208
    { 15, 27, 138, -5, 27, 102, 7385 }, // U+0209
    { 13, 31, 269, 2, 31, 101, 7487 }, // U+020A
    { 12, 26, 138, -2, 26, 78, 7588 }, // U+020B
    { 24, 33, 423, 1, 32, 198, 7666 }, // U+020C
    { 19, 28, 333, 1, 27, 133, 7864 }, // U+020D
    { 24, 32, 423, 1, 31, 192, 7997 }, // U+020E
    { 19, 27, 333, 1, 26, 129, 8189 }, // U+020F
    { 20, 33, 372, 2, 32, 165, 8318 }, // U+0210
    { 15, 27, 224, -1, 27, 102, 8483 }, // U+0211
    { 19, 32, 372, 3, 31, 152, 8585 }, // U+0212
    { 12, 26, 224, 2, 26, 78, 8737 }, // U+0213
    { 21, 33, 399, 2, 32, 174, 8815 }, // U+0214
    { 18, 28, 330, 1, 27, 126, 8989 }, // U+0215
    { 21, 32, 399, 2, 31, 168, 9115 }, // U+0216
    { 17, 27, 330, 2, 26, 115, 9283 }, // U+0217
    { 19, 33, 334, 1, 24, 157, 9398 }, // U+0218
    { 14, 27, 259, 1, 18, 95, 9555 }, // U+0219
    { 18, 33, 322, 1, 24, 149, 9650 }, // U+021A
    { 13, 32, 207, 0, 23, 104, 9799 }, // U+021B
    { 9, 8, 0, 4, 27, 18, 0 }, // U+0300
    { 9, 8, 0, 4, 27, 18, 18 }, // U+0301
    { 12, 6, 0, 2, 26, 18, 36 }, // U+0302
    { 12, 6, 0, 2, 26, 18, 54 }, // U+0303
    { 11, 4, 0, 3, 25, 11, 72 }, // U+0304
    { 12, 7, 0, 2, 26, 21, 83 }, // U+0306
    { 6, 5, 0, 5, 26, 8, 104 }, // U+0307
    { 13, 6, 0, 2, 27, 20, 112 }, // U+0308
    { 8, 8, 0, 4, 27, 16, 132 }, // U+0309
    { 9, 8, 0, 4, 28, 18, 148 }, // U+030A
    { 15, 8, 0, 1, 27, 30, 166 }, // U+030B
    { 12, 6, 0, 2, 26, 18, 196 }, // U+030C
    { 15, 8, 0, 1, 27, 30, 214 }, // U+030F
    { 12, 6, 0, 2, 26, 18, 244 }, // U+0311
    { 7, 8, 0, 5, 28, 14, 262 }, // U+0312
    { 7, 8, 0, 5, 22, 14, 276 }, // U+031B
    { 6, 6, 0, 5, -2, 9, 290 }, // U+0323
    { 13, 6, 0, 2, -2, 20, 299 }, // U+0324
    { 7, 8, 0, 5, -1, 14, 319 }, // U+0326
    { 8, 10, 0, 4, 1, 20, 333 }, // U+0327
    { 9, 9, 0, 4, 2, 21, 353 }, // U+0328
    { 12, 6, 0, 2, -2, 18, 374 }, // U+032E
    { 11, 4, 0, 3, -3, 11, 392 }, // U+0331
    { 11, 4, 0, 3, 12, 11, 403 }, // U+0335
    { 24, 25, 379, 0, 25, 150, 0 }, // U+0394
    { 23, 24, 370, 0, 24, 138, 150 }, // U+03A9
    { 16, 24, 323, 2, 18, 96, 288 }, // U+03BC
    { 19, 18, 333, 1, 18, 86, 384 }, // U+03C0
    { 23, 32, 372, 0, 24, 184, 0 }, // U+1EA0
    { 19, 26, 342, 1, 18, 124, 184 }, // U+1EA1
    { 23, 33, 372, 0, 33, 190, 308 }, // U+1EA2
    { 19, 28, 342, 1, 27, 133, 498 }, // U+1EA3
    { 23, 36, 372, 0, 36, 207, 631 }, // U+1EA4
    { 20, 33, 342, 1, 32, 165, 838 }, // U+1EA5
    { 23, 36, 372, 0, 36, 207, 1003 }, // U+1EA6
    { 19, 33, 342, 1, 32, 157, 1210 }, // U+1EA7
    { 23, 36, 372, 0, 36, 207, 1367 }, // U+1EA8
    { 19, 33, 342, 1, 32, 157, 1574 }, // U+1EA9
    { 23, 36, 372, 0, 36, 207, 1731 }, // U+1EAA
    { 19, 33, 342, 1, 32, 157, 1938 }, // U+1EAB
    { 23, 38, 372, 0, 30, 219, 2095 }, // U+1EAC
    { 19, 34, 342, 1, 26, 162, 2314 }, // U+1EAD
    { 23, 36, 372, 0, 36, 207, 2476 }, // U+1EAE
    { 19, 33, 342, 1, 32, 157, 2683 }, // U+1EAF
    { 23, 36, 372, 0, 36, 207, 2840 }, // U+1EB0
    { 19, 33, 342, 1, 32, 157, 3047 }, // U+1EB1
    { 23, 37, 372, 0, 37, 213, 3204 }, // U+1EB2
    { 19, 34, 342, 1, 33, 162, 3417 }, // U+1EB3
    { 23, 36, 372, 0, 36, 207, 3579 }, // U+1EB4
    { 19, 33, 342, 1, 32, 157, 3786 }, // U+1EB5
    { 23, 39, 372, 0, 31, 225, 3943 }, // U+1EB6
    { 19, 34, 342, 1, 26, 162, 4168 }, // U+1EB7
    { 16, 32, 333, 3, 24, 128, 4330 }, // U+1EB8
    { 18, 26, 312, 1, 18, 117, 4458 }, // U+1EB9
    { 16, 33, 333, 3, 33, 132, 4575 }, // U+1EBA
    { 18, 28, 312, 1, 27, 126, 4707 }, // U+1EBB
    { 16, 30, 333, 3, 30, 120, 4833 }, // U+1EBC
    { 18, 27, 312, 1, 26, 122, 4953 }, // U+1EBD
    { 18, 36, 333, 3, 36, 162, 5075 }, // U+1EBE
    { 20, 33, 312, 1, 32, 165, 5237 }, // U+1EBF
    { 16, 36, 333, 3, 36, 144, 5402 }, // U+1EC0
    { 18, 33, 312, 1, 32, 149, 5546 }, // U+1EC1
    { 17, 36, 333, 3, 36, 153, 5695 }, // U+1EC2
    { 19, 33, 312, 1, 32, 157, 5848 }, // U+1EC3
    { 16, 36, 333, 3, 36, 144, 6005 }, // U+1EC4
    { 18, 33, 312, 1, 32, 149, 6149 }, // U+1EC5
    { 16, 38, 333, 3, 30, 152, 6298 }, // U+1EC6
    { 18, 34, 312, 1, 26, 153, 6450 }, // U+1EC7
    { 13, 33, 269, 2, 33, 108, 6603 }, // U+1EC8
    { 8, 27, 138, 0, 27, 54, 6711 }, // U+1EC9
    { 13, 32, 269, 2, 24, 104, 6765 }, // U+1ECA
    { 6, 35, 156, 2, 27, 53, 6869 }, // U+1ECB
    { 24, 32, 423, 1, 24, 192, 6922 }, // U+1ECC
    { 19, 26, 333, 1, 18, 124, 7114 }, // U+1ECD
    { 24, 34, 423, 1, 33, 204, 7238 }, // U+1ECE
    { 19, 28, 333, 1, 27, 133, 7442 }, // U+1ECF
    { 24, 37, 423, 1, 36, 222, 7575 }, // U+1ED0
    { 20, 33, 333, 1, 32, 165, 7797 }, // U+1ED1
    { 24, 37, 423, 1, 36, 222, 7962 }, // U+1ED2
    { 19, 33, 333, 1, 32, 157, 8184 }, // U+1ED3
    { 24, 37, 423, 1, 36, 222, 8341 }, // U+1ED4
    { 19, 33, 333, 1, 32, 157, 8563 }, // U+1ED5
    { 24, 37, 423, 1, 36, 222, 8720 }, // U+1ED6
    { 19, 33, 333, 1, 32, 157, 8942 }, // U+1ED7
    { 24, 38, 423, 1, 30, 228, 9099 }, // U+1ED8
    { 19, 34, 333, 1, 26, 162, 9327 }, // U+1ED9
    { 24, 32, 423, 1, 31, 192, 9489 }, // U+1EDA
    { 19, 28, 333, 1, 27, 133, 9681 }, // U+1EDB
    { 24, 32, 423, 1, 31, 192, 9814 }, // U+1EDC
    { 19, 28, 333, 1, 27, 133, 10006 }, // U+1EDD
    { 24, 34, 423, 1, 33, 204, 10139 }, // U+1EDE
    { 19, 28, 333, 1, 27, 133, 10343 }, // U+1EDF
    { 24, 31, 423, 1, 30, 186, 10476 }, // U+1EE0
    { 19, 27, 333, 1, 26, 129, 10662 }, // U+1EE1
    { 24, 36, 423, 1, 28, 216, 10791 }, // U+1EE2
    { 19, 30, 333, 1, 22, 143, 11007 }, // U+1EE3
    { 21, 32, 399, 2, 24, 168, 11150 }, // U+1EE4
    { 17, 26, 330, 2, 18, 111, 11318 }, // U+1EE5
    { 21, 34, 399, 2, 33, 179, 11429 }, // U+1EE6
    { 17, 28, 330, 2, 27, 119, 11608 }, // U+1EE7
    { 24, 32, 399, 2, 31, 192, 11727 }, // U+1EE8
    { 20, 28, 330, 2, 27, 140, 11919 }, // U+1EE9
    { 24, 32, 399, 2, 31, 192, 12059 }, // U+1EEA
    { 20, 28, 330, 2, 27, 140, 12251 }, // U+1EEB
    { 24, 34, 399, 2, 33, 204, 12391 }, // U+1EEC
    { 20, 28, 330, 2, 27, 140, 12595 }, // U+1EED
    { 24, 31, 399, 2, 30, 186, 12735 }, // U+1EEE
    { 20, 27, 330, 2, 26, 135, 12921 }, // U+1EEF
    { 24, 36, 399, 2, 28, 216, 13056 }, // U+1EF0
    { 20, 30, 330, 2, 22, 150, 13272 }, // U+1EF1
    { 23, 31, 357, 0, 31, 179, 13422 }, // U+1EF2
    { 20, 35, 317, 0, 27, 175, 13601 }, // U+1EF3
    { 23, 32, 357, 0, 24, 184, 13776 }, // U+1EF4
    { 20, 26, 317, 0, 18, 130, 13960 }, // U+1EF5
    { 23, 33, 357, 0, 33, 190, 14090 }, // U+1EF6
    { 20, 35, 317, 0, 27, 175, 14280 }, // U+1EF7
    { 23, 30, 357, 0, 30, 173, 14455 }, // U+1EF8
    { 20, 34, 317, 0, 26, 170, 14628 }, // U+1EF9
    { 0, 0, 293, 0, 0, 0, 0 }, // U+2007
    { 0, 0, 139, 0, 0, 0, 0 }, // U+2008
    { 0, 0, 109, 0, 0, 0, 0 }, // U+2009
    { 0, 0, 54, 0, 0, 0, 0 }, // U+200A
    { 0, 0, 0, 0, 0, 0, 0 }, // U+200B
    { 0, 0, 0, 0, 0, 0, 0 }, // U+200D
    { 12, 5, 220, 1, 12, 15, 0 }, // U+2010
    { 16, 5, 287, 1, 12, 20, 15 }, // U+2012
    { 16, 5, 290, 1, 12, 20, 35 }, // U+2013
    { 27, 5, 475, 1, 12, 34, 55 }, // U+2014
    { 27, 5, 473, 1, 12, 34, 89 }, // U+2015
    { 7, 11, 135, 1, 26, 20, 123 }, // U+2018
    { 8, 11, 135, 0, 26, 22, 143 }, // U+2019
    { 7, 12, 146, 1, 5, 21, 165 }, // U+201A
    { 14, 11, 250, 1, 26, 39, 186 }, // U+201C
    { 15, 11, 248, 0, 26, 42, 225 }, // U+201D
    { 15, 12, 266, 1, 5, 45, 267 }, // U+201E
    { 13, 18, 235, 1, 25, 59, 312 }, // U+2020
    { 12, 19, 219, 1, 25, 57, 371 }, // U+2021
    { 10, 10, 185, 1, 17, 25, 428 }, // U+2022
    { 20, 6, 348, 1, 5, 30, 453 }, // U+2026
    { 39, 25, 665, 1, 24, 244, 483 }, // U+2030
    { 13, 10, 235, 1, 24, 33, 727 }, // U+2033
    { 9, 15, 154, 0, 16, 34, 760 }, // U+2039
    { 9, 15, 154, 1, 16, 34, 794 }, // U+203A
    { 21, 35, 677, 11, 29, 184, 828 }, // U+203C
    { 20, 24, 323, 0, 24, 120, 1012 }, // U+2044
    { 31, 35, 677, 6, 29, 272, 1132 }, // U+2049
    { 11, 14, 203, 1, 27, 39, 0 }, // U+2070
    { 11, 14, 212, 1, 27, 39, 39 }, // U+2074
    { 10, 13, 193, 1, 26, 33, 78 }, // U+2075
    { 10, 14, 189, 1, 27, 35, 111 }, // U+2076
    { 10, 12, 174, 1, 26, 30, 146 }, // U+2077
    { 10, 14, 194, 1, 27, 35, 176 }, // U+2078
    { 10, 14, 184, 1, 27, 35, 211 }, // U+2079
    { 11, 14, 203, 1, 7, 39, 246 }, // U+2080
    { 7, 13, 151, 1, 5, 23, 285 }, // U+2081
    { 10, 13, 188, 1, 6, 33, 308 }, // U+2082
    { 10, 13, 185, 1, 6, 33, 341 }, // U+2083
    { 11, 14, 212, 1, 6, 39, 374 }, // U+2084
    { 10, 13, 193, 1, 5, 33, 413 }, // U+2085
    { 10, 14, 189, 1, 7, 35, 446 }, // U+2086
    { 10, 12, 174, 1, 5, 30, 481 }, // U+2087
    { 10, 14, 194, 1, 7, 35, 511 }, // U+2088
    { 10, 14, 184, 1, 7, 35, 546 }, // U+2089
    { 21, 32, 365, 1, 27, 168, 0 }, // U+20A1
    { 18, 24, 324, 1, 24, 108, 168 }, // U+20A3
    { 20, 25, 330, 0, 24, 125, 276 }, // U+20A4
    { 27, 24, 435, 0, 24, 162, 401 }, // U+20A6
    { 23, 24, 420, 2, 24, 138, 563 }, // U+20A7
    { 33, 24, 533, 0, 24, 198, 701 }, // U+20A9
    { 16, 25, 272, 1, 24, 100, 899 }, // U+20AB
    { 21, 25, 351, 0, 24, 132, 999 }, // U+20AC
    { 24, 24, 406, 1, 24, 144, 1131 }, // U+20AD
    { 23, 24, 421, 2, 24, 138, 1275 }, // U+20B1
    { 24, 32, 411, 1, 27, 192, 1413 }, // U+20B2
    { 21, 30, 365, 1, 27, 158, 1605 }, // U+20B5
    { 17, 25, 300, 1, 24, 107, 1763 }, // U+20B9
    { 20, 25, 327, 0, 24, 125, 1870 }, // U+20BA
    { 20, 27, 408, 3, 27, 135, 1995 }, // U+20BC
    { 21, 24, 384, 2, 24, 126, 2130 }, // U+20BD
    { 24, 9, 533, 5, 16, 54, 0 }, // U+2190
    { 9, 24, 267, 4, 24, 54, 54 }, // U+2191
    { 24, 9, 533, 5, 16, 54, 108 }, // U+2192
    { 9, 24, 267, 4, 24, 54, 162 }, // U+2193
    { 35, 34, 677, 4, 28, 298, 216 }, // U+2194
    { 34, 35, 677, 4, 29, 298, 514 }, // U+2195
    { 34, 35, 677, 4, 29, 298, 812 }, // U+2196
    { 35, 35, 677, 4, 29, 307, 1110 }, // U+2197
    { 35, 35, 677, 4, 29, 307, 1417 }, // U+2198
    { 34, 35, 677, 4, 29, 298, 1724 }, // U+2199
    { 34, 34, 677, 4, 28, 289, 2022 }, // U+21A9
    { 34, 34, 677, 4, 28, 289, 2311 }, // U+21AA
    { 11, 20, 280, 3, 19, 55, 2600 }, // U+21AF
    { 25, 20, 435, 1, 21, 125, 2655 }, // U+21E6
    { 20, 24, 353, 1, 23, 120, 2780 }, // U+21E7
    { 25, 20, 435, 1, 21, 125, 2900 }, // U+21E8
    { 20, 24, 353, 1, 22, 120, 3025 }, // U+21E9
    { 20, 27, 353, 1, 23, 135, 3145 }, // U+21EA
    { 20, 27, 353, 1, 23, 135, 3280 }, // U+21EB
    { 20, 27, 353, 1, 23, 135, 3415 }, // U+21EC
    { 20, 27, 353, 1, 23, 135, 3550 }, // U+21ED
    { 20, 31, 353, 1, 27, 155, 3685 }, // U+21EE
    { 20, 31, 353, 1, 27, 155, 3840 }, // U+21EF
    { 28, 19, 481, 1, 21, 133, 3995 }, // U+21F0
    { 20, 30, 353, 1, 26, 150, 4128 }, // U+21F3
    { 18, 26, 318, 1, 25, 117, 0 }, // U+2202
    { 19, 19, 333, 1, 18, 91, 117 }, // U+2205
    { 24, 25, 379, 0, 25, 150, 208 }, // U+2206
    { 22, 31, 383, 1, 24, 171, 358 }, // U+220F
    { 16, 24, 279, 1, 23, 96, 529 }, // U+2211
    { 17, 4, 309, 1, 12, 17, 625 }, // U+2212
    { 19, 30, 296, 0, 26, 143, 642 }, // U+2215
    { 7, 8, 147, 1, 16, 14, 785 }, // U+2218
    { 7, 6, 149, 1, 13, 11, 799 }, // U+2219
    { 24, 29, 375, 0, 24, 174, 810 }, // U+221A
    { 27, 14, 470, 1, 15, 95, 984 }, // U+221E
    { 21, 30, 307, -1, 25, 158, 1079 }, // U+222B
    { 17, 12, 307, 1, 15, 51, 1237 }, // U+2248
    { 17, 18, 315, 1, 18, 77, 1288 }, // U+2260
    { 17, 18, 334, 2, 18, 77, 1365 }, // U+2264
    { 17, 18, 334, 2, 18, 77, 1442 }, // U+2265
    { 27, 26, 477, 1, 25, 176, 1519 }, // U+2299
    { 8, 8, 159, 1, 16, 16, 1695 }, // U+22C4
    { 5, 5, 123, 1, 15, 7, 1711 }, // U+22C5
    { 9, 9, 189, 1, 17, 21, 1718 }, // U+22C6
    { 34, 35, 677, 4, 29, 298, 0 }, // U+2600
    { 38, 29, 677, 2, 26, 276, 298 }, // U+2601
    { 35, 35, 677, 4, 29, 307, 574 }, // U+2602
    { 28, 35, 677, 7, 29, 245, 881 }, // U+2603
    { 33, 33, 677, 5, 28, 273, 1126 }, // U+2604
    { 29, 29, 512, 1, 28, 211, 1399 }, // U+2605
    { 32, 30, 551, 1, 28, 240, 1610 }, // U+2606
    { 14, 24, 254, 1, 24, 84, 1850 }, // U+2607
    { 23, 23, 403, 1, 23, 133, 1934 }, // U+2608
    { 27, 26, 464, 1, 25, 176, 2067 }, // U+2609
    { 26, 25, 446, 1, 25, 163, 2243 }, // U+260A
    { 26, 25, 446, 1, 25, 163, 2406 }, // U+260B
    { 18, 22, 317, 1, 23, 99, 2569 }, // U+260C
    { 23, 23, 416, 2, 24, 133, 2668 }, // U+260D
    { 41, 35, 677, 1, 29, 359, 2801 }, // U+260E
    { 27, 21, 476, 1, 21, 142, 3160 }, // U+260F
    { 25, 24, 438, 1, 24, 150, 3302 }, // U+2610
    { 34, 35, 677, 4, 29, 298, 3452 }, // U+2611
    { 25, 24, 438, 1, 24, 150, 3750 }, // U+2612
    { 18, 25, 318, 1, 25, 113, 3900 }, // U+2613
    { 35, 35, 677, 3, 29, 307, 4013 }, // U+2614
    { 32, 35, 677, 5, 29, 280, 4320 }, // U+2615
    { 19, 18, 335, 1, 18, 86, 4600 }, // U+2616
    { 19, 18, 335, 1, 18, 86, 4686 }, // U+2617
    { 33, 35, 677, 5, 29, 289, 4772 }, // U+2618
    { 28, 23, 494, 1, 21, 161, 5061 }, // U+2619
    { 38, 20, 651, 1, 19, 190, 5222 }, // U+261A
    { 38, 20, 651, 1, 19, 190, 5412 }, // U+261B
    { 39, 21, 651, 1, 19, 205, 5602 }, // U+261C
    { 24, 35, 677, 9, 29, 210, 5807 }, // U+261D
    { 39, 21, 651, 1, 19, 205, 6017 }, // U+261E
    { 21, 39, 427, 3, 33, 205, 6222 }, // U+261F
    { 35, 35, 677, 4, 29, 307, 6427 }, // U+2620
    { 20, 24, 357, 1, 24, 120, 6734 }, // U+2621
    { 34, 35, 677, 4, 29, 298, 6854 }, // U+2622
    { 34, 35, 677, 4, 29, 298, 7152 }, // U+2623
    { 21, 28, 375, 1, 27, 147, 7450 }, // U+2624
    { 15, 24, 278, 1, 24, 90, 7597 }, // U+2625
    { 34, 34, 677, 4, 28, 289, 7687 }, // U+2626
    { 23, 24, 393, 1, 24, 138, 7976 }, // U+2627
    { 14, 26, 258, 1, 26, 91, 8114 }, // U+2628
    { 25, 24, 435, 1, 24, 150, 8205 }, // U+2629
    { 34, 35, 677, 4, 29, 298, 8355 }, // U+262A
    { 27, 26, 462, 1, 24, 176, 8653 }, // U+262B
    { 20, 25, 358, 1, 25, 125, 8829 }, // U+262C
    { 25, 26, 434, 1, 25, 163, 8954 }, // U+262D
    { 34, 35, 677, 4, 29, 298, 9117 }, // U+262E
    { 34, 34, 677, 4, 28, 289, 9415 }, // U+262F
    { 25, 19, 501, 3, 21, 119, 9704 }, // U+2630
    { 25, 19, 501, 3, 21, 119, 9823 }, // U+2631
    { 25, 19, 501, 3, 21, 119, 9942 }, // U+2632
    { 25, 19, 501, 3, 21, 119, 10061 }, // U+2633
    { 25, 19, 501, 3, 21, 119, 10180 }, // U+2634
    { 25, 19, 501, 3, 21, 119, 10299 }, // U+2635
    { 25, 19, 501, 3, 21, 119, 10418 }, // U+2636
    { 25, 19, 501, 3, 21, 119, 10537 }, // U+2637
    { 34, 35, 677, 4, 29, 298, 10656 }, // U+2638
    { 34, 35, 677, 4, 29, 298, 10954 }, // U+2639
    { 34, 35, 677, 4, 29, 298, 11252 }, // U+263A
    { 24, 24, 424, 1, 24, 144, 11550 }, // U+263B
    { 30, 30, 677, 6, 27, 225, 11694 }, // U+263C
    { 17, 24, 299, 1, 24, 102, 11919 }, // U+263D
    { 17, 24, 299, 1, 24, 102, 12021 }, // U+263E
    { 15, 28, 276, 1, 26, 105, 12123 }, // U+263F
    { 22, 35, 677, 10, 29, 193, 12228 }, // U+2640
    { 15, 23, 276, 1, 22, 87, 12421 }, // U+2641
    { 34, 35, 677, 4, 29, 298, 12508 }, // U+2642
    { 21, 24, 367, 1, 24, 126, 12806 }, // U+2643
    { 18, 26, 321, 1, 26, 117, 12932 }, // U+2644
    { 24, 25, 410, 1, 24, 150, 13049 }, // U+2645
    { 25, 27, 433, 1, 25, 169, 13199 }, // U+2646
    { 14, 24, 266, 1, 24, 84, 13368 }, // U+2647
    { 34, 35, 677, 4, 29, 298, 13452 }, // U+2648
    { 34, 35, 677, 4, 29, 298, 13750 }, // U+2649
    { 34, 35, 677, 4, 29, 298, 14048 }, // U+264A
    { 34, 35, 677, 4, 29, 298, 14346 }, // U+264B
    { 34, 35, 677, 4, 29, 298, 14644 }, // U+264C
    { 34, 35, 677, 4, 29, 298, 14942 }, // U+264D
    { 34, 35, 677, 4, 29, 298, 15240 }, // U+264E
    { 35, 35, 677, 4, 29, 307, 15538 }, // U+264F
    { 34, 35, 677, 4, 29, 298, 15845 }, // U+2650
    { 34, 35, 677, 4, 29, 298, 16143 }, // U+2651
    { 34, 34, 677, 4, 28, 289, 16441 }, // U+2652
    { 34, 34, 677, 4, 28, 289, 16730 }, // U+2653
    { 21, 27, 533, 6, 26, 142, 17019 }, // U+2654
    { 25, 27, 533, 4, 26, 169, 17161 }, // U+2655
    { 23, 24, 533, 5, 24, 138, 17330 }, // U+2656
    { 23, 27, 533, 5, 25, 156, 17468 }, // U+2657
    { 23, 26, 533, 5, 26, 150, 17624 }, // U+2658
    { 21, 25, 533, 6, 25, 132, 17774 }, // U+2659
    { 21, 27, 533, 6, 26, 142, 17906 }, // U+265A
    { 25, 26, 533, 4, 25, 163, 18048 }, // U+265B
    { 23, 25, 533, 5, 24, 144, 18211 }, // U+265C
    { 23, 27, 533, 5, 25, 156, 18355 }, // U+265D
    { 23, 25, 533, 5, 25, 144, 18511 }, // U+265E
    { 22, 35, 677, 10, 29, 193, 18655 }, // U+265F
    { 31, 35, 677, 6, 29, 272, 18848 }, // U+2660
    { 22, 24, 395, 1, 24, 132, 19120 }, // U+2661
    { 18, 26, 323, 1, 25, 117, 19252 }, // U+2662
    { 33, 35, 677, 5, 29, 289, 19369 }, // U+2663
    { 22, 25, 388, 1, 24, 138, 19658 }, // U+2664
    { 37, 35, 677, 3, 29, 324, 19796 }, // U+2665
    { 26, 34, 677, 8, 28, 221, 20120 }, // U+2666
    { 27, 26, 467, 1, 25, 176, 20341 }, // U+2667
    { 36, 35, 677, 3, 29, 315, 20517 }, // U+2668
    { 8, 22, 165, 1, 22, 44, 20832 }, // U+2669
    { 13, 22, 240, 1, 22, 72, 20876 }, // U+266A
    { 19, 25, 342, 1, 23, 119, 20948 }, // U+266B
    { 19, 25, 342, 1, 23, 119, 21067 }, // U+266C
    { 9, 21, 185, 1, 20, 48, 21186 }, // U+266D
    { 10, 21, 190, 1, 14, 53, 21234 }, // U+266E
    { 16, 28, 295, 1, 20, 112, 21287 }, // U+266F
    { 21, 26, 370, 1, 25, 137, 21399 }, // U+2670
    { 21, 26, 370, 1, 25, 137, 21536 }, // U+2671
    { 28, 27, 488, 1, 25, 189, 21673 }, // U+2672
    { 29, 28, 501, 1, 25, 203, 21862 }, // U+2673
    { 29, 28, 501, 1, 25, 203, 22065 }, // U+2674
    { 29, 28, 501, 1, 25, 203, 22268 }, // U+2675
    { 29, 28, 501, 1, 25, 203, 22471 }, // U+2676
    { 29, 28, 501, 1, 25, 203, 22674 }, // U+2677
    { 29, 28, 501, 1, 25, 203, 22877 }, // U+2678
    { 29, 28, 501, 1, 25, 203, 23080 }, // U+2679
    { 29, 28, 501, 1, 25, 203, 23283 }, // U+267A
    { 38, 35, 677, 2, 29, 333, 23486 }, // U+267B
    { 29, 29, 501, 1, 26, 211, 23819 }, // U+267C
    { 29, 29, 501, 1, 26, 211, 24030 }, // U+267D
    { 34, 35, 677, 4, 29, 298, 24241 }, // U+267E
    { 34, 34, 677, 4, 28, 289, 24539 }, // U+267F
    { 23, 23, 415, 1, 23, 133, 24828 }, // U+2680
    { 23, 23, 415, 1, 23, 133, 24961 }, // U+2681
    { 23, 23, 415, 1, 23, 133, 25094 }, // U+2682
    { 23, 23, 415, 1, 23, 133, 25227 }, // U+2683
    { 23, 23, 415, 1, 23, 133, 25360 }, // U+2684
    { 23, 23, 415, 1, 23, 133, 25493 }, // U+2685
    { 24, 23, 424, 1, 23, 138, 25626 }, // U+2686
    { 24, 23, 424, 1, 23, 138, 25764 }, // U+2687
    { 24, 23, 424, 1, 23, 138, 25902 }, // U+2688
    { 24, 23, 424, 1, 23, 138, 26040 }, // U+2689
    { 25, 4, 501, 3, 14, 25, 26178 }, // U+268A
    { 25, 4, 501, 3, 14, 25, 26203 }, // U+268B
    { 25, 11, 501, 3, 17, 69, 26228 }, // U+268C
    { 25, 11, 501, 3, 17, 69, 26297 }, // U+268D
    { 25, 11, 501, 3, 17, 69, 26366 }, // U+268E
    { 25, 11, 501, 3, 17, 69, 26435 }, // U+268F
    { 23, 24, 401, 1, 24, 138, 26504 }, // U+2690
    { 23, 24, 401, 1, 24, 138, 26642 }, // U+2691
    { 38, 35, 677, 2, 29, 333, 26780 }, // U+2692
    { 33, 35, 677, 5, 29, 289, 27113 }, // U+2693
    { 36, 34, 677, 3, 28, 306, 27402 }, // U+2694
    { 27, 36, 677, 8, 29, 243, 27708 }, // U+2695
    { 37, 35, 677, 3, 29, 324, 27951 }, // U+2696
    { 36, 35, 677, 3, 29, 315, 28275 }, // U+2697
    { 20, 26, 346, 1, 25, 130, 28590 }, // U+2698
    { 34, 35, 677, 4, 29, 298, 28720 }, // U+2699
    { 28, 30, 487, 1, 28, 210, 29018 }, // U+269A
    { 34, 35, 677, 4, 29, 298, 29228 }, // U+269B
    { 33, 35, 677, 5, 29, 289, 29526 }, // U+269C
    { 29, 28, 493, 1, 26, 203, 29815 }, // U+269D
    { 22, 25, 390, 1, 24, 138, 30018 }, // U+269E
    { 22, 25, 390, 1, 24, 138, 30156 }, // U+269F
    { 34, 35, 677, 4, 29, 298, 30294 }, // U+26A0
    { 28, 35, 677, 7, 29, 245, 30592 }, // U+26A1
    { 23, 22, 405, 1, 22, 127, 30837 }, // U+26A2
    { 25, 24, 432, 1, 24, 150, 30964 }, // U+26A3
    { 22, 31, 384, 1, 26, 171, 31114 }, // U+26A4
    { 18, 26, 329, 1, 26, 117, 31285 }, // U+26A5
    { 18, 19, 329, 1, 19, 86, 31402 }, // U+26A6
    { 34, 35, 677, 4, 29, 298, 31488 }, // U+26A7
    { 15, 23, 276, 1, 23, 87, 31786 }, // U+26A8
    { 23, 15, 405, 1, 15, 87, 31873 }, // U+26A9
    { 34, 35, 677, 4, 29, 298, 31960 }, // U+26AA
    { 34, 35, 677, 4, 29, 298, 32258 }, // U+26AB
    { 15, 16, 282, 1, 20, 60, 32556 }, // U+26AC
    { 22, 15, 393, 1, 19, 83, 32616 }, // U+26AD
    { 32, 15, 544, 1, 19, 120, 32699 }, // U+26AE
    { 35, 15, 598, 1, 19, 132, 32819 }, // U+26AF
    { 34, 35, 677, 4, 29, 298, 32951 }, // U+26B0
    { 22, 35, 677, 10, 29, 193, 33249 }, // U+26B1
    { 15, 22, 276, 1, 22, 83, 33442 }, // U+26B2
    { 13, 22, 276, 3, 22, 72, 33525 }, // U+26B3
    { 16, 23, 283, 1, 23, 92, 33597 }, // U+26B4
    { 15, 22, 267, 1, 22, 83, 33689 }, // U+26B5
    { 23, 25, 399, 1, 24, 144, 33772 }, // U+26B6
    { 15, 26, 276, 1, 25, 98, 33916 }, // U+26B7
    { 11, 22, 206, 1, 22, 61, 34014 }, // U+26B8
    { 19, 18, 340, 1, 20, 86, 34075 }, // U+26B9
    { 17, 15, 305, 1, 15, 64, 34161 }, // U+26BA
    { 17, 15, 305, 1, 15, 64, 34225 }, // U+26BB
    { 23, 30, 403, 1, 22, 173, 34289 }, // U+26BC
    { 35, 35, 677, 4, 29, 307, 34462 }, // U+26BD
    { 34, 35, 677, 4, 29, 298, 34769 }, // U+26BE
    { 25, 25, 438, 1, 24, 157, 35067 }, // U+26BF
    { 29, 18, 506, 1, 18, 131, 35224 }, // U+26C0
    { 29, 24, 506, 1, 24, 174, 35355 }, // U+26C1
    { 29, 18, 506, 1, 18, 131, 35529 }, // U+26C2
    { 29, 24, 506, 1, 24, 174, 35660 }, // U+26C3
    { 27, 35, 677, 8, 29, 237, 35834 }, // U+26C4
    { 40, 31, 677, 1, 27, 310, 36071 }, // U+26C5
    { 29, 33, 508, 1, 24, 240, 36381 }, // U+26C6
    { 28, 25, 488, 1, 24, 175, 36621 }, // U+26C7
    { 36, 35, 677, 3, 29, 315, 36796 }, // U+26C8
    { 19, 19, 335, 1, 18, 91, 37111 }, // U+26C9
    { 19, 18, 335, 1, 17, 86, 37202 }, // U+26CA
    { 21, 22, 379, 1, 21, 116, 37288 }, // U+26CB
    { 19, 18, 336, 1, 18, 86, 37404 }, // U+26CC
    { 27, 26, 466, 1, 26, 176, 37490 }, // U+26CD
    { 34, 35, 677, 4, 29, 298, 37666 }, // U+26CE
    { 34, 35, 677, 4, 29, 298, 37964 }, // U+26CF
    { 25, 25, 433, 1, 25, 157, 38262 }, // U+26D0
    { 34, 35, 677, 4, 29, 298, 38419 }, // U+26D1
    { 24, 23, 424, 1, 23, 138, 38717 }, // U+26D2
    { 29, 34, 677, 7, 28, 247, 38855 }, // U+26D3
    { 34, 34, 677, 4, 29, 289, 39102 }, // U+26D4
    { 25, 27, 443, 1, 26, 169, 39391 }, // U+26D5
    { 27, 26, 469, 1, 26, 176, 39560 }, // U+26D6
    { 27, 27, 469, 1, 26, 183, 39736 }, // U+26D7
    { 24, 25, 421, 1, 25, 150, 39919 }, // U+26D8
    { 24, 25, 427, 1, 25, 150, 40069 }, // U+26D9
    { 27, 25, 464, 1, 25, 169, 40219 }, // U+26DA
    { 32, 26, 548, 1, 26, 208, 40388 }, // U+26DB
    { 28, 26, 487, 1, 26, 182, 40596 }, // U+26DC
    { 26, 27, 458, 1, 26, 176, 40778 }, // U+26DD
    { 26, 26, 458, 1, 26, 169, 40954 }, // U+26DE
    { 43, 22, 736, 1, 21, 237, 41123 }, // U+26DF
    { 26, 26, 458, 1, 26, 169, 41360 }, // U+26E0
    { 26, 26, 459, 1, 25, 169, 41529 }, // U+26E1
    { 15, 23, 276, 1, 23, 87, 41698 }, // U+26E2
    { 19, 27, 344, 1, 26, 129, 41785 }, // U+26E3
    { 29, 28, 533, 2, 27, 203, 41914 }, // U+26E4
    { 29, 28, 533, 2, 27, 203, 42117 }, // U+26E5
    { 29, 28, 533, 2, 27, 203, 42320 }, // U+26E6
    { 29, 28, 533, 2, 24, 203, 42523 }, // U+26E7
    { 22, 27, 392, 1, 26, 149, 42726 }, // U+26E8
    { 39, 35, 677, 2, 29, 342, 42875 }, // U+26E9
    { 28, 35, 677, 7, 29, 245, 43217 }, // U+26EA
    { 27, 26, 469, 1, 26, 176, 43462 }, // U+26EB
    { 25, 22, 435, 1, 24, 138, 43638 }, // U+26EC
    { 27, 26, 466, 1, 26, 176, 43776 }, // U+26ED
    { 31, 26, 527, 1, 26, 202, 43952 }, // U+26EE
    { 27, 26, 466, 1, 26, 176, 44154 }, // U+26EF
    { 40, 33, 677, 1, 28, 330, 44330 }, // U+26F0
    { 38, 35, 677, 2, 29, 333, 44660 }, // U+26F1
    { 30, 35, 677, 6, 29, 263, 44993 }, // U+26F2
    { 34, 35, 677, 4, 29, 298, 45256 }, // U+26F3
    { 39, 35, 677, 2, 29, 342, 45554 }, // U+26F4
    { 32, 35, 677, 5, 29, 280, 45896 }, // U+26F5
    { 26, 26, 456, 1, 26, 169, 46176 }, // U+26F6
    { 35, 34, 677, 4, 28, 298, 46345 }, // U+26F7
    { 36, 35, 677, 3, 29, 315, 46643 }, // U+26F8
    { 34, 35, 677, 4, 29, 298, 46958 }, // U+26F9
    { 40, 29, 677, 1, 26, 290, 47256 }, // U+26FA
    { 23, 26, 397, 1, 25, 150, 47546 }, // U+26FB
    { 23, 21, 408, 1, 21, 121, 47696 }, // U+26FC
    { 34, 35, 677, 4, 29, 298, 47817 }, // U+26FD
    { 26, 24, 452, 1, 24, 156, 48115 }, // U+26FE
    { 24, 24, 421, 1, 24, 144, 48271 }, // U+26FF
    { 20, 27, 366, 1, 27, 135, 0 }, // U+FB01
    { 19, 25, 354, 1, 25, 119, 135 }, // U+FB02
    { 34, 35, 677, 4, 29, 298, 0 }, // U+1F600
    { 34, 35, 677, 4, 29, 298, 298 }, // U+1F601
    { 42, 35, 677, 0, 29, 368, 596 }, // U+1F602
    { 34, 35, 677, 4, 29, 298, 964 }, // U+1F603
    { 34, 35, 677, 4, 29, 298, 1262 }, // U+1F604
    { 37, 35, 677, 3, 29, 324, 1560 }, // U+1F605
    { 34, 35, 677, 4, 29, 298, 1884 }, // U+1F606
    { 33, 35, 677, 5, 29, 289, 2182 }, // U+1F607
    { 37, 36, 677, 3, 30, 333, 2471 }, // U+1F608
    { 34, 35, 677, 4, 29, 298, 2804 }, // U+1F609
    { 34, 35, 677, 4, 29, 298, 3102 }, // U+1F60A
    { 35, 35, 677, 4, 29, 307, 3400 }, // U+1F60B
    { 34, 35, 677, 4, 29, 298, 3707 }, // U+1F60C
    { 34, 35, 677, 4, 29, 298, 4005 }, // U+1F60D
    { 35, 35, 677, 4, 29, 307, 4303 }, // U+1F60E
    { 34, 35, 677, 4, 29, 298, 4610 }, // U+1F60F
    { 34, 35, 677, 4, 29, 298, 4908 }, // U+1F610
    { 34, 35, 677, 4, 29, 298, 5206 }, // U+1F611
    { 34, 35, 677, 4, 29, 298, 5504 }, // U+1F612
    { 34, 35, 677, 4, 29, 298, 5802 }, // U+1F613
    { 34, 35, 677, 4, 29, 298, 6100 }, // U+1F614
    { 34, 35, 677, 4, 29, 298, 6398 }, // U+1F615
    { 34, 35, 677, 4, 29, 298, 6696 }, // U+1F616
    { 34, 35, 677, 4, 29, 298, 6994 }, // U+1F617
    { 34, 35, 677, 4, 29, 298, 7292 }, // U+1F618
    { 34, 35, 677, 4, 29, 298, 7590 }, // U+1F619
    { 34, 35, 677, 4, 29, 298, 7888 }, // U+1F61A
    { 34, 36, 677, 4, 29, 306, 8186 }, // U+1F61B
    { 34, 36, 677, 4, 29, 306, 8492 }, // U+1F61C
    { 34, 36, 677, 4, 29, 306, 8798 }, // U+1F61D
    { 34, 35, 677, 4, 29, 298, 9104 }, // U+1F61E
    { 34, 35, 677, 4, 29, 298, 9402 }, // U+1F61F
    { 34, 35, 677, 4, 29, 298, 9700 }, // U+1F620
    { 34, 35, 677, 4, 29, 298, 9998 }, // U+1F621
    { 34, 35, 677, 4, 29, 298, 10296 }, // U+1F622
    { 34, 35, 677, 4, 29, 298, 10594 }, // U+1F623
    { 36, 35, 677, 3, 29, 315, 10892 }, // U+1F624
    { 36, 35, 677, 3, 29, 315, 11207 }, // U+1F625
    { 34, 35, 677, 4, 29, 298, 11522 }, // U+1F626
    { 34, 35, 677, 4, 29, 298, 11820 }, // U+1F627
    { 35, 35, 677, 4, 29, 307, 12118 }, // U+1F628
    { 34, 35, 677, 4, 29, 298, 12425 }, // U+1F629
    { 36, 35, 677, 3, 29, 315, 12723 }, // U+1F62A
    { 34, 35, 677, 4, 29, 298, 13038 }, // U+1F62B
    { 34, 35, 677, 4, 29, 298, 13336 }, // U+1F62C
    { 34, 36, 677, 4, 29, 306, 13634 }, // U+1F62D
    { 34, 35, 677, 4, 29, 298, 13940 }, // U+1F62E
    { 34, 35, 677, 4, 29, 298, 14238 }, // U+1F62F
    { 36, 35, 677, 3, 29, 315, 14536 }, // U+1F630
    { 40, 36, 677, 1, 29, 360, 14851 }, // U+1F631
    { 34, 35, 677, 4, 29, 298, 15211 }, // U+1F632
    { 34, 35, 677, 4, 29, 298, 15509 }, // U+1F633
    { 35, 35, 677, 4, 29, 307, 15807 }, // U+1F634
    { 34, 35, 677, 4, 29, 298, 16114 }, // U+1F635
    { 34, 35, 677, 4, 29, 298, 16412 }, // U+1F636
    { 34, 35, 677, 4, 29, 298, 16710 }, // U+1F637
    { 38, 33, 677, 2, 28, 314, 17008 }, // U+1F638
    { 38, 33, 677, 2, 28, 314, 17322 }, // U+1F639
    { 38, 33, 677, 2, 28, 314, 17636 }, // U+1F63A
    { 38, 33, 677, 2, 28, 314, 17950 }, // U+1F63B
    { 38, 33, 677, 2, 28, 314, 18264 }, // U+1F63C
    { 38, 33, 677, 2, 28, 314, 18578 }, // U+1F63D
    { 39, 33, 677, 2, 28, 322, 18892 }, // U+1F63E
    { 38, 32, 677, 2, 27, 304, 19214 }, // U+1F63F
    { 38, 33, 677, 2, 28, 314, 19518 }, // U+1F640
    { 34, 35, 677, 4, 29, 298, 19832 }, // U+1F641
    { 34, 35, 677, 4, 29, 298, 20130 }, // U+1F642
    { 34, 35, 677, 4, 29, 298, 20428 }, // U+1F643
    { 34, 35, 677, 4, 29, 298, 20726 }, // U+1F644
    { 40, 30, 677, 1, 26, 300, 21024 }, // U+1F645
    { 38, 35, 677, 2, 29, 333, 21324 }, // U+1F646
    { 42, 33, 677, 0, 28, 347, 21657 }, // U+1F647
    { 40, 33, 677, 1, 28, 330, 22004 }, // U+1F648
    { 41, 33, 677, 1, 28, 339, 22334 }, // U+1F649
    { 37, 33, 677, 3, 28, 306, 22673 }, // U+1F64A
    { 28, 35, 677, 7, 29, 245, 22979 }, // U+1F64B
    { 40, 35, 677, 1, 29, 350, 23224 }, // U+1F64C
    { 38, 29, 677, 2, 26, 276, 23574 }, // U+1F64D
    { 40, 30, 677, 1, 26, 300, 23850 }, // U+1F64E
    { 34, 35, 677, 4, 29, 298, 24150 }, // U+1F64F
};

static const EpdUnicodeInterval lexenddeca_16_regularIntervals[] = {
    { 0x0, 0x0, 0x0 },
    { 0xD, 0xD, 0x1 },
    { 0x20, 0x7F, 0x2 },
    { 0xA0, 0xFF, 0x62 },
    { 0x100, 0x17E, 0xC2 },
    { 0x1A0, 0x1A1, 0x141 },
    { 0x1AF, 0x1B0, 0x143 },
    { 0x1C4, 0x1D4, 0x145 },
    { 0x1E6, 0x1E7, 0x156 },
    { 0x1EA, 0x1EB, 0x158 },
    { 0x1F1, 0x1F2, 0x15A },
    { 0x1FA, 0x21B, 0x15C },
    { 0x300, 0x304, 0x17E },
    { 0x306, 0x30C, 0x183 },
    { 0x30F, 0x30F, 0x18A },
    { 0x311, 0x312, 0x18B },
    { 0x31B, 0x31B, 0x18D },
    { 0x323, 0x324, 0x18E },
    { 0x326, 0x328, 0x190 },
    { 0x32E, 0x32E, 0x193 },
    { 0x331, 0x331, 0x194 },
    { 0x335, 0x335, 0x195 },
    { 0x394, 0x394, 0x196 },
    { 0x3A9, 0x3A9, 0x197 },
    { 0x3BC, 0x3BC, 0x198 },
    { 0x3C0, 0x3C0, 0x199 },
    { 0x1EA0, 0x1EF9, 0x19A },
    { 0x2007, 0x200B, 0x1F4 },
    { 0x200D, 0x200D, 0x1F9 },
    { 0x2010, 0x2010, 0x1FA },
    { 0x2012, 0x2015, 0x1FB },
    { 0x2018, 0x201A, 0x1FF },
    { 0x201C, 0x201E, 0x202 },
    { 0x2020, 0x2022, 0x205 },
    { 0x2026, 0x2026, 0x208 },
    { 0x2030, 0x2030, 0x209 },
    { 0x2033, 0x2033, 0x20A },
    { 0x2039, 0x203A, 0x20B },
    { 0x203C, 0x203C, 0x20D },
    { 0x2044, 0x2044, 0x20E },
    { 0x2049, 0x2049, 0x20F },
    { 0x2070, 0x2070, 0x210 },
    { 0x2074, 0x2079, 0x211 },
    { 0x2080, 0x2089, 0x217 },
    { 0x20A1, 0x20A1, 0x221 },
    { 0x20A3, 0x20A4, 0x222 },
    { 0x20A6, 0x20A7, 0x224 },
    { 0x20A9, 0x20A9, 0x226 },
    { 0x20AB, 0x20AD, 0x227 },
    { 0x20B1, 0x20B2, 0x22A },
    { 0x20B5, 0x20B5, 0x22C },
    { 0x20B9, 0x20BA, 0x22D },
    { 0x20BC, 0x20BD, 0x22F },
    { 0x2190, 0x2199, 0x231 },
    { 0x21A9, 0x21AA, 0x23B },
    { 0x21AF, 0x21AF, 0x23D },
    { 0x21E6, 0x21F0, 0x23E },
    { 0x21F3, 0x21F3, 0x249 },
    { 0x2202, 0x2202, 0x24A },
    { 0x2205, 0x2206, 0x24B },
    { 0x220F, 0x220F, 0x24D },
    { 0x2211, 0x2212, 0x24E },
    { 0x2215, 0x2215, 0x250 },
    { 0x2218, 0x221A, 0x251 },
    { 0x221E, 0x221E, 0x254 },
    { 0x222B, 0x222B, 0x255 },
    { 0x2248, 0x2248, 0x256 },
    { 0x2260, 0x2260, 0x257 },
    { 0x2264, 0x2265, 0x258 },
    { 0x2299, 0x2299, 0x25A },
    { 0x22C4, 0x22C6, 0x25B },
    { 0x2600, 0x26FF, 0x25E },
    { 0xFB01, 0xFB02, 0x35E },
    { 0x1F600, 0x1F64F, 0x360 },
};

static const EpdFontGroup lexenddeca_16_regularGroups[] = {
    { 0, 3992, 9969, 98, 0 },
    { 3992, 3511, 11845, 96, 98 },
    { 7503, 4317, 18358, 127, 194 },
    { 11820, 3012, 10431, 61, 321 },
    { 14832, 328, 464, 24, 382 },
    { 15160, 228, 480, 4, 406 },
    { 15388, 2319, 15394, 90, 410 },
    { 17707, 683, 1508, 28, 500 },
    { 18390, 284, 674, 17, 528 },
    { 18674, 1092, 2404, 16, 545 },
    { 19766, 1052, 4458, 25, 561 },
    { 20818, 894, 1872, 20, 586 },
    { 21712, 22315, 51291, 256, 606 },
    { 44027, 87, 260, 2, 862 },
    { 44114, 8597, 25627, 80, 864 },
};

static const EpdKernClassEntry lexenddeca_16_regularKernLeftClasses[] = {
    { 0x0026, 1 }, // &
    { 0x0028, 2 }, // (
    { 0x002A, 3 }, // *
    { 0x002C, 4 }, // ,
    { 0x002E, 5 }, // .
    { 0x002F, 6 }, // /
    { 0x0030, 7 }, // 0
    { 0x0031, 8 }, // 1
    { 0x0032, 9 }, // 2
    { 0x0033, 10 }, // 3
    { 0x0034, 11 }, // 4
    { 0x0035, 12 }, // 5
    { 0x0036, 13 }, // 6
    { 0x0037, 14 }, // 7
    { 0x0038, 15 }, // 8
    { 0x0039, 16 }, // 9
    { 0x003C, 17 }, // <
    { 0x003E, 18 }, // >
    { 0x003F, 19 }, // ?
    { 0x0040, 20 }, // @
    { 0x0041, 21 }, // A
    { 0x0042, 22 }, // B
    { 0x0043, 23 }, // C
    { 0x0044, 24 }, // D
    { 0x0045, 25 }, // E
    { 0x0046, 26 }, // F
    { 0x0047, 27 }, // G
    { 0x0049, 28 }, // I
    { 0x004A, 29 }, // J
    { 0x004B, 30 }, // K
    { 0x004C, 31 }, // L
    { 0x004F, 24 }, // O
    { 0x0050, 32 }, // P
    { 0x0051, 33 }, // Q
    { 0x0052, 34 }, // R
    { 0x0053, 35 }, // S
    { 0x0054, 36 }, // T
    { 0x0055, 37 }, // U
    { 0x0056, 38 }, // V
    { 0x0057, 39 }, // W
    { 0x0058, 40 }, // X
    { 0x0059, 41 }, // Y
    { 0x005A, 42 }, // Z
    { 0x005B, 43 }, // [
    { 0x005C, 44 }, // <backslash>
    { 0x005F, 45 }, // _
    { 0x0061, 46 }, // a
    { 0x0062, 47 }, // b
    { 0x0063, 48 }, // c
    { 0x0064, 49 }, // d
    { 0x0065, 50 }, // e
    { 0x0066, 51 }, // f
    { 0x0067, 52 }, // g
    { 0x0068, 53 }, // h
    { 0x0069, 54 }, // i
    { 0x006A, 55 }, // j
    { 0x006B, 56 }, // k
    { 0x006C, 57 }, // l
    { 0x006D, 53 }, // m
    { 0x006E, 53 }, // n
    { 0x006F, 47 }, // o
    { 0x0070, 47 }, // p
    { 0x0071, 58 }, // q
    { 0x0072, 59 }, // r
    { 0x0073, 60 }, // s
    { 0x0074, 61 }, // t
    { 0x0075, 62 }, // u
    { 0x0076, 63 }, // v
    { 0x0077, 64 }, // w
    { 0x0078, 65 }, // x
    { 0x0079, 66 }, // y
    { 0x007A, 67 }, // z
    { 0x007B, 68 }, // {
    { 0x007D, 69 }, // }
    { 0x00A1, 70 }, // U+00A1
    { 0x00A3, 71 }, // U+00A3
    { 0x00B7, 72 }, // U+00B7
    { 0x00BF, 73 }, // U+00BF
    { 0x00C0, 21 }, // U+00C0
    { 0x00C1, 21 }, // U+00C1
    { 0x00C2, 21 }, // U+00C2
    { 0x00C3, 21 }, // U+00C3
    { 0x00C4, 21 }, // U+00C4
    { 0x00C5, 21 }, // U+00C5
    { 0x00C6, 25 }, // U+00C6
    { 0x00C8, 25 }, // U+00C8
    { 0x00C9, 25 }, // U+00C9
    { 0x00CA, 25 }, // U+00CA
    { 0x00CB, 25 }, // U+00CB
    { 0x00D0, 24 }, // U+00D0
    { 0x00D2, 24 }, // U+00D2
    { 0x00D3, 24 }, // U+00D3
    { 0x00D4, 24 }, // U+00D4
    { 0x00D5, 24 }, // U+00D5
    { 0x00D6, 24 }, // U+00D6
    { 0x00D8, 24 }, // U+00D8
    { 0x00D9, 37 }, // U+00D9
    { 0x00DA, 37 }, // U+00DA
    { 0x00DB, 37 }, // U+00DB
    { 0x00DC, 37 }, // U+00DC
    { 0x00DD, 41 }, // U+00DD
    { 0x00DE, 74 }, // U+00DE
    { 0x00DF, 75 }, // U+00DF
    { 0x00E0, 46 }, // U+00E0
    { 0x00E1, 46 }, // U+00E1
    { 0x00E2, 46 }, // U+00E2
    { 0x00E3, 46 }, // U+00E3
    { 0x00E4, 46 }, // U+00E4
    { 0x00E5, 46 }, // U+00E5
    { 0x00E7, 48 }, // U+00E7
    { 0x00E8, 50 }, // U+00E8
    { 0x00E9, 50 }, // U+00E9
    { 0x00EA, 50 }, // U+00EA
    { 0x00EB, 50 }, // U+00EB
    { 0x00EC, 54 }, // U+00EC
    { 0x00ED, 54 }, // U+00ED
    { 0x00EE, 54 }, // U+00EE
    { 0x00EF, 54 }, // U+00EF
    { 0x00F0, 76 }, // U+00F0
    { 0x00F1, 53 }, // U+00F1
    { 0x00F2, 47 }, // U+00F2
    { 0x00F3, 47 }, // U+00F3
    { 0x00F4, 47 }, // U+00F4
    { 0x00F5, 47 }, // U+00F5
    { 0x00F6, 47 }, // U+00F6
    { 0x00F8, 47 }, // U+00F8
    { 0x00F9, 62 }, // U+00F9
    { 0x00FA, 62 }, // U+00FA
    { 0x00FB, 62 }, // U+00FB
    { 0x00FC, 62 }, // U+00FC
    { 0x00FD, 66 }, // U+00FD
    { 0x00FE, 47 }, // U+00FE
    { 0x00FF, 66 }, // U+00FF
    { 0x0100, 21 }, // U+0100
    { 0x0101, 46 }, // U+0101
    { 0x0102, 21 }, // U+0102
    { 0x0103, 46 }, // U+0103
    { 0x0104, 21 }, // U+0104
    { 0x0105, 46 }, // U+0105
    { 0x0107, 48 }, // U+0107
    { 0x0109, 48 }, // U+0109
    { 0x010B, 48 }, // U+010B
    { 0x010D, 48 }, // U+010D
    { 0x010E, 24 }, // U+010E
    { 0x010F, 77 }, // U+010F
    { 0x0110, 24 }, // U+0110
    { 0x0111, 49 }, // U+0111
    { 0x0112, 25 }, // U+0112
    { 0x0113, 50 }, // U+0113
    { 0x0114, 25 }, // U+0114
    { 0x0115, 50 }, // U+0115
    { 0x0116, 25 }, // U+0116
    { 0x0117, 50 }, // U+0117
    { 0x0118, 25 }, // U+0118
    { 0x0119, 50 }, // U+0119
    { 0x011A, 25 }, // U+011A
    { 0x011B, 50 }, // U+011B
    { 0x011C, 27 }, // U+011C
    { 0x011D, 78 }, // U+011D
    { 0x011E, 27 }, // U+011E
    { 0x011F, 78 }, // U+011F
    { 0x0120, 27 }, // U+0120
    { 0x0121, 78 }, // U+0121
    { 0x0122, 27 }, // U+0122
    { 0x0123, 78 }, // U+0123
    { 0x0125, 53 }, // U+0125
    { 0x0127, 53 }, // U+0127
    { 0x0129, 54 }, // U+0129
    { 0x012B, 54 }, // U+012B
    { 0x012D, 54 }, // U+012D
    { 0x012F, 54 }, // U+012F
    { 0x0131, 54 }, // U+0131
    { 0x0132, 29 }, // U+0132
    { 0x0133, 55 }, // U+0133
    { 0x0134, 29 }, // U+0134
    { 0x0135, 55 }, // U+0135
    { 0x0136, 30 }, // U+0136
    { 0x0137, 56 }, // U+0137
    { 0x0138, 56 }, // U+0138
    { 0x0139, 31 }, // U+0139
    { 0x013A, 57 }, // U+013A
    { 0x013B, 31 }, // U+013B
    { 0x013C, 57 }, // U+013C
    { 0x013D, 31 }, // U+013D
    { 0x013E, 77 }, // U+013E
    { 0x013F, 31 }, // U+013F
    { 0x0140, 57 }, // U+0140
    { 0x0141, 31 }, // U+0141
    { 0x0142, 57 }, // U+0142
    { 0x0144, 53 }, // U+0144
    { 0x0146, 53 }, // U+0146
    { 0x0148, 53 }, // U+0148
    { 0x0149, 53 }, // U+0149
    { 0x014B, 53 }, // U+014B
    { 0x014C, 24 }, // U+014C
    { 0x014D, 47 }, // U+014D
    { 0x014E, 24 }, // U+014E
    { 0x014F, 47 }, // U+014F
    { 0x0150, 24 }, // U+0150
    { 0x0151, 47 }, // U+0151
    { 0x0152, 25 }, // U+0152
    { 0x0153, 50 }, // U+0153
    { 0x0154, 79 }, // U+0154
    { 0x0155, 59 }, // U+0155
    { 0x0156, 79 }, // U+0156
    { 0x0157, 59 }, // U+0157
    { 0x0158, 79 }, // U+0158
    { 0x0159, 59 }, // U+0159
    { 0x015A, 35 }, // U+015A
    { 0x015B, 60 }, // U+015B
    { 0x015C, 35 }, // U+015C
    { 0x015D, 60 }, // U+015D
    { 0x015E, 35 }, // U+015E
    { 0x015F, 60 }, // U+015F
    { 0x0160, 35 }, // U+0160
    { 0x0161, 60 }, // U+0161
    { 0x0162, 36 }, // U+0162
    { 0x0163, 61 }, // U+0163
    { 0x0164, 36 }, // U+0164
    { 0x0165, 61 }, // U+0165
    { 0x0166, 36 }, // U+0166
    { 0x0167, 61 }, // U+0167
    { 0x0168, 37 }, // U+0168
    { 0x0169, 62 }, // U+0169
    { 0x016A, 37 }, // U+016A
    { 0x016B, 62 }, // U+016B
    { 0x016C, 37 }, // U+016C
    { 0x016D, 62 }, // U+016D
    { 0x016E, 37 }, // U+016E
    { 0x016F, 62 }, // U+016F
    { 0x0170, 37 }, // U+0170
    { 0x0171, 62 }, // U+0171
    { 0x0172, 37 }, // U+0172
    { 0x0173, 62 }, // U+0173
    { 0x0174, 39 }, // U+0174
    { 0x0175, 64 }, // U+0175
    { 0x0176, 41 }, // U+0176
    { 0x0177, 66 }, // U+0177
    { 0x0178, 41 }, // U+0178
    { 0x0179, 42 }, // U+0179
    { 0x017A, 67 }, // U+017A
    { 0x017B, 42 }, // U+017B
    { 0x017C, 67 }, // U+017C
    { 0x017D, 42 }, // U+017D
    { 0x017E, 67 }, // U+017E
    { 0x01A0, 24 }, // U+01A0
    { 0x01A1, 47 }, // U+01A1
    { 0x01AF, 37 }, // U+01AF
    { 0x01B0, 62 }, // U+01B0
    { 0x01C4, 42 }, // U+01C4
    { 0x01C5, 67 }, // U+01C5
    { 0x01C6, 67 }, // U+01C6
    { 0x01C7, 29 }, // U+01C7
    { 0x01C8, 55 }, // U+01C8
    { 0x01C9, 57 }, // U+01C9
    { 0x01CA, 29 }, // U+01CA
    { 0x01CB, 55 }, // U+01CB
    { 0x01CC, 55 }, // U+01CC
    { 0x01CD, 21 }, // U+01CD
    { 0x01CE, 46 }, // U+01CE
    { 0x01D0, 54 }, // U+01D0
    { 0x01D1, 24 }, // U+01D1
    { 0x01D2, 47 }, // U+01D2
    { 0x01D3, 37 }, // U+01D3
    { 0x01D4, 62 }, // U+01D4
    { 0x01E6, 27 }, // U+01E6
    { 0x01E7, 78 }, // U+01E7
    { 0x01EA, 24 }, // U+01EA
    { 0x01EB, 47 }, // U+01EB
    { 0x01F1, 42 }, // U+01F1
    { 0x01F2, 67 }, // U+01F2
    { 0x01FA, 21 }, // U+01FA
    { 0x01FB, 46 }, // U+01FB
    { 0x01FC, 25 }, // U+01FC
    { 0x01FE, 24 }, // U+01FE
    { 0x01FF, 47 }, // U+01FF
    { 0x0200, 21 }, // U+0200
    { 0x0201, 46 }, // U+0201
    { 0x0202, 21 }, // U+0202
    { 0x0203, 46 }, // U+0203
    { 0x0204, 25 }, // U+0204
    { 0x0205, 50 }, // U+0205
    { 0x0206, 25 }, // U+0206
    { 0x0207, 50 }, // U+0207
    { 0x0209, 54 }, // U+0209
    { 0x020B, 54 }, // U+020B
    { 0x020C, 24 }, // U+020C
    { 0x020D, 47 }, // U+020D
    { 0x020E, 24 }, // U+020E
    { 0x020F, 47 }, // U+020F
    { 0x0210, 79 }, // U+0210
    { 0x0211, 59 }, // U+0211
    { 0x0212, 79 }, // U+0212
    { 0x0213, 59 }, // U+0213
    { 0x0214, 37 }, // U+0214
    { 0x0215, 62 }, // U+0215
    { 0x0216, 37 }, // U+0216
    { 0x0217, 62 }, // U+0217
    { 0x0218, 35 }, // U+0218
    { 0x0219, 60 }, // U+0219
    { 0x021A, 36 }, // U+021A
    { 0x021B, 61 }, // U+021B
    { 0x0394, 21 }, // U+0394
    { 0x1EA0, 21 }, // U+1EA0
    { 0x1EA1, 46 }, // U+1EA1
    { 0x1EA2, 21 }, // U+1EA2
    { 0x1EA3, 46 }, // U+1EA3
    { 0x1EA4, 21 }, // U+1EA4
    { 0x1EA5, 46 }, // U+1EA5
    { 0x1EA6, 21 }, // U+1EA6
    { 0x1EA7, 46 }, // U+1EA7
    { 0x1EA8, 21 }, // U+1EA8
    { 0x1EA9, 46 }, // U+1EA9
    { 0x1EAA, 21 }, // U+1EAA
    { 0x1EAB, 46 }, // U+1EAB
    { 0x1EAC, 21 }, // U+1EAC
    { 0x1EAD, 46 }, // U+1EAD
    { 0x1EAE, 21 }, // U+1EAE
    { 0x1EAF, 46 }, // U+1EAF
    { 0x1EB0, 21 }, // U+1EB0
    { 0x1EB1, 46 }, // U+1EB1
    { 0x1EB2, 21 }, // U+1EB2
    { 0x1EB3, 46 }, // U+1EB3
    { 0x1EB4, 21 }, // U+1EB4
    { 0x1EB5, 46 }, // U+1EB5
    { 0x1EB6, 21 }, // U+1EB6
    { 0x1EB7, 46 }, // U+1EB7
    { 0x1EB8, 25 }, // U+1EB8
    { 0x1EB9, 50 }, // U+1EB9
    { 0x1EBA, 25 }, // U+1EBA
    { 0x1EBB, 50 }, // U+1EBB
    { 0x1EBC, 25 }, // U+1EBC
    { 0x1EBD, 50 }, // U+1EBD
    { 0x1EBE, 25 }, // U+1EBE
    { 0x1EBF, 50 }, // U+1EBF
    { 0x1EC0, 25 }, // U+1EC0
    { 0x1EC1, 50 }, // U+1EC1
    { 0x1EC2, 25 }, // U+1EC2
    { 0x1EC3, 50 }, // U+1EC3
    { 0x1EC4, 25 }, // U+1EC4
    { 0x1EC5, 50 }, // U+1EC5
    { 0x1EC6, 25 }, // U+1EC6
    { 0x1EC7, 50 }, // U+1EC7
    { 0x1EC9, 54 }, // U+1EC9
    { 0x1ECB, 54 }, // U+1ECB
    { 0x1ECC, 24 }, // U+1ECC
    { 0x1ECD, 47 }, // U+1ECD
    { 0x1ECE, 24 }, // U+1ECE
    { 0x1ECF, 47 }, // U+1ECF
    { 0x1ED0, 24 }, // U+1ED0
    { 0x1ED1, 47 }, // U+1ED1
    { 0x1ED2, 24 }, // U+1ED2
    { 0x1ED3, 47 }, // U+1ED3
    { 0x1ED4, 24 }, // U+1ED4
    { 0x1ED5, 47 }, // U+1ED5
    { 0x1ED6, 24 }, // U+1ED6
    { 0x1ED7, 47 }, // U+1ED7
    { 0x1ED8, 24 }, // U+1ED8
    { 0x1ED9, 47 }, // U+1ED9
    { 0x1EDA, 24 }, // U+1EDA
    { 0x1EDB, 47 }, // U+1EDB
    { 0x1EDC, 24 }, // U+1EDC
    { 0x1EDD, 47 }, // U+1EDD
    { 0x1EDE, 24 }, // U+1EDE
    { 0x1EDF, 47 }, // U+1EDF
    { 0x1EE0, 24 }, // U+1EE0
    { 0x1EE1, 47 }, // U+1EE1
    { 0x1EE2, 24 }, // U+1EE2
    { 0x1EE3, 47 }, // U+1EE3
    { 0x1EE4, 37 }, // U+1EE4
    { 0x1EE5, 62 }, // U+1EE5
    { 0x1EE6, 37 }, // U+1EE6
    { 0x1EE7, 62 }, // U+1EE7
    { 0x1EE8, 37 }, // U+1EE8
    { 0x1EE9, 62 }, // U+1EE9
    { 0x1EEA, 37 }, // U+1EEA
    { 0x1EEB, 62 }, // U+1EEB
    { 0x1EEC, 37 }, // U+1EEC
    { 0x1EED, 62 }, // U+1EED
    { 0x1EEE, 37 }, // U+1EEE
    { 0x1EEF, 62 }, // U+1EEF
    { 0x1EF0, 37 }, // U+1EF0
    { 0x1EF1, 62 }, // U+1EF1
    { 0x1EF2, 41 }, // U+1EF2
    { 0x1EF3, 66 }, // U+1EF3
    { 0x1EF4, 41 }, // U+1EF4
    { 0x1EF5, 66 }, // U+1EF5
    { 0x1EF6, 41 }, // U+1EF6
    { 0x1EF7, 66 }, // U+1EF7
    { 0x1EF8, 41 }, // U+1EF8
    { 0x1EF9, 66 }, // U+1EF9
    { 0x2018, 80 }, // U+2018
    { 0x2019, 81 }, // U+2019
    { 0x201C, 82 }, // U+201C
    { 0x201D, 83 }, // U+201D
    { 0x2022, 84 }, // U+2022
    { 0x2206, 85 }, // U+2206
    { 0x221E, 86 }, // U+221E
    { 0x222B, 87 }, // U+222B
    { 0xFB01, 54 }, // U+FB01
    { 0xFB02, 57 }, // U+FB02
};

static const EpdKernClassEntry lexenddeca_16_regularKernRightClasses[] = {
    { 0x0021, 1 }, // !
    { 0x0026, 2 }, // &
    { 0x0029, 3 }, // )
    { 0x002A, 4 }, // *
    { 0x002C, 5 }, // ,
    { 0x002D, 6 }, // -
    { 0x002E, 7 }, // .
    { 0x002F, 8 }, // /
    { 0x0030, 9 }, // 0
    { 0x0031, 10 }, // 1
    { 0x0032, 11 }, // 2
    { 0x0034, 12 }, // 4
    { 0x0036, 13 }, // 6
    { 0x0037, 14 }, // 7
    { 0x0038, 15 }, // 8
    { 0x0039, 16 }, // 9
    { 0x003C, 17 }, // <
    { 0x003F, 18 }, // ?
    { 0x0040, 19 }, // @
    { 0x0041, 20 }, // A
    { 0x0042, 21 }, // B
    { 0x0043, 22 }, // C
    { 0x0044, 21 }, // D
    { 0x0045, 21 }, // E
    { 0x0046, 21 }, // F
    { 0x0047, 22 }, // G
    { 0x0048, 21 }, // H
    { 0x0049, 23 }, // I
    { 0x004A, 24 }, // J
    { 0x004B, 21 }, // K
    { 0x004C, 21 }, // L
    { 0x004D, 21 }, // M
    { 0x004E, 21 }, // N
    { 0x004F, 22 }, // O
    { 0x0050, 21 }, // P
    { 0x0051, 22 }, // Q
    { 0x0052, 21 }, // R
    { 0x0053, 25 }, // S
    { 0x0054, 26 }, // T
    { 0x0055, 27 }, // U
    { 0x0056, 28 }, // V
    { 0x0057, 29 }, // W
    { 0x0058, 30 }, // X
    { 0x0059, 31 }, // Y
    { 0x005A, 32 }, // Z
    { 0x005B, 33 }, // [
    { 0x005C, 34 }, // <backslash>
    { 0x005D, 35 }, // ]
    { 0x005F, 36 }, // _
    { 0x0061, 37 }, // a
    { 0x0062, 38 }, // b
    { 0x0063, 37 }, // c
    { 0x0064, 37 }, // d
    { 0x0065, 37 }, // e
    { 0x0066, 39 }, // f
    { 0x0067, 40 }, // g
    { 0x0068, 38 }, // h
    { 0x006A, 41 }, // j
    { 0x006B, 38 }, // k
    { 0x006C, 38 }, // l
    { 0x006D, 42 }, // m
    { 0x006E, 42 }, // n
    { 0x006F, 37 }, // o
    { 0x0070, 43 }, // p
    { 0x0071, 37 }, // q
    { 0x0072, 42 }, // r
    { 0x0073, 44 }, // s
    { 0x0074, 45 }, // t
    { 0x0075, 46 }, // u
    { 0x0076, 47 }, // v
    { 0x0077, 48 }, // w
    { 0x0078, 49 }, // x
    { 0x0079, 50 }, // y
    { 0x007A, 51 }, // z
    { 0x007B, 33 }, // {
    { 0x007D, 52 }, // }
    { 0x00A1, 53 }, // U+00A1
    { 0x00B7, 54 }, // U+00B7
    { 0x00BF, 55 }, // U+00BF
    { 0x00C0, 56 }, // U+00C0
    { 0x00C1, 56 }, // U+00C1
    { 0x00C2, 56 }, // U+00C2
    { 0x00C3, 56 }, // U+00C3
    { 0x00C4, 56 }, // U+00C4
    { 0x00C5, 56 }, // U+00C5
    { 0x00C6, 57 }, // U+00C6
    { 0x00C7, 22 }, // U+00C7
    { 0x00C8, 21 }, // U+00C8
    { 0x00C9, 21 }, // U+00C9
    { 0x00CA, 21 }, // U+00CA
    { 0x00CB, 21 }, // U+00CB
    { 0x00D0, 21 }, // U+00D0
    { 0x00D1, 21 }, // U+00D1
    { 0x00D2, 22 }, // U+00D2
    { 0x00D3, 22 }, // U+00D3
    { 0x00D4, 22 }, // U+00D4
    { 0x00D5, 22 }, // U+00D5
    { 0x00D6, 22 }, // U+00D6
    { 0x00D8, 22 }, // U+00D8
    { 0x00D9, 27 }, // U+00D9
    { 0x00DA, 27 }, // U+00DA
    { 0x00DB, 27 }, // U+00DB
    { 0x00DC, 27 }, // U+00DC
    { 0x00DD, 58 }, // U+00DD
    { 0x00DE, 21 }, // U+00DE
    { 0x00DF, 59 }, // U+00DF
    { 0x00E0, 37 }, // U+00E0
    { 0x00E1, 37 }, // U+00E1
    { 0x00E2, 37 }, // U+00E2
    { 0x00E3, 37 }, // U+00E3
    { 0x00E4, 37 }, // U+00E4
    { 0x00E5, 37 }, // U+00E5
    { 0x00E7, 37 }, // U+00E7
    { 0x00E8, 37 }, // U+00E8
    { 0x00E9, 37 }, // U+00E9
    { 0x00EA, 37 }, // U+00EA
    { 0x00EB, 37 }, // U+00EB
    { 0x00F0, 60 }, // U+00F0
    { 0x00F1, 42 }, // U+00F1
    { 0x00F2, 37 }, // U+00F2
    { 0x00F3, 37 }, // U+00F3
    { 0x00F4, 37 }, // U+00F4
    { 0x00F5, 37 }, // U+00F5
    { 0x00F6, 37 }, // U+00F6
    { 0x00F8, 37 }, // U+00F8
    { 0x00F9, 46 }, // U+00F9
    { 0x00FA, 46 }, // U+00FA
    { 0x00FB, 46 }, // U+00FB
    { 0x00FC, 46 }, // U+00FC
    { 0x00FD, 50 }, // U+00FD
    { 0x00FE, 61 }, // U+00FE
    { 0x00FF, 50 }, // U+00FF
    { 0x0100, 56 }, // U+0100
    { 0x0101, 37 }, // U+0101
    { 0x0102, 56 }, // U+0102
    { 0x0103, 37 }, // U+0103
    { 0x0104, 56 }, // U+0104
    { 0x0105, 37 }, // U+0105
    { 0x0106, 22 }, // U+0106
    { 0x0107, 37 }, // U+0107
    { 0x0108, 22 }, // U+0108
    { 0x0109, 37 }, // U+0109
    { 0x010A, 22 }, // U+010A
    { 0x010B, 37 }, // U+010B
    { 0x010C, 22 }, // U+010C
    { 0x010D, 37 }, // U+010D
    { 0x010E, 21 }, // U+010E
    { 0x010F, 37 }, // U+010F
    { 0x0110, 21 }, // U+0110
    { 0x0111, 37 }, // U+0111
    { 0x0112, 21 }, // U+0112
    { 0x0113, 37 }, // U+0113
    { 0x0114, 21 }, // U+0114
    { 0x0115, 37 }, // U+0115
    { 0x0116, 21 }, // U+0116
    { 0x0117, 37 }, // U+0117
    { 0x0118, 21 }, // U+0118
    { 0x0119, 37 }, // U+0119
    { 0x011A, 21 }, // U+011A
    { 0x011B, 37 }, // U+011B
    { 0x011C, 22 }, // U+011C
    { 0x011D, 40 }, // U+011D
    { 0x011E, 22 }, // U+011E
    { 0x011F, 40 }, // U+011F
    { 0x0120, 22 }, // U+0120
    { 0x0121, 40 }, // U+0121
    { 0x0122, 22 }, // U+0122
    { 0x0123, 40 }, // U+0123
    { 0x0124, 21 }, // U+0124
    { 0x0125, 38 }, // U+0125
    { 0x0127, 38 }, // U+0127
    { 0x0134, 24 }, // U+0134
    { 0x0135, 41 }, // U+0135
    { 0x0136, 21 }, // U+0136
    { 0x0137, 38 }, // U+0137
    { 0x0138, 38 }, // U+0138
    { 0x0139, 21 }, // U+0139
    { 0x013A, 38 }, // U+013A
    { 0x013B, 21 }, // U+013B
    { 0x013C, 38 }, // U+013C
    { 0x013D, 21 }, // U+013D
    { 0x013E, 38 }, // U+013E
    { 0x013F, 21 }, // U+013F
    { 0x0140, 38 }, // U+0140
    { 0x0141, 21 }, // U+0141
    { 0x0142, 38 }, // U+0142
    { 0x0143, 21 }, // U+0143
    { 0x0144, 42 }, // U+0144
    { 0x0145, 21 }, // U+0145
    { 0x0146, 42 }, // U+0146
    { 0x0147, 21 }, // U+0147
    { 0x0148, 42 }, // U+0148
    { 0x014A, 21 }, // U+014A
    { 0x014B, 42 }, // U+014B
    { 0x014C, 22 }, // U+014C
    { 0x014D, 37 }, // U+014D
    { 0x014E, 22 }, // U+014E
    { 0x014F, 37 }, // U+014F
    { 0x0150, 22 }, // U+0150
    { 0x0151, 37 }, // U+0151
    { 0x0152, 22 }, // U+0152
    { 0x0153, 37 }, // U+0153
    { 0x0154, 21 }, // U+0154
    { 0x0155, 42 }, // U+0155
    { 0x0156, 21 }, // U+0156
    { 0x0157, 42 }, // U+0157
    { 0x0158, 21 }, // U+0158
    { 0x0159, 42 }, // U+0159
    { 0x015A, 25 }, // U+015A
    { 0x015B, 44 }, // U+015B
    { 0x015C, 25 }, // U+015C
    { 0x015D, 44 }, // U+015D
    { 0x015E, 25 }, // U+015E
    { 0x015F, 44 }, // U+015F
    { 0x0160, 25 }, // U+0160
    { 0x0161, 44 }, // U+0161
    { 0x0162, 62 }, // U+0162
    { 0x0163, 45 }, // U+0163
    { 0x0164, 62 }, // U+0164
    { 0x0165, 45 }, // U+0165
    { 0x0166, 62 }, // U+0166
    { 0x0167, 45 }, // U+0167
    { 0x0168, 27 }, // U+0168
    { 0x0169, 46 }, // U+0169
    { 0x016A, 27 }, // U+016A
    { 0x016B, 46 }, // U+016B
    { 0x016C, 27 }, // U+016C
    { 0x016D, 46 }, // U+016D
    { 0x016E, 27 }, // U+016E
    { 0x016F, 46 }, // U+016F
    { 0x0170, 27 }, // U+0170
    { 0x0171, 46 }, // U+0171
    { 0x0172, 27 }, // U+0172
    { 0x0173, 46 }, // U+0173
    { 0x0174, 63 }, // U+0174
    { 0x0175, 48 }, // U+0175
    { 0x0176, 58 }, // U+0176
    { 0x0177, 50 }, // U+0177
    { 0x0178, 58 }, // U+0178
    { 0x0179, 32 }, // U+0179
    { 0x017A, 51 }, // U+017A
    { 0x017B, 32 }, // U+017B
    { 0x017C, 51 }, // U+017C
    { 0x017D, 32 }, // U+017D
    { 0x017E, 51 }, // U+017E
    { 0x01A0, 22 }, // U+01A0
    { 0x01A1, 37 }, // U+01A1
    { 0x01AF, 27 }, // U+01AF
    { 0x01B0, 46 }, // U+01B0
    { 0x01C4, 21 }, // U+01C4
    { 0x01C5, 21 }, // U+01C5
    { 0x01C6, 37 }, // U+01C6
    { 0x01C7, 21 }, // U+01C7
    { 0x01C8, 21 }, // U+01C8
    { 0x01C9, 38 }, // U+01C9
    { 0x01CA, 21 }, // U+01CA
    { 0x01CB, 21 }, // U+01CB
    { 0x01CC, 42 }, // U+01CC
    { 0x01CD, 56 }, // U+01CD
    { 0x01CE, 37 }, // U+01CE
    { 0x01D1, 22 }, // U+01D1
    { 0x01D2, 37 }, // U+01D2
    { 0x01D3, 27 }, // U+01D3
    { 0x01D4, 46 }, // U+01D4
    { 0x01E6, 22 }, // U+01E6
    { 0x01E7, 40 }, // U+01E7
    { 0x01EA, 22 }, // U+01EA
    { 0x01EB, 37 }, // U+01EB
    { 0x01F1, 21 }, // U+01F1
    { 0x01F2, 21 }, // U+01F2
    { 0x01FA, 56 }, // U+01FA
    { 0x01FB, 37 }, // U+01FB
    { 0x01FC, 57 }, // U+01FC
    { 0x01FE, 22 }, // U+01FE
    { 0x01FF, 37 }, // U+01FF
    { 0x0200, 56 }, // U+0200
    { 0x0201, 37 }, // U+0201
    { 0x0202, 56 }, // U+0202
    { 0x0203, 37 }, // U+0203
    { 0x0204, 21 }, // U+0204
    { 0x0205, 37 }, // U+0205
    { 0x0206, 21 }, // U+0206
    { 0x0207, 37 }, // U+0207
    { 0x020C, 22 }, // U+020C
    { 0x020D, 37 }, // U+020D
    { 0x020E, 22 }, // U+020E
    { 0x020F, 37 }, // U+020F
    { 0x0210, 21 }, // U+0210
    { 0x0211, 42 }, // U+0211
    { 0x0212, 21 }, // U+0212
    { 0x0213, 42 }, // U+0213
    { 0x0214, 27 }, // U+0214
    { 0x0215, 46 }, // U+0215
    { 0x0216, 27 }, // U+0216
    { 0x0217, 46 }, // U+0217
    { 0x0218, 25 }, // U+0218
    { 0x0219, 44 }, // U+0219
    { 0x021A, 62 }, // U+021A
    { 0x021B, 45 }, // U+021B
    { 0x0394, 56 }, // U+0394
    { 0x03BC, 46 }, // U+03BC
    { 0x1EA0, 56 }, // U+1EA0
    { 0x1EA1, 37 }, // U+1EA1
    { 0x1EA2, 56 }, // U+1EA2
    { 0x1EA3, 37 }, // U+1EA3
    { 0x1EA4, 56 }, // U+1EA4
    { 0x1EA5, 37 }, // U+1EA5
    { 0x1EA6, 56 }, // U+1EA6
    { 0x1EA7, 37 }, // U+1EA7
    { 0x1EA8, 56 }, // U+1EA8
    { 0x1EA9, 37 }, // U+1EA9
    { 0x1EAA, 56 }, // U+1EAA
    { 0x1EAB, 37 }, // U+1EAB
    { 0x1EAC, 56 }, // U+1EAC
    { 0x1EAD, 37 }, // U+1EAD
    { 0x1EAE, 56 }, // U+1EAE
    { 0x1EAF, 37 }, // U+1EAF
    { 0x1EB0, 56 }, // U+1EB0
    { 0x1EB1, 37 }, // U+1EB1
    { 0x1EB2, 56 }, // U+1EB2
    { 0x1EB3, 37 }, // U+1EB3
    { 0x1EB4, 56 }, // U+1EB4
    { 0x1EB5, 37 }, // U+1EB5
    { 0x1EB6, 56 }, // U+1EB6
    { 0x1EB7, 37 }, // U+1EB7
    { 0x1EB8, 21 }, // U+1EB8
    { 0x1EB9, 37 }, // U+1EB9
    { 0x1EBA, 21 }, // U+1EBA
    { 0x1EBB, 37 }, // U+1EBB
    { 0x1EBC, 21 }, // U+1EBC
    { 0x1EBD, 37 }, // U+1EBD
    { 0x1EBE, 21 }, // U+1EBE
    { 0x1EBF, 37 }, // U+1EBF
    { 0x1EC0, 21 }, // U+1EC0
    { 0x1EC1, 37 }, // U+1EC1
    { 0x1EC2, 21 }, // U+1EC2
    { 0x1EC3, 37 }, // U+1EC3
    { 0x1EC4, 21 }, // U+1EC4
    { 0x1EC5, 37 }, // U+1EC5
    { 0x1EC6, 21 }, // U+1EC6
    { 0x1EC7, 37 }, // U+1EC7
    { 0x1ECC, 22 }, // U+1ECC
    { 0x1ECD, 37 }, // U+1ECD
    { 0x1ECE, 22 }, // U+1ECE
    { 0x1ECF, 37 }, // U+1ECF
    { 0x1ED0, 22 }, // U+1ED0
    { 0x1ED1, 37 }, // U+1ED1
    { 0x1ED2, 22 }, // U+1ED2
    { 0x1ED3, 37 }, // U+1ED3
    { 0x1ED4, 22 }, // U+1ED4
    { 0x1ED5, 37 }, // U+1ED5
    { 0x1ED6, 22 }, // U+1ED6
    { 0x1ED7, 37 }, // U+1ED7
    { 0x1ED8, 22 }, // U+1ED8
    { 0x1ED9, 37 }, // U+1ED9
    { 0x1EDA, 22 }, // U+1EDA
    { 0x1EDB, 37 }, // U+1EDB
    { 0x1EDC, 22 }, // U+1EDC
    { 0x1EDD, 37 }, // U+1EDD
    { 0x1EDE, 22 }, // U+1EDE
    { 0x1EDF, 37 }, // U+1EDF
    { 0x1EE0, 22 }, // U+1EE0
    { 0x1EE1, 37 }, // U+1EE1
    { 0x1EE2, 22 }, // U+1EE2
    { 0x1EE3, 37 }, // U+1EE3
    { 0x1EE4, 27 }, // U+1EE4
    { 0x1EE5, 46 }, // U+1EE5
    { 0x1EE6, 27 }, // U+1EE6
    { 0x1EE7, 46 }, // U+1EE7
    { 0x1EE8, 27 }, // U+1EE8
    { 0x1EE9, 46 }, // U+1EE9
    { 0x1EEA, 27 }, // U+1EEA
    { 0x1EEB, 46 }, // U+1EEB
    { 0x1EEC, 27 }, // U+1EEC
    { 0x1EED, 46 }, // U+1EED
    { 0x1EEE, 27 }, // U+1EEE
    { 0x1EEF, 46 }, // U+1EEF
    { 0x1EF0, 27 }, // U+1EF0
    { 0x1EF1, 46 }, // U+1EF1
    { 0x1EF2, 58 }, // U+1EF2
    { 0x1EF3, 50 }, // U+1EF3
    { 0x1EF4, 58 }, // U+1EF4
    { 0x1EF5, 50 }, // U+1EF5
    { 0x1EF6, 58 }, // U+1EF6
    { 0x1EF7, 50 }, // U+1EF7
    { 0x1EF8, 58 }, // U+1EF8
    { 0x1EF9, 50 }, // U+1EF9
    { 0x2013, 64 }, // U+2013
    { 0x2014, 65 }, // U+2014
    { 0x2018, 66 }, // U+2018
    { 0x2019, 67 }, // U+2019
    { 0x201C, 68 }, // U+201C
    { 0x201D, 69 }, // U+201D
    { 0x2022, 70 }, // U+2022
    { 0x2206, 71 }, // U+2206
    { 0x222B, 72 }, // U+222B
    { 0xFB01, 39 }, // U+FB01
    { 0xFB02, 39 }, // U+FB02
};

static const int8_t lexenddeca_16_regularKernMatrix[] = {
       0,    0,   -8,    0,    0,    0,    0,    0,    0,    0,    0,    0,    0,    0,    0,    0,    0,    0,    0,    0,    0,    0,    0,    0,    0,  -29,    0,  -32,  -21,    0,  -27,    0,    0,    0,    0,    0,    0,    0,    0,    0,    0,    0,    0,    0,    0,    0,  -16,  -16,    0,  -16,    0,    0,    0,    0,    0,    0,    0,  -27,    0,   -5,    0,  -29,  -21,    0,    0,    0,    0,    0,    0,    0,    0,    0,
       0,    0,    0,    0,    0,    0,    0,    0,    0,    0,    0,    0,    0,    0,    0,    0,    0,    0,    0,    0,    0,  -16,    0,  -21,    0,    0,    0,    0,    0,    0,    0,    0,    0,    0,    0,    0,  -13,    0,    0,  -13,   16,    0,   16,    0,    0,    0,    0,    0,    0,    0,    0,    0,    0,    0,    0,    0,    0,    0,    0,  -13,    8,    0,    0,    0,    0,    0,    0,    0,    0,    0,    0,    0,
       0,    0,    0,    0,    0,    0,    0,    0,    0,    0,    0,    0,    0,    0,    0,    0,    0,    0,    0,  -40,    0,    0,    0,    0,    0,    0,    0,    0,    0,    0,    0,    0,    0,    0,    0,    0,    0,    0,    0,    0,    0,    0,    0,    0,    0,    0,    3,    0,    0,    0,    0,    0,    0,    0,    0,  -40,    0,    0,    0,  -13,    0,    0,    0,    0,    0,    0,    0,    0,    0,    0,    0,    0,
       0,    0,    0,    0,    0,    0,    0,    0,    0,    0,    0,  -13,    0,    0,    0,    0,    0,    0,    0,    0,    0,  -11,    0,    0,    0,  -53,    0,  -64,  -43,    0,  -64,    0,    0,    0,    0,    0,    0,    0,    0,    0,    0,    0,    0,    0,    0,    0,  -43,  -21,    0,  -21,    0,    0,    0,    0,    0,    0,    0,  -64,    0,    0,    0,  -53,  -43,    0,    0,    0,    0,    0,    0,    0,    0,    0,
       0,    0,    0,    0,    0,    0,    0,    0,    0,    0,    0,  -13,    0,    0,    0,    0,    0,    0,    0,    0,    0,  -11,    0,    0,    0,  -53,    0,  -53,  -43,    0,  -64,    0,    0,    0,    0,    0,    0,    0,    0,    0,    0,    0,    0,    0,    0,    0,  -43,  -21,    0,  -21,    0,    0,    0,    0,    0,    0,    0,  -64,    0,    0,    0,  -53,  -43,    0,    0,    0,    0,    0,    0,    0,    0,    0,
       0,    0,    0,    0,    0,    0,    0,  -49,  -27,  -16,  -16,  -32,  -27,    0,    0,    0,    0,    0,    0,  -53,    0,  -21,    0,  -27,    0,    0,    0,    0,    0,    0,    0,    0,    0,    0,    0,    0,  -27,    0,    0,  -27,    0,    0,    0,  -16,    0,    0,   -1,    0,   -3,    0,    0,    0,    0,    0,    0,  -53,    0,    0,   -6,  -17,    0,    0,    0,    0,    0,    0,    0,    0,    0,    0,    0,    0,
       0,    0,    0,    0,    0,    0,    0,  -27,    0,    0,    0,    0,    0,    0,    0,    0,    0,    0,    0,    0,    0,    0,    0,    0,    0,    0,    0,    0,    0,    0,    0,    0,    0,    0,    0,    0,    0,    0,    0,    0,    0,    0,    0,    0,    0,    0,    0,    0,    0,    0,    0,    0,    0,    0,    0,    0,    0,    0,    0,    0,    0,    0,    0,    0,    0,    0,    0,    0,    0,    0,  -27,    0,
       0,    0,    0,    0,    0,    0,    0,    0,    0,    0,    0,    0,    0,    0,    0,    0,  -21,    0,    0,    0,    0,    0,    0,    0,    0,    0,    0,    0,    0,    0,    0,    0,    0,    0,    0,    0,    0,    0,    0,    0,    0,    0,    0,    0,    0,    0,    0,    0,    0,    0,    0,    0,    0,    0,    0,    0,    0,    0,    0,    0,    0,    0,    0,    0,    0,    0,    0,    0,    0,    0,    0,    0,
       0,    0,    0,    0,    0,    0,    0,    0,    0,    0,    0,  -11,    0,    0,    0,    0,    0,    0,    0,    0,    0,    0,    0,    0,    0,    0,    0,    0,    0,    0,    0,    0,    0,    0,    0,    0,    0,    0,    0,    0,    0,    0,    0,    0,    0,    0,    0,    0,    0,    0,    0,    5,    0,    0,    0,    0,    0,    0,    0,    0,    0,    0,    0,    0,    0,    0,    0,    0,    0,    0,    0,    0,
       0,    0,    0,    0,    0,    0,    0,  -13,    0,    0,    0,    0,    0,    0,    0,    0,    0,    0,    0,    0,    0,    0,    0,    0,    0,    0,    0,    0,    0,    0,    0,    0,    0,    0,    0,    0,    0,    0,    0,    0,    0,    0,    0,    0,    0,    0,    0,    0,    0,    0,    0,    0,    0,    0,    0,    0,    0,    0,    0,    0,    0,    0,    0,    0,    0,    0,    0,    0,    0,    0,  -16,    0,
       0,    0,    0,    0,    0,    0,    0,    0,    0,    0,  -11,    0,    0,  -11,    0,    0,    0,    0,    0,    0,    0,    0,    0,    0,    0,    0,    0,    0,    0,    0,    0,    0,    0,    0,    0,    0,    0,    0,    0,    0,    0,    0,    0,    0,    0,    0,    0,    0,    0,    0,    0,    0,    0,    0,    0,    0,    0,    0,    0,    0,    0,    0,    0,    0,    0,    0,    0,    0,    0,    0,    0,  -32,
       0,    0,    0,    0,    0,    0,    0,  -21,    0,    0,    0,    0,    0,    0,    0,    0,    0,    0,    0,    0,    0,    0,    0,    0,    0,    0,    0,    0,    0,    0,    0,    0,    0,    0,    0,    0,    0,    0,    0,    0,    0,    0,    0,    0,    0,    0,    0,    0,    0,    0,    0,    0,    0,    0,    0,    0,    0,    0,    0,    0,    0,    0,    0,    0,    0,    0,    0,    0,    0,    0,  -11,    0,
       0,    0,    0,    0,    0,    0,    0,    0,    0,    0,    0,    0,    0,    0,    0,    0,    0,    0,    0,    0,    0,    0,    0,    0,    0,    0,    0,    0,    0,    0,    0,    0,    0,    0,    0,    0,    0,    0,    0,    0,    0,    0,    0,    0,    0,    0,    0,    0,    0,    0,    0,    0,    0,    0,    0,    0,    0,    0,    0,    0,    0,    0,    0,    0,    0,    0,    0,    0,    0,    0,  -11,    0,
       0,    0,    0,    0,  -53,    0,  -43,  -64,    0,   -8,  -11,  -13,  -11,    0,  -11,    0,  -27,    0,    0,    0,    0,    0,    0,    0,    0,    0,    0,    0,    0,    0,    0,    0,    0,    0,    0,    0,    0,    0,    0,    0,    0,    0,    0,    0,    0,    0,    0,    0,    0,    0,    0,    0,    0,    0,    0,    0,    0,    0,    0,    0,    0,    0,    0,    0,    0,    0,    0,    0,    0,    0,  -48,    0,
       0,    0,    0,    0,    0,    0,    0,    0,    0,    0,    0,    0,    0,    0,    0,    0,    0,    0,    0,    0,    0,    0,    0,    0,    0,    0,    0,    0,    0,    0,    0,    0,    0,    0,    0,    0,    0,    0,    0,    0,    0,    0,    0,    0,    0,    0,    0,    0,    0,    0,    0,    0,    0,    0,    0,    0,    0,    0,    0,    0,    0,    0,    0,    0,    0,    0,    0,    0,    0,    0,  -16,    0,
       0,    0,    0,    0,    0,    0,    0,  -27,    0,    0,    0,    0,    0,    0,    0,    0,    0,    0,    0,    0,    0,    0,    0,    0,    0,    0,    0,    0,    0,    0,    0,    0,    0,    0,    0,    0,    0,    0,    0,    0,    0,    0,    0,    0,    0,    0,    0,    0,    0,    0,    0,    0,    0,    0,    0,    0,    0,    0,    0,    0,    0,    0,    0,    0,    0,    0,    0,    0,    0,    0,  -21,    0,
       0,    0,    0,    0,    0,    0,    0,    0,    0,  -11,    0,    0,    0,    0,    0,    0,    0,    0,    0,    0,    0,    0,    0,    0,    0,    0,    0,    0,    0,    0,    0,    0,    0,    0,    0,    0,    0,    0,    0,    0,    0,    0,    0,    0,    0,    0,    0,    0,    0,    0,    0,    0,    0,    0,    0,    0,    0,    0,    0,    0,    0,    0,    0,    0,    0,    0,    0,    0,    0,    0,    0,    0,
       0,    0,    0,    0,    0,    0,    0,    0,    0,  -32,  -16,    0,    0,  -27,    0,    0,    0,    0,    0,    0,    0,    0,    0,    0,    0,    0,    0,    0,    0,    0,    0,    0,    0,    0,    0,    0,    0,    0,    0,    0,    0,    0,    0,    0,    0,    0,    0,    0,    0,    0,    0,    0,    0,    0,    0,    0,    0,    0,    0,    0,    0,    0,    0,    0,    0,    0,    0,    0,    0,    0,    0,    0,
       0,    0,    0,    0,    0,    0,    0,    0,    0,    0,    0,    0,    0,    0,    0,    0,    0,    0,    0,  -21,    0,    0,    0,  -40,    0,    0,    0,    0,    0,    0,    0,    0,    0,    0,    0,    0,    0,    0,    0,    0,    0,    0,    0,    0,    0,    0,    0,    0,    0,    0,    0,    0,    0,    0,    0,  -21,    0,    0,    0,   -8,    0,    0,    0,    0,    0,    0,    0,    0,    0,    0,    0,    0,
       0,    0,    0,    0,    0,    0,    0,    0,    0,    0,    0,    0,    0,    0,    0,    0,    0,    0,    0,    0,    0,    0,    0,    0,    0,    0,    0,   -3,    0,    0,    0,    0,    0,    0,    0,    0,    0,    0,    0,    0,    0,    0,    0,    0,    0,    0,    0,    0,   -2,    0,    0,    0,    0,    0,    0,    0,    0,    0,    0,    0,    0,    0,    0,    0,    0,    0,    0,    0,    0,    0,    0,    0,
       0,    0,    0,  -40,    0,  -27,    0,    0,    0,    0,    0,    0,    0,    0,    0,    0,    0,    0,    0,    0,    0,  -11,    0,    0,    0,  -27,  -11,  -40,  -21,    0,  -43,    0,    0,  -53,    0,    0,  -11,    0,  -11,   -5,    0,    0,    0,    0,   -3,   -5,  -27,  -24,    0,  -13,    0,    0,    0,    0,    0,    0,    0,  -43,  -11,  -11,    0,  -27,  -21,  -27,  -27,  -69,  -72,  -37,  -40,    0,    0,    0,
       0,    0,  -11,    0,    0,    0,    0,  -21,    0,    0,    0,    0,    0,    0,    0,    0,    0,    0,    0,    0,    0,    0,    0,    0,    0,   -8,    0,   -4,   -3,   -6,  -12,    0,    0,    0,    0,    0,   -1,   -2,    0,   -3,    0,    0,    0,    0,    0,    0,    0,    0,   -2,    0,    0,    0,    0,    0,    0,    0,    0,  -12,    0,   -1,   -2,   -8,   -3,    0,    0,    0,    0,    0,    0,    0,    0,    0,
       0,    0,   11,    0,    0,    0,    0,    0,    0,    0,    0,    0,    0,    0,    0,    0,    0,    0,    0,    0,    0,    0,    0,    0,    0,    0,    0,    0,    0,    0,    0,    0,    0,    0,    0,    0,    0,    0,    0,    0,    0,    0,    0,    0,    0,    0,    0,    0,    0,    0,    0,    0,    0,    0,    0,    0,    0,    0,    0,    0,    0,    0,    0,    0,    0,    0,   21,    0,   21,    0,    0,    0,
       0,    0,  -16,    0,    0,    0,  -11,  -21,    0,    0,    0,    0,    0,    0,    0,    0,    0,    0,    0,  -11,    0,    0,   -8,   -8,    0,  -16,    0,  -16,   -3,  -19,  -19,  -24,    0,  -27,    0,    0,    0,    0,    0,    0,    0,    0,    0,    0,    0,    0,    0,    0,   -5,    0,   -1,  -13,    0,    0,    0,  -11,    0,  -19,    0,    0,    0,  -16,   -3,    0,    0,    0,    0,    0,    0,    0,    0,    0,
       0,    0,    0,    0,    0,    0,    0,    0,    0,    0,    0,    0,    0,    0,    0,    0,    0,    0,    0,    0,    0,    0,    0,   -5,    0,    0,    0,    0,    0,    0,    0,    0,    0,    0,    0,    0,   -3,    0,    0,   -5,    0,    0,    0,    0,    0,   -5,   -8,    0,    0,   -5,    0,    0,    0,    0,    0,    0,    0,    0,    0,   -3,    0,    0,    0,    0,    0,    0,    0,    0,    0,    0,    0,    0,
       0,    0,    0,    0,  -43,    0,  -43,    0,    0,    0,    0,    0,    0,    0,    0,    0,    0,    0,    0,  -32,    0,   -5,    0,  -64,   -3,    8,    0,    0,    0,   -3,    0,    0,    0,    0,    0,    0,   -8,    0,    0,   -5,    0,   -5,   -5,   -5,    0,   -8,   -3,    0,   -8,    0,   -3,    0,    0,    0,    0,  -32,  -62,    0,    0,   -8,    0,    8,    0,    0,    0,    0,    0,    0,    0,    0,    0,    0,
       0,    0,    0,    0,    0,    0,    0,  -21,    0,    0,    0,    0,    0,    0,    0,    0,    0,    0,    0,   -5,    0,    0,   -5,    0,    0,  -13,    0,   -8,   -5,    0,  -13,    0,    0,  -27,    0,    0,    0,    0,    0,    0,    0,    0,    0,    0,    0,    0,    0,    0,    0,    0,    0,    0,    0,    0,    0,   -5,    0,  -13,    0,    0,    0,  -13,   -5,    0,    0,    0,    0,    0,    0,    0,    0,    0,
       0,    0,    0,    0,    0,    0,    0,    0,    0,    0,    0,    0,    0,    0,    0,    0,    0,    0,    0,    0,    0,   -8,    0,    0,    0,    0,    0,    0,    0,    0,    0,    0,    0,    0,    0,    0,    0,    0,    0,    0,    0,    0,    0,    0,    0,    0,    0,    0,    0,    0,    0,    0,    0,    0,    0,    0,    0,    0,    0,    0,    0,    0,    0,    0,    0,    0,    0,    0,    0,    0,    0,    0,
       0,    0,   21,    0,  -37,    0,  -27,  -27,    0,    0,    0,    0,    0,    0,    0,    0,    0,    0,    0,  -40,    0,  -16,    0,  -27,    0,    0,    0,    0,    0,    0,    0,    0,    0,    0,   16,    0,  -27,    0,  -27,  -27,    0,  -21,  -21,  -21,    0,  -27,  -21,  -11,    0,  -21,  -11,   21,    0,    0,    0,  -40,    0,    0,  -27,  -27,    0,    0,    0,    0,    0,   32,   43,   32,   43,    0,    0,    0,
       0,    0,    0,    0,    0,  -48,    0,    0,    0,    0,    0,    0,    0,    0,    0,    0,    0,    0,    0,    0,    0,  -24,    0,  -16,   -5,    0,   -8,   -3,   -3,    0,   11,    0,    0,    0,    0,    0,  -24,    0,    0,    0,    0,   -4,   -4,   -2,   -2,   -6,  -21,  -21,    0,  -21,    0,    0,    0,    0,    0,    0,    0,   11,    0,  -24,    0,    0,   -3,  -48,  -48,    0,    0,    0,    0,    0,    0,    0,
       0,    0,    0,  -40,    0,  -32,    0,    0,    0,    0,    0,    0,    0,    0,    0,    0,    0,    0,    0,    0,    0,  -11,    0,    0,    0,  -45,  -11,  -40,  -40,    0,  -64,    0,    0,  -53,    0,    0,  -11,    0,    0,    0,    0,    0,    0,    0,   -3,    0,  -13,   -3,    0,  -21,   11,    0,    0,    0,    0,    0,    0,  -64,    0,  -11,    0,  -45,  -40,  -32,  -32,  -64,  -53,  -64,  -53,    0,    0,    0,
       0,    0,    0,    0,  -69,    0,  -53,  -43,    0,    0,    0,    0,    0,    0,    0,    0,    0,    0,    0,  -35,    0,    0,    0,  -40,    0,    0,    0,    0,    4,   -8,    0,   -8,    0,  -27,    0,    0,   -5,    0,    4,   -5,    0,    0,    0,    0,    8,   -3,    5,    8,    0,    5,    0,    0,    0,    0,    0,  -35,    0,    0,    4,   -5,    0,    0,    4,    0,    0,   16,   27,   16,   27,    0,    0,    0,
       0,    0,  -16,    0,    0,    0,  -11,  -21,    0,    0,    0,    0,    0,    0,    0,    0,    0,    0,    0,  -11,    0,    0,   -8,   -8,    0,  -16,    0,  -16,   -3,  -19,  -19,  -24,    0,  -27,    0,   -5,    0,    0,    0,    0,    0,    0,    0,    0,    0,    0,    0,    0,   -5,    0,   -1,  -13,    0,    0,    0,  -11,    0,  -19,    0,    0,    0,  -16,   -3,    0,    0,    0,    0,    0,    0,    0,    0,    0,
       0,    0,    0,    0,    0,  -32,    0,    0,    0,    0,    0,    0,    0,    0,    0,    0,    0,    0,    0,    0,    0,   -5,    0,  -16,    0,  -11,   -3,  -16,   -1,    0,  -27,    0,    0,  -21,    0,    0,  -11,    0,    0,    0,    0,    0,    0,    0,    0,   -5,    0,    0,    0,    0,    0,    0,    0,    0,    0,    0,    0,  -27,    0,  -11,    0,  -11,   -1,  -32,  -32,    0,    0,    0,    0,    0,    0,    0,
       0,    0,    0,    0,    0,    0,    0,    0,    0,    0,    0,    0,    0,    0,    0,    0,    0,    0,    0,    0,    0,    0,    0,    0,    0,    0,    0,    0,    0,   -8,   -8,    0,    0,    0,    0,    0,    0,    0,    0,    0,    0,    0,    0,    0,    0,    0,    0,    0,    0,    0,    0,    0,    0,    0,    0,    0,    0,   -8,    0,    0,    0,    0,    0,    0,    0,    0,    0,    0,    0,    0,    0,    0,
       0,  -29,    0,    0,  -53,  -53,  -53,  -32,    0,    0,    0,    0,    0,    0,    0,    0,    0,    0,    0,  -27,    0,  -16,    0,  -43,    0,   16,    0,    5,    5,    0,    5,    0,    0,    0,    0,    0,  -53,    0,    0,  -24,    0,  -32,  -11,  -53,    0,  -53,   -5,  -37,   -8,  -27,  -37,    0,    0,    0,    0,  -27,  -60,    5,    0,  -53,    0,   16,    5,  -53,  -53,    0,    0,    0,    0,    0,    0,    0,
       0,    0,    0,    0,    0,    0,    0,    0,    0,    0,    0,    0,    0,    0,    0,    0,    0,    0,    0,  -11,    0,    0,    0,   -5,   -5,    0,    0,    0,    0,   -5,   -5,    0,    0,    0,    0,    0,    0,    0,    0,    0,    0,    0,    0,    0,    0,    0,    0,    0,   -3,    0,    0,    0,    0,    0,    0,  -11,    0,   -5,    0,    0,    0,    0,    0,    0,    0,    0,    0,    0,    0,    0,    0,    0,
       0,  -27,    0,    0,  -64,    0,  -53,  -43,    0,    0,    0,    0,    0,    0,    0,    0,    0,    4,   -3,  -40,    0,  -16,    0,  -53,   -5,    5,    0,    0,    0,    0,    0,    0,  -53,    0,    0,  -15,  -32,    0,    0,  -11,    0,  -11,   -7,   -8,    0,  -13,    0,    0,    0,    0,   -3,  -53,   -3,   -6,  -11,  -40,  -66,    0,    0,  -32,    0,    5,    0,    0,  -53,    0,    0,    0,    0,   -4,    0,    0,
       0,  -16,    0,    0,  -43,    0,  -43,  -43,    0,    0,    0,    0,    0,    0,    0,    0,    0,    0,    0,  -21,    0,   -3,    0,  -43,   -5,    5,    0,    0,    0,    0,    0,    0,  -37,    0,    0,    0,  -13,    0,    0,  -11,    0,   -2,   -2,    0,    0,   -5,    0,    0,    0,    0,    0,  -37,    0,    0,    0,  -21,    0,    0,    0,  -13,    0,    5,    0,    0,  -37,    0,    0,    0,    0,    0,    0,    0,
       0,    0,    0,    0,    0,    0,    0,    0,    0,    0,    0,    0,    0,    0,    0,    0,    0,    0,    0,    0,    0,  -19,    0,    0,   -8,    0,   -5,    0,    0,    0,    0,    0,  -43,    0,    0,    0,  -13,    0,    0,   -1,    0,    0,    0,    0,    0,   -5,  -14,   -9,    0,  -13,    0,  -43,    0,    0,    0,    0,    0,    0,    0,  -13,    0,    0,    0,    0,  -43,    0,    0,    0,    0,    0,    0,    0,
       0,  -27,    0,    0,  -64,    0,  -64,  -64,    0,    0,    0,    0,    0,    0,    0,    0,    0,    0,    0,  -43,    0,  -19,    0,  -64,  -13,    5,   -5,    0,    0,    0,    0,    0,  -53,    0,    0,    0,  -43,    0,    0,  -43,    0,  -12,  -11,  -19,    0,  -11,   -5,   -5,  -11,   -5,   -5,  -53,    0,    0,    0,  -43,    0,    0,    0,  -43,    0,    5,    0,    0,  -64,    0,    0,    0,    0,    0,    0,    0,
       0,    0,    0,    0,    0,    0,    0,    0,    0,    0,    0,    0,    0,    0,    0,    0,    0,    0,    0,    0,    0,   -3,    0,    0,    0,    0,    0,    0,    0,    0,    0,    0,    0,    0,    0,    0,   -3,    0,    0,    0,    0,    0,    0,    0,    0,   -3,   -3,    0,    0,    0,    0,    0,    0,    0,    0,    0,    0,    0,    0,   -3,    0,    0,    0,    0,    0,    0,    0,    0,    0,    0,    0,    0,
       0,    0,    0,    0,    0,    0,    0,    0,    0,  -21,  -27,    0,    0,    0,    0,    0,    0,    0,    0,  -27,    0,    0,    0,  -59,    0,  -53,    0,  -53,  -37,  -43,  -64,    0,    0,    0,    0,    0,    0,    0,    0,    0,    0,    0,    0,    0,    0,    0,  -11,  -11,  -21,  -11,    0,    0,    0,    0,    0,    0,    0,    0,    0,    0,    0,    0,    0,    0,    0,    0,    0,    0,    0,    0,    0,    0,
       0,    0,    0,    0,    0,    0,    0,    0,    0,    0,    0,    0,    0,    0,    0,    0,    0,    0,    0,    0,    0,  -27,    0,    0,    0,  -32,    0,  -21,  -21,    0,  -43,    0,    0,  -49,    0,    0,    0,    0,    0,    0,   32,    0,    0,    0,    0,    0,   -4,    0,   -1,    0,    0,    0,    0,    0,    0,    0,    0,  -43,   -3,  -12,    0,  -32,  -21,    0,    0,    0,    0,    0,    0,    0,    0,    0,
       0,    0,    0,    0,    0,    0,    0,    0,    0,    0,    0,    0,    0,    0,    0,    0,    0,    0,    0,    0,    0,    0,    0,    0,    0,    0,    0,  -15,    0,    0,    0,    0,    0,    0,    0,    0,    0,    0,    0,    0,    0,    0,    0,    0,    0,    0,  -11,    0,    0,    0,    0,    0,    0,    0,    0,    0,    0,    0,    0,  -18,    4,    0,    0,    0,    0,    0,    0,    0,    0,    0,    0,    0,
       0,    0,    0,    0,    0,    0,    0,    0,    0,    0,    0,    0,    0,    0,    0,    0,    0,    0,    0,   11,    0,  -11,    0,    0,    0,  -35,   -5,  -15,   -5,    0,  -28,    0,    0,  -16,    0,    0,    0,    0,    0,    0,    0,    0,    0,    0,    0,   -5,   -6,   -3,    0,   -6,    0,    0,    0,    0,    0,   11,    0,  -28,    0,    0,    0,  -35,   -5,    0,    0,    0,    0,    0,    0,    0,    0,    0,
       0,    0,  -13,    0,    0,    0,    0,  -27,    0,    0,    0,    0,    0,    0,    0,    0,    0,    0,    0,    0,    0,    0,    0,    0,    0,  -26,    0,  -12,   -8,   -9,  -21,   -5,    0,  -27,    0,    0,    0,    0,  -11,    0,    0,    0,    0,    0,    0,    0,   -8,  -11,  -11,  -11,   -5,  -13,    0,    0,    0,    0,    0,  -21,  -11,    0,    0,  -26,   -8,    0,    0,    0,    0,    0,    0,    0,    0,    0,
       0,    0,    0,    0,    0,    0,    0,    0,    0,    0,    0,    0,    0,    0,    0,    0,    0,    0,    0,    0,    0,    0,    0,    0,    0,  -16,    0,   -8,   -5,   -3,  -19,    0,    0,    0,    0,    0,    0,    0,    0,    0,    0,    0,    3,    0,    0,    0,    0,    0,    0,   -8,    0,    0,    0,    0,    0,    0,    0,  -19,    0,    0,    0,  -16,   -5,    0,    0,    0,   16,    0,   16,    0,    0,    0,
       0,    0,    0,    0,    0,    0,    0,    0,    0,    0,    0,    0,    0,    0,    0,    0,    0,    0,    0,    0,    0,    0,    0,    0,    0,    0,    0,    0,    0,    0,    0,    0,    0,    0,    0,    0,    0,    0,    0,    0,    0,    0,    0,    0,    0,    9,    0,    0,    0,    0,    0,    0,    0,    0,    0,    0,    0,    0,    0,    0,    0,    0,    0,    0,    0,    0,    0,    0,    0,    0,    0,    0,
       0,    0,    0,    0,    0,    0,    0,    0,    0,    0,    0,    0,    0,    0,    0,    0,    0,    0,    0,    0,    0,    0,    0,    0,    0,  -24,    0,  -11,   -5,   -5,  -19,    0,    0,  -21,    0,    0,    0,    0,    0,   -3,    0,    0,    0,    0,    0,    0,   -5,   -5,   -2,   -5,    0,    0,    0,    0,    0,    0,    0,  -19,    0,    0,    0,  -24,   -5,    0,    0,    0,    0,    0,    0,    0,    0,    0,
       0,    0,   16,   16,    0,    0,    0,  -11,    0,    0,    0,    0,    0,    0,    0,    0,    0,    0,    0,  -11,    0,    0,    0,    0,    0,   32,    0,   29,   27,   27,   27,   27,    0,    0,   21,    0,  -11,    0,    0,    0,    0,    0,    0,    0,    2,    0,    5,    1,    0,    0,    2,    0,    0,    0,    0,  -11,    0,   27,    0,  -11,    0,   32,   27,    0,    0,   16,   21,   16,   21,    0,    0,    0,
       0,    0,    0,    0,   -3,    0,    0,    0,    0,    0,    0,    0,    0,    0,    0,    0,    0,    0,    0,   -8,    0,   -5,    0,    0,   -3,    0,    0,    0,    0,    0,   -8,    0,    0,  -16,    0,    0,    0,    0,    0,    0,    5,    0,    0,   -5,    0,   -4,    0,    0,    0,    0,    0,    0,    0,    0,    0,   -8,    0,   -8,    0,    0,    0,    0,    0,    0,    0,    0,    0,    0,    0,    0,    0,    0,
       0,    0,    0,    0,    0,    0,    0,    0,    0,    0,    0,    0,    0,    0,    0,    0,    0,    0,    0,    0,    0,    0,    0,    0,    0,  -16,    0,  -16,    0,    0,  -13,    0,    0,  -21,    0,    0,    0,    0,    0,    0,    0,    0,    0,    0,    0,    0,    0,    0,    0,   -3,    0,    0,    0,    0,    0,    0,    0,  -13,    0,    0,    0,  -16,    0,    0,    0,    0,    0,    0,    0,    0,    0,    0,
       0,    0,    0,    0,    0,    0,    0,    0,    0,    0,    0,    0,    0,    0,    0,    0,    0,    0,    0,    0,    0,    0,    0,    0,    0,  -16,    0,    0,    0,    0,    0,    0,    0,    0,    0,    0,    0,    0,    0,    0,    0,    0,    0,    0,    0,    0,    0,    0,    0,    0,    0,    0,    0,    0,    0,    0,    0,    0,    0,    0,    0,  -16,    0,    0,    0,    0,    0,    0,    0,    0,    0,    0,
       0,    0,    0,    0,    0,    0,    0,    0,    0,    0,    0,    0,    0,    0,    0,    0,    0,    0,    0,    0,    0,    0,    0,    0,    0,  -16,   -5,    0,    0,    0,    0,    0,    0,    0,    0,    0,    0,    0,    0,    0,    3,    0,    0,    0,    0,    0,    0,    0,    0,    0,    0,    0,    0,    0,    0,    0,    0,    0,    0,    0,    0,  -16,    0,    0,    0,    0,    0,    0,    0,    0,    0,    0,
       0,    0,    0,    0,    0,    0,    0,    0,    0,    0,    0,    0,    0,    0,    0,    0,    0,    0,    0,    0,    0,   -5,    0,    0,    0,    0,    0,    0,    0,    0,  -11,    0,    0,  -21,    0,    0,  -12,   -3,    0,  -11,   -3,    0,    0,   -3,    0,   -3,    0,    0,    0,    0,    0,    0,    0,    0,    0,    0,    0,  -11,    0,  -12,   -3,    0,    0,    0,    0,    0,    0,    0,    0,    0,    0,    0,
       0,    0,    0,    0,    0,    0,    0,    0,    0,    0,    0,    0,    0,    0,    0,    0,    0,    0,    0,    0,    0,  -11,    0,    0,    0,  -13,    0,  -16,  -11,    0,  -16,    0,    0,    0,    0,    0,   -5,    0,    0,   -5,   -7,    0,    0,    0,   -2,   -3,  -13,   -8,    0,   -8,    0,    0,    0,    0,    0,    0,    0,  -16,    0,   -5,    0,  -13,  -11,    0,    0,    0,    0,    0,    0,    0,    0,    0,
       0,    0,   16,    0,    0,    0,    0,    0,    0,    0,    0,    0,    0,    0,    0,    0,    0,    0,    0,    0,    0,    0,    0,    0,    0,  -11,    0,   -9,    0,    0,   -8,    0,    0,   -3,    0,    1,    0,    0,    0,    0,   11,    0,    0,    0,    0,    0,    0,    0,    0,    0,    0,    0,    0,    0,    0,    0,    0,   -8,    0,    0,    0,  -11,    0,    0,    0,    0,    0,    0,    0,    0,    0,    0,
       0,    0,    0,   11,  -37,    0,  -61,  -11,    0,    0,    0,    0,    0,    0,    0,    0,    0,    0,    0,  -16,    0,    0,    0,    0,    0,   -5,    0,    0,    0,   -8,    0,    0,  -16,    0,    0,    0,  -12,    0,    0,   -8,   -5,    0,    0,    0,   11,    0,   27,   27,    0,    0,    0,  -16,    0,    0,    0,  -16,    0,    0,    0,  -12,    0,   -5,    0,    0,    0,    0,   27,    0,   27,    0,    0,    0,
       0,    0,    0,    0,    0,    0,    0,    0,    0,    0,    0,    0,    0,    0,    0,    0,    0,    0,    0,    0,    0,   -3,    0,    0,    0,  -24,    0,   -3,    0,   -3,  -11,    0,    0,    0,    0,    0,    0,    0,    0,    0,    0,    0,    0,    0,    0,    0,    0,    0,   -3,    0,    0,    0,    0,    0,    0,    0,    0,  -11,    0,    0,    0,  -24,    0,    0,    0,    0,    0,    0,    0,    0,    0,    0,
       0,    0,    0,    0,  -11,    0,    0,    0,    0,    0,    0,    0,    0,    0,    0,    0,    0,    0,    0,    0,    0,    0,    0,    0,    0,    0,    0,    0,    0,    0,    0,    0,    0,    0,    0,    0,   -3,    0,  -13,   -3,    0,    0,    0,   11,    0,    0,    0,    0,    0,    0,    0,    0,    0,    0,    0,    0,    0,    0,  -13,   -3,    0,    0,    0,    0,    0,    0,    0,    0,    0,    0,    0,    0,
       0,    0,    0,    0,    0,    0,    0,    0,    0,    0,    0,    0,    0,    0,    0,    0,    0,    0,    0,    0,    0,    0,    0,    0,    0,  -16,    0,   -5,   -5,    0,   -8,    0,    0,    0,    0,    0,    0,    0,    0,   -5,    0,    0,    0,    0,    0,    0,    0,    0,    0,    0,    0,    0,    0,    0,    0,    0,    0,   -8,    0,    0,    0,  -16,   -5,    0,    0,    0,    0,    0,    0,    0,    0,    0,
       0,  -16,    0,    3,  -21,    0,  -21,  -11,    0,    0,    0,    0,    0,    0,    0,    0,    0,    2,    0,  -13,    0,    0,    0,    0,    0,   -5,    0,    0,    0,  -14,   -5,  -11,  -11,   -1,    0,  -11,   -8,    0,    0,   -5,    0,    0,    0,   -3,   27,    0,   27,    0,    0,    0,    0,  -11,    0,    0,   -6,  -13,    0,   -5,    0,  -10,    0,   -5,    0,    0,    0,    0,    0,    0,    0,    0,    0,    0,
       0,  -16,    0,    0,  -21,    0,  -21,  -11,    0,    0,    0,    0,    0,    0,    0,    0,    0,    0,    0,   -3,    0,    0,    0,    0,    0,   -5,    0,    0,    0,   -9,   -5,   -3,  -11,    0,    0,    0,   -8,    0,    0,   -8,    0,    0,    0,   -3,   27,    0,   21,    0,    0,    0,    0,  -11,    0,    0,    0,   -3,    0,   -5,    0,   -8,    0,   -5,    0,    0,    0,    0,    0,    0,    0,    0,    0,    0,
       0,   -2,    0,    0,    0,    0,    0,   -1,    0,    0,    0,    0,    0,    0,    0,    0,    0,    0,    0,    0,    0,   -5,    0,    0,    0,   -8,   -3,    0,    0,    0,  -11,    0,  -21,   -3,    0,    0,  -16,    0,    0,    0,    0,    0,    0,   -3,    0,   -3,    0,    0,    0,    0,    0,  -21,    0,   -3,    0,    0,    0,  -11,    0,  -18,    0,   -8,    0,    0,    0,    0,    0,    0,    0,    0,    0,    0,
       0,  -16,    0,    0,    0,    0,  -21,  -11,    0,    0,    0,    0,    0,    0,    0,    0,    0,    0,    0,  -13,    0,    0,    0,    0,    0,   -5,    0,    0,    0,  -11,   -5,   -5,  -11,    0,    0,    0,   -5,    0,    0,   -8,    0,    0,    0,   -5,    0,    0,    0,    0,    0,    0,    0,  -11,    0,    0,    0,  -13,    0,   -5,    0,   -5,    0,   -5,    0,    0,    0,    0,    0,    0,    0,    0,    0,    0,
       0,    0,    0,    0,    0,    0,    0,    0,    0,    0,    0,    0,    0,    0,    0,    0,    0,    0,    0,    0,    0,    0,    0,    0,    0,   -5,    0,    0,    0,    0,   -5,    0,    0,  -21,    0,    0,   -5,    0,    0,    0,    0,    0,    0,    0,    0,    0,    0,    0,    0,    0,    0,    0,    0,    0,    0,    0,    0,   -5,    0,   -5,    0,   -5,    0,    0,    0,    0,    0,    0,    0,    0,    0,    0,
       0,    0,    0,    0,    0,    0,    0,    0,    0,  -21,  -27,    0,    0,    0,    0,    0,    0,    0,    0,  -27,    0,  -13,    0,  -53,    0,  -53,    0,  -53,  -37,  -43,  -64,    0,    0,    0,    0,    0,  -13,    0,    0,    0,    0,    0,    0,    0,    0,    0,  -11,  -11,  -21,  -11,    0,    0,    0,    0,    0,    0,    0,    0,    0,  -13,    0,    0,    0,    0,    0,    0,    0,    0,    0,    0,    0,    0,
       0,    0,    0,    0,    0,    0,    0,    0,    0,  -21,  -27,    0,    0,    0,    0,    0,    0,    0,    0,  -27,    0,    0,    0,  -27,    0,  -53,    0,  -53,  -37,  -43,  -64,    0,    0,    0,    0,    0,    0,    0,    0,    0,    0,    0,    0,    0,    0,    0,  -11,  -11,  -21,  -11,    0,    0,    0,    0,    0,    0,    0,    0,    0,    0,    0,    0,    0,    0,    0,    0,    0,    0,    0,    0,    0,    0,
       0,    0,    0,    0,    0,    0,    0,    0,    0,    0,    0,    0,    0,    0,    0,    0,    0,    0,    0,    0,    0,    0,    0,    0,    0,    0,    0,   -3,    0,    0,    0,    0,    0,    0,    0,    0,    0,    0,    0,    0,    0,    0,    0,    0,    0,    0,    0,    0,    0,    0,    0,    0,    0,    0,    0,    0,    0,    0,    0,    0,    0,    0,    0,    0,    0,    0,    0,    0,    0,    0,    0,    0,
       0,    0,    0,    0,    0,    0,    0,    0,  -21,  -16,    0,  -16,    0,    0,    0,    0,    0,    0,    0,    0,    0,    0,    0,    0,    0,    0,    0,    0,    0,    0,    0,    0,    0,    0,    0,    0,    0,    0,    0,    0,    0,    0,    0,    0,    0,    0,    0,    0,    0,    0,    0,    0,    0,    0,    0,    0,    0,    0,    0,    0,    0,    0,    0,    0,    0,    0,    0,    0,    0,    0,    0,    0,
       0,    0,    0,    0,    0,    0,    0,    0,    0,    0,    0,    0,    0,    0,    0,    0,    0,    0,    0,    0,    0,    0,    0,    0,    0,    0,    0,   -6,    0,    0,    0,    0,    0,    0,    0,    0,    0,    0,    0,    0,    0,    0,    0,    0,    0,    0,    0,    0,   -3,    0,    0,    0,    0,    0,    0,    0,    0,    0,    0,    5,    0,    0,    0,    0,    0,    0,    0,    0,    0,    0,    0,    0,
       0,    0,    0,    0,    0,    0,    0,    0,    0,    0,    0,    0,    0,    0,    0,    0,    0,    0,    0,    0,    0,    0,    0,    0,    0,    0,    0,   -9,    0,    0,    0,    0,    0,    0,    0,    0,    0,    0,    0,    0,    0,    0,    0,    0,    0,    0,   -5,    0,    0,    0,    0,    0,    0,    0,    0,    0,    0,    0,    0,  -16,    0,    0,    0,    0,    0,    0,    0,    0,    0,    0,    0,    0,
       5,    0,    0,   -3,  -69,    0,  -53,  -21,    0,    0,    0,    0,    0,    0,    0,    0,    0,    0,    0,  -35,    0,    0,    0,  -40,    0,    0,    0,    0,    4,   -8,    0,   -8,    0,  -11,    0,  -29,   -5,    0,    4,   -5,    0,    0,    0,    0,    8,   -3,    7,    8,   -2,    5,    0,    0,   11,   13,  -11,  -35,    0,    0,    4,   -5,    0,    0,    4,    0,    0,   16,   27,   16,   27,    2,    0,    0,
       0,    0,  -13,  -11,    0,    0,    0,   -6,    0,    0,    0,    0,    0,    0,    0,    0,    0,    0,    0,    0,    0,    0,    0,    0,    0,  -26,    0,  -12,   -8,   -9,  -21,   -5,    0,   -3,    0,  -18,    0,    0,  -11,    0,    0,    0,    0,    0,    0,    0,  -10,  -11,  -12,  -11,   -5,  -13,    0,    5,    0,    0,    0,  -21,  -11,    0,    0,  -26,   -8,    0,    0,    0,    0,    0,    0,    0,    0,    0,
       0,    0,  -16,   -8,    0,    0,  -11,  -15,    0,    0,    0,    0,    0,    0,    0,    0,    0,    0,    0,  -11,    0,    0,   -8,   -8,    0,  -16,    0,  -16,   -3,  -19,  -19,  -24,    0,  -27,    0,  -29,    0,    0,    0,    0,    0,    0,    0,    0,    0,    0,    0,    0,   -7,    0,   -1,  -13,    0,    5,  -11,  -11,    0,  -19,    0,    0,    0,  -16,   -3,    0,    0,    0,    0,    0,    0,    0,    0,    0,
       0,    0,    0,    0,    0,    0,    0,    0,    0,    0,    0,    0,    0,    0,    0,    0,    0,    0,    0,    0,   33,    0,    0,    0,    0,    0,    0,    0,    0,    0,    0,    0,    0,    0,    0,    0,    0,   46,    0,    0,    0,    0,    0,    0,    6,    0,    0,    0,    0,    0,    0,    0,    0,    0,    0,    0,    0,    0,    0,    0,   46,    0,    0,    0,    0,    0,    0,    0,    0,    0,    0,    0,
       0,    0,    0,    0,   -1,    0,    0,    0,    0,    0,    0,    0,    0,    0,    0,    0,    0,    0,    0,   -8,    0,   -5,    0,    0,   -3,    0,    0,    0,    0,    0,   -8,    0,    0,  -16,    0,    0,    0,    0,    0,    0,    5,    0,    0,   -5,    0,   -4,    0,    0,    0,    0,    0,    0,    0,    0,    0,   -8,    0,   -8,    0,    0,    0,    0,    0,    0,    0,    0,    0,    0,    0,    0,    0,    0,
       0,    0,    0,    0,    0,  -32,    0,    0,    0,    0,    0,    0,    0,    0,    0,    0,    0,    0,    0,    0,    0,   -5,    0,  -16,    0,  -11,   -3,  -16,   -1,    0,  -27,    0,    0,  -21,    0,    0,  -11,    0,    0,    0,    0,    0,    0,    0,    0,   -5,    0,    0,    0,    0,    0,    0,    0,    0,    0,    0,    0,  -27,    0,  -11,    0,  -11,   -1,    0,  -32,    0,    0,    0,    0,    0,    0,    0,
       0,    0,    0,    0,    0,    0,    0,    0,    0,    0,    0,    0,    0,    0,    0,    0,    0,    0,    0,  -72,    0,    0,    0, -128,    0,    0,    0,    0,    0,    0,    0,    0,    0,    0,    0,    0,    0,    0,    0,  -21,    0,    0,    0,  -21,    0,    0,    0,    0,    0,    0,    0,    0,    0,    0,    0,  -72,    0,    0,    0,    0,    0,    0,    0,    0,    0,    0,    0,    0,    0,    0,    0,    0,
       0,    0,    0,    0,    0,    0,    0,    0,    0,    0,    0,    0,    0,    0,    0,    0,    0,    0,    0,  -32,    0,    0,    0,  -64,    0,    0,    0,    0,    0,    0,    0,    0,    0,    0,    0,    0,  -21,    0,    0,  -27,    0,  -16,    0,    0,    0,    0,    0,    0,    0,    0,    0,    0,    0,    0,    0,  -32,    0,    0,    0,  -21,    0,    0,    0,    0,    0,    0,    0,    0,    0,    0,    0,    0,
       0,    0,    0,    0,    0,    0,    0,    0,    0,    0,    0,    0,    0,    0,    0,    0,    0,    0,    0,  -40,    0,    0,    0,  -64,    0,    0,    0,    0,    0,    0,    0,    0,    0,    0,    0,    0,    0,    0,    0,  -21,    0,    0,    0,  -21,    0,    0,    0,    0,    0,    0,    0,    0,    0,    0,    0,  -40,    0,    0,    0,    0,    0,    0,    0,    0,    0,    0,    0,    0,    0,    0,    0,    0,
       0,    0,    0,    0,    0,    0,    0,    0,    0,    0,    0,    0,    0,    0,    0,    0,    0,    0,    0,  -40,    0,    0,    0,  -53,    0,    0,    0,    0,    0,    0,    0,    0,    0,    0,    0,    0,  -21,    0,    0,  -27,    0,    0,    0,    0,    0,    0,    0,    0,    0,    0,    0,    0,    0,    0,    0,  -40,    0,    0,    0,  -21,    0,    0,    0,    0,    0,    0,    0,    0,    0,    0,    0,    0,
       0,    0,    0,    0,    0,    0,    0,    0,    0,    0,    0,    0,    0,    0,    0,    0,    0,    0,    0,    0,    0,    0,    0,    0,    0,    0,    0,   -4,    0,    0,    0,    0,    0,    0,    0,    0,    0,    0,    0,    0,    0,    0,    0,    0,    0,    0,    0,    0,    0,    0,    0,    0,    0,    0,    0,    0,    0,    0,    0,    0,    0,    0,    0,    0,    0,    0,    0,    0,    0,    0,    0,    0,
       0,    0,    0,    0,    0,    0,    0,    0,  -27,    0,    0,    0,    0,    0,  -16,  -21,    0,    0,    0,    0,    0,    0,    0,    0,    0,    0,    0,    0,    0,    0,    0,    0,    0,    0,    0,    0,    0,    0,    0,    0,    0,    0,    0,    0,    0,    0,    0,    0,    0,    0,    0,    0,    0,    0,    0,    0,    0,    0,    0,    0,    0,    0,    0,    0,    0,    0,    0,    0,    0,    0,    0,    0,
       0,    0,    0,    0,    0,    0,    0,    0,    0,  -21,    0,    0,    0,    0,    0,    0,    0,    0,    0,    0,    0,    0,    0,    0,    0,    0,    0,    0,    0,    0,    0,    0,    0,    0,    0,    0,    0,    0,    0,    0,    0,    0,    0,    0,    0,    0,    0,    0,    0,    0,    0,    0,    0,    0,    0,    0,    0,    0,    0,    0,    0,    0,    0,    0,    0,    0,    0,    0,    0,    0,    0,    0,
       0,    0,    0,    0,    0,    0,    0,    0,    0,    0,    0,  -43,    0,    0,    0,    0,    0,    0,    0,    0,    0,    0,    0,    0,    0,    0,    0,    0,    0,    0,    0,    0,    0,    0,    0,    0,    0,    0,    0,    0,    0,    0,    0,    0,    0,    0,    0,    0,    0,    0,    0,    0,    0,    0,    0,    0,    0,    0,    0,    0,    0,    0,    0,    0,    0,    0,    0,    0,    0,    0,    0,    0,
};

static const EpdLigaturePair lexenddeca_16_regularLigaturePairs[] = {
    { 0x00660069, 0xFB01 }, // f i -> U+FB01
    { 0x0066006C, 0xFB02 }, // f l -> U+FB02
};

static const EpdFontData lexenddeca_16_regular = {
    lexenddeca_16_regularBitmaps,
    lexenddeca_16_regularGlyphs,
    lexenddeca_16_regularIntervals,
    74,
    42,
    34,
    -9,
    true,
    lexenddeca_16_regularGroups,
    15,
    nullptr,
    lexenddeca_16_regularKernLeftClasses,
    lexenddeca_16_regularKernRightClasses,
    lexenddeca_16_regularKernMatrix,
    401,
    398,
    87,
    72,
    lexenddeca_16_regularLigaturePairs,
    2,
};
